evidence_id,project_id,evidence_type,title,file_name,mime_type,file_size_bytes,sha256_hash,phash,capture_timestamp,gps_latitude,gps_longitude,gps_distance_to_project_m,device_make,device_model,source
EV-DEMO-00001,MPLADS-DEMO-000001,PROGRESS_PHOTO,Site Inspection Photograph - Construction Stage - Village-Kalyanpur,MPLADS-DEMO-000001_progress_stage.jpg,image/jpeg,202840,3c65b372ed897a918e70fe6f2a7df1a95637b6bd0c0574e7ba2fc3c9782d6ad5,91b7584a2265b1f5,2023-03-20 11:24:15,22.303984,70.802363,17.3,Samsung,SM-A525F,eSAKSHI Mobile App
EV-DEMO-00002,MPLADS-DEMO-000001,SITE_IMAGE,Geo-tagged Asset Verification Photograph - Village-Kalyanpur,MPLADS-DEMO-000001_verification_stage.jpg,image/jpeg,227594,cd3313dcf412bc48ba7ee7cc6fca938355789a2f5db13ed53a2661ce5e6bd14e,dcf4bb99f4bea973,2023-06-26 15:42:10,22.303844,70.802221,8.5,Samsung,SM-A525F,eSAKSHI Mobile App
EV-DEMO-00003,MPLADS-DEMO-000002,PROGRESS_PHOTO,Site Inspection Photograph - Construction Stage - Village-Kalyanpur,MPLADS-DEMO-000002_progress_stage.jpg,image/jpeg,223761,056763d0191b68f11716ff34c29efd4cb0bb404af09458364fc88e5c50536ebe,97b750923ceb3ffd,2023-05-29 11:24:15,22.303921,70.80239,17.6,Samsung,SM-A525F,eSAKSHI Mobile App
EV-DEMO-00004,MPLADS-DEMO-000002,COMPLETION_PHOTO,Geo-tagged Asset Verification Photograph - Village-Kalyanpur,MPLADS-DEMO-000002_verification_stage.jpg,image/jpeg,371515,41258647650c99030fd45332b2387ad9401985c2f732f9f6f03ed86ffa014397,4da4f9fc3c6da5d7,2023-09-25 15:42:10,22.304146,70.801927,37.9,Samsung,SM-A525F,eSAKSHI Mobile App
EV-DEMO-00005,MPLADS-DEMO-000003,PROGRESS_PHOTO,Site Inspection Photograph - Construction Stage - Village-Kalyanpur,MPLADS-DEMO-000003_progress_stage.jpg,image/jpeg,399579,64a784da3ce585e1157486f9cc35368e81cc6a29690bf9fe5ecb853edfa55e03,4164d8399f767c45,2023-05-25 11:24:15,22.304199,70.80234,10.7,Vivo,Vivo V23 5G,eSAKSHI Mobile App
EV-DEMO-00006,MPLADS-DEMO-000003,COMPLETION_PHOTO,Geo-tagged Asset Verification Photograph - Village-Kalyanpur,MPLADS-DEMO-000003_verification_stage.jpg,image/jpeg,333830,ebcf36de5e41f8d85f528ed5a555440645ed4dcc9841db8521d8acb8cd35ca39,92e5dfe8cb1855fe,2023-09-26 15:42:10,22.304051,70.802154,15.1,Vivo,Vivo V23 5G,eSAKSHI Mobile App
EV-DEMO-00007,MPLADS-DEMO-000004,PROGRESS_PHOTO,Site Inspection Photograph - Construction Stage - Village-Sundarpur,MPLADS-DEMO-000004_progress_stage.jpg,image/jpeg,268463,46761dc6875bc81872124040f2d7521e54c2ad9705abc57b5b98bb65bec394d6,f2a74de452e6b438,2023-10-23 11:24:15,22.304201,70.802271,11.6,Vivo,Vivo V23 5G,eSAKSHI Mobile App
EV-DEMO-00008,MPLADS-DEMO-000004,COMPLETION_PHOTO,Geo-tagged Asset Verification Photograph - Village-Sundarpur,MPLADS-DEMO-000004_verification_stage.jpg,image/jpeg,349989,ed3ac1e6de54d6edef0f93c47b8bd65405989b787d64392752cdc77e8e397d23,5ed34fe53a096533,2023-11-25 15:42:10,22.303937,70.802149,23.9,Vivo,Vivo V23 5G,eSAKSHI Mobile App
EV-DEMO-00009,MPLADS-DEMO-000005,PROGRESS_PHOTO,Site Inspection Photograph - Construction Stage - Village-Sundarpur,MPLADS-DEMO-000005_progress_stage.jpg,image/jpeg,283902,87a9e67ba2cacfa8f2e64a0ffc65e7c5d5433b014ed21dd40dc9d3a3ac9118ad,9cfbac6e7687a66e,2023-11-04 11:24:15,22.304144,70.802225,11.8,Realme,Realme 9 Pro,eSAKSHI Mobile App
EV-DEMO-00010,MPLADS-DEMO-000005,COMPLETION_PHOTO,Geo-tagged Asset Verification Photograph - Village-Sundarpur,MPLADS-DEMO-000005_verification_stage.jpg,image/jpeg,221667,c130bb4cf0bd04ceb188d9fa33c138acfcd2be3006845aae6fdc3f2542ff2dd9,08577eb1924770d3,2024-01-22 15:42:10,22.304227,70.80244,14.1,Realme,Realme 9 Pro,eSAKSHI Mobile App
EV-DEMO-00011,MPLADS-DEMO-000006,PROGRESS_PHOTO,Site Inspection Photograph - Construction Stage - Village-Sundarpur,MPLADS-DEMO-000006_progress_stage.jpg,image/jpeg,211520,16b865c22a1f12375b989cca066202e30054b04fee8a5d62ec45dbdc35903f34,dda1494c73cf256d,2023-10-29 11:24:15,22.30426,70.802535,18.3,Realme,Realme 9 Pro,eSAKSHI Mobile App
EV-DEMO-00012,MPLADS-DEMO-000006,COMPLETION_PHOTO,Geo-tagged Asset Verification Photograph - Village-Sundarpur,MPLADS-DEMO-000006_verification_stage.jpg,image/jpeg,306159,92f7febd4b482775a9cb72bcb4a7e87392a8a5ca48e838b6d2f14907cbd5611b,44dcda6a797d76de,2024-02-01 15:42:10,22.30444,70.80219,34.9,Realme,Realme 9 Pro,eSAKSHI Mobile App
EV-DEMO-00013,MPLADS-DEMO-000007,PROGRESS_PHOTO,Site Inspection Photograph - Construction Stage - Village-Sundarpur,MPLADS-DEMO-000007_progress_stage.jpg,image/jpeg,330637,7e841f260606dd48b469d83319757248ff26a77000cafab712c08b62e405cd70,4a6f188a424e617b,2023-08-05 11:24:15,22.304355,70.80239,17.3,Realme,Realme 9 Pro,eSAKSHI Mobile App
EV-DEMO-00014,MPLADS-DEMO-000007,COMPLETION_PHOTO,Geo-tagged Asset Verification Photograph - Village-Sundarpur,MPLADS-DEMO-000007_verification_stage.jpg,image/jpeg,342810,a7f9b842c1e830d95e04289cf492b1a8d0537f16bc489e24016a94f08e332d91,d28a5c3917ef410a,2023-11-24 15:42:10,22.304069,70.802149,29.6,Realme,Realme 9 Pro,eSAKSHI Mobile App
EV-DEMO-00015,MPLADS-DEMO-000008,PROGRESS_PHOTO,Site Inspection Photograph - Construction Stage - Village-Navagam,MPLADS-DEMO-000008_progress_stage.jpg,image/jpeg,266270,6dc7e16178fa8b3ca2966a09d96c49d3a768e3b4e783cd5bc909afe084e9f1d9,357fbc5af71a1bfc,2023-09-01 11:24:15,22.415203,70.895403,0.5,OnePlus,Nord CE 2,eSAKSHI Mobile App
EV-DEMO-00016,MPLADS-DEMO-000008,COMPLETION_PHOTO,Geo-tagged Asset Verification Photograph - Village-Navagam,MPLADS-DEMO-000008_verification_stage.jpg,image/jpeg,342810,a7f9b842c1e830d95e04289cf492b1a8d0537f16bc489e24016a94f08e332d91,d28a5c3917ef410a,2023-10-25 15:42:10,22.415201,70.895298,10.5,OnePlus,Nord CE 2,eSAKSHI Mobile App
EV-DEMO-00017,MPLADS-DEMO-000009,PROGRESS_PHOTO,Site Inspection Photograph - Construction Stage - Village-Sundarpur,MPLADS-DEMO-000009_progress_stage.jpg,image/jpeg,233569,9ae56362c2d2786953743181cf2e0c7a723403e1e310dc881916f5d262afbde5,6a06e9ab85a0bcc1,2023-07-16 11:24:15,22.304151,70.802349,11.6,Realme,Realme 9 Pro,eSAKSHI Mobile App
EV-DEMO-00018,MPLADS-DEMO-000009,COMPLETION_PHOTO,Geo-tagged Asset Verification Photograph - Village-Sundarpur,MPLADS-DEMO-000009_verification_stage.jpg,image/jpeg,474091,34981bcc598255793dab30b03132ad04dabb07bf624cee0c25679e3341a7bf7e,1f70d5dc2e675fc7,2023-09-17 15:42:10,22.304158,70.802121,23.7,Realme,Realme 9 Pro,eSAKSHI Mobile App
EV-DEMO-00019,MPLADS-DEMO-000010,PROGRESS_PHOTO,Site Inspection Photograph - Construction Stage - Village-Sundarpur,MPLADS-DEMO-000010_progress_stage.jpg,image/jpeg,342810,a7f9b842c1e830d95e04289cf492b1a8d0537f16bc489e24016a94f08e332d91,d28a5c3917ef410a,2023-11-11 11:24:15,22.30396,70.802488,25.5,Realme,Realme 9 Pro,eSAKSHI Mobile App
EV-DEMO-00020,MPLADS-DEMO-000010,COMPLETION_PHOTO,Geo-tagged Asset Verification Photograph - Village-Sundarpur,MPLADS-DEMO-000010_verification_stage.jpg,image/jpeg,368693,abd3ec9ca4b59dcea7e40162b9fa997a11b4cf829b3eb4ef09ab8d733bd6d396,b9096a04e7d80068,2024-03-01 15:42:10,22.4821,70.9412,23418.5,Realme,Realme 9 Pro,eSAKSHI Mobile App
EV-DEMO-00021,MPLADS-DEMO-000011,PROGRESS_PHOTO,Site Inspection Photograph - Construction Stage - Village-59,MPLADS-DEMO-000011_progress_stage.jpg,image/jpeg,299383,61c9c502a47f23b1ef16935841697bb0d36b14b2f4eb7f677ea1b6a881533a6f,6b01a1c12a3a2107,2023-05-11 11:24:15,11.696236,78.137263,23.1,OnePlus,Nord CE 2,eSAKSHI Mobile App
EV-DEMO-00022,MPLADS-DEMO-000011,COMPLETION_PHOTO,Geo-tagged Asset Verification Photograph - Village-59,MPLADS-DEMO-000011_verification_stage.jpg,image/jpeg,431557,4782de84b7ababfc89b5bd9bc28e824bda11668a111702c1474d1b2f5d98edbb,e848f808f54d35bf,2023-07-04 15:42:10,11.696237,78.13763,28.2,OnePlus,Nord CE 2,eSAKSHI Mobile App
EV-DEMO-00023,MPLADS-DEMO-000012,PROGRESS_PHOTO,Site Inspection Photograph - Construction Stage - Village-92,MPLADS-DEMO-000012_progress_stage.jpg,image/jpeg,369605,c562ec708d8d7eb4d6391c43ff2fcfac8d5e1c19bade107ae8313eb8786a6a6a,c7859faeecc3f80c,2023-05-30 11:24:15,18.656247,78.047985,4.6,Apple,iPhone 13,eSAKSHI Mobile App
EV-DEMO-00024,MPLADS-DEMO-000012,SITE_IMAGE,Geo-tagged Asset Verification Photograph - Village-92,MPLADS-DEMO-000012_verification_stage.jpg,image/jpeg,307946,e9c55a423e035ba61d5ba09414de114fdd8df65588003c6023826e0b1608e5d6,62032801b65c1c28,2023-09-14 15:42:10,18.655947,78.047958,32.1,Apple,iPhone 13,eSAKSHI Mobile App
EV-DEMO-00025,MPLADS-DEMO-000013,PROGRESS_PHOTO,Site Inspection Photograph - Construction Stage - Village-150,MPLADS-DEMO-000013_progress_stage.jpg,image/jpeg,357252,211aae1a8dde5d6befd771a917baba9fb8f91b636118422cf856a1ecba69e3c4,c4bb895c608099f6,2024-06-20 11:24:15,11.638966,76.126814,15.3,Samsung,SM-A525F,eSAKSHI Mobile App
EV-DEMO-00026,MPLADS-DEMO-000013,SITE_IMAGE,Geo-tagged Asset Verification Photograph - Village-150,MPLADS-DEMO-000013_verification_stage.jpg,image/jpeg,302962,77c3b725fe9a25e6b3ddf94c91548a38492b57620589656366634f0d48d399fd,e81f9b0cbf4e7af6,2024-08-11 15:42:10,11.63899,76.127215,29.0,Samsung,SM-A525F,eSAKSHI Mobile App
EV-DEMO-00027,MPLADS-DEMO-000014,PROGRESS_PHOTO,Site Inspection Photograph - Construction Stage - Village-164,MPLADS-DEMO-000014_progress_stage.jpg,image/jpeg,394014,cf067b1a7bb52e3ec5235a6fbd802c55f6b0109127dc5e55769dd5334dc8c468,7ad98a70a603e9e1,2023-11-05 11:24:15,23.241396,80.011339,27.5,OnePlus,Nord CE 2,eSAKSHI Mobile App
EV-DEMO-00028,MPLADS-DEMO-000014,SITE_IMAGE,Geo-tagged Asset Verification Photograph - Village-164,MPLADS-DEMO-000014_verification_stage.jpg,image/jpeg,290697,4a2c5220a4c85d52b9a1c784f1f048c36b35c2a798454f84f40440e876e6cfa0,be0ae8fa1ceac2cc,2024-01-28 15:42:10,23.241822,80.011135,28.7,OnePlus,Nord CE 2,eSAKSHI Mobile App
EV-DEMO-00029,MPLADS-DEMO-000015,PROGRESS_PHOTO,Site Inspection Photograph - Construction Stage - Village-6,MPLADS-DEMO-000015_progress_stage.jpg,image/jpeg,233496,ce68decd36e6db3a31755547547d55e3ef29c1cf08cd65beb3c31a1e6db699bc,137c56af8c5187c1,2024-05-03 11:24:15,11.078862,76.976523,18.5,Realme,Realme 9 Pro,eSAKSHI Mobile App
EV-DEMO-00030,MPLADS-DEMO-000015,COMPLETION_PHOTO,Geo-tagged Asset Verification Photograph - Village-6,MPLADS-DEMO-000015_verification_stage.jpg,image/jpeg,449883,d96c0cec4ddd7073cb2b1d045a92e879a0f61ab5f790524cb37396d246f88cd4,cede24428a013fda,2024-08-20 15:42:10,11.079116,76.976348,20.5,Realme,Realme 9 Pro,eSAKSHI Mobile App
EV-DEMO-00031,MPLADS-DEMO-000016,PROGRESS_PHOTO,Site Inspection Photograph - Construction Stage - Village-163,MPLADS-DEMO-000016_progress_stage.jpg,image/jpeg,260730,9ff2fcfce80d365d7b3f558f74539ecd09ea95d6e7d8409ff66f2304df605399,783646bf0324aac3,2024-04-25 11:24:15,18.632231,78.06181,13.7,Apple,iPhone 13,eSAKSHI Mobile App
EV-DEMO-00032,MPLADS-DEMO-000016,COMPLETION_PHOTO,Geo-tagged Asset Verification Photograph - Village-163,MPLADS-DEMO-000016_verification_stage.jpg,image/jpeg,363058,e31e564db04f9209710cecae55a6e24173511fbe9fa3d820f0d82f95de7ae4ed,ed2ef1c113d1e9e3,2024-09-05 15:42:10,18.632074,78.061624,17.0,Apple,iPhone 13,eSAKSHI Mobile App
EV-DEMO-00033,MPLADS-DEMO-000017,PROGRESS_PHOTO,Site Inspection Photograph - Construction Stage - Village-188,MPLADS-DEMO-000017_progress_stage.jpg,image/jpeg,320394,1c77f84f043e378e6a62429434206cd92f7fecde913ef4645b26f7ec6caa2ef5,2ad1245c92010b38,2023-05-15 11:24:15,22.974466,72.62473,15.4,Xiaomi,Redmi Note 11,eSAKSHI Mobile App
EV-DEMO-00034,MPLADS-DEMO-000017,COMPLETION_PHOTO,Geo-tagged Asset Verification Photograph - Village-188,MPLADS-DEMO-000017_verification_stage.jpg,image/jpeg,255664,5a6fe5b58a4c4e8f145641edcbba125b5a8f437675acd1f8fa9457ee5dd5647e,5b6913cd87684f34,2023-10-03 15:42:10,22.974856,72.624493,34.3,Xiaomi,Redmi Note 11,eSAKSHI Mobile App
EV-DEMO-00035,MPLADS-DEMO-000018,PROGRESS_PHOTO,Site Inspection Photograph - Construction Stage - Village-76,MPLADS-DEMO-000018_progress_stage.jpg,image/jpeg,347702,f1faddc4bf01bfe5bb852e1260e741f1c8599bb4294eb8e6b5a5dd7947bedb2a,55dacb8f8c773fe6,2024-04-03 11:24:15,19.412236,84.968954,22.0,Apple,iPhone 13,eSAKSHI Mobile App
EV-DEMO-00036,MPLADS-DEMO-000018,COMPLETION_PHOTO,Geo-tagged Asset Verification Photograph - Village-76,MPLADS-DEMO-000018_verification_stage.jpg,image/jpeg,398110,d61711a07836e3b70188e3150be13eab47ddfa6aa0e410610fccc3bba2b5ce49,0ef152125425b7b2,2024-07-28 15:42:10,19.412168,84.968801,27.5,Apple,iPhone 13,eSAKSHI Mobile App
EV-DEMO-00037,MPLADS-DEMO-000019,PROGRESS_PHOTO,Site Inspection Photograph - Construction Stage - Village-68,MPLADS-DEMO-000019_progress_stage.jpg,image/jpeg,279714,8b78bedd3d1e4c9c3cfbafb9a1d5b705f49fde4074b5850adb35c57f39f154be,9b95f239ae97d9db,2024-08-09 11:24:15,18.677445,78.088202,21.3,OnePlus,Nord CE 2,eSAKSHI Mobile App
EV-DEMO-00038,MPLADS-DEMO-000019,SITE_IMAGE,Geo-tagged Asset Verification Photograph - Village-68,MPLADS-DEMO-000019_verification_stage.jpg,image/jpeg,440261,91dd01fb0b9db297a3f336e8bcd2bd5ccbad4e10754e8c950eeaef22108ffd6c,6bcefab3a3b48c4a,2024-11-09 15:42:10,18.677062,78.088292,22.6,OnePlus,Nord CE 2,eSAKSHI Mobile App
EV-DEMO-00039,MPLADS-DEMO-000020,PROGRESS_PHOTO,Site Inspection Photograph - Construction Stage - Village-157,MPLADS-DEMO-000020_progress_stage.jpg,image/jpeg,319067,f3e41620ecaa30b2b0fd137aca5f71c0aa487146815d5cf605e47be21f526e94,4279530735b8cfae,2023-09-17 11:24:15,9.888925,78.063216,22.5,Xiaomi,Redmi Note 11,eSAKSHI Mobile App
EV-DEMO-00040,MPLADS-DEMO-000020,SITE_IMAGE,Geo-tagged Asset Verification Photograph - Village-157,MPLADS-DEMO-000020_verification_stage.jpg,image/jpeg,478765,9a477ade5c988b5aa941f7a98779308faaebd65926c62d7543c291fad8e8c88f,94594d8b75673fca,2023-12-01 15:42:10,9.889253,78.062881,34.1,Xiaomi,Redmi Note 11,eSAKSHI Mobile App
EV-DEMO-00041,MPLADS-DEMO-000021,PROGRESS_PHOTO,Site Inspection Photograph - Construction Stage - Village-61,MPLADS-DEMO-000021_progress_stage.jpg,image/jpeg,194235,f9b651780e4d9b0d8320ac8bf5d7c5c2d6c4a512a0c82df95db1ae9eb1d96f25,550caef9618a9261,2024-03-18 11:24:15,13.114907,77.520334,13.1,Apple,iPhone 13,eSAKSHI Mobile App
EV-DEMO-00042,MPLADS-DEMO-000021,COMPLETION_PHOTO,Geo-tagged Asset Verification Photograph - Village-61,MPLADS-DEMO-000021_verification_stage.jpg,image/jpeg,249502,6e750f2106e2e958be44255df3058dac066bae0701b1200bdaafe5821e73386f,1c80317fa3b1799d,2024-07-23 15:42:10,13.114632,77.520659,33.7,Apple,iPhone 13,eSAKSHI Mobile App
EV-DEMO-00043,MPLADS-DEMO-000022,PROGRESS_PHOTO,Site Inspection Photograph - Construction Stage - Village-177,MPLADS-DEMO-000022_progress_stage.jpg,image/jpeg,405452,4a02f5a48d264d7cd691add1e6a59569334bfcae08125aeeb5e15ce3b1662c06,493cd01609de8895,2024-03-27 11:24:15,23.242914,77.405229,17.3,Realme,Realme 9 Pro,eSAKSHI Mobile App
EV-DEMO-00044,MPLADS-DEMO-000022,COMPLETION_PHOTO,Geo-tagged Asset Verification Photograph - Village-177,MPLADS-DEMO-000022_verification_stage.jpg,image/jpeg,352123,b39af8acc29f3b7041ea8914a4b2a8632ff9a579dcbb0485a7059148473f9d05,852010116895cea8,2024-04-17 15:42:10,23.243001,77.405166,10.7,Realme,Realme 9 Pro,eSAKSHI Mobile App
EV-DEMO-00045,MPLADS-DEMO-000023,PROGRESS_PHOTO,Site Inspection Photograph - Construction Stage - Village-117,MPLADS-DEMO-000023_progress_stage.jpg,image/jpeg,349135,c1d6d73cd5164d655889d36a92b613a1428266404854185e3dcba9be9887293e,6aedcf4a4599a084,2024-04-25 11:24:15,26.707589,83.335711,10.1,Apple,iPhone 13,eSAKSHI Mobile App
EV-DEMO-00046,MPLADS-DEMO-000023,COMPLETION_PHOTO,Geo-tagged Asset Verification Photograph - Village-117,MPLADS-DEMO-000023_verification_stage.jpg,image/jpeg,237160,661f1c4e738a3a85782883287a60ee834a6a941f335d2e67bd8ed69b0c1ce6e7,138dda71e3658966,2024-08-11 15:42:10,26.707566,83.335927,16.1,Apple,iPhone 13,eSAKSHI Mobile App
EV-DEMO-00047,MPLADS-DEMO-000024,PROGRESS_PHOTO,Site Inspection Photograph - Construction Stage - Village-54,MPLADS-DEMO-000024_progress_stage.jpg,image/jpeg,382479,bf14d008eab0d57ef5b47c9c30751f578f5003814c88cfa766ac6a38dee9b6ac,1001a6625a1298a1,2024-06-12 11:24:15,18.44989,79.169398,12.4,Samsung,SM-A525F,eSAKSHI Mobile App
EV-DEMO-00048,MPLADS-DEMO-000024,COMPLETION_PHOTO,Geo-tagged Asset Verification Photograph - Village-54,MPLADS-DEMO-000024_verification_stage.jpg,image/jpeg,477912,043f854444e73eab67c3d4db5fdc9142dfec8b1d4a8508ee882fbdd300f3bc3a,50c191728c541241,2024-09-25 15:42:10,18.450083,79.169592,29.9,Samsung,SM-A525F,eSAKSHI Mobile App
EV-DEMO-00049,MPLADS-DEMO-000025,PROGRESS_PHOTO,Site Inspection Photograph - Construction Stage - Village-29,MPLADS-DEMO-000025_progress_stage.jpg,image/jpeg,383085,cb1699b03ca034e2106313f8c086072198f66cf5f4a125e667857e4801706db1,582600e9111f4efd,2024-01-21 11:24:15,26.781338,83.311727,28.2,Samsung,SM-A525F,eSAKSHI Mobile App
EV-DEMO-00050,MPLADS-DEMO-000025,SITE_IMAGE,Geo-tagged Asset Verification Photograph - Village-29,MPLADS-DEMO-000025_verification_stage.jpg,image/jpeg,291828,5fae2b4edb349d75db7fe98c3f9d38ae015358cf5ca9db6244993fd4b7756c4d,db0eda407f5e8e61,2024-02-29 15:42:10,26.781306,83.311284,36.9,Samsung,SM-A525F,eSAKSHI Mobile App
EV-DEMO-00051,MPLADS-DEMO-000026,PROGRESS_PHOTO,Site Inspection Photograph - Construction Stage - Village-191,MPLADS-DEMO-000026_progress_stage.jpg,image/jpeg,192563,c55c29718f8bff552a07ede5ca8e349a935e72d8b9f16c4432178724b4c92c7e,d6a74dbe3e572e0f,2023-12-21 11:24:15,11.201982,75.773655,9.3,Realme,Realme 9 Pro,eSAKSHI Mobile App
EV-DEMO-00052,MPLADS-DEMO-000026,COMPLETION_PHOTO,Geo-tagged Asset Verification Photograph - Village-191,MPLADS-DEMO-000026_verification_stage.jpg,image/jpeg,226486,2d150ea6a07c11a76551b35dc58edaa8193839dcba149b7fd22a083abcf1bd3d,44b06badfa7576c5,2024-01-31 15:42:10,11.201782,75.773753,32.4,Realme,Realme 9 Pro,eSAKSHI Mobile App
EV-DEMO-00053,MPLADS-DEMO-000027,PROGRESS_PHOTO,Site Inspection Photograph - Construction Stage - Village-123,MPLADS-DEMO-000027_progress_stage.jpg,image/jpeg,197194,5dd033856b40fd6b388d1f50c46347e419a9cecfa34bc38a577155c9ff93352a,da6bb5639dfcfbd4,2023-05-06 11:24:15,11.709608,78.1366,26.7,OnePlus,Nord CE 2,eSAKSHI Mobile App
EV-DEMO-00054,MPLADS-DEMO-000027,COMPLETION_PHOTO,Geo-tagged Asset Verification Photograph - Village-123,MPLADS-DEMO-000027_verification_stage.jpg,image/jpeg,296824,3ba5d730efb6c0e1d37f81c845feba5ea51cf8fba6723532713e0eea9d93a0e4,fabf7430e9e4817a,2023-07-18 15:42:10,11.709245,78.136206,32.2,OnePlus,Nord CE 2,eSAKSHI Mobile App
EV-DEMO-00055,MPLADS-DEMO-000028,PROGRESS_PHOTO,Site Inspection Photograph - Construction Stage - Village-141,MPLADS-DEMO-000028_progress_stage.jpg,image/jpeg,381954,c0905ea947ad57b955bec45c3dfe9c95e0d32dc5fdd721bb9b9d5b235a38e443,fce5e9d717208331,2024-02-10 11:24:15,9.9528,78.104379,7.0,OnePlus,Nord CE 2,eSAKSHI Mobile App
EV-DEMO-00056,MPLADS-DEMO-000028,COMPLETION_PHOTO,Geo-tagged Asset Verification Photograph - Village-141,MPLADS-DEMO-000028_verification_stage.jpg,image/jpeg,381048,c21c82f2a51ff0752074cc6085b8c4ff3c833020065aa2098ace59267003cf99,d92b0703f7467ac9,2024-04-16 15:42:10,9.95298,78.104523,31.6,OnePlus,Nord CE 2,eSAKSHI Mobile App
EV-DEMO-00057,MPLADS-DEMO-000029,PROGRESS_PHOTO,Site Inspection Photograph - Construction Stage - Village-185,MPLADS-DEMO-000029_progress_stage.jpg,image/jpeg,315355,5391ef62d668156b5e33ab1e005b43fdbafe9796bccc470ed739e88fc0668aad,5e2502420ae59635,2023-11-12 11:24:15,20.510154,85.873892,15.7,Samsung,SM-A525F,eSAKSHI Mobile App
EV-DEMO-00058,MPLADS-DEMO-000029,COMPLETION_PHOTO,Geo-tagged Asset Verification Photograph - Village-185,MPLADS-DEMO-000029_verification_stage.jpg,image/jpeg,306390,e85a7d4025ebc92c301207a8516f5c169879218b69d0b93c7da0c47762be67b9,3278e0a594ac807a,2024-01-28 15:42:10,20.51011,85.874189,31.1,Samsung,SM-A525F,eSAKSHI Mobile App
EV-DEMO-00059,MPLADS-DEMO-000030,PROGRESS_PHOTO,Site Inspection Photograph - Construction Stage - Village-18,MPLADS-DEMO-000030_progress_stage.jpg,image/jpeg,199729,54d2cfcb197bd2791232fbd2a4d6cc318d6bc7e88512d6242bdcd14f390d1677,15a8f48f39643825,2024-05-22 11:24:15,24.532246,73.658507,9.2,Apple,iPhone 13,eSAKSHI Mobile App
EV-DEMO-00060,MPLADS-DEMO-000030,SITE_IMAGE,Geo-tagged Asset Verification Photograph - Village-18,MPLADS-DEMO-000030_verification_stage.jpg,image/jpeg,268894,7b9d64ff83f1dffb3fe5974931514e1ed82fd3bbdc055b408323d49cf98b2490,488e44f94ecc6c7f,2024-07-28 15:42:10,24.532283,73.658551,5.4,Apple,iPhone 13,eSAKSHI Mobile App
EV-DEMO-00061,MPLADS-DEMO-000031,PROGRESS_PHOTO,Site Inspection Photograph - Construction Stage - Village-106,MPLADS-DEMO-000031_progress_stage.jpg,image/jpeg,208882,ac1127a092b1643d5da8087a3a1bea89f9d52fb61bfdb1bd388c699a70c825af,2e843b2c7e96ba87,2024-08-17 11:24:15,26.220022,73.045748,17.7,Apple,iPhone 13,eSAKSHI Mobile App
EV-DEMO-00062,MPLADS-DEMO-000031,SITE_IMAGE,Geo-tagged Asset Verification Photograph - Village-106,MPLADS-DEMO-000031_verification_stage.jpg,image/jpeg,279432,33e3f4bcb2b839b718f495d3c7a7d3ccf059c15b2a23bad2941b1255ecfbab46,93447cbaed90dafc,2024-09-24 15:42:10,26.220048,73.045738,20.8,Apple,iPhone 13,eSAKSHI Mobile App
EV-DEMO-00063,MPLADS-DEMO-000032,PROGRESS_PHOTO,Site Inspection Photograph - Construction Stage - Village-58,MPLADS-DEMO-000032_progress_stage.jpg,image/jpeg,184389,741d6f30c764ac74526e076d915a46697c69499c728e07798f6fde6dd7439a26,71b9016371f4a4e4,2023-08-09 11:24:15,25.362559,82.954268,25.5,Samsung,SM-A525F,eSAKSHI Mobile App
EV-DEMO-00064,MPLADS-DEMO-000032,COMPLETION_PHOTO,Geo-tagged Asset Verification Photograph - Village-58,MPLADS-DEMO-000032_verification_stage.jpg,image/jpeg,301871,a1bdcb1a271564a3b0f8ddc75c1b53bacf2588d05a58a361fd084d476c304911,1ff63c0179e58218,2023-09-28 15:42:10,25.362821,82.954389,8.7,Samsung,SM-A525F,eSAKSHI Mobile App
EV-DEMO-00065,MPLADS-DEMO-000033,PROGRESS_PHOTO,Site Inspection Photograph - Construction Stage - Village-69,MPLADS-DEMO-000033_progress_stage.jpg,image/jpeg,253560,401468798f324f3f67170d12837900c77fb1a738b33cb63ae1dfec3b9fd32d3c,49f1b6106a2ca9a3,2023-03-11 11:24:15,19.318833,84.960678,17.8,Realme,Realme 9 Pro,eSAKSHI Mobile App
EV-DEMO-00066,MPLADS-DEMO-000033,COMPLETION_PHOTO,Geo-tagged Asset Verification Photograph - Village-69,MPLADS-DEMO-000033_verification_stage.jpg,image/jpeg,410008,cb80ddda8a03395847a1838ebae0c6323339b387fdacf0229cbec8aa077ea473,4fde580f122088a5,2023-05-27 15:42:10,19.318595,84.960707,26.8,Realme,Realme 9 Pro,eSAKSHI Mobile App
EV-DEMO-00067,MPLADS-DEMO-000034,PROGRESS_PHOTO,Site Inspection Photograph - Construction Stage - Village-24,MPLADS-DEMO-000034_progress_stage.jpg,image/jpeg,316818,4b1d7ad2f51c7340cb160cd5af388de6e4eb7c8926e6f85345229f6f447c7688,1db84aa91325af10,2023-09-21 11:24:15,11.290669,75.743268,17.7,Apple,iPhone 13,eSAKSHI Mobile App
EV-DEMO-00068,MPLADS-DEMO-000034,COMPLETION_PHOTO,Geo-tagged Asset Verification Photograph - Village-24,MPLADS-DEMO-000034_verification_stage.jpg,image/jpeg,213077,6dbbd47ef5b0656d0a26bbfc44aafbd719675b1eb1722f51722d962c73f21d86,7763c84ebdde03f1,2023-12-31 15:42:10,11.290988,75.743358,21.5,Apple,iPhone 13,eSAKSHI Mobile App
EV-DEMO-00069,MPLADS-DEMO-000035,PROGRESS_PHOTO,Site Inspection Photograph - Construction Stage - Village-70,MPLADS-DEMO-000035_progress_stage.jpg,image/jpeg,392469,d93e155a6634cdebc8f2797d2dc6a5a04cef6a7c69ac3dc77c5157eab7bbc809,098ccb7caf2a6a52,2023-11-20 11:24:15,23.014909,72.561621,24.0,Samsung,SM-A525F,eSAKSHI Mobile App
EV-DEMO-00070,MPLADS-DEMO-000035,COMPLETION_PHOTO,Geo-tagged Asset Verification Photograph - Village-70,MPLADS-DEMO-000035_verification_stage.jpg,image/jpeg,295095,d71f4ab9c469d01ad16604cf3bc8ac7b7932b09aa21b4e33c4c67b99e9ecd00e,1e51a921e8e6a305,2024-03-27 15:42:10,23.015363,72.561308,36.1,Samsung,SM-A525F,eSAKSHI Mobile App
EV-DEMO-00071,MPLADS-DEMO-000036,PROGRESS_PHOTO,Site Inspection Photograph - Construction Stage - Village-12,MPLADS-DEMO-000036_progress_stage.jpg,image/jpeg,333502,4561ada08da4ce637ee9aab5086a5dedf9955ea4417285d55fc501a82a5562e5,822a87dc52e17fd9,2023-07-02 11:24:15,10.980353,77.018817,13.4,Apple,iPhone 13,eSAKSHI Mobile App
EV-DEMO-00072,MPLADS-DEMO-000036,COMPLETION_PHOTO,Geo-tagged Asset Verification Photograph - Village-12,MPLADS-DEMO-000036_verification_stage.jpg,image/jpeg,326826,141a5e070cc6242d6be856dc7a803fe664034eea532e6adbafb33c3cc3017c63,c83edd4112cc16df,2023-08-14 15:42:10,10.98073,77.018572,36.9,Apple,iPhone 13,eSAKSHI Mobile App
EV-DEMO-00073,MPLADS-DEMO-000037,PROGRESS_PHOTO,Site Inspection Photograph - Construction Stage - Village-34,MPLADS-DEMO-000037_progress_stage.jpg,image/jpeg,418412,ff75ee075682bc622393f4ff172c768a27cd61d92976d3c42fb98296178bb4eb,1f492fba47a1fca7,2023-09-09 11:24:15,11.243126,75.80675,17.8,Realme,Realme 9 Pro,eSAKSHI Mobile App
EV-DEMO-00074,MPLADS-DEMO-000037,COMPLETION_PHOTO,Geo-tagged Asset Verification Photograph - Village-34,MPLADS-DEMO-000037_verification_stage.jpg,image/jpeg,240827,ebcbe55625c8c74fd7def5840cd2aa6359abc20ff80e7f83a25d6f3d0e09a683,9c51e692dc1729ca,2023-11-14 15:42:10,11.243269,75.80682,7.8,Realme,Realme 9 Pro,eSAKSHI Mobile App
EV-DEMO-00075,MPLADS-DEMO-000038,PROGRESS_PHOTO,Site Inspection Photograph - Construction Stage - Village-148,MPLADS-DEMO-000038_progress_stage.jpg,image/jpeg,180201,8bbe586981949d0c1a4ab2b94e0ea3a77b65847b77ed4cedaa28bfc0cb3efd73,95b5582a736a9625,2024-08-19 11:24:15,23.172258,79.974079,11.9,Xiaomi,Redmi Note 11,eSAKSHI Mobile App
EV-DEMO-00076,MPLADS-DEMO-000038,SITE_IMAGE,Geo-tagged Asset Verification Photograph - Village-148,MPLADS-DEMO-000038_verification_stage.jpg,image/jpeg,406834,5056b32c45d4b91e856f88f9647b16c198ebcfd32cf9281008332c52b81b3a34,76980fbe5edcccc1,2024-09-20 15:42:10,23.172558,79.973851,30.7,Xiaomi,Redmi Note 11,eSAKSHI Mobile App
EV-DEMO-00077,MPLADS-DEMO-000039,PROGRESS_PHOTO,Site Inspection Photograph - Construction Stage - Village-23,MPLADS-DEMO-000039_progress_stage.jpg,image/jpeg,260829,a0be69436f61b0a3403edacf1589e8ad7b9eb486f1df9982696b93de1296d8b7,40b2d002cc92d33d,2023-09-30 11:24:15,18.430511,79.077719,22.6,Vivo,Vivo V23 5G,eSAKSHI Mobile App
EV-DEMO-00078,MPLADS-DEMO-000039,SITE_IMAGE,Geo-tagged Asset Verification Photograph - Village-23,MPLADS-DEMO-000039_verification_stage.jpg,image/jpeg,432777,f24676bab536ecad0d621cb8c5376d480339bb1481fd4398f7b55f549f7f5732,300a65ccd081a3d4,2023-11-21 15:42:10,18.430284,79.077395,20.2,Vivo,Vivo V23 5G,eSAKSHI Mobile App
EV-DEMO-00079,MPLADS-DEMO-000040,PROGRESS_PHOTO,Site Inspection Photograph - Construction Stage - Village-136,MPLADS-DEMO-000040_progress_stage.jpg,image/jpeg,393687,8b1fcbb2a4270af6f0003f88ef9eb9dc42e7e3069c0a12e181153b58f290b94d,7000368d2534c02d,2024-02-19 11:24:15,12.297196,76.69225,14.3,Vivo,Vivo V23 5G,eSAKSHI Mobile App
EV-DEMO-00080,MPLADS-DEMO-000040,SITE_IMAGE,Geo-tagged Asset Verification Photograph - Village-136,MPLADS-DEMO-000040_verification_stage.jpg,image/jpeg,355952,a16efd83be8af1ad4bd7566bfaae10a3b30d5d008ec8a05bff406bfb2e870736,64d94a354580711b,2024-05-08 15:42:10,12.297268,76.692337,26.5,Vivo,Vivo V23 5G,eSAKSHI Mobile App
EV-DEMO-00081,MPLADS-DEMO-000041,PROGRESS_PHOTO,Site Inspection Photograph - Construction Stage - Village-195,MPLADS-DEMO-000041_progress_stage.jpg,image/jpeg,396811,b9c4c3202126fb07d8f747a6b8e6d09b2662dc90fceba4ecdd44a6dccc970b01,d6f1813481854f8a,2024-04-06 11:24:15,20.031378,73.734745,26.1,Apple,iPhone 13,eSAKSHI Mobile App
EV-DEMO-00082,MPLADS-DEMO-000041,COMPLETION_PHOTO,Geo-tagged Asset Verification Photograph - Village-195,MPLADS-DEMO-000041_verification_stage.jpg,image/jpeg,477397,af903e0f038dc99c47a9e30eef455b4dc784b3e3b97f6df3d76a874696e71354,c4f718fd250c67f3,2024-08-27 15:42:10,20.031053,73.734822,28.1,Apple,iPhone 13,eSAKSHI Mobile App
EV-DEMO-00083,MPLADS-DEMO-000042,PROGRESS_PHOTO,Site Inspection Photograph - Construction Stage - Village-162,MPLADS-DEMO-000042_progress_stage.jpg,image/jpeg,329410,deb355bdeed43137407370b505b078ebaae3c0c4dc574c3df8b81e8059cb98ea,d802db897f041728,2023-11-13 11:24:15,21.144415,72.801958,23.0,OnePlus,Nord CE 2,eSAKSHI Mobile App
EV-DEMO-00084,MPLADS-DEMO-000042,SITE_IMAGE,Geo-tagged Asset Verification Photograph - Village-162,MPLADS-DEMO-000042_verification_stage.jpg,image/jpeg,403692,7c391f6ff20b554f6dc4b46ce7f4ee58dc792656f981e50ad768007abc4ee5a4,48993a14bb459fdf,2024-02-24 15:42:10,21.144866,72.801657,36.8,OnePlus,Nord CE 2,eSAKSHI Mobile App
EV-DEMO-00085,MPLADS-DEMO-000043,PROGRESS_PHOTO,Site Inspection Photograph - Construction Stage - Village-158,MPLADS-DEMO-000043_progress_stage.jpg,image/jpeg,231795,fbd27a614eeb155742a6b2447356248773f5a65dd80b87abf38f432a2cac6c8c,b388d25833183edb,2024-07-02 11:24:15,11.67649,78.130844,15.8,Vivo,Vivo V23 5G,eSAKSHI Mobile App
EV-DEMO-00086,MPLADS-DEMO-000043,COMPLETION_PHOTO,Geo-tagged Asset Verification Photograph - Village-158,MPLADS-DEMO-000043_verification_stage.jpg,image/jpeg,421409,7d48ee6d771d346d19cdc4b187a926c168d6bc570d3f5ea7881fb6c44a1a7e6b,c71f4e8fcaa1718e,2024-07-28 15:42:10,11.676368,78.130706,35.1,Vivo,Vivo V23 5G,eSAKSHI Mobile App
EV-DEMO-00087,MPLADS-DEMO-000044,PROGRESS_PHOTO,Site Inspection Photograph - Construction Stage - Village-16,MPLADS-DEMO-000044_progress_stage.jpg,image/jpeg,286889,e1861d6571dcb0c00720a332b668bc7f46b03239cdfbb4b8dc25597e0d64cbcd,bce80083255d4b38,2024-02-27 11:24:15,13.058178,77.608414,23.8,Realme,Realme 9 Pro,eSAKSHI Mobile App
EV-DEMO-00088,MPLADS-DEMO-000044,SITE_IMAGE,Geo-tagged Asset Verification Photograph - Village-16,MPLADS-DEMO-000044_verification_stage.jpg,image/jpeg,372745,5225f29d407dd2faff1b73c24c365139baba1986bc9874253316dc54fb2d5d08,f945e4b665c1d4b4,2024-04-20 15:42:10,13.058119,77.608004,24.7,Realme,Realme 9 Pro,eSAKSHI Mobile App
EV-DEMO-00089,MPLADS-DEMO-000045,PROGRESS_PHOTO,Site Inspection Photograph - Construction Stage - Village-41,MPLADS-DEMO-000045_progress_stage.jpg,image/jpeg,354739,7442d50324df9736632d1fd5653ade0309d7a112d127309d2567ef4cec40c29d,c4905c0914c25b99,2024-01-19 11:24:15,12.278294,76.693874,25.9,OnePlus,Nord CE 2,eSAKSHI Mobile App
EV-DEMO-00090,MPLADS-DEMO-000045,SITE_IMAGE,Geo-tagged Asset Verification Photograph - Village-41,MPLADS-DEMO-000045_verification_stage.jpg,image/jpeg,344517,c9b393b6335ecbae95781be8f41ae3726aeac38ee3ec2e4d115b41871f0685ae,b6ae4b1d3423bf15,2024-03-05 15:42:10,12.277888,76.693462,38.1,OnePlus,Nord CE 2,eSAKSHI Mobile App
EV-DEMO-00091,MPLADS-DEMO-000046,PROGRESS_PHOTO,Site Inspection Photograph - Construction Stage - Village-65,MPLADS-DEMO-000046_progress_stage.jpg,image/jpeg,287670,03e38312b7fed7f0e46992787258933025a906abe484813109c3ac7ba88e0ae8,97323b35156199d0,2024-01-24 11:24:15,11.714495,76.152227,13.8,Xiaomi,Redmi Note 11,eSAKSHI Mobile App
EV-DEMO-00092,MPLADS-DEMO-000046,COMPLETION_PHOTO,Geo-tagged Asset Verification Photograph - Village-65,MPLADS-DEMO-000046_verification_stage.jpg,image/jpeg,428603,f2d895af36a17b369ba66340451910712f2f4e1224d8d06149b6a1eb0c5f8dc4,842507646bc9947a,2024-04-22 15:42:10,11.714557,76.15206,32.9,Xiaomi,Redmi Note 11,eSAKSHI Mobile App
EV-DEMO-00093,MPLADS-DEMO-000047,PROGRESS_PHOTO,Site Inspection Photograph - Construction Stage - Village-144,MPLADS-DEMO-000047_progress_stage.jpg,image/jpeg,329211,20ccf033bca08a8cff1487d1323e34c53f11849f3f9e41e30dc123d416408235,d9621895e98f559d,2024-03-06 11:24:15,9.965755,76.337995,28.6,Realme,Realme 9 Pro,eSAKSHI Mobile App
EV-DEMO-00094,MPLADS-DEMO-000047,COMPLETION_PHOTO,Geo-tagged Asset Verification Photograph - Village-144,MPLADS-DEMO-000047_verification_stage.jpg,image/jpeg,390749,fb9ae08b033fc9179a97b88adc2c7ad4471aab6c4a6ab43db31ae697ce04f306,2ebc12938bfb2fcf,2024-07-09 15:42:10,9.965513,76.337629,21.4,Realme,Realme 9 Pro,eSAKSHI Mobile App
EV-DEMO-00095,MPLADS-DEMO-000048,PROGRESS_PHOTO,Site Inspection Photograph - Construction Stage - Village-197,MPLADS-DEMO-000048_progress_stage.jpg,image/jpeg,337500,59d2deafdfd7de3f34842d07440daf98ad6fad9624d2dbbb6bad43092eff661b,8827ecebc299f156,2024-05-06 11:24:15,19.995909,73.754414,27.5,Realme,Realme 9 Pro,eSAKSHI Mobile App
EV-DEMO-00096,MPLADS-DEMO-000048,COMPLETION_PHOTO,Geo-tagged Asset Verification Photograph - Village-197,MPLADS-DEMO-000048_verification_stage.jpg,image/jpeg,339996,af11bbcb2bc3af1ad7ea5636f936475b4a77f274917e4f781fd0a3c2e92f2fe0,508dbe225edf44c0,2024-08-14 15:42:10,19.995908,73.754304,22.2,Realme,Realme 9 Pro,eSAKSHI Mobile App
EV-DEMO-00097,MPLADS-DEMO-000049,PROGRESS_PHOTO,Site Inspection Photograph - Construction Stage - Village-34,MPLADS-DEMO-000049_progress_stage.jpg,image/jpeg,406796,b230a689be4123f07758bdbe17d30a77a6d57028dbef007cee6c648bc665bb18,6dd09a3531cd3165,2024-05-02 11:24:15,26.251643,72.979447,14.6,Xiaomi,Redmi Note 11,eSAKSHI Mobile App
EV-DEMO-00098,MPLADS-DEMO-000049,SITE_IMAGE,Geo-tagged Asset Verification Photograph - Village-34,MPLADS-DEMO-000049_verification_stage.jpg,image/jpeg,469749,2e4190c47bb3d3740189e79d58c1669e06c0bf176189c2ea76e923852b672aa4,933106745b3ce9b3,2024-07-27 15:42:10,26.251576,72.979331,4.4,Xiaomi,Redmi Note 11,eSAKSHI Mobile App
EV-DEMO-00099,MPLADS-DEMO-000050,PROGRESS_PHOTO,Site Inspection Photograph - Construction Stage - Village-157,MPLADS-DEMO-000050_progress_stage.jpg,image/jpeg,293725,598fa0a07890593840aca38df630c043fb0a31218c405cc5638e684d8cf90a71,61790134676b1b69,2024-08-29 11:24:15,11.230716,75.812877,22.9,Realme,Realme 9 Pro,eSAKSHI Mobile App
EV-DEMO-00100,MPLADS-DEMO-000050,SITE_IMAGE,Geo-tagged Asset Verification Photograph - Village-157,MPLADS-DEMO-000050_verification_stage.jpg,image/jpeg,300527,cf2bd7d2bf5c00b7f1c090785bb3d0f3d0b88db03e95e4993616ba477a52741c,75a3adb3254a9493,2024-09-15 15:42:10,11.230722,75.812558,21.2,Realme,Realme 9 Pro,eSAKSHI Mobile App
EV-DEMO-00101,MPLADS-DEMO-000051,PROGRESS_PHOTO,Site Inspection Photograph - Construction Stage - Village-200,MPLADS-DEMO-000051_progress_stage.jpg,image/jpeg,414674,362430be99affd6c8b275707a7280e0c4c03eb995aa1e946937df6cef230f56a,d8dcb35f94c662cd,2023-04-04 11:24:15,23.166322,79.990093,23.5,Samsung,SM-A525F,eSAKSHI Mobile App
EV-DEMO-00102,MPLADS-DEMO-000051,SITE_IMAGE,Geo-tagged Asset Verification Photograph - Village-200,MPLADS-DEMO-000051_verification_stage.jpg,image/jpeg,314932,bab360d2ce2c0c0891ccc5941f6c61b1a541fec0d547693d8ec34a1b00db8283,ad21914625ee8c4c,2023-07-12 15:42:10,23.166331,79.989727,32.5,Samsung,SM-A525F,eSAKSHI Mobile App
EV-DEMO-00103,MPLADS-DEMO-000052,PROGRESS_PHOTO,Site Inspection Photograph - Construction Stage - Village-32,MPLADS-DEMO-000052_progress_stage.jpg,image/jpeg,337152,effe38046efa63fc7d83a9df70b8833f7bc69a2356f3073a60f6b3e8f76b04ae,b6dc0914faa30751,2023-04-04 11:24:15,9.953756,76.334295,23.5,OnePlus,Nord CE 2,eSAKSHI Mobile App
EV-DEMO-00104,MPLADS-DEMO-000052,SITE_IMAGE,Geo-tagged Asset Verification Photograph - Village-32,MPLADS-DEMO-000052_verification_stage.jpg,image/jpeg,215160,fa2f720c76a85978c95e337dd6302f0525c4836bb6a8b977caa3ae59ac588988,05002635f5bffffb,2023-05-06 15:42:10,9.953451,76.333881,33.6,OnePlus,Nord CE 2,eSAKSHI Mobile App
EV-DEMO-00105,MPLADS-DEMO-000053,PROGRESS_PHOTO,Site Inspection Photograph - Construction Stage - Village-14,MPLADS-DEMO-000053_progress_stage.jpg,image/jpeg,193020,f6f624516439a3c695d5a824a5392471fb6f2b901adf45e2f93481393b30ee04,97611f4ee0cb1e6b,2023-03-02 11:24:15,19.366698,84.973531,19.8,Samsung,SM-A525F,eSAKSHI Mobile App
EV-DEMO-00106,MPLADS-DEMO-000053,SITE_IMAGE,Geo-tagged Asset Verification Photograph - Village-14,MPLADS-DEMO-000053_verification_stage.jpg,image/jpeg,419136,ee7affbbf552c549a92d47378bf1a375e014d74d3cf0f75117a09347cd9e5b45,fa6bb9c4b5ef5e70,2023-07-18 15:42:10,19.366826,84.973734,34.3,Samsung,SM-A525F,eSAKSHI Mobile App
EV-DEMO-00107,MPLADS-DEMO-000054,PROGRESS_PHOTO,Site Inspection Photograph - Construction Stage - Village-179,MPLADS-DEMO-000054_progress_stage.jpg,image/jpeg,387725,25c3113807dcd724df5e40d33f70c138fe8734466ee9960a55214904988df5a4,9eabcba13f19711e,2023-04-10 11:24:15,23.065634,72.605227,20.8,Xiaomi,Redmi Note 11,eSAKSHI Mobile App
EV-DEMO-00108,MPLADS-DEMO-000054,SITE_IMAGE,Geo-tagged Asset Verification Photograph - Village-179,MPLADS-DEMO-000054_verification_stage.jpg,image/jpeg,227697,e63df54d6ab2b07c9aac2fddf3fb6ffff1807e911bc199a29848b1fa6edcc992,b71e45122169c619,2023-06-04 15:42:10,23.065689,72.605146,18.9,Xiaomi,Redmi Note 11,eSAKSHI Mobile App
EV-DEMO-00109,MPLADS-DEMO-000055,PROGRESS_PHOTO,Site Inspection Photograph - Construction Stage - Village-109,MPLADS-DEMO-000055_progress_stage.jpg,image/jpeg,184373,abab97ecfaf74e01dff4c7a4194cded3d6164750ed6492b32088088abd3af019,3aa0c8cd4792c102,2023-04-07 11:24:15,11.208082,75.752773,21.0,Vivo,Vivo V23 5G,eSAKSHI Mobile App
EV-DEMO-00110,MPLADS-DEMO-000055,SITE_IMAGE,Geo-tagged Asset Verification Photograph - Village-109,MPLADS-DEMO-000055_verification_stage.jpg,image/jpeg,378504,f82e7a82f2b3c913212e64a1e1bfa40b3dae134b50b34d6b691c1f9a9a14d07c,fdaec44eef2bcaab,2023-05-22 15:42:10,11.208264,75.752898,5.0,Vivo,Vivo V23 5G,eSAKSHI Mobile App
EV-DEMO-00111,MPLADS-DEMO-000056,PROGRESS_PHOTO,Site Inspection Photograph - Construction Stage - Village-184,MPLADS-DEMO-000056_progress_stage.jpg,image/jpeg,188695,d107d97ec21e88930df7902a8bc672ce14f1e1271c83856be6e71684a4f06db1,f2df6035d3c17334,2023-04-11 11:24:15,15.412702,74.998589,15.3,Xiaomi,Redmi Note 11,eSAKSHI Mobile App
EV-DEMO-00112,MPLADS-DEMO-000056,SITE_IMAGE,Geo-tagged Asset Verification Photograph - Village-184,MPLADS-DEMO-000056_verification_stage.jpg,image/jpeg,381560,e45f0111501063f2cddfcca5867466274e4e0fa164a9aa69aa3931a004a14ed6,d53d50bd7b32fabb,2023-07-10 15:42:10,15.412633,74.998562,8.6,Xiaomi,Redmi Note 11,eSAKSHI Mobile App
EV-DEMO-00113,MPLADS-DEMO-000057,PROGRESS_PHOTO,Site Inspection Photograph - Construction Stage - Village-142,MPLADS-DEMO-000057_progress_stage.jpg,image/jpeg,354883,14a0ea49d7e45c96fe48f9a7eb5a515c4e0cb5c7401e016378c0bd33b359b5dd,a7637e0807d27934,2023-03-26 11:24:15,12.233362,76.68803,13.9,Apple,iPhone 13,eSAKSHI Mobile App
EV-DEMO-00114,MPLADS-DEMO-000057,SITE_IMAGE,Geo-tagged Asset Verification Photograph - Village-142,MPLADS-DEMO-000057_verification_stage.jpg,image/jpeg,382756,234872fac15458666f05b50a53d61e3ed6e20ec1fc2c987297d01879f39f6b46,900e58363dadf2e8,2023-07-24 15:42:10,12.233224,76.688178,36.1,Apple,iPhone 13,eSAKSHI Mobile App
EV-DEMO-00115,MPLADS-DEMO-000058,PROGRESS_PHOTO,Site Inspection Photograph - Construction Stage - Village-198,MPLADS-DEMO-000058_progress_stage.jpg,image/jpeg,227880,a461c0293adb664e36b310d44b44ec9d7c6a3e3d2dbf1da90d082878b25aee15,4882cb35e559dbb2,2023-04-16 11:24:15,11.696107,76.16519,20.5,OnePlus,Nord CE 2,eSAKSHI Mobile App
EV-DEMO-00116,MPLADS-DEMO-000058,SITE_IMAGE,Geo-tagged Asset Verification Photograph - Village-198,MPLADS-DEMO-000058_verification_stage.jpg,image/jpeg,464006,b409ceb8a0e18a6a0eec4341d4cf0de0ad323279c46f9c0a6ebc461977b57f10,bed9c258d2447cb9,2023-05-25 15:42:10,11.695949,76.165207,20.6,OnePlus,Nord CE 2,eSAKSHI Mobile App
EV-DEMO-00117,MPLADS-DEMO-000059,PROGRESS_PHOTO,Site Inspection Photograph - Construction Stage - Village-184,MPLADS-DEMO-000059_progress_stage.jpg,image/jpeg,343154,fcecf82f13a7aaa8d06fd0165420283cda2238e9fda252189d8e3fd7d47377f1,2e70cb693d776476,2023-03-29 11:24:15,18.708448,78.088718,13.5,Realme,Realme 9 Pro,eSAKSHI Mobile App
EV-DEMO-00118,MPLADS-DEMO-000059,SITE_IMAGE,Geo-tagged Asset Verification Photograph - Village-184,MPLADS-DEMO-000059_verification_stage.jpg,image/jpeg,275589,d96d582dbc6d10a8a92f4a520541d6be4d42dc36c55b2b063d033cdc4a8cd403,a1c484b3b602ef1b,2023-05-29 15:42:10,18.70844,78.08867,8.5,Realme,Realme 9 Pro,eSAKSHI Mobile App
EV-DEMO-00119,MPLADS-DEMO-000060,PROGRESS_PHOTO,Site Inspection Photograph - Construction Stage - Village-193,MPLADS-DEMO-000060_progress_stage.jpg,image/jpeg,188901,f7b0ca0476e7f8ee7ec64df66132e66f97ab48cc95b229a84b322d74bf03adce,493717c4ed22d6f2,2023-04-05 11:24:15,13.083765,77.540186,28.0,OnePlus,Nord CE 2,eSAKSHI Mobile App
EV-DEMO-00120,MPLADS-DEMO-000060,SITE_IMAGE,Geo-tagged Asset Verification Photograph - Village-193,MPLADS-DEMO-000060_verification_stage.jpg,image/jpeg,279053,7ec1f3ce1d3d3183ea554055c8da407f3aa4ad1b7922a3c07446461ba74893ad,3f75a07f83d2f947,2023-07-18 15:42:10,13.08389,77.539916,33.7,OnePlus,Nord CE 2,eSAKSHI Mobile App
EV-DEMO-00121,MPLADS-DEMO-000061,PROGRESS_PHOTO,Site Inspection Photograph - Construction Stage - Village-48,MPLADS-DEMO-000061_progress_stage.jpg,image/jpeg,344612,7a87e505e35e6dca2cda4f10e481993e4572cef1e8de5ed4e81390208f584a00,37d8cb30165963e8,2023-09-28 11:24:15,20.461996,85.882624,5.7,Samsung,SM-A525F,eSAKSHI Mobile App
EV-DEMO-00122,MPLADS-DEMO-000061,COMPLETION_PHOTO,Geo-tagged Asset Verification Photograph - Village-48,MPLADS-DEMO-000061_verification_stage.jpg,image/jpeg,262693,0167e7232d4aabeee38d986c6615c0953ddbb842ff1a108fe51784d45530b97b,368b43ae829092bf,2023-11-17 15:42:10,20.461975,85.882623,6.7,Samsung,SM-A525F,eSAKSHI Mobile App
EV-DEMO-00123,MPLADS-DEMO-000062,PROGRESS_PHOTO,Site Inspection Photograph - Construction Stage - Village-84,MPLADS-DEMO-000062_progress_stage.jpg,image/jpeg,220091,9f58116bbbfe0d21610ba51114f4f6a917b0ab98486c6ad637538073c9b5c177,44867db30d67b366,2023-11-16 11:24:15,26.259848,72.999335,19.3,OnePlus,Nord CE 2,eSAKSHI Mobile App
EV-DEMO-00124,MPLADS-DEMO-000062,SITE_IMAGE,Geo-tagged Asset Verification Photograph - Village-84,MPLADS-DEMO-000062_verification_stage.jpg,image/jpeg,362242,bbf200d546a0ba723501bef9794cb53050f8da107190dd9d99413b4da4aa59f8,471e6c53f5f5ba41,2024-03-19 15:42:10,26.259978,72.999393,30.5,OnePlus,Nord CE 2,eSAKSHI Mobile App
EV-DEMO-00125,MPLADS-DEMO-000063,PROGRESS_PHOTO,Site Inspection Photograph - Construction Stage - Village-20,MPLADS-DEMO-000063_progress_stage.jpg,image/jpeg,308647,e1617000c9b58a0e43ddb8cc66d3f1de81ab4a6c645de3e4575ece99bb45b881,3e2802d6e66a3733,2024-07-04 11:24:15,23.282053,77.400583,21.2,Samsung,SM-A525F,eSAKSHI Mobile App
EV-DEMO-00126,MPLADS-DEMO-000063,COMPLETION_PHOTO,Geo-tagged Asset Verification Photograph - Village-20,MPLADS-DEMO-000063_verification_stage.jpg,image/jpeg,328247,63102548bf01169f1bb27f41c9853ea07a454150fce40d18637405deba668a72,0f6a6b17929463a5,2024-09-10 15:42:10,23.281926,77.400205,32.7,Samsung,SM-A525F,eSAKSHI Mobile App
EV-DEMO-00127,MPLADS-DEMO-000064,PROGRESS_PHOTO,Site Inspection Photograph - Construction Stage - Village-93,MPLADS-DEMO-000064_progress_stage.jpg,image/jpeg,262771,e80c5f06ea44031cfba43830cd30b759e491be50d468146bfe08c70f095fcc09,e990bf360b6951b3,2023-10-25 11:24:15,21.154849,72.839906,15.1,Samsung,SM-A525F,eSAKSHI Mobile App
EV-DEMO-00128,MPLADS-DEMO-000064,COMPLETION_PHOTO,Geo-tagged Asset Verification Photograph - Village-93,MPLADS-DEMO-000064_verification_stage.jpg,image/jpeg,470152,c9a7caa6fdc7526eb0efb20aaefb9efc22d36ae4e47dd4673f343b1c4ec061ea,d974b822f0a612e1,2024-02-23 15:42:10,21.154914,72.83955,30.9,Samsung,SM-A525F,eSAKSHI Mobile App
EV-DEMO-00129,MPLADS-DEMO-000065,PROGRESS_PHOTO,Site Inspection Photograph - Construction Stage - Village-64,MPLADS-DEMO-000065_progress_stage.jpg,image/jpeg,310109,3e0cb3d0f93de1226086e519424a44002a8a5dac404f301ffbf9569acbf4b708,de3720e8960a80da,2024-01-04 11:24:15,22.779347,75.795937,19.1,Realme,Realme 9 Pro,eSAKSHI Mobile App
EV-DEMO-00130,MPLADS-DEMO-000065,COMPLETION_PHOTO,Geo-tagged Asset Verification Photograph - Village-64,MPLADS-DEMO-000065_verification_stage.jpg,image/jpeg,304025,da9644fbe7071a5fcade05d41aab2bcf08564da79e405ed48247806656b19412,6ceb3add85102adc,2024-03-12 15:42:10,22.779205,75.79602,29.7,Realme,Realme 9 Pro,eSAKSHI Mobile App
EV-DEMO-00131,MPLADS-DEMO-000066,PROGRESS_PHOTO,Site Inspection Photograph - Construction Stage - Village-52,MPLADS-DEMO-000066_progress_stage.jpg,image/jpeg,375090,e1284f3e2f27a3c13f4ad085c73720e38f64fbd6c8f4779f208f79e257805da0,5f58d8c050c05c5b,2023-04-27 11:24:15,26.863421,75.8333,15.8,Samsung,SM-A525F,eSAKSHI Mobile App
EV-DEMO-00132,MPLADS-DEMO-000066,COMPLETION_PHOTO,Geo-tagged Asset Verification Photograph - Village-52,MPLADS-DEMO-000066_verification_stage.jpg,image/jpeg,313953,d273623a57bc713e465cc57fdcab128cbea7458fa38faaadd90ce26eabafed42,27e0cad56994ef90,2023-09-26 15:42:10,26.863393,75.8333,14.3,Samsung,SM-A525F,eSAKSHI Mobile App
EV-DEMO-00133,MPLADS-DEMO-000067,PROGRESS_PHOTO,Site Inspection Photograph - Construction Stage - Village-183,MPLADS-DEMO-000067_progress_stage.jpg,image/jpeg,229775,a96e428e6557321817880c0d1bf66e5bc764b2f0af1e279631f29c6fcda3aa6d,5abf980c7e6bd113,2023-05-28 11:24:15,20.48962,85.909013,13.8,OnePlus,Nord CE 2,eSAKSHI Mobile App
EV-DEMO-00134,MPLADS-DEMO-000067,SITE_IMAGE,Geo-tagged Asset Verification Photograph - Village-183,MPLADS-DEMO-000067_verification_stage.jpg,image/jpeg,372796,ccd0246012c511929378a23c92123e30af43bb5b2f55c8ff23a867431694786f,85ebc2847bef34fb,2023-07-30 15:42:10,20.489882,85.909215,24.8,OnePlus,Nord CE 2,eSAKSHI Mobile App
EV-DEMO-00135,MPLADS-DEMO-000068,PROGRESS_PHOTO,Site Inspection Photograph - Construction Stage - Village-95,MPLADS-DEMO-000068_progress_stage.jpg,image/jpeg,384401,57ad5a9a13b01fcc1f258ad388c1d0b7a57a733967cbc6c9a2de060b09e6b62b,5fa32973ab66a5ec,2023-09-12 11:24:15,24.581078,73.775336,10.4,Vivo,Vivo V23 5G,eSAKSHI Mobile App
EV-DEMO-00136,MPLADS-DEMO-000068,COMPLETION_PHOTO,Geo-tagged Asset Verification Photograph - Village-95,MPLADS-DEMO-000068_verification_stage.jpg,image/jpeg,428094,7148d1fe441e865f4bec731190a34ab6b26e61058fb58dece844c31c526ec935,6dc8e7fa93622339,2023-11-12 15:42:10,24.581159,73.775007,28.8,Vivo,Vivo V23 5G,eSAKSHI Mobile App
EV-DEMO-00137,MPLADS-DEMO-000069,PROGRESS_PHOTO,Site Inspection Photograph - Construction Stage - Village-116,MPLADS-DEMO-000069_progress_stage.jpg,image/jpeg,411959,0941d5859049e5bf1188b0298abb1141cf46f1e450d42ed580cf9f3dec65d9ce,2e7cca2112869db2,2024-01-31 11:24:15,18.515884,73.858783,20.1,Xiaomi,Redmi Note 11,eSAKSHI Mobile App
EV-DEMO-00138,MPLADS-DEMO-000069,COMPLETION_PHOTO,Geo-tagged Asset Verification Photograph - Village-116,MPLADS-DEMO-000069_verification_stage.jpg,image/jpeg,378481,918c3c8a2d6fbd91be261927cfdafc3cf0ec3b625f011609b7eb9b69a42d9d18,61c461dc31850b2b,2024-03-12 15:42:10,18.516073,73.858939,12.9,Xiaomi,Redmi Note 11,eSAKSHI Mobile App
EV-DEMO-00139,MPLADS-DEMO-000070,PROGRESS_PHOTO,Site Inspection Photograph - Construction Stage - Village-42,MPLADS-DEMO-000070_progress_stage.jpg,image/jpeg,188943,1cd996b3138f259cd547271b0e4150b2f3b1614d95b90d5c4902c8a9618c9f3f,f59dfd410062f861,2023-08-20 11:24:15,18.497175,73.883901,19.1,Samsung,SM-A525F,eSAKSHI Mobile App
EV-DEMO-00140,MPLADS-DEMO-000070,SITE_IMAGE,Geo-tagged Asset Verification Photograph - Village-42,MPLADS-DEMO-000070_verification_stage.jpg,image/jpeg,397317,6b03a04584697ea70e0c2312737dda22980ce22a0840fb784f7e4ccc9ec31940,df276662c586fbcc,2023-12-03 15:42:10,18.49738,73.884082,18.2,Samsung,SM-A525F,eSAKSHI Mobile App
EV-DEMO-00141,MPLADS-DEMO-000071,PROGRESS_PHOTO,Site Inspection Photograph - Construction Stage - Village-158,MPLADS-DEMO-000071_progress_stage.jpg,image/jpeg,223636,540604986d3b8250cce1e08f26c545c2dba35a9e4dfc02373cd29c4289e21585,c7597597846f2469,2023-07-01 11:24:15,18.52483,73.857219,21.3,Samsung,SM-A525F,eSAKSHI Mobile App
EV-DEMO-00142,MPLADS-DEMO-000071,COMPLETION_PHOTO,Geo-tagged Asset Verification Photograph - Village-158,MPLADS-DEMO-000071_verification_stage.jpg,image/jpeg,350501,a2d303bcc27737c5cf24c080ecc7042214de0d19287b10c25922607b2e2a52b1,b16d6aef95248411,2023-11-13 15:42:10,18.524775,73.856943,10.0,Samsung,SM-A525F,eSAKSHI Mobile App
EV-DEMO-00143,MPLADS-DEMO-000072,PROGRESS_PHOTO,Site Inspection Photograph - Construction Stage - Village-68,MPLADS-DEMO-000072_progress_stage.jpg,image/jpeg,338601,376d3264cce1f07ae9770258bd1af9156e0f2c8a708437c7c7d28f61d3374dc8,2f15f3bee807f0bf,2024-06-24 11:24:15,11.683824,78.180607,17.3,Vivo,Vivo V23 5G,eSAKSHI Mobile App
EV-DEMO-00144,MPLADS-DEMO-000072,COMPLETION_PHOTO,Geo-tagged Asset Verification Photograph - Village-68,MPLADS-DEMO-000072_verification_stage.jpg,image/jpeg,476801,53e4f2356c569450cf2b3da3f84fc824ae85844afdcfb3059b1d51b44c3600f2,09082d4f72c1a41d,2024-11-06 15:42:10,11.683691,78.180882,34.4,Vivo,Vivo V23 5G,eSAKSHI Mobile App
EV-DEMO-00145,MPLADS-DEMO-000073,PROGRESS_PHOTO,Site Inspection Photograph - Construction Stage - Village-41,MPLADS-DEMO-000073_progress_stage.jpg,image/jpeg,371081,0905487400fd4b154d686f03bbf0963ba033cfaa62d36bfd93742dbec78c1920,c1e97f66ded77f2b,2024-06-10 11:24:15,21.162288,72.82915,12.1,Samsung,SM-A525F,eSAKSHI Mobile App
EV-DEMO-00146,MPLADS-DEMO-000073,COMPLETION_PHOTO,Geo-tagged Asset Verification Photograph - Village-41,MPLADS-DEMO-000073_verification_stage.jpg,image/jpeg,446921,6feb45c7799a063a8b5e64f3005f8d0017353d83cb677dbafbc29b545245037e,23cc438d222240ea,2024-10-15 15:42:10,21.162534,72.828946,23.4,Samsung,SM-A525F,eSAKSHI Mobile App
EV-DEMO-00147,MPLADS-DEMO-000074,PROGRESS_PHOTO,Site Inspection Photograph - Construction Stage - Village-82,MPLADS-DEMO-000074_progress_stage.jpg,image/jpeg,355394,aa0ad919269c8efd46dbde3df2b63667ef665a8488aa4ef4ce82bc3cd3ae1f9f,a47d1ea09af1002d,2023-08-21 11:24:15,12.262313,76.590376,11.0,Vivo,Vivo V23 5G,eSAKSHI Mobile App
EV-DEMO-00148,MPLADS-DEMO-000074,SITE_IMAGE,Geo-tagged Asset Verification Photograph - Village-82,MPLADS-DEMO-000074_verification_stage.jpg,image/jpeg,418861,b052cc08f674b17218eaee7248909d4e8e946099394f6d6449f2cf888ae9b0fd,b3f22c6e674be40d,2023-11-13 15:42:10,12.262075,76.590428,20.0,Vivo,Vivo V23 5G,eSAKSHI Mobile App
EV-DEMO-00149,MPLADS-DEMO-000075,PROGRESS_PHOTO,Site Inspection Photograph - Construction Stage - Village-81,MPLADS-DEMO-000075_progress_stage.jpg,image/jpeg,193258,e7ce8b9c80e5f05ca6b71aa8311ee9bab06b0188fe6b1d10492f97a8bde11f36,191d93ba12341a02,2023-12-06 11:24:15,19.339675,84.945704,1.2,Samsung,SM-A525F,eSAKSHI Mobile App
EV-DEMO-00150,MPLADS-DEMO-000075,COMPLETION_PHOTO,Geo-tagged Asset Verification Photograph - Village-81,MPLADS-DEMO-000075_verification_stage.jpg,image/jpeg,216606,22bdbb04e89cdbece803f027b07a729517480794bdac024fbd6e2a1ddac1738b,538cbbb4d2e5081b,2024-01-25 15:42:10,19.339385,84.945562,36.3,Samsung,SM-A525F,eSAKSHI Mobile App
EV-DEMO-00151,MPLADS-DEMO-000076,PROGRESS_PHOTO,Site Inspection Photograph - Construction Stage - Village-13,MPLADS-DEMO-000076_progress_stage.jpg,image/jpeg,321446,0aee0b5e51c4e877739c9e46fb629e9f7b66d127e72f56ef85fed68f76d06d77,68dcb4e0b4e20435,2023-03-14 11:24:15,25.259098,82.973161,11.0,Apple,iPhone 13,eSAKSHI Mobile App
EV-DEMO-00152,MPLADS-DEMO-000076,SITE_IMAGE,Geo-tagged Asset Verification Photograph - Village-13,MPLADS-DEMO-000076_verification_stage.jpg,image/jpeg,340361,4abf09f23e8f0ed488d58e36005dd5e7edcaeca3b697c81dad8d8f56d4fb960b,c19c728cfa477ce7,2023-05-24 15:42:10,25.259461,82.973533,44.0,Apple,iPhone 13,eSAKSHI Mobile App
EV-DEMO-00153,MPLADS-DEMO-000077,PROGRESS_PHOTO,Site Inspection Photograph - Construction Stage - Village-94,MPLADS-DEMO-000077_progress_stage.jpg,image/jpeg,390835,6e65a485f36edfcd99795f9c4b8937aa6bfd77a9973f8f05618b72406532bc42,7d92234bfe4d580a,2023-05-30 11:24:15,24.5263,73.654021,13.2,OnePlus,Nord CE 2,eSAKSHI Mobile App
EV-DEMO-00154,MPLADS-DEMO-000077,COMPLETION_PHOTO,Geo-tagged Asset Verification Photograph - Village-94,MPLADS-DEMO-000077_verification_stage.jpg,image/jpeg,410602,ea43145f3686e14f027e8f3205374da68e51eff45f2238bfeb71957b59bdf2ee,d289046d34012259,2023-08-17 15:42:10,24.525996,73.653975,36.4,OnePlus,Nord CE 2,eSAKSHI Mobile App
EV-DEMO-00155,MPLADS-DEMO-000078,PROGRESS_PHOTO,Site Inspection Photograph - Construction Stage - Village-33,MPLADS-DEMO-000078_progress_stage.jpg,image/jpeg,190461,b5fef89f49cc6dd689c49296e4cf420c4986fbac84d321494bddd519ad21d152,80b0b8af94b4f6c7,2023-05-19 11:24:15,11.747268,76.118302,15.8,Realme,Realme 9 Pro,eSAKSHI Mobile App
EV-DEMO-00156,MPLADS-DEMO-000078,COMPLETION_PHOTO,Geo-tagged Asset Verification Photograph - Village-33,MPLADS-DEMO-000078_verification_stage.jpg,image/jpeg,419369,c4a7b660ca9ba02b8e90f52c7b1168693278ff3f9dc70954fcae65790b7723d5,6ae857677cdf1daf,2023-08-02 15:42:10,11.747169,76.118456,27.1,Realme,Realme 9 Pro,eSAKSHI Mobile App
EV-DEMO-00157,MPLADS-DEMO-000079,PROGRESS_PHOTO,Site Inspection Photograph - Construction Stage - Village-122,MPLADS-DEMO-000079_progress_stage.jpg,image/jpeg,185515,ae422414dbf26ad1de2f50d6f2148d4acba2f7cc0eb6bcc5442570f5f95efb1a,7dabc5dc9c94a947,2023-08-22 11:24:15,18.522964,73.811139,9.9,Apple,iPhone 13,eSAKSHI Mobile App
EV-DEMO-00158,MPLADS-DEMO-000079,COMPLETION_PHOTO,Geo-tagged Asset Verification Photograph - Village-122,MPLADS-DEMO-000079_verification_stage.jpg,image/jpeg,289456,61957e5207046db59842cd0c2d8d5de6e4e61bc86e76461ba451c20e19188486,f1b5de5baf2b28a3,2023-12-22 15:42:10,18.52288,73.811086,4.5,Apple,iPhone 13,eSAKSHI Mobile App
EV-DEMO-00159,MPLADS-DEMO-000080,PROGRESS_PHOTO,Site Inspection Photograph - Construction Stage - Village-137,MPLADS-DEMO-000080_progress_stage.jpg,image/jpeg,203735,ff84735950324f8339659d673e6b84901e76a652a4702602dd589491a446c486,2bad9c8964ff4149,2024-02-19 11:24:15,12.294343,76.647659,17.5,Realme,Realme 9 Pro,eSAKSHI Mobile App
EV-DEMO-00160,MPLADS-DEMO-000080,COMPLETION_PHOTO,Geo-tagged Asset Verification Photograph - Village-137,MPLADS-DEMO-000080_verification_stage.jpg,image/jpeg,318342,edfed57dbe2364b2a3ae1350b833afd7588a4975c148df3b49581be39f1de7d7,811880da1f5e95f4,2024-05-12 15:42:10,12.294349,76.647542,15.1,Realme,Realme 9 Pro,eSAKSHI Mobile App
EV-DEMO-00161,MPLADS-DEMO-000081,PROGRESS_PHOTO,Site Inspection Photograph - Construction Stage - Village-148,MPLADS-DEMO-000081_progress_stage.jpg,image/jpeg,232451,c149ccbdc604f233810bc283ad0bc0f4cba6385450f8ad54836f0aaa45876681,3444132084a96a4d,2024-02-04 11:24:15,26.725118,83.314843,7.7,Xiaomi,Redmi Note 11,eSAKSHI Mobile App
EV-DEMO-00162,MPLADS-DEMO-000081,COMPLETION_PHOTO,Geo-tagged Asset Verification Photograph - Village-148,MPLADS-DEMO-000081_verification_stage.jpg,image/jpeg,455588,e8382e13eec7aabd9d2720c896222da03eb040dde6061234f16eba7402da30c2,b0ac5a8b0dbf8e69,2024-03-22 15:42:10,26.725441,83.314939,29.6,Xiaomi,Redmi Note 11,eSAKSHI Mobile App
EV-DEMO-00163,MPLADS-DEMO-000082,PROGRESS_PHOTO,Site Inspection Photograph - Construction Stage - Village-5,MPLADS-DEMO-000082_progress_stage.jpg,image/jpeg,312966,6b91022e0741a8262a989643f049a3b2e43885da14e232f31a7a917f4b13620f,9f0afd608a9a8bc2,2024-04-30 11:24:15,9.974075,76.289342,15.6,Vivo,Vivo V23 5G,eSAKSHI Mobile App
EV-DEMO-00164,MPLADS-DEMO-000082,COMPLETION_PHOTO,Geo-tagged Asset Verification Photograph - Village-5,MPLADS-DEMO-000082_verification_stage.jpg,image/jpeg,465528,5361a18cdd03f24f9754731a355bbc02256e7256c48fb697e83560d5a2f567a6,bdc6b7b11867de2c,2024-06-14 15:42:10,9.974092,76.289545,28.4,Vivo,Vivo V23 5G,eSAKSHI Mobile App
EV-DEMO-00165,MPLADS-DEMO-000083,PROGRESS_PHOTO,Site Inspection Photograph - Construction Stage - Village-135,MPLADS-DEMO-000083_progress_stage.jpg,image/jpeg,306607,e3b9cefe632a9d7467d2f1472bb630def953c434bae78ae2970e8963938f3c46,0fd0e3bb044ea4d1,2023-09-30 11:24:15,26.222975,73.083711,10.6,Samsung,SM-A525F,eSAKSHI Mobile App
EV-DEMO-00166,MPLADS-DEMO-000083,SITE_IMAGE,Geo-tagged Asset Verification Photograph - Village-135,MPLADS-DEMO-000083_verification_stage.jpg,image/jpeg,271595,a4a9241e1ea6059dd19ec6ea65f3a75d90133f6856026a8f78da8a706ddc9fa5,a1e5c1f52dc03942,2023-10-28 15:42:10,26.222945,73.083394,28.2,Samsung,SM-A525F,eSAKSHI Mobile App
EV-DEMO-00167,MPLADS-DEMO-000084,PROGRESS_PHOTO,Site Inspection Photograph - Construction Stage - Village-77,MPLADS-DEMO-000084_progress_stage.jpg,image/jpeg,369500,ce17e7b05a78611145b216361c86c35d44d6fe14733d8efd420c7f5c4d0f36ab,d219ae5f3a9487f6,2023-10-10 11:24:15,15.494199,75.034453,5.4,OnePlus,Nord CE 2,eSAKSHI Mobile App
EV-DEMO-00168,MPLADS-DEMO-000084,SITE_IMAGE,Geo-tagged Asset Verification Photograph - Village-77,MPLADS-DEMO-000084_verification_stage.jpg,image/jpeg,357926,b79ec8b1af3aea65f50b33d0d79e31aac8f0a0ef1ae42d40237b93abc0667fc7,1d68b6d8bedcfefc,2024-02-03 15:42:10,15.494269,75.034668,27.9,OnePlus,Nord CE 2,eSAKSHI Mobile App
EV-DEMO-00169,MPLADS-DEMO-000085,PROGRESS_PHOTO,Site Inspection Photograph - Construction Stage - Village-198,MPLADS-DEMO-000085_progress_stage.jpg,image/jpeg,418673,24f9e11d56d0cdb5d71dd0fc5e51df6de5f510c24f4515729a9b84639c880a5b,8510ccca416a4001,2024-07-03 11:24:15,22.759037,75.830531,19.6,Xiaomi,Redmi Note 11,eSAKSHI Mobile App
EV-DEMO-00170,MPLADS-DEMO-000085,SITE_IMAGE,Geo-tagged Asset Verification Photograph - Village-198,MPLADS-DEMO-000085_verification_stage.jpg,image/jpeg,260461,53c33f7076d47f85099d42d4bccd773aa86bdc3f3aa819de17c7a5d6a7041894,58512321c99322a5,2024-09-09 15:42:10,22.759386,75.830386,22.0,Xiaomi,Redmi Note 11,eSAKSHI Mobile App
EV-DEMO-00171,MPLADS-DEMO-000086,PROGRESS_PHOTO,Site Inspection Photograph - Construction Stage - Village-144,MPLADS-DEMO-000086_progress_stage.jpg,image/jpeg,192332,267fd4e460092a34d5ad5746c5e5af10fbad5115d4027c880807cdad1edecdea,cdef5cd0c8143451,2023-04-27 11:24:15,18.464012,79.08158,12.1,Vivo,Vivo V23 5G,eSAKSHI Mobile App
EV-DEMO-00172,MPLADS-DEMO-000086,SITE_IMAGE,Geo-tagged Asset Verification Photograph - Village-144,MPLADS-DEMO-000086_verification_stage.jpg,image/jpeg,307764,ab24126ebf248e83e91a0a9c374f618de438d7f2780ade37940c77585972fcd2,318933b35a3ebdda,2023-06-30 15:42:10,18.4639,79.081585,23.3,Vivo,Vivo V23 5G,eSAKSHI Mobile App
EV-DEMO-00173,MPLADS-DEMO-000087,PROGRESS_PHOTO,Site Inspection Photograph - Construction Stage - Village-175,MPLADS-DEMO-000087_progress_stage.jpg,image/jpeg,188479,033aee1c37af781be993ecfcf81b73a6637b0402392b6a4e44a1a28bd3e0cdd6,7cb497fc52f9f809,2024-02-19 11:24:15,10.016645,76.235636,18.5,Apple,iPhone 13,eSAKSHI Mobile App
EV-DEMO-00174,MPLADS-DEMO-000087,COMPLETION_PHOTO,Geo-tagged Asset Verification Photograph - Village-175,MPLADS-DEMO-000087_verification_stage.jpg,image/jpeg,293326,617302db3f8ec7fb3f0e6ab61c3586735c831ae8482a441d5cc8c460ab5076f6,0133567ccdd9b281,2024-05-14 15:42:10,10.017097,76.235753,38.4,Apple,iPhone 13,eSAKSHI Mobile App
EV-DEMO-00175,MPLADS-DEMO-000088,PROGRESS_PHOTO,Site Inspection Photograph - Construction Stage - Village-167,MPLADS-DEMO-000088_progress_stage.jpg,image/jpeg,303308,2094b7ce32e69aef9ffbbe9c40342bbf7aac0edbdd172a1c098e82d8a2d08e69,3c11764a71a752b1,2024-06-10 11:24:15,11.673862,78.15061,9.4,Xiaomi,Redmi Note 11,eSAKSHI Mobile App
EV-DEMO-00176,MPLADS-DEMO-000088,SITE_IMAGE,Geo-tagged Asset Verification Photograph - Village-167,MPLADS-DEMO-000088_verification_stage.jpg,image/jpeg,352940,3f25ebe2e220fd99883f108aa9914c7a9423cd5400edcbbb1fe229d60b7db919,0e38c53a079a5d61,2024-10-28 15:42:10,11.673641,78.150556,32.9,Xiaomi,Redmi Note 11,eSAKSHI Mobile App
EV-DEMO-00177,MPLADS-DEMO-000089,PROGRESS_PHOTO,Site Inspection Photograph - Construction Stage - Village-48,MPLADS-DEMO-000089_progress_stage.jpg,image/jpeg,363035,8cc7699fcd289fbb1df703d64c905035e14c109bef1d6281562064f170c3f2cc,377ff64ff7c45fab,2024-01-20 11:24:15,18.49527,79.188869,9.9,Vivo,Vivo V23 5G,eSAKSHI Mobile App
EV-DEMO-00178,MPLADS-DEMO-000089,COMPLETION_PHOTO,Geo-tagged Asset Verification Photograph - Village-48,MPLADS-DEMO-000089_verification_stage.jpg,image/jpeg,282135,6268275479cf7662f956c08fd8699a6b6df9a390042ff789982f4a17d358714a,1cd835baf2d8e14e,2024-05-10 15:42:10,18.495093,79.188896,29.6,Vivo,Vivo V23 5G,eSAKSHI Mobile App
EV-DEMO-00179,MPLADS-DEMO-000090,PROGRESS_PHOTO,Site Inspection Photograph - Construction Stage - Village-70,MPLADS-DEMO-000090_progress_stage.jpg,image/jpeg,255831,0e9e9c3f6ccc182af80dbc149d7341380187330e46778fa9b84c44995422a56e,db4453b0e6c8cbc7,2024-03-09 11:24:15,20.422397,85.832744,21.4,Apple,iPhone 13,eSAKSHI Mobile App
EV-DEMO-00180,MPLADS-DEMO-000090,COMPLETION_PHOTO,Geo-tagged Asset Verification Photograph - Village-70,MPLADS-DEMO-000090_verification_stage.jpg,image/jpeg,387711,37e4aca267b3eebd172398310484099c769d905f647ec667a239d955a56acd19,147b711724ece660,2024-06-09 15:42:10,20.422713,85.832838,26.1,Apple,iPhone 13,eSAKSHI Mobile App
EV-DEMO-00181,MPLADS-DEMO-000091,PROGRESS_PHOTO,Site Inspection Photograph - Construction Stage - Village-157,MPLADS-DEMO-000091_progress_stage.jpg,image/jpeg,387794,b64cd721d9d52df84f95473f23897c31a15d5cd94df338751d5d06a58cc81e67,b2e33b0594b89bc9,2023-12-01 11:24:15,18.01523,79.645684,4.8,Apple,iPhone 13,eSAKSHI Mobile App
EV-DEMO-00182,MPLADS-DEMO-000091,COMPLETION_PHOTO,Geo-tagged Asset Verification Photograph - Village-157,MPLADS-DEMO-000091_verification_stage.jpg,image/jpeg,279347,fbdcd7e1b2e63562174be66cac4b3296930937d3075f1b94eee2fcda7ea688b5,5a7f41e073ba96af,2024-03-12 15:42:10,18.015381,79.646015,37.5,Apple,iPhone 13,eSAKSHI Mobile App
EV-DEMO-00183,MPLADS-DEMO-000092,PROGRESS_PHOTO,Site Inspection Photograph - Construction Stage - Village-61,MPLADS-DEMO-000092_progress_stage.jpg,image/jpeg,331052,5be819afec6e8cb9e414a7465755a2dd7a94cb48f3638d947acbd543c44c10b2,175bb9bd1ba23dd1,2023-11-27 11:24:15,22.296875,70.77199,14.0,Realme,Realme 9 Pro,eSAKSHI Mobile App
EV-DEMO-00184,MPLADS-DEMO-000092,COMPLETION_PHOTO,Geo-tagged Asset Verification Photograph - Village-61,MPLADS-DEMO-000092_verification_stage.jpg,image/jpeg,217135,10ac4a58d5a8bfcbd544b23a4a83571f6d3d6ba40a61114aba1a7dd111b046da,01ff2f1c46a28e7d,2024-02-27 15:42:10,22.29723,70.771827,29.5,Realme,Realme 9 Pro,eSAKSHI Mobile App
EV-DEMO-00185,MPLADS-DEMO-000093,PROGRESS_PHOTO,Site Inspection Photograph - Construction Stage - Village-104,MPLADS-DEMO-000093_progress_stage.jpg,image/jpeg,184310,4e2f8628c92bd62e7a5f5fcdba0379779a538da2b88372de837035b2d259f9ee,d897843de675127e,2023-12-10 11:24:15,23.205519,80.041418,19.1,Xiaomi,Redmi Note 11,eSAKSHI Mobile App
EV-DEMO-00186,MPLADS-DEMO-000093,COMPLETION_PHOTO,Geo-tagged Asset Verification Photograph - Village-104,MPLADS-DEMO-000093_verification_stage.jpg,image/jpeg,445103,978f5baa38f4d255f1d74b89197731f2b275a4054440fb07455730a14a92fae3,a9346ef357a0f337,2024-01-26 15:42:10,23.205614,80.041592,21.0,Xiaomi,Redmi Note 11,eSAKSHI Mobile App
EV-DEMO-00187,MPLADS-DEMO-000094,PROGRESS_PHOTO,Site Inspection Photograph - Construction Stage - Village-107,MPLADS-DEMO-000094_progress_stage.jpg,image/jpeg,192692,54a71ba7134df9bb0e31490d5750f1d44d7d7d351ac67a0f6a4a75841ec6db67,d2818b5e59eab33c,2023-11-29 11:24:15,18.546815,73.910371,18.1,Samsung,SM-A525F,eSAKSHI Mobile App
EV-DEMO-00188,MPLADS-DEMO-000094,COMPLETION_PHOTO,Geo-tagged Asset Verification Photograph - Village-107,MPLADS-DEMO-000094_verification_stage.jpg,image/jpeg,333996,f5b7d6fd43a42de9ab23651d9b432f0d2c09c95a4bdde996e430ecd445453b7d,b4fbdaaeca276a14,2024-02-21 15:42:10,18.546909,73.910095,40.3,Samsung,SM-A525F,eSAKSHI Mobile App
EV-DEMO-00189,MPLADS-DEMO-000095,PROGRESS_PHOTO,Site Inspection Photograph - Construction Stage - Village-16,MPLADS-DEMO-000095_progress_stage.jpg,image/jpeg,182192,944cdb2e08c5be89aefc7c72b57512eb28d48ae7fd41797877e4b3f1205dd3d2,d1f0ff5f7bc2433c,2023-12-11 11:24:15,21.212899,72.883449,5.4,Samsung,SM-A525F,eSAKSHI Mobile App
EV-DEMO-00190,MPLADS-DEMO-000095,COMPLETION_PHOTO,Geo-tagged Asset Verification Photograph - Village-16,MPLADS-DEMO-000095_verification_stage.jpg,image/jpeg,255995,4cf435a82dee2568e4b0ccb52ac28c79b418150816318172458095ffa3ab2406,2b26e11b131826a7,2024-02-26 15:42:10,21.212667,72.883614,33.7,Samsung,SM-A525F,eSAKSHI Mobile App
EV-DEMO-00191,MPLADS-DEMO-000096,PROGRESS_PHOTO,Site Inspection Photograph - Construction Stage - Village-117,MPLADS-DEMO-000096_progress_stage.jpg,image/jpeg,343537,dfde12a69893f5a800a42ea3c8d6ab04e9d8f94ae17b82ed6a08a8a9fb272545,870d6712c2594e31,2023-12-26 11:24:15,23.133625,79.97554,14.2,Apple,iPhone 13,eSAKSHI Mobile App
EV-DEMO-00192,MPLADS-DEMO-000096,COMPLETION_PHOTO,Geo-tagged Asset Verification Photograph - Village-117,MPLADS-DEMO-000096_verification_stage.jpg,image/jpeg,323432,6be4e906110c4dfc7c890552ecc2a54e9ec18225590da271f814691918fec03c,d523c6ba5f92f5cb,2024-03-19 15:42:10,23.133706,79.975112,30.5,Apple,iPhone 13,eSAKSHI Mobile App
EV-DEMO-00193,MPLADS-DEMO-000097,PROGRESS_PHOTO,Site Inspection Photograph - Construction Stage - Village-109,MPLADS-DEMO-000097_progress_stage.jpg,image/jpeg,195388,4a3450fbad96b6fb881fb33fa2f911fd338d33482b34c918fa6245ac8cf34311,763a1cce8fd1a660,2023-11-18 11:24:15,10.996626,76.899284,21.7,OnePlus,Nord CE 2,eSAKSHI Mobile App
EV-DEMO-00194,MPLADS-DEMO-000097,COMPLETION_PHOTO,Geo-tagged Asset Verification Photograph - Village-109,MPLADS-DEMO-000097_verification_stage.jpg,image/jpeg,285058,afd81940398c15e036892dc38d9a045651d26b7c73eca94cd63d77eee9be8809,9a439881d09cbb51,2024-04-22 15:42:10,10.996733,76.899172,18.4,OnePlus,Nord CE 2,eSAKSHI Mobile App
EV-DEMO-00195,MPLADS-DEMO-000098,PROGRESS_PHOTO,Site Inspection Photograph - Construction Stage - Village-166,MPLADS-DEMO-000098_progress_stage.jpg,image/jpeg,221439,7d9c181541d2caa11cc1bdbf5f2394475d7a734749aa7c9f9cc2c5679c05c818,654b10529873ea63,2023-11-24 11:24:15,18.029001,79.577685,23.5,Vivo,Vivo V23 5G,eSAKSHI Mobile App
EV-DEMO-00196,MPLADS-DEMO-000098,COMPLETION_PHOTO,Geo-tagged Asset Verification Photograph - Village-166,MPLADS-DEMO-000098_verification_stage.jpg,image/jpeg,404525,8c64dd0b1a7efd33674c0387d44bd4499c1821ed800763e43e590000c7e5d306,81e96521a63f0ac3,2024-04-07 15:42:10,18.029012,79.578046,34.5,Vivo,Vivo V23 5G,eSAKSHI Mobile App
EV-DEMO-00197,MPLADS-DEMO-000099,PROGRESS_PHOTO,Site Inspection Photograph - Construction Stage - Village-31,MPLADS-DEMO-000099_progress_stage.jpg,image/jpeg,404780,4bfa17ef9ebdf0626fe801ddbca7d458946067be6e35d8e6bb7a0ac880923993,03ed464b8a355af2,2024-05-14 11:24:15,18.47868,73.861491,10.3,OnePlus,Nord CE 2,eSAKSHI Mobile App
EV-DEMO-00198,MPLADS-DEMO-000099,COMPLETION_PHOTO,Geo-tagged Asset Verification Photograph - Village-31,MPLADS-DEMO-000099_verification_stage.jpg,image/jpeg,415742,bd9ed4b71e76a8a2aebb71a33c44713ca67c3b4ebf3d0fb53dba0bd00bcb61a4,928a1a030d9001eb,2024-06-23 15:42:10,18.478647,73.861739,21.2,OnePlus,Nord CE 2,eSAKSHI Mobile App
EV-DEMO-00199,MPLADS-DEMO-000100,PROGRESS_PHOTO,Site Inspection Photograph - Construction Stage - Village-59,MPLADS-DEMO-000100_progress_stage.jpg,image/jpeg,191271,dc7b0403c3b79b7abae44fe3666977ee5a5d22f6f3c1f85d1bd98977bd4b48f0,be892ffd58207dd1,2024-03-20 11:24:15,15.426126,74.987814,5.6,Samsung,SM-A525F,eSAKSHI Mobile App
EV-DEMO-00200,MPLADS-DEMO-000100,COMPLETION_PHOTO,Geo-tagged Asset Verification Photograph - Village-59,MPLADS-DEMO-000100_verification_stage.jpg,image/jpeg,468472,28ba48196996b5144e11a52d8d11fc239b691b4663d8b25be57c5b706f7b4173,e6cd1c580bad0d02,2024-05-28 15:42:10,15.426295,74.987779,24.4,Samsung,SM-A525F,eSAKSHI Mobile App
EV-DEMO-00201,MPLADS-DEMO-000101,PROGRESS_PHOTO,Site Inspection Photograph - Construction Stage - Village-26,MPLADS-DEMO-000101_progress_stage.jpg,image/jpeg,345193,be71366cb56393fbb3c26efbb753f1140d97d3bff710cc2717db07a34cc6ae35,b6dffce8112d9d11,2024-04-11 11:24:15,26.858842,80.939362,14.7,Vivo,Vivo V23 5G,eSAKSHI Mobile App
EV-DEMO-00202,MPLADS-DEMO-000101,COMPLETION_PHOTO,Geo-tagged Asset Verification Photograph - Village-26,MPLADS-DEMO-000101_verification_stage.jpg,image/jpeg,359857,5511fee5710844537fea351c929547f89bf88f5466aebbda995858a37c74dcac,62b2bbd1c38dbe31,2024-07-08 15:42:10,26.859184,80.938963,40.6,Vivo,Vivo V23 5G,eSAKSHI Mobile App
EV-DEMO-00203,MPLADS-DEMO-000102,PROGRESS_PHOTO,Site Inspection Photograph - Construction Stage - Village-60,MPLADS-DEMO-000102_progress_stage.jpg,image/jpeg,254793,ae1621b22845895150266f2f1d26a8bd5f396d0275b259bb6cd9ae8abb55fff1,0ad757b6173beda4,2024-06-01 11:24:15,18.561637,73.88671,22.5,Apple,iPhone 13,eSAKSHI Mobile App
EV-DEMO-00204,MPLADS-DEMO-000102,COMPLETION_PHOTO,Geo-tagged Asset Verification Photograph - Village-60,MPLADS-DEMO-000102_verification_stage.jpg,image/jpeg,218540,57c1c4573b883382ea87dc78300a1b3e3e3dfef26140a6cf547486d426a1b306,dc36af0e659ba9df,2024-08-02 15:42:10,18.561287,73.886551,31.8,Apple,iPhone 13,eSAKSHI Mobile App
EV-DEMO-00205,MPLADS-DEMO-000103,PROGRESS_PHOTO,Site Inspection Photograph - Construction Stage - Village-71,MPLADS-DEMO-000103_progress_stage.jpg,image/jpeg,282049,8c86ed0f0e8c50f3968cbb57c410241588289f4be5f553039278fe8b6a827ce7,7b5568426f35f0bb,2023-12-01 11:24:15,26.789472,81.004527,17.0,Apple,iPhone 13,eSAKSHI Mobile App
EV-DEMO-00206,MPLADS-DEMO-000103,COMPLETION_PHOTO,Geo-tagged Asset Verification Photograph - Village-71,MPLADS-DEMO-000103_verification_stage.jpg,image/jpeg,358579,b85564552dd9e4ab3cbe05bd95c521aea37df016c65918bc592cbdc4a33935ea,142f8ea30236beb7,2024-02-03 15:42:10,26.789702,81.004526,8.9,Apple,iPhone 13,eSAKSHI Mobile App
EV-DEMO-00207,MPLADS-DEMO-000104,PROGRESS_PHOTO,Site Inspection Photograph - Construction Stage - Village-39,MPLADS-DEMO-000104_progress_stage.jpg,image/jpeg,407267,ad085ed3ea937510f952895a9da512534c6ab63972ddb3ca0af0dbc596c998c1,a8b58dcf8187afc1,2023-08-15 11:24:15,9.955545,76.258766,6.2,Vivo,Vivo V23 5G,eSAKSHI Mobile App
EV-DEMO-00208,MPLADS-DEMO-000104,COMPLETION_PHOTO,Geo-tagged Asset Verification Photograph - Village-39,MPLADS-DEMO-000104_verification_stage.jpg,image/jpeg,288332,ce668547c5de24df074262013e094886c4a8a9b1dc0b2a2fab84e5f95303096d,868df8de4770a1e8,2023-10-09 15:42:10,9.955644,76.258915,13.8,Vivo,Vivo V23 5G,eSAKSHI Mobile App
EV-DEMO-00209,MPLADS-DEMO-000105,PROGRESS_PHOTO,Site Inspection Photograph - Construction Stage - Village-100,MPLADS-DEMO-000105_progress_stage.jpg,image/jpeg,363346,83446802ad8c2eed06ae1904ce71278d50881897080959379e1655f897159752,a83e395b8e9a0d48,2023-05-14 11:24:15,15.425519,74.969055,19.9,Samsung,SM-A525F,eSAKSHI Mobile App
EV-DEMO-00210,MPLADS-DEMO-000105,SITE_IMAGE,Geo-tagged Asset Verification Photograph - Village-100,MPLADS-DEMO-000105_verification_stage.jpg,image/jpeg,424113,76fe7afdafef54b3c1060b00a0b9291dd3e72953407be88440951454e06b0854,01cfe9d7627bffe1,2023-07-29 15:42:10,15.4254,74.969075,18.8,Samsung,SM-A525F,eSAKSHI Mobile App
EV-DEMO-00211,MPLADS-DEMO-000106,PROGRESS_PHOTO,Site Inspection Photograph - Construction Stage - Village-49,MPLADS-DEMO-000106_progress_stage.jpg,image/jpeg,290901,5ba37ace148a5d77d11e59861685236d937abfd1f4189fccd2d4e1d7ba7a8d57,5b7c85bf909d05d8,2024-06-19 11:24:15,9.964941,78.13111,17.3,Samsung,SM-A525F,eSAKSHI Mobile App
EV-DEMO-00212,MPLADS-DEMO-000106,COMPLETION_PHOTO,Geo-tagged Asset Verification Photograph - Village-49,MPLADS-DEMO-000106_verification_stage.jpg,image/jpeg,290878,81d9a0200b765f215161a2b5854d7bf556ed27f22952b754a752a8372f77eeec,9bfd200f65717c5f,2024-07-21 15:42:10,9.964774,78.131064,13.8,Samsung,SM-A525F,eSAKSHI Mobile App
EV-DEMO-00213,MPLADS-DEMO-000107,PROGRESS_PHOTO,Site Inspection Photograph - Construction Stage - Village-63,MPLADS-DEMO-000107_progress_stage.jpg,image/jpeg,389656,08462c20d69cc60f15da9c4075dc71e709d77b93f3d8b6f2413e7911b84f63b8,6828c3dd26f30f0b,2024-04-28 11:24:15,11.284037,75.806769,25.3,Realme,Realme 9 Pro,eSAKSHI Mobile App
EV-DEMO-00214,MPLADS-DEMO-000107,COMPLETION_PHOTO,Geo-tagged Asset Verification Photograph - Village-63,MPLADS-DEMO-000107_verification_stage.jpg,image/jpeg,247227,88e8dbe8197a76c7a0dfcdd63398e349882e1214a2b56794c1c824c86f9ec5df,ba824d79846cb045,2024-06-05 15:42:10,11.284151,75.806809,12.5,Realme,Realme 9 Pro,eSAKSHI Mobile App
EV-DEMO-00215,MPLADS-DEMO-000108,PROGRESS_PHOTO,Site Inspection Photograph - Construction Stage - Village-120,MPLADS-DEMO-000108_progress_stage.jpg,image/jpeg,240397,c62d45723ecbfa11537281c58067dec7fc16adfe62aeeec0e9a7e95c85b69148,a1a6e4dc0b46adec,2023-07-02 11:24:15,24.533291,73.774898,19.2,Vivo,Vivo V23 5G,eSAKSHI Mobile App
EV-DEMO-00216,MPLADS-DEMO-000108,COMPLETION_PHOTO,Geo-tagged Asset Verification Photograph - Village-120,MPLADS-DEMO-000108_verification_stage.jpg,image/jpeg,431857,87c7f8cf6d37f35ceb47ed587950804159baff67a62582c02c4e033e3a9eec39,352be67cdbd76923,2023-11-08 15:42:10,24.533355,73.775342,31.3,Vivo,Vivo V23 5G,eSAKSHI Mobile App
EV-DEMO-00217,MPLADS-DEMO-000109,PROGRESS_PHOTO,Site Inspection Photograph - Construction Stage - Village-142,MPLADS-DEMO-000109_progress_stage.jpg,image/jpeg,318034,ee07fc6fb45bfd6f2da1b6af8cf2d4f455b2ae9c361d8d0ba0f7a3a1653af1c2,496090bdf5d7e2fd,2023-07-10 11:24:15,18.576845,73.866811,20.5,Realme,Realme 9 Pro,eSAKSHI Mobile App
EV-DEMO-00218,MPLADS-DEMO-000109,COMPLETION_PHOTO,Geo-tagged Asset Verification Photograph - Village-142,MPLADS-DEMO-000109_verification_stage.jpg,image/jpeg,303974,e6fe87bb42ef303319f283d888def0e8c774d06fbfb023734881449f008d4485,2fc13e734ce48c7d,2023-10-23 15:42:10,18.576962,73.866913,9.3,Realme,Realme 9 Pro,eSAKSHI Mobile App
EV-DEMO-00219,MPLADS-DEMO-000110,PROGRESS_PHOTO,Site Inspection Photograph - Construction Stage - Village-126,MPLADS-DEMO-000110_progress_stage.jpg,image/jpeg,265563,d4fe4c8519cf479ee5b99142f36931d9f88c236c6e10a251da79577257f804ab,a32ea7fbb2bec49f,2023-11-20 11:24:15,11.253538,75.810558,21.9,Vivo,Vivo V23 5G,eSAKSHI Mobile App
EV-DEMO-00220,MPLADS-DEMO-000110,COMPLETION_PHOTO,Geo-tagged Asset Verification Photograph - Village-126,MPLADS-DEMO-000110_verification_stage.jpg,image/jpeg,406805,610d8465c16272b950faf09982c6514eaa128fd70deea187eb5f1ecd27cb3804,c39f64bfbf5c8eed,2024-02-03 15:42:10,11.253673,75.810519,15.9,Vivo,Vivo V23 5G,eSAKSHI Mobile App
EV-DEMO-00221,MPLADS-DEMO-000111,PROGRESS_PHOTO,Site Inspection Photograph - Construction Stage - Village-172,MPLADS-DEMO-000111_progress_stage.jpg,image/jpeg,263853,d52cf946c9b44f5ed6689b86f3df4436e360cca8752e4466ce3270cfbecb867c,6ce38d733ed6ff1a,2023-02-17 11:24:15,18.379793,79.064702,14.8,Vivo,Vivo V23 5G,eSAKSHI Mobile App
EV-DEMO-00222,MPLADS-DEMO-000111,SITE_IMAGE,Geo-tagged Asset Verification Photograph - Village-172,MPLADS-DEMO-000111_verification_stage.jpg,image/jpeg,238528,8c293a809bbdc213988822357311dce42220489e98af9429017a9ab278186f40,1b9f3e14c7608387,2023-06-17 15:42:10,18.38017,79.064881,39.5,Vivo,Vivo V23 5G,eSAKSHI Mobile App
EV-DEMO-00223,MPLADS-DEMO-000112,PROGRESS_PHOTO,Site Inspection Photograph - Construction Stage - Village-171,MPLADS-DEMO-000112_progress_stage.jpg,image/jpeg,200958,eeb07ea3715d51ff45f613fcd29492935070ab8e0395026154050cacbadd202d,5b9fff555504a5dd,2023-02-23 11:24:15,23.078756,72.625231,24.4,Vivo,Vivo V23 5G,eSAKSHI Mobile App
EV-DEMO-00224,MPLADS-DEMO-000112,SITE_IMAGE,Geo-tagged Asset Verification Photograph - Village-171,MPLADS-DEMO-000112_verification_stage.jpg,image/jpeg,418593,f1dac52c23c7db75e974e7398933c2c5f396d7b87c51b0e98a820e6ac14c011f,d80de48610541d3f,2023-06-26 15:42:10,23.078993,72.625073,9.7,Vivo,Vivo V23 5G,eSAKSHI Mobile App
EV-DEMO-00225,MPLADS-DEMO-000113,PROGRESS_PHOTO,Site Inspection Photograph - Construction Stage - Village-129,MPLADS-DEMO-000113_progress_stage.jpg,image/jpeg,236310,96d1f9bdf6ebe28d4a9f1b92a10cc685ae417c9bc127bd14e243a7c32fbd3a88,e6b53b4cb3362773,2023-02-13 11:24:15,15.499749,75.030386,16.0,Realme,Realme 9 Pro,eSAKSHI Mobile App
EV-DEMO-00226,MPLADS-DEMO-000113,SITE_IMAGE,Geo-tagged Asset Verification Photograph - Village-129,MPLADS-DEMO-000113_verification_stage.jpg,image/jpeg,333234,d3ca1e6e11ca32744e0430ef602627788de5632e24952f1539900009a6913395,0827cb5e7beac345,2023-05-14 15:42:10,15.499508,75.030655,27.2,Realme,Realme 9 Pro,eSAKSHI Mobile App
EV-DEMO-00227,MPLADS-DEMO-000114,PROGRESS_PHOTO,Site Inspection Photograph - Construction Stage - Village-96,MPLADS-DEMO-000114_progress_stage.jpg,image/jpeg,344417,520c60f2107eabdb74ddf4f8ab6c6f5fa00a4e0c72605371b99121a3f543fc3d,e8c2bf7e6628ac93,2023-02-14 11:24:15,18.732294,78.088768,9.5,Xiaomi,Redmi Note 11,eSAKSHI Mobile App
EV-DEMO-00228,MPLADS-DEMO-000114,SITE_IMAGE,Geo-tagged Asset Verification Photograph - Village-96,MPLADS-DEMO-000114_verification_stage.jpg,image/jpeg,213625,1ee0ad5e0aec3eda95ff0265a7f3b418ee60e4f1fe47c62730670faa124a9431,c1677ccdeb6c1acc,2023-06-14 15:42:10,18.732245,78.088708,7.7,Xiaomi,Redmi Note 11,eSAKSHI Mobile App
EV-DEMO-00229,MPLADS-DEMO-000115,PROGRESS_PHOTO,Site Inspection Photograph - Construction Stage - Village-164,MPLADS-DEMO-000115_progress_stage.jpg,image/jpeg,243671,9e4da51c459f017ee0eba9ac6c6d0365960850a793bbacc6cf26750fd2f76170,23aa7533875fd5a9,2023-03-09 11:24:15,15.395116,74.965189,11.8,Vivo,Vivo V23 5G,eSAKSHI Mobile App
EV-DEMO-00230,MPLADS-DEMO-000115,SITE_IMAGE,Geo-tagged Asset Verification Photograph - Village-164,MPLADS-DEMO-000115_verification_stage.jpg,image/jpeg,256505,3e1158a01f735c9ccd7f442eadff7fa8599c40b6cc27d62a11d5eb1429b813a5,296d7e83b47a99c9,2023-06-24 15:42:10,15.395245,74.965289,25.9,Vivo,Vivo V23 5G,eSAKSHI Mobile App
EV-DEMO-00231,MPLADS-DEMO-000116,PROGRESS_PHOTO,Site Inspection Photograph - Construction Stage - Village-70,MPLADS-DEMO-000116_progress_stage.jpg,image/jpeg,348398,60baddff82d1c07610ebd4eb173709ebad26fe5b2a94f33a7d9063a046d46122,05944e9cdac12538,2023-02-10 11:24:15,20.403451,85.827467,23.5,OnePlus,Nord CE 2,eSAKSHI Mobile App
EV-DEMO-00232,MPLADS-DEMO-000116,SITE_IMAGE,Geo-tagged Asset Verification Photograph - Village-70,MPLADS-DEMO-000116_verification_stage.jpg,image/jpeg,398681,49215d30eb0a986431c9e2a9afd86288f2b8aaba3c7ced152840fcf5150f7a9d,1f8120c447f0e17e,2023-04-02 15:42:10,20.403591,85.827463,21.5,OnePlus,Nord CE 2,eSAKSHI Mobile App
EV-DEMO-00233,MPLADS-DEMO-000117,PROGRESS_PHOTO,Site Inspection Photograph - Construction Stage - Village-102,MPLADS-DEMO-000117_progress_stage.jpg,image/jpeg,394271,90ff1d06a4dca837104b8b403ed1ad95aa76745fea35e7bed2265060e10ab689,cd6e5c0baeb6ce87,2023-02-25 11:24:15,18.576051,73.830482,17.4,Realme,Realme 9 Pro,eSAKSHI Mobile App
EV-DEMO-00234,MPLADS-DEMO-000117,SITE_IMAGE,Geo-tagged Asset Verification Photograph - Village-102,MPLADS-DEMO-000117_verification_stage.jpg,image/jpeg,461164,5321c2bb195680fd43082942abe9fa020cbd3f2f89ea4d20549a30e7dea03307,43c7520f5783b05f,2023-04-08 15:42:10,18.576268,73.830668,14.3,Realme,Realme 9 Pro,eSAKSHI Mobile App
EV-DEMO-00235,MPLADS-DEMO-000118,PROGRESS_PHOTO,Site Inspection Photograph - Construction Stage - Village-89,MPLADS-DEMO-000118_progress_stage.jpg,image/jpeg,405604,31c8a38224883e4e86a2aa8941e40b0f32f0f2a3e351f88c584798e79cff9ade,b99db98358c913cb,2023-03-09 11:24:15,21.112034,72.822947,16.6,Xiaomi,Redmi Note 11,eSAKSHI Mobile App
EV-DEMO-00236,MPLADS-DEMO-000118,SITE_IMAGE,Geo-tagged Asset Verification Photograph - Village-89,MPLADS-DEMO-000118_verification_stage.jpg,image/jpeg,279925,ba63e8006c76ccf736e7dab4690c4e484a035206ca8247323a354aeb952d622e,5ee1073bac59d6dd,2023-05-11 15:42:10,21.112054,72.822645,31.9,Xiaomi,Redmi Note 11,eSAKSHI Mobile App
EV-DEMO-00237,MPLADS-DEMO-000119,PROGRESS_PHOTO,Site Inspection Photograph - Construction Stage - Village-142,MPLADS-DEMO-000119_progress_stage.jpg,image/jpeg,390736,fb19f22746eee89d1f7886e2f61245f8c9e8473e7016f6b5a80c874b7482ffd7,7eb7aa5d9f5ddbf2,2023-02-09 11:24:15,13.121954,77.559066,18.0,Vivo,Vivo V23 5G,eSAKSHI Mobile App
EV-DEMO-00238,MPLADS-DEMO-000119,SITE_IMAGE,Geo-tagged Asset Verification Photograph - Village-142,MPLADS-DEMO-000119_verification_stage.jpg,image/jpeg,307953,93ba12b0352e38ea8acb80dd71418bc7e969a6f4827e6426759fa438921742f3,5f022d65cbbdc47d,2023-05-18 15:42:10,13.121775,77.559156,24.8,Vivo,Vivo V23 5G,eSAKSHI Mobile App
EV-DEMO-00239,MPLADS-DEMO-000120,PROGRESS_PHOTO,Site Inspection Photograph - Construction Stage - Village-40,MPLADS-DEMO-000120_progress_stage.jpg,image/jpeg,343040,bd4321d7ac11ad7ac9eccecee8bc65cc3ffcda513ad6508a24ace5003e8c1f2f,3108781d1e644773,2023-02-04 11:24:15,22.750731,75.834035,17.3,Vivo,Vivo V23 5G,eSAKSHI Mobile App
EV-DEMO-00240,MPLADS-DEMO-000120,SITE_IMAGE,Geo-tagged Asset Verification Photograph - Village-40,MPLADS-DEMO-000120_verification_stage.jpg,image/jpeg,387286,f77d9e1512211519ce5c16368fe44d1bf2a6fd0ee506af50c3a544952e170093,9dcc9e88dd29c0f4,2023-06-19 15:42:10,22.750551,75.834001,26.5,Vivo,Vivo V23 5G,eSAKSHI Mobile App
EV-DEMO-00241,MPLADS-DEMO-000121,PROGRESS_PHOTO,Site Inspection Photograph - Construction Stage - Village-27,MPLADS-DEMO-000121_progress_stage.jpg,image/jpeg,227804,e5cc3a7dc0a4b4f331b69012a9922854259b0ba1f3cf6065f2316d086a483497,88a43616b02b0cd8,2024-06-02 11:24:15,23.198133,77.393504,22.8,Apple,iPhone 13,eSAKSHI Mobile App
EV-DEMO-00242,MPLADS-DEMO-000121,COMPLETION_PHOTO,Geo-tagged Asset Verification Photograph - Village-27,MPLADS-DEMO-000121_verification_stage.jpg,image/jpeg,210069,ed9e06569438ebfb8c104f17c4ce2ef1a08af3dd470b2e821f91ab63569d62e4,0706b39b55d9e4b8,2024-07-20 15:42:10,23.198359,77.39346,16.0,Apple,iPhone 13,eSAKSHI Mobile App
EV-DEMO-00243,MPLADS-DEMO-000122,PROGRESS_PHOTO,Site Inspection Photograph - Construction Stage - Village-147,MPLADS-DEMO-000122_progress_stage.jpg,image/jpeg,389289,5ed56ea0ac7998258e3fcc72f5c055e62cfee0ae128c4f821c7213f443238b4a,e5303537fa5dcfb4,2023-11-28 11:24:15,20.465291,85.906982,12.5,Samsung,SM-A525F,eSAKSHI Mobile App
EV-DEMO-00244,MPLADS-DEMO-000122,SITE_IMAGE,Geo-tagged Asset Verification Photograph - Village-147,MPLADS-DEMO-000122_verification_stage.jpg,image/jpeg,321368,27d0ed90615b7504f88680d233a91f6b24030d4e7fe6d14187766ac63b3f9316,c0655831f2396945,2024-01-17 15:42:10,20.465254,85.906967,13.0,Samsung,SM-A525F,eSAKSHI Mobile App
EV-DEMO-00245,MPLADS-DEMO-000123,PROGRESS_PHOTO,Site Inspection Photograph - Construction Stage - Village-93,MPLADS-DEMO-000123_progress_stage.jpg,image/jpeg,317696,df467755967ddda11ab0a97b3aa418fb19467675a6361f65687669e198618f69,498d83332035bce5,2023-05-17 11:24:15,26.880185,75.754399,8.2,Vivo,Vivo V23 5G,eSAKSHI Mobile App
EV-DEMO-00246,MPLADS-DEMO-000123,SITE_IMAGE,Geo-tagged Asset Verification Photograph - Village-93,MPLADS-DEMO-000123_verification_stage.jpg,image/jpeg,463373,cd7fe92ce51f1dd1f4b7a250d0677a76378fd8ce348f5cb550c58834ff3c3256,0f6da0d8ed54c5d8,2023-06-29 15:42:10,26.880355,75.754062,39.2,Vivo,Vivo V23 5G,eSAKSHI Mobile App
EV-DEMO-00247,MPLADS-DEMO-000124,PROGRESS_PHOTO,Site Inspection Photograph - Construction Stage - Village-85,MPLADS-DEMO-000124_progress_stage.jpg,image/jpeg,250445,7e8d0a0872f81eccd57049ae66969f24f531e9e2588fcd203846e7e4a8611d45,5688867975502818,2023-08-28 11:24:15,18.430974,79.119711,17.7,Vivo,Vivo V23 5G,eSAKSHI Mobile App
EV-DEMO-00248,MPLADS-DEMO-000124,COMPLETION_PHOTO,Geo-tagged Asset Verification Photograph - Village-85,MPLADS-DEMO-000124_verification_stage.jpg,image/jpeg,240187,8b72840245d43515b76a614720576521a633b1b543c78c45686b0bc26bb5c4b0,6a7b4732d636b6ce,2023-12-29 15:42:10,18.430734,79.120018,27.2,Vivo,Vivo V23 5G,eSAKSHI Mobile App
EV-DEMO-00249,MPLADS-DEMO-000125,PROGRESS_PHOTO,Site Inspection Photograph - Construction Stage - Village-126,MPLADS-DEMO-000125_progress_stage.jpg,image/jpeg,343141,cfad9fcab5d46e3ad046c66153be6df603e8eec5c4c4bc6e6d287d7a8b83f037,9532f707456606fe,2023-10-15 11:24:15,11.319584,75.817133,8.7,Realme,Realme 9 Pro,eSAKSHI Mobile App
EV-DEMO-00250,MPLADS-DEMO-000125,COMPLETION_PHOTO,Geo-tagged Asset Verification Photograph - Village-126,MPLADS-DEMO-000125_verification_stage.jpg,image/jpeg,275177,847e7db81b7bd5aad3228b9e0964dad4e41dcd558ed96211483b7c89886054fe,66de04ac6336e3b2,2023-11-27 15:42:10,11.31943,75.817333,36.1,Realme,Realme 9 Pro,eSAKSHI Mobile App
EV-DEMO-00251,MPLADS-DEMO-000126,PROGRESS_PHOTO,Site Inspection Photograph - Construction Stage - Village-7,MPLADS-DEMO-000126_progress_stage.jpg,image/jpeg,254539,7556b6ebd929cde06618ce268b97f8aa679db956004d357e89fbf0eace7bdbc7,a8ff882971dd7a2e,2024-04-17 11:24:15,20.056478,73.784768,10.7,Samsung,SM-A525F,eSAKSHI Mobile App
EV-DEMO-00252,MPLADS-DEMO-000126,COMPLETION_PHOTO,Geo-tagged Asset Verification Photograph - Village-7,MPLADS-DEMO-000126_verification_stage.jpg,image/jpeg,436752,7c7b3868d0055e86fa7c46121f808e108d3043e5857f25f398df2f058d6e7e39,9f3440a6c6e4c428,2024-07-12 15:42:10,20.056219,73.784604,28.9,Samsung,SM-A525F,eSAKSHI Mobile App
EV-DEMO-00253,MPLADS-DEMO-000127,PROGRESS_PHOTO,Site Inspection Photograph - Construction Stage - Village-184,MPLADS-DEMO-000127_progress_stage.jpg,image/jpeg,302536,3166ca0d6a26e11a75a1b1e64e5bf959872920a14263255b82099accab54055a,883cc64089c70845,2023-10-11 11:24:15,26.836872,80.930206,18.3,Apple,iPhone 13,eSAKSHI Mobile App
EV-DEMO-00254,MPLADS-DEMO-000127,SITE_IMAGE,Geo-tagged Asset Verification Photograph - Village-184,MPLADS-DEMO-000127_verification_stage.jpg,image/jpeg,427143,dccf8bf78b3ef339048df4ce1820fd7b4fe47f2c46e9854161b371668a2538a8,8040c0a15ff32385,2024-01-24 15:42:10,26.836538,80.930473,32.2,Apple,iPhone 13,eSAKSHI Mobile App
EV-DEMO-00255,MPLADS-DEMO-000128,PROGRESS_PHOTO,Site Inspection Photograph - Construction Stage - Village-153,MPLADS-DEMO-000128_progress_stage.jpg,image/jpeg,284444,1f237ec9d27809609aaeff47894f32301cf6360fb562b64b86cb687670f3e602,530c7f500e280585,2023-06-12 11:24:15,20.480543,85.828862,21.3,Apple,iPhone 13,eSAKSHI Mobile App
EV-DEMO-00256,MPLADS-DEMO-000128,COMPLETION_PHOTO,Geo-tagged Asset Verification Photograph - Village-153,MPLADS-DEMO-000128_verification_stage.jpg,image/jpeg,224825,1aff1fe11cbbb62ebef8c58e319d7b2f1205fcd83ff95ee39a5aafedad4eb4f1,4f72fd3f7d254db8,2023-08-25 15:42:10,20.48072,85.829186,32.0,Apple,iPhone 13,eSAKSHI Mobile App
EV-DEMO-00257,MPLADS-DEMO-000129,PROGRESS_PHOTO,Site Inspection Photograph - Construction Stage - Village-57,MPLADS-DEMO-000129_progress_stage.jpg,image/jpeg,242400,b56e683321ba0f2c911417cbf54ee91952e47d532b8f82b9b55d1184306982d6,694ab6e3512b1c52,2023-09-17 11:24:15,22.305171,70.804589,14.2,Realme,Realme 9 Pro,eSAKSHI Mobile App
EV-DEMO-00258,MPLADS-DEMO-000129,COMPLETION_PHOTO,Geo-tagged Asset Verification Photograph - Village-57,MPLADS-DEMO-000129_verification_stage.jpg,image/jpeg,374202,18e1694c7c3a1d84f7b0642930dc500d734e39def72ebba63abcab95b7617418,dc557607a756203f,2023-12-29 15:42:10,22.305467,70.804545,22.4,Realme,Realme 9 Pro,eSAKSHI Mobile App
EV-DEMO-00259,MPLADS-DEMO-000130,PROGRESS_PHOTO,Site Inspection Photograph - Construction Stage - Village-76,MPLADS-DEMO-000130_progress_stage.jpg,image/jpeg,345196,269164d7620cd356d40d9236d4e11ff4806a01538b90d66516475abaa8b04904,cdd2268d0a20cc9d,2023-10-07 11:24:15,22.292978,70.862147,8.0,Xiaomi,Redmi Note 11,eSAKSHI Mobile App
EV-DEMO-00260,MPLADS-DEMO-000130,COMPLETION_PHOTO,Geo-tagged Asset Verification Photograph - Village-76,MPLADS-DEMO-000130_verification_stage.jpg,image/jpeg,457944,a13023421ec586991a62336caf2a7a79de0b2b5d666b66eba843846c076931de,124e3a1e35ee8983,2023-11-28 15:42:10,22.292728,70.862419,34.1,Xiaomi,Redmi Note 11,eSAKSHI Mobile App
EV-DEMO-00261,MPLADS-DEMO-000131,PROGRESS_PHOTO,Site Inspection Photograph - Construction Stage - Village-113,MPLADS-DEMO-000131_progress_stage.jpg,image/jpeg,310038,de974bf0e4a4a4b195d1a23888065587e26d757276d32d1032cc207503de44c0,fc90219a6ef21901,2023-05-02 11:24:15,24.61435,73.706171,18.0,Apple,iPhone 13,eSAKSHI Mobile App
EV-DEMO-00262,MPLADS-DEMO-000131,COMPLETION_PHOTO,Geo-tagged Asset Verification Photograph - Village-113,MPLADS-DEMO-000131_verification_stage.jpg,image/jpeg,437713,8fbccb029ac12fa2d4564262512f5375b74e5b6eeb6db90f021ccd65f24c9ddd,c175d65e502da0cf,2023-07-11 15:42:10,24.61397,73.706407,33.4,Apple,iPhone 13,eSAKSHI Mobile App
EV-DEMO-00263,MPLADS-DEMO-000132,PROGRESS_PHOTO,Site Inspection Photograph - Construction Stage - Village-85,MPLADS-DEMO-000132_progress_stage.jpg,image/jpeg,290165,168a0caa50dd4b2a26b153668c4c0132fa16adbcc4f268118dc704ed5b7d6c3f,e319a09dbdfb65ce,2023-07-08 11:24:15,12.303583,76.698971,3.2,Realme,Realme 9 Pro,eSAKSHI Mobile App
EV-DEMO-00264,MPLADS-DEMO-000132,SITE_IMAGE,Geo-tagged Asset Verification Photograph - Village-85,MPLADS-DEMO-000132_verification_stage.jpg,image/jpeg,435286,2d29457b6b32d70c5897292541d979deb1dbe2cb1ae07d8f55855df369721385,c610d98e9f34360a,2023-08-26 15:42:10,12.303503,76.699256,29.1,Realme,Realme 9 Pro,eSAKSHI Mobile App
EV-DEMO-00265,MPLADS-DEMO-000133,PROGRESS_PHOTO,Site Inspection Photograph - Construction Stage - Village-100,MPLADS-DEMO-000133_progress_stage.jpg,image/jpeg,286125,bb5d55ab8b699ebbfa405ccdc40670a4e6b57acf44e9de12130fbc2774fc082a,6469a387cf2f4e88,2023-03-23 11:24:15,23.117216,79.949221,18.5,Xiaomi,Redmi Note 11,eSAKSHI Mobile App
EV-DEMO-00266,MPLADS-DEMO-000133,SITE_IMAGE,Geo-tagged Asset Verification Photograph - Village-100,MPLADS-DEMO-000133_verification_stage.jpg,image/jpeg,397081,b505e08f91eea2245f6ebc3bb096f48d97abf11d372a26bfddc7563421ffd5c8,11de567df74fb43d,2023-06-10 15:42:10,23.117262,79.94942,22.6,Xiaomi,Redmi Note 11,eSAKSHI Mobile App
EV-DEMO-00267,MPLADS-DEMO-000134,PROGRESS_PHOTO,Site Inspection Photograph - Construction Stage - Village-172,MPLADS-DEMO-000134_progress_stage.jpg,image/jpeg,287904,e1776f04a4cb862305f888cf092c8fef372e077877c8c6fe80bb21c58be83f70,059a0204329b6da6,2024-01-11 11:24:15,23.228796,79.990121,20.9,Apple,iPhone 13,eSAKSHI Mobile App
EV-DEMO-00268,MPLADS-DEMO-000134,COMPLETION_PHOTO,Geo-tagged Asset Verification Photograph - Village-172,MPLADS-DEMO-000134_verification_stage.jpg,image/jpeg,350124,d071dabd4c336b4fc11f241955c8db60f39330ad319d85435174934d5e1a02a5,e4633f2cc15ff6c2,2024-05-13 15:42:10,23.228386,79.990047,28.9,Apple,iPhone 13,eSAKSHI Mobile App
EV-DEMO-00269,MPLADS-DEMO-000135,PROGRESS_PHOTO,Site Inspection Photograph - Construction Stage - Village-77,MPLADS-DEMO-000135_progress_stage.jpg,image/jpeg,207390,1afcd6799194b2067c539c74422eef612228c9295e6bf5c421b3ee96fac74492,06becbc90a3585dd,2023-09-02 11:24:15,18.493023,79.140556,3.6,Vivo,Vivo V23 5G,eSAKSHI Mobile App
EV-DEMO-00270,MPLADS-DEMO-000135,COMPLETION_PHOTO,Geo-tagged Asset Verification Photograph - Village-77,MPLADS-DEMO-000135_verification_stage.jpg,image/jpeg,463967,e75f78f6393cdea8ef9a99164a09b554a6c726f4e37516a154c444499ad1a343,2decea18d8cded08,2023-11-24 15:42:10,18.493284,79.140811,41.6,Vivo,Vivo V23 5G,eSAKSHI Mobile App
EV-DEMO-00271,MPLADS-DEMO-000136,PROGRESS_PHOTO,Site Inspection Photograph - Construction Stage - Village-148,MPLADS-DEMO-000136_progress_stage.jpg,image/jpeg,400755,11f04b1b5398a931d73b7c2122f65af9b93a3f52659350b6c22ffdcd89df9559,a7aa57687bcb2de3,2024-07-20 11:24:15,23.244917,77.371831,17.2,Apple,iPhone 13,eSAKSHI Mobile App
EV-DEMO-00272,MPLADS-DEMO-000136,SITE_IMAGE,Geo-tagged Asset Verification Photograph - Village-148,MPLADS-DEMO-000136_verification_stage.jpg,image/jpeg,475334,69c134f72d16bff44d7f8cb5afd8d829169fcb85954c5870915bf44576a531f8,7a128a26fa9627d8,2024-10-23 15:42:10,23.244956,77.371603,24.4,Apple,iPhone 13,eSAKSHI Mobile App
EV-DEMO-00273,MPLADS-DEMO-000137,PROGRESS_PHOTO,Site Inspection Photograph - Construction Stage - Village-159,MPLADS-DEMO-000137_progress_stage.jpg,image/jpeg,262573,e19ceee782d1fb28016809187458c6b09bd54770c7701b78d5f0498e3b1670e4,aa684ab4312ad555,2023-09-30 11:24:15,19.939505,73.771523,6.4,Realme,Realme 9 Pro,eSAKSHI Mobile App
EV-DEMO-00274,MPLADS-DEMO-000137,COMPLETION_PHOTO,Geo-tagged Asset Verification Photograph - Village-159,MPLADS-DEMO-000137_verification_stage.jpg,image/jpeg,318809,b40375ed6e7b14123ce62a7374317fd3c82330baccd9cc9b79e7777c2d7ac1a0,7579cc8d24fcf17a,2024-03-05 15:42:10,19.939357,73.771695,26.2,Realme,Realme 9 Pro,eSAKSHI Mobile App
EV-DEMO-00275,MPLADS-DEMO-000138,PROGRESS_PHOTO,Site Inspection Photograph - Construction Stage - Village-145,MPLADS-DEMO-000138_progress_stage.jpg,image/jpeg,236748,fb6a1c793064e14ed03a06f8fc96b6c10765c8890a9f93a5aa56f8a3efa26de9,d0d251aec2780733,2023-08-15 11:24:15,13.003622,77.601712,12.5,Xiaomi,Redmi Note 11,eSAKSHI Mobile App
EV-DEMO-00276,MPLADS-DEMO-000138,COMPLETION_PHOTO,Geo-tagged Asset Verification Photograph - Village-145,MPLADS-DEMO-000138_verification_stage.jpg,image/jpeg,344878,6994dfa34934b78e9f61cedd58a36a7b6560e0e2a1ece973cc888885cbc43b9f,11e09d5c5f78b7e7,2023-09-29 15:42:10,13.003291,77.60157,30.5,Xiaomi,Redmi Note 11,eSAKSHI Mobile App
EV-DEMO-00277,MPLADS-DEMO-000139,PROGRESS_PHOTO,Site Inspection Photograph - Construction Stage - Village-69,MPLADS-DEMO-000139_progress_stage.jpg,image/jpeg,323668,fecf05003b9f0491fb2a4dc0e5c585c3ba374f532c63c5fffd8c05819925a986,16d31981e6c3abcc,2024-04-11 11:24:15,21.181417,79.13009,21.7,Realme,Realme 9 Pro,eSAKSHI Mobile App
EV-DEMO-00278,MPLADS-DEMO-000139,SITE_IMAGE,Geo-tagged Asset Verification Photograph - Village-69,MPLADS-DEMO-000139_verification_stage.jpg,image/jpeg,249127,48631a26cbd5dcba69f7321d66c552405d97c1ac9093b2d0d78a2573c81701ac,4b24d1e8e8275436,2024-08-12 15:42:10,21.181687,79.130455,27.3,Realme,Realme 9 Pro,eSAKSHI Mobile App
EV-DEMO-00279,MPLADS-DEMO-000140,PROGRESS_PHOTO,Site Inspection Photograph - Construction Stage - Village-193,MPLADS-DEMO-000140_progress_stage.jpg,image/jpeg,268980,cc88da8cc1a45fa62dad57a60856e2cd02d9d3372c4ac67d85001eb2685235d2,5aeb9d786912c6e3,2024-04-17 11:24:15,11.225911,75.82904,12.0,Apple,iPhone 13,eSAKSHI Mobile App
EV-DEMO-00280,MPLADS-DEMO-000140,COMPLETION_PHOTO,Geo-tagged Asset Verification Photograph - Village-193,MPLADS-DEMO-000140_verification_stage.jpg,image/jpeg,248395,c71a0d1ce6cf55ac1a14e927d626980f0d1ed87885b77ea8fda07c644c83dcfa,728c3e914f40fc12,2024-07-04 15:42:10,11.22583,75.828827,36.5,Apple,iPhone 13,eSAKSHI Mobile App
EV-DEMO-00281,MPLADS-DEMO-000141,PROGRESS_PHOTO,Site Inspection Photograph - Construction Stage - Village-177,MPLADS-DEMO-000141_progress_stage.jpg,image/jpeg,409553,bb44f91c322033b3ebf8f01696f0d9d1f9646b9038abfabcdb4d5b1aeecd65d6,4e7623f20514ecdc,2024-05-15 11:24:15,18.653062,78.121595,10.5,Xiaomi,Redmi Note 11,eSAKSHI Mobile App
EV-DEMO-00282,MPLADS-DEMO-000141,COMPLETION_PHOTO,Geo-tagged Asset Verification Photograph - Village-177,MPLADS-DEMO-000141_verification_stage.jpg,image/jpeg,369480,a490fbaf9665af0d9418dfed3134ab3df30371ab35dba0ed098abd413755233b,0a0b644dabf5a916,2024-06-16 15:42:10,18.652864,78.121314,31.0,Xiaomi,Redmi Note 11,eSAKSHI Mobile App
EV-DEMO-00283,MPLADS-DEMO-000142,PROGRESS_PHOTO,Site Inspection Photograph - Construction Stage - Village-44,MPLADS-DEMO-000142_progress_stage.jpg,image/jpeg,346979,d53be2101e73ed8de9a81056fc5a3e51178d21349d25e004f3ab37b77762781c,05539b6eb991e83b,2023-11-28 11:24:15,26.737544,83.399883,21.3,Realme,Realme 9 Pro,eSAKSHI Mobile App
EV-DEMO-00284,MPLADS-DEMO-000142,COMPLETION_PHOTO,Geo-tagged Asset Verification Photograph - Village-44,MPLADS-DEMO-000142_verification_stage.jpg,image/jpeg,474249,d7b9a3c414ffaf2143b85af5f03ed277f7ddc118264349123657d7c528c487a1,d230caa408671098,2024-01-23 15:42:10,26.73758,83.399856,16.6,Realme,Realme 9 Pro,eSAKSHI Mobile App
EV-DEMO-00285,MPLADS-DEMO-000143,PROGRESS_PHOTO,Site Inspection Photograph - Construction Stage - Village-180,MPLADS-DEMO-000143_progress_stage.jpg,image/jpeg,311383,098a28c1e4fc7d285d03fffb4a73a922988f4550add1fcd5af4233d156e835b9,483c5c0f94afce23,2024-03-21 11:24:15,20.228316,85.588663,19.4,Apple,iPhone 13,eSAKSHI Mobile App
EV-DEMO-00286,MPLADS-DEMO-000143,SITE_IMAGE,Geo-tagged Asset Verification Photograph - Village-180,MPLADS-DEMO-000143_verification_stage.jpg,image/jpeg,317494,c601c77e091dd8178853a260929040f5d41c8401c60cccef3a0e8a5a0668e722,128cd6b77de742db,2024-06-20 15:42:10,20.228275,85.588937,37.7,Apple,iPhone 13,eSAKSHI Mobile App
EV-DEMO-00287,MPLADS-DEMO-000144,PROGRESS_PHOTO,Site Inspection Photograph - Construction Stage - Village-116,MPLADS-DEMO-000144_progress_stage.jpg,image/jpeg,195154,dd09a9e7d9b3ced582b6522dd636a9f80364a9a3133ad511a52fd781be78b71a,0665baec8e5592bf,2024-03-30 11:24:15,11.609174,78.184358,9.1,Realme,Realme 9 Pro,eSAKSHI Mobile App
EV-DEMO-00288,MPLADS-DEMO-000144,COMPLETION_PHOTO,Geo-tagged Asset Verification Photograph - Village-116,MPLADS-DEMO-000144_verification_stage.jpg,image/jpeg,362108,fa016b575e205055c9117253a6a0acb353498f430e444b7dd3a3dc2cbeb773f1,db7fb108ef57bc65,2024-06-02 15:42:10,11.609211,78.184582,32.7,Realme,Realme 9 Pro,eSAKSHI Mobile App
EV-DEMO-00289,MPLADS-DEMO-000145,PROGRESS_PHOTO,Site Inspection Photograph - Construction Stage - Village-24,MPLADS-DEMO-000145_progress_stage.jpg,image/jpeg,200194,586e1bc851397d2c9eb2629bc5487b8fbf1700c178e7b76b75b5505d21997889,c0380474d973eafd,2024-05-14 11:24:15,20.21093,85.615752,4.9,Samsung,SM-A525F,eSAKSHI Mobile App
EV-DEMO-00290,MPLADS-DEMO-000145,COMPLETION_PHOTO,Geo-tagged Asset Verification Photograph - Village-24,MPLADS-DEMO-000145_verification_stage.jpg,image/jpeg,404027,7ff95ffeab0b6e7adf82c23530ef4f635e4f9b2a8b42e6a15c380a009f400ca7,f133030e8aee2619,2024-09-15 15:42:10,20.210741,85.615932,24.4,Samsung,SM-A525F,eSAKSHI Mobile App
EV-DEMO-00291,MPLADS-DEMO-000146,PROGRESS_PHOTO,Site Inspection Photograph - Construction Stage - Village-87,MPLADS-DEMO-000146_progress_stage.jpg,image/jpeg,337144,5ee37452d7bd4494e3f976a5691a01d04b570dd569aead1a70986c4a70c6563c,79037096a88f5c51,2024-03-31 11:24:15,26.245037,72.976469,19.2,Realme,Realme 9 Pro,eSAKSHI Mobile App
EV-DEMO-00292,MPLADS-DEMO-000146,SITE_IMAGE,Geo-tagged Asset Verification Photograph - Village-87,MPLADS-DEMO-000146_verification_stage.jpg,image/jpeg,415214,ed8c3a07411ca676b0259038c4570e7adabbeb218ce0eceb88006f27a090a12e,250dce99c49c42eb,2024-07-13 15:42:10,26.245333,72.976558,42.1,Realme,Realme 9 Pro,eSAKSHI Mobile App
EV-DEMO-00293,MPLADS-DEMO-000147,PROGRESS_PHOTO,Site Inspection Photograph - Construction Stage - Village-113,MPLADS-DEMO-000147_progress_stage.jpg,image/jpeg,296345,bc38911859443abcf3d87bd704c9ccae2fe9901a84eb5b53b524bd901134a6cd,783aca387a429f45,2023-06-22 11:24:15,21.140077,79.15211,8.3,Samsung,SM-A525F,eSAKSHI Mobile App
EV-DEMO-00294,MPLADS-DEMO-000147,COMPLETION_PHOTO,Geo-tagged Asset Verification Photograph - Village-113,MPLADS-DEMO-000147_verification_stage.jpg,image/jpeg,412805,c1ab520dcc84dbf7e05481bbcba4f9aef4260eb25832be5be6fb2b74a8b8ef3a,089372ac2d12c4f0,2023-09-21 15:42:10,21.140009,79.152304,23.0,Samsung,SM-A525F,eSAKSHI Mobile App
EV-DEMO-00295,MPLADS-DEMO-000148,PROGRESS_PHOTO,Site Inspection Photograph - Construction Stage - Village-96,MPLADS-DEMO-000148_progress_stage.jpg,image/jpeg,404478,b734f9f5e4ddc170d7210d51dd40397708db15f66fdec9be1b13310f9675342e,d4fa8f26dcb1b4fa,2024-04-03 11:24:15,24.606803,73.732046,19.1,Xiaomi,Redmi Note 11,eSAKSHI Mobile App
EV-DEMO-00296,MPLADS-DEMO-000148,COMPLETION_PHOTO,Geo-tagged Asset Verification Photograph - Village-96,MPLADS-DEMO-000148_verification_stage.jpg,image/jpeg,315555,3ca2b8adde2e6046b4a7f77b7a2e90002e4e0e1fe8b10e8cf83d87d1a56a4122,f1ce6cd712b4547c,2024-07-03 15:42:10,24.607001,73.731825,24.1,Xiaomi,Redmi Note 11,eSAKSHI Mobile App
EV-DEMO-00297,MPLADS-DEMO-000149,PROGRESS_PHOTO,Site Inspection Photograph - Construction Stage - Village-152,MPLADS-DEMO-000149_progress_stage.jpg,image/jpeg,330452,842406f3b7c4579705b850a4a7a3e2bccbde46294c1152e9e30adec5abab5b44,5e2a1b13868301c0,2023-05-19 11:24:15,13.028725,77.591215,20.1,Realme,Realme 9 Pro,eSAKSHI Mobile App
EV-DEMO-00298,MPLADS-DEMO-000149,COMPLETION_PHOTO,Geo-tagged Asset Verification Photograph - Village-152,MPLADS-DEMO-000149_verification_stage.jpg,image/jpeg,279420,75b71f7cc6ec33a3289ccfeed6ef9d49d8a3fb8ea0d080e058675a7f1c54c481,8df9b96d34affc7a,2023-07-24 15:42:10,13.028855,77.591129,9.3,Realme,Realme 9 Pro,eSAKSHI Mobile App
EV-DEMO-00299,MPLADS-DEMO-000150,PROGRESS_PHOTO,Site Inspection Photograph - Construction Stage - Village-27,MPLADS-DEMO-000150_progress_stage.jpg,image/jpeg,263533,a0c1cf99dc0c12d5a974a83e5e96572e3b48b476e9a45656f653a0ca6ac3b853,97630d105d3450a3,2024-05-19 11:24:15,11.234503,75.829872,7.2,Samsung,SM-A525F,eSAKSHI Mobile App
EV-DEMO-00300,MPLADS-DEMO-000150,SITE_IMAGE,Geo-tagged Asset Verification Photograph - Village-27,MPLADS-DEMO-000150_verification_stage.jpg,image/jpeg,355638,5645cba7c3948e9c5781a08f7ca0ae9e2f05a67a5e7c1100bd6d4adab27838c2,5b3f9d6f99029742,2024-10-08 15:42:10,11.234506,75.829933,3.4,Samsung,SM-A525F,eSAKSHI Mobile App
EV-DEMO-00301,MPLADS-DEMO-000151,PROGRESS_PHOTO,Site Inspection Photograph - Construction Stage - Village-Ward-10,MPLADS-DEMO-000151_progress_stage.jpg,image/jpeg,284489,33e33f8d80e881eaa04a480645d12044f74587014e134f849fa6ab4bd84a7564,a04459fe661380f3,2023-11-10 11:24:15,9.90592,78.082506,7.4,Vivo,Vivo V23 5G,eSAKSHI Mobile App
EV-DEMO-00302,MPLADS-DEMO-000151,COMPLETION_PHOTO,Geo-tagged Asset Verification Photograph - Village-Ward-10,MPLADS-DEMO-000151_verification_stage.jpg,image/jpeg,468753,c5880fafee4618a7b8ea60d8477ea56d3bdb2fabc273dfb21885c7f272e1d738,8eb7ae2ff7179bf4,2024-01-14 15:42:10,9.905751,78.082652,20.5,Vivo,Vivo V23 5G,eSAKSHI Mobile App
EV-DEMO-00303,MPLADS-DEMO-000152,PROGRESS_PHOTO,Site Inspection Photograph - Construction Stage - Village-Ward-10,MPLADS-DEMO-000152_progress_stage.jpg,image/jpeg,303275,1005bf8cb0a4194476f6e0cf9d0ef29c40f07a045cdba57df243988e9a17bb0c,3d7c9ec7081ab44d,2023-07-14 11:24:15,9.90623,78.082416,26.1,Vivo,Vivo V23 5G,eSAKSHI Mobile App
EV-DEMO-00304,MPLADS-DEMO-000152,COMPLETION_PHOTO,Geo-tagged Asset Verification Photograph - Village-Ward-10,MPLADS-DEMO-000152_verification_stage.jpg,image/jpeg,412592,f1021af93ac9252eeae478f49a451144d0747224ba01388cb6e120fabfbb8f0a,350daad92245d358,2023-10-26 15:42:10,9.905899,78.082251,35.7,Vivo,Vivo V23 5G,eSAKSHI Mobile App
EV-DEMO-00305,MPLADS-DEMO-000153,PROGRESS_PHOTO,Site Inspection Photograph - Construction Stage - Village-Ward-11,MPLADS-DEMO-000153_progress_stage.jpg,image/jpeg,288770,214620461b6506dc888d75dcfc68da6800f6213ccb03c019ac53ba13ee2e9351,9323f6a62ebe4832,2023-11-27 11:24:15,9.911063,78.138917,14.5,OnePlus,Nord CE 2,eSAKSHI Mobile App
EV-DEMO-00306,MPLADS-DEMO-000153,COMPLETION_PHOTO,Geo-tagged Asset Verification Photograph - Village-Ward-11,MPLADS-DEMO-000153_verification_stage.jpg,image/jpeg,240141,46c9b9a7f689e8da5ed66cf2fd7fbeef4780f07268b1fafdb6670f27e0d90cf3,eaabef5c6e09ff05,2024-04-05 15:42:10,9.911147,78.138582,24.2,OnePlus,Nord CE 2,eSAKSHI Mobile App
EV-DEMO-00307,MPLADS-DEMO-000154,PROGRESS_PHOTO,Site Inspection Photograph - Construction Stage - Village-Ward-11,MPLADS-DEMO-000154_progress_stage.jpg,image/jpeg,265221,5c6b4564eecfed26b4f0687a9a9339a2f88f55277c6d7e4f6921a451c6d863ac,82be5d12a34268c7,2023-03-01 11:24:15,9.911274,78.138793,7.5,Vivo,Vivo V23 5G,eSAKSHI Mobile App
EV-DEMO-00308,MPLADS-DEMO-000154,SITE_IMAGE,Geo-tagged Asset Verification Photograph - Village-Ward-11,MPLADS-DEMO-000154_verification_stage.jpg,image/jpeg,368616,c6ee52cc82fc2deaa8b8e64a220f87d9b747823067173d2b771f0072c92c88a3,25ece01b2ff83173,2023-05-04 15:42:10,9.9111,78.139087,34.6,Vivo,Vivo V23 5G,eSAKSHI Mobile App
EV-DEMO-00309,MPLADS-DEMO-000155,PROGRESS_PHOTO,Site Inspection Photograph - Construction Stage - Village-Ward-12,MPLADS-DEMO-000155_progress_stage.jpg,image/jpeg,303813,8ced6f74249d0bccf2c9cfd9b46a642c418ea3fa869bba93e1404c04b8280201,4c168ced103e1e0f,2023-11-27 11:24:15,18.70025,78.128859,12.6,Vivo,Vivo V23 5G,eSAKSHI Mobile App
EV-DEMO-00310,MPLADS-DEMO-000155,SITE_IMAGE,Geo-tagged Asset Verification Photograph - Village-Ward-12,MPLADS-DEMO-000155_verification_stage.jpg,image/jpeg,315757,73ca785d1d0995f7607017191b2a327d37c67f0eb9853caf817d51693d22891e,11431fb18d11fe70,2024-02-23 15:42:10,18.699845,78.129005,38.1,Vivo,Vivo V23 5G,eSAKSHI Mobile App
EV-DEMO-00311,MPLADS-DEMO-000156,PROGRESS_PHOTO,Site Inspection Photograph - Construction Stage - Village-Ward-12,MPLADS-DEMO-000156_progress_stage.jpg,image/jpeg,291621,2aa23bff5edfa3b18292ed40aab875f4171d65be82308d02b715dfa2454eea01,43b72a11d2087d68,2023-05-09 11:24:15,18.700285,78.128888,4.4,Xiaomi,Redmi Note 11,eSAKSHI Mobile App
EV-DEMO-00312,MPLADS-DEMO-000156,COMPLETION_PHOTO,Geo-tagged Asset Verification Photograph - Village-Ward-12,MPLADS-DEMO-000156_verification_stage.jpg,image/jpeg,376869,96cab3b2a62939f476e5bbcdf3488dc95c368825610270299fe88d399064feef,2530f650a67fc6db,2023-06-02 15:42:10,18.70033,78.128714,16.9,Xiaomi,Redmi Note 11,eSAKSHI Mobile App
EV-DEMO-00313,MPLADS-DEMO-000157,PROGRESS_PHOTO,Site Inspection Photograph - Construction Stage - Village-Ward-13,MPLADS-DEMO-000157_progress_stage.jpg,image/jpeg,244264,3167ee5680966dd0c78c795da91b083b32f12965aa473f50bfb2ee1eed6e8cea,29ccd1439089d67b,2024-02-09 11:24:15,21.184891,72.773235,10.4,Realme,Realme 9 Pro,eSAKSHI Mobile App
EV-DEMO-00314,MPLADS-DEMO-000157,COMPLETION_PHOTO,Geo-tagged Asset Verification Photograph - Village-Ward-13,MPLADS-DEMO-000157_verification_stage.jpg,image/jpeg,366394,b0f744dfda44f294418cd4e3d5066847776e6b102e02b89ac3c7e7b9106c871f,74cfe1f6324951e4,2024-05-24 15:42:10,21.184615,72.773483,31.3,Realme,Realme 9 Pro,eSAKSHI Mobile App
EV-DEMO-00315,MPLADS-DEMO-000158,PROGRESS_PHOTO,Site Inspection Photograph - Construction Stage - Village-Ward-13,MPLADS-DEMO-000158_progress_stage.jpg,image/jpeg,287796,78a51874a53b537af0b509f31b95badd1cf54703248c631056eb9464d01c2013,b1084ec268f36bff,2023-04-24 11:24:15,21.185146,72.773309,18.6,Vivo,Vivo V23 5G,eSAKSHI Mobile App
EV-DEMO-00316,MPLADS-DEMO-000158,COMPLETION_PHOTO,Geo-tagged Asset Verification Photograph - Village-Ward-13,MPLADS-DEMO-000158_verification_stage.jpg,image/jpeg,384474,f3a5d75ab51124ab90215ddf4d6beae72e222a4eaf59a1ab4f5f24e6cee31de5,ce4c41bc06c0f064,2023-06-16 15:42:10,21.184783,72.773482,28.6,Vivo,Vivo V23 5G,eSAKSHI Mobile App
EV-DEMO-00317,MPLADS-DEMO-000159,PROGRESS_PHOTO,Site Inspection Photograph - Construction Stage - Village-Ward-14,MPLADS-DEMO-000159_progress_stage.jpg,image/jpeg,238546,131f5838e67dcbddfeb4bb9d869bd27a981d67d417815ed28942b04270fa62f2,051aab7076528aa1,2023-06-04 11:24:15,26.705635,83.36747,9.5,Apple,iPhone 13,eSAKSHI Mobile App
EV-DEMO-00318,MPLADS-DEMO-000159,SITE_IMAGE,Geo-tagged Asset Verification Photograph - Village-Ward-14,MPLADS-DEMO-000159_verification_stage.jpg,image/jpeg,355740,77b9585848aad1d81608da749c38a1be3ba5a791899d7579dcb2c27f5133d37d,a76d994bb2d9e2e1,2023-07-29 15:42:10,26.705909,83.367542,36.2,Apple,iPhone 13,eSAKSHI Mobile App
EV-DEMO-00319,MPLADS-DEMO-000160,PROGRESS_PHOTO,Site Inspection Photograph - Construction Stage - Village-Ward-14,MPLADS-DEMO-000160_progress_stage.jpg,image/jpeg,183176,ff624acb232b1dd2a53bdf16affce087da90aea704841763bf259fa22eb0e3e6,e719b8a72d8d4b40,2023-09-10 11:24:15,26.705684,83.367493,14.4,Apple,iPhone 13,eSAKSHI Mobile App
EV-DEMO-00320,MPLADS-DEMO-000160,COMPLETION_PHOTO,Geo-tagged Asset Verification Photograph - Village-Ward-14,MPLADS-DEMO-000160_verification_stage.jpg,image/jpeg,459367,24894500cd93f9bfed7862dcd682b469fac60b0f9d82044ad1519da391452be0,82b332fd720e3f2d,2024-01-13 15:42:10,26.705961,83.367509,19.8,Apple,iPhone 13,eSAKSHI Mobile App
EV-DEMO-00321,MPLADS-DEMO-000161,PROGRESS_PHOTO,Site Inspection Photograph - Construction Stage - Village-Ward-15,MPLADS-DEMO-000161_progress_stage.jpg,image/jpeg,414703,add16132a1d38e1d25b0876292a19e48aa885a81fa8bbac069bd0c796913d42d,6414da4f468482ff,2024-01-25 11:24:15,11.235781,75.769681,24.6,OnePlus,Nord CE 2,eSAKSHI Mobile App
EV-DEMO-00322,MPLADS-DEMO-000161,COMPLETION_PHOTO,Geo-tagged Asset Verification Photograph - Village-Ward-15,MPLADS-DEMO-000161_verification_stage.jpg,image/jpeg,352992,0bb4011ce526deda283c5db5c2f56e9a350c50b0cbe3827adc857e31e2aefc97,b5bb172bdf9ff433,2024-05-01 15:42:10,11.235861,75.769294,34.8,OnePlus,Nord CE 2,eSAKSHI Mobile App
EV-DEMO-00323,MPLADS-DEMO-000162,PROGRESS_PHOTO,Site Inspection Photograph - Construction Stage - Village-Ward-15,MPLADS-DEMO-000162_progress_stage.jpg,image/jpeg,275047,d809bf4da43e58452f9d75ccb3cace452d2aa2ed6c0b65fb7272df5a834cacd8,e5068d13bba8906f,2023-05-06 11:24:15,11.235836,75.769407,17.2,Vivo,Vivo V23 5G,eSAKSHI Mobile App
EV-DEMO-00324,MPLADS-DEMO-000162,COMPLETION_PHOTO,Geo-tagged Asset Verification Photograph - Village-Ward-15,MPLADS-DEMO-000162_verification_stage.jpg,image/jpeg,366669,4fee0fd3073a646de35ce5063a9cb90ca962c4761bf6c0b4df09241608f00239,2b15e2da971029da,2023-08-09 15:42:10,11.23588,75.769579,7.5,Vivo,Vivo V23 5G,eSAKSHI Mobile App
EV-DEMO-00325,MPLADS-DEMO-000163,PROGRESS_PHOTO,Site Inspection Photograph - Construction Stage - Village-119,MPLADS-DEMO-000163_progress_stage.jpg,image/jpeg,381870,7588dec063942cdae4e5696c73dad19f8c9b34d71842baed9b9acf9c92773765,da6baa288cfe33bc,2024-04-12 11:24:15,11.241662,75.841684,6.5,Vivo,Vivo V23 5G,eSAKSHI Mobile App
EV-DEMO-00326,MPLADS-DEMO-000163,SITE_IMAGE,Geo-tagged Asset Verification Photograph - Village-119,MPLADS-DEMO-000163_verification_stage.jpg,image/jpeg,477092,95adb7d6a22c83e6ffa181afc3dc51df22373a5d37b1c3c4761eabf0262da1a7,791c95531abcc1af,2024-07-22 15:42:10,11.241827,75.841737,16.8,Vivo,Vivo V23 5G,eSAKSHI Mobile App
EV-DEMO-00327,MPLADS-DEMO-000164,PROGRESS_PHOTO,Site Inspection Photograph - Construction Stage - Village-163,MPLADS-DEMO-000164_progress_stage.jpg,image/jpeg,238398,00bf63dc1f8e4e81555fc377214db9dc1fb02db7c5bc2e2385f3be7cf4cdce4f,0f1134d2dcee04d8,2024-06-16 11:24:15,26.890774,80.995292,9.7,Samsung,SM-A525F,eSAKSHI Mobile App
EV-DEMO-00328,MPLADS-DEMO-000164,SITE_IMAGE,Geo-tagged Asset Verification Photograph - Village-163,MPLADS-DEMO-000164_verification_stage.jpg,image/jpeg,386570,42a1fa6fc7b3820767858a6ac06c8b95cdd2f57f371a195ee7e935a0544fd5e8,80a35730a45e9501,2024-09-16 15:42:10,26.890696,80.994947,33.1,Samsung,SM-A525F,eSAKSHI Mobile App
EV-DEMO-00329,MPLADS-DEMO-000165,PROGRESS_PHOTO,Site Inspection Photograph - Construction Stage - Village-183,MPLADS-DEMO-000165_progress_stage.jpg,image/jpeg,352454,d4d26c1bf051ce31a50525b46c54a328edbc90485f66b9becef20a579c228d61,79cd4cedd476d2dc,2024-04-09 11:24:15,13.035982,77.508325,22.9,OnePlus,Nord CE 2,eSAKSHI Mobile App
EV-DEMO-00330,MPLADS-DEMO-000165,COMPLETION_PHOTO,Geo-tagged Asset Verification Photograph - Village-183,MPLADS-DEMO-000165_verification_stage.jpg,image/jpeg,341583,d9aa1a301882989de6bdaf3018c0e64365b758849d0c23eecccc3a077776dfc0,eedbcc41f378533b,2024-06-18 15:42:10,13.035578,77.508637,36.1,OnePlus,Nord CE 2,eSAKSHI Mobile App
EV-DEMO-00331,MPLADS-DEMO-000166,PROGRESS_PHOTO,Site Inspection Photograph - Construction Stage - Village-20,MPLADS-DEMO-000166_progress_stage.jpg,image/jpeg,191611,409cbc795a17d5a89ddbe989c41069038fe9466029f6064e68638add3dbfb000,bb5e6722d5f066ae,2023-08-27 11:24:15,12.307806,76.58262,14.9,Vivo,Vivo V23 5G,eSAKSHI Mobile App
EV-DEMO-00332,MPLADS-DEMO-000166,COMPLETION_PHOTO,Geo-tagged Asset Verification Photograph - Village-20,MPLADS-DEMO-000166_verification_stage.jpg,image/jpeg,283354,5e4fb13afa12e12d8ea555622d9599e953b9ffb5e884df5582655feeb975622f,8569c83e3fb3a7c5,2024-01-22 15:42:10,12.307586,76.582251,32.1,Vivo,Vivo V23 5G,eSAKSHI Mobile App
EV-DEMO-00333,MPLADS-DEMO-000167,PROGRESS_PHOTO,Site Inspection Photograph - Construction Stage - Village-40,MPLADS-DEMO-000167_progress_stage.jpg,image/jpeg,184603,e367ccebecd650ad729eb03bfc784cf860b53ba9d21b85c50401346da2ab56e4,59ce8cfd8e09b24c,2024-08-05 11:24:15,25.266248,82.967481,16.9,Vivo,Vivo V23 5G,eSAKSHI Mobile App
EV-DEMO-00334,MPLADS-DEMO-000167,SITE_IMAGE,Geo-tagged Asset Verification Photograph - Village-40,MPLADS-DEMO-000167_verification_stage.jpg,image/jpeg,231427,16d899e9766110eead9397c6cf43e5c6464385840615a80a2b802c5e61e92822,3f185158ecbe8fda,2024-10-25 15:42:10,25.266151,82.967231,23.5,Vivo,Vivo V23 5G,eSAKSHI Mobile App
EV-DEMO-00335,MPLADS-DEMO-000168,PROGRESS_PHOTO,Site Inspection Photograph - Construction Stage - Village-181,MPLADS-DEMO-000168_progress_stage.jpg,image/jpeg,300543,510149cd61296f6d44022bbb0e4df0615e6e2073cc8e64700fdd3a2dd35c8f2c,003fc12b25013b78,2024-07-20 11:24:15,21.195819,72.771319,3.7,Xiaomi,Redmi Note 11,eSAKSHI Mobile App
EV-DEMO-00336,MPLADS-DEMO-000168,SITE_IMAGE,Geo-tagged Asset Verification Photograph - Village-181,MPLADS-DEMO-000168_verification_stage.jpg,image/jpeg,400093,0b4bc8a31bf3fe39c314bb67bb498bc63453b7267861690bcd7ccaafa72281f8,c65ad6e5019e9964,2024-11-06 15:42:10,21.195665,72.771305,14.9,Xiaomi,Redmi Note 11,eSAKSHI Mobile App
EV-DEMO-00337,MPLADS-DEMO-000169,PROGRESS_PHOTO,Site Inspection Photograph - Construction Stage - Village-8,MPLADS-DEMO-000169_progress_stage.jpg,image/jpeg,260940,f439cbbf64f3ec7f89b09fb5d03d3044fd4ffa270d3ac734c71fbee5fd568034,7ff7bc0233ad09ad,2023-11-05 11:24:15,26.819555,83.419143,25.4,OnePlus,Nord CE 2,eSAKSHI Mobile App
EV-DEMO-00338,MPLADS-DEMO-000169,SITE_IMAGE,Geo-tagged Asset Verification Photograph - Village-8,MPLADS-DEMO-000169_verification_stage.jpg,image/jpeg,350144,fbc241fb892a13e02dae8dc5b61ce1094a088acfe18fe5a3a95fae4c548230d8,6986e2f21c0a73e8,2023-12-15 15:42:10,26.819381,83.419253,4.6,OnePlus,Nord CE 2,eSAKSHI Mobile App
EV-DEMO-00339,MPLADS-DEMO-000170,PROGRESS_PHOTO,Site Inspection Photograph - Construction Stage - Village-96,MPLADS-DEMO-000170_progress_stage.jpg,image/jpeg,311297,efe9c6438f83869c01cafbe10a74e21b01f7b5b4cabce016dda7275377d82f3e,d554bbb324281ca3,2024-05-11 11:24:15,18.544706,73.913466,16.0,Apple,iPhone 13,eSAKSHI Mobile App
EV-DEMO-00340,MPLADS-DEMO-000170,COMPLETION_PHOTO,Geo-tagged Asset Verification Photograph - Village-96,MPLADS-DEMO-000170_verification_stage.jpg,image/jpeg,377772,9ba95f2c627d0c769a628e586183ed82f0a2f0cbe3f7178a368fba4636e4ac23,93383dc666662e03,2024-08-07 15:42:10,18.54477,73.913362,29.0,Apple,iPhone 13,eSAKSHI Mobile App
EV-DEMO-00341,MPLADS-DEMO-000171,PROGRESS_PHOTO,Site Inspection Photograph - Construction Stage - Village-85,MPLADS-DEMO-000171_progress_stage.jpg,image/jpeg,391283,64dd7924a19c12b5a1edb715603102cffd2e779350f8302c3028aacd26f9f062,4c00ee0c95124697,2024-06-05 11:24:15,18.623579,78.151675,18.6,Apple,iPhone 13,eSAKSHI Mobile App
EV-DEMO-00342,MPLADS-DEMO-000171,SITE_IMAGE,Geo-tagged Asset Verification Photograph - Village-85,MPLADS-DEMO-000171_verification_stage.jpg,image/jpeg,338289,9b64bac20fe5a1dd9e68197022b422abfa69c3d686a5eb01171fd2e8772f71c0,358170b21eeb9a47,2024-08-01 15:42:10,18.623193,78.151548,26.7,Apple,iPhone 13,eSAKSHI Mobile App
EV-DEMO-00343,MPLADS-DEMO-000172,PROGRESS_PHOTO,Site Inspection Photograph - Construction Stage - Village-48,MPLADS-DEMO-000172_progress_stage.jpg,image/jpeg,188160,bcad5155ae836f1bee21b6e875e8e42eb91bd3a08aa88df1f74a0c7f0354ed35,7fd819c030033c09,2023-07-20 11:24:15,19.968115,73.782938,22.1,Apple,iPhone 13,eSAKSHI Mobile App
EV-DEMO-00344,MPLADS-DEMO-000172,COMPLETION_PHOTO,Geo-tagged Asset Verification Photograph - Village-48,MPLADS-DEMO-000172_verification_stage.jpg,image/jpeg,407522,1789cfc4e27e52233def3a31ed825ef2ea447d1cc756583b07b7e45bffdd9b6d,626b39316053eee8,2023-12-02 15:42:10,19.968334,73.782915,17.0,Apple,iPhone 13,eSAKSHI Mobile App
EV-DEMO-00345,MPLADS-DEMO-000173,PROGRESS_PHOTO,Site Inspection Photograph - Construction Stage - Village-36,MPLADS-DEMO-000173_progress_stage.jpg,image/jpeg,290097,52a65592fb46c46d66cd96a59a7f09c0c1f742810505a66ff339d986b380d3b3,48ffcebfc549ec3a,2023-12-28 11:24:15,21.159804,72.849511,18.0,Apple,iPhone 13,eSAKSHI Mobile App
EV-DEMO-00346,MPLADS-DEMO-000173,COMPLETION_PHOTO,Geo-tagged Asset Verification Photograph - Village-36,MPLADS-DEMO-000173_verification_stage.jpg,image/jpeg,319988,482b527bb33f6f18ccb15c0dec14e3a0a08c518ae7caed63db7b545ebba831fd,31136e078f5c8e06,2024-04-29 15:42:10,21.159689,72.849902,26.7,Apple,iPhone 13,eSAKSHI Mobile App
EV-DEMO-00347,MPLADS-DEMO-000174,PROGRESS_PHOTO,Site Inspection Photograph - Construction Stage - Village-145,MPLADS-DEMO-000174_progress_stage.jpg,image/jpeg,285606,4f7865bc5579e54a51d485fccb4a00cfd2e84953aa86f2a60774ac9c2f2b1961,99754c4159a9dd20,2023-04-14 11:24:15,18.672688,78.079391,25.0,Samsung,SM-A525F,eSAKSHI Mobile App
EV-DEMO-00348,MPLADS-DEMO-000174,COMPLETION_PHOTO,Geo-tagged Asset Verification Photograph - Village-145,MPLADS-DEMO-000174_verification_stage.jpg,image/jpeg,255325,40d79e911d3f5a2588ba6b842481ecde71d27686675783f95d5d1fb9f4b43d82,518a2a3edf464515,2023-06-03 15:42:10,18.673017,78.079418,29.2,Samsung,SM-A525F,eSAKSHI Mobile App
EV-DEMO-00349,MPLADS-DEMO-000175,PROGRESS_PHOTO,Site Inspection Photograph - Construction Stage - Village-41,MPLADS-DEMO-000175_progress_stage.jpg,image/jpeg,414231,194596a35e6c716eda3207a0507d53dc551a126fd7f79c988426f1e819a74495,8094e08768e9499a,2024-03-04 11:24:15,17.91711,79.614504,21.5,Vivo,Vivo V23 5G,eSAKSHI Mobile App
EV-DEMO-00350,MPLADS-DEMO-000175,COMPLETION_PHOTO,Geo-tagged Asset Verification Photograph - Village-41,MPLADS-DEMO-000175_verification_stage.jpg,image/jpeg,472486,1ecd7ee438fc0a258cadf75b5d6d5ab59c35f1f74986a02897f76f747be3a990,5ce7c2c8e3d34512,2024-08-03 15:42:10,17.917076,79.614473,17.8,Vivo,Vivo V23 5G,eSAKSHI Mobile App
EV-DEMO-00351,MPLADS-DEMO-000176,PROGRESS_PHOTO,Site Inspection Photograph - Construction Stage - Village-189,MPLADS-DEMO-000176_progress_stage.jpg,image/jpeg,395830,4cb8e7f993c3ec04d299ab29c034ad9ce33d78f6abddefb665fb1126eda0dc1e,9c306986dba25dae,2023-12-27 11:24:15,20.023303,73.843772,20.4,Xiaomi,Redmi Note 11,eSAKSHI Mobile App
EV-DEMO-00352,MPLADS-DEMO-000176,COMPLETION_PHOTO,Geo-tagged Asset Verification Photograph - Village-189,MPLADS-DEMO-000176_verification_stage.jpg,image/jpeg,427222,e262eaadbaa6283b9f257f3e9ceb74fba2037571a24ebcd17811b0fa10f6606b,48cb0e31e36e2e4f,2024-03-19 15:42:10,20.023384,73.843655,21.8,Xiaomi,Redmi Note 11,eSAKSHI Mobile App
EV-DEMO-00353,MPLADS-DEMO-000177,PROGRESS_PHOTO,Site Inspection Photograph - Construction Stage - Village-24,MPLADS-DEMO-000177_progress_stage.jpg,image/jpeg,290207,78df271fac58b2f474fa298bb5e623c61a3ffcd242403f0e18ec22e01d417e0d,16bbb4cf18f924ea,2024-07-13 11:24:15,19.939839,73.802825,20.4,OnePlus,Nord CE 2,eSAKSHI Mobile App
EV-DEMO-00354,MPLADS-DEMO-000177,COMPLETION_PHOTO,Geo-tagged Asset Verification Photograph - Village-24,MPLADS-DEMO-000177_verification_stage.jpg,image/jpeg,285713,e61a089492104f93aea0f28c2d6de2216dd30aaad43dac142372c6caefd592ff,32a4c95a36c0e6d6,2024-08-21 15:42:10,19.939643,73.802992,17.9,OnePlus,Nord CE 2,eSAKSHI Mobile App
EV-DEMO-00355,MPLADS-DEMO-000178,PROGRESS_PHOTO,Site Inspection Photograph - Construction Stage - Village-199,MPLADS-DEMO-000178_progress_stage.jpg,image/jpeg,311750,17fdc2866dd53226fc1d579d4fa18e569f4fc4b450ce3d8edf9538d58480ed7b,1c47e12228beb98c,2024-08-14 11:24:15,22.25331,70.805598,2.3,Xiaomi,Redmi Note 11,eSAKSHI Mobile App
EV-DEMO-00356,MPLADS-DEMO-000178,SITE_IMAGE,Geo-tagged Asset Verification Photograph - Village-199,MPLADS-DEMO-000178_verification_stage.jpg,image/jpeg,299791,8a35628806ef3baabe5cb766ea773b8f9b17fde8181190b987dfcce02f56d5f2,0a90eb1ba6603b06,2024-11-10 15:42:10,22.253036,70.805409,38.2,Xiaomi,Redmi Note 11,eSAKSHI Mobile App
EV-DEMO-00357,MPLADS-DEMO-000179,PROGRESS_PHOTO,Site Inspection Photograph - Construction Stage - Village-164,MPLADS-DEMO-000179_progress_stage.jpg,image/jpeg,189414,afddef2a173b6cb56e7d66c6939fbdb0316e7a7658d7e436096d042f68bbca86,5f80cdd52f1d5ae7,2024-07-04 11:24:15,20.057458,73.809222,8.6,Xiaomi,Redmi Note 11,eSAKSHI Mobile App
EV-DEMO-00358,MPLADS-DEMO-000179,COMPLETION_PHOTO,Geo-tagged Asset Verification Photograph - Village-164,MPLADS-DEMO-000179_verification_stage.jpg,image/jpeg,434611,e81cd2011ed6086f36d28abb6a02f2d3e8b52bf1ead7f1425fd27bc7d8f3114e,fd561dd4c3c91346,2024-10-27 15:42:10,20.057574,73.809351,26.6,Xiaomi,Redmi Note 11,eSAKSHI Mobile App
EV-DEMO-00359,MPLADS-DEMO-000180,PROGRESS_PHOTO,Site Inspection Photograph - Construction Stage - Village-33,MPLADS-DEMO-000180_progress_stage.jpg,image/jpeg,344544,f7e2d404737e118301cec7baf1b811dd58b9886e68b020299a94bc8c551eb64a,f48b53af17d1a45f,2024-04-01 11:24:15,11.217051,75.71572,19.0,Vivo,Vivo V23 5G,eSAKSHI Mobile App
EV-DEMO-00360,MPLADS-DEMO-000180,COMPLETION_PHOTO,Geo-tagged Asset Verification Photograph - Village-33,MPLADS-DEMO-000180_verification_stage.jpg,image/jpeg,357098,cd456c264ae7c594c2865c2d6dbb3de36c11b262fd2980cf9d273303e4cb79ed,3b08efbeeb795c22,2024-07-29 15:42:10,11.216871,75.715737,11.8,Vivo,Vivo V23 5G,eSAKSHI Mobile App
EV-DEMO-00361,MPLADS-DEMO-000181,PROGRESS_PHOTO,Site Inspection Photograph - Construction Stage - Village-85,MPLADS-DEMO-000181_progress_stage.jpg,image/jpeg,198507,5b09410570912f0708472134ec855c66ad7e3a0c9d0945983d0e4aa730bfe46c,9d8ab392e9b37cd8,2023-05-18 11:24:15,21.177727,79.05422,9.1,Realme,Realme 9 Pro,eSAKSHI Mobile App
EV-DEMO-00362,MPLADS-DEMO-000181,SITE_IMAGE,Geo-tagged Asset Verification Photograph - Village-85,MPLADS-DEMO-000181_verification_stage.jpg,image/jpeg,374605,b954bed7515509fb2b067129766c719cfa9ed4694db533efab05ca32c3a825b4,f7e9842bc46c5ada,2023-09-02 15:42:10,21.17787,79.054091,20.1,Realme,Realme 9 Pro,eSAKSHI Mobile App
EV-DEMO-00363,MPLADS-DEMO-000182,PROGRESS_PHOTO,Site Inspection Photograph - Construction Stage - Village-66,MPLADS-DEMO-000182_progress_stage.jpg,image/jpeg,394576,3cba8b871511d48b7d807cb8007a29c8379dd5ba8977934a3c5e02d454fed864,2b88dd45c7c96ecf,2024-07-15 11:24:15,10.01895,76.328385,19.0,Vivo,Vivo V23 5G,eSAKSHI Mobile App
EV-DEMO-00364,MPLADS-DEMO-000182,SITE_IMAGE,Geo-tagged Asset Verification Photograph - Village-66,MPLADS-DEMO-000182_verification_stage.jpg,image/jpeg,230862,c681770f1a6823fd9e914233e33d1aae9e3b46f19ef6500cd7094c805b2d232e,00a3d9cec8b73ad9,2024-12-15 15:42:10,10.01894,76.328629,8.7,Vivo,Vivo V23 5G,eSAKSHI Mobile App
EV-DEMO-00365,MPLADS-DEMO-000183,PROGRESS_PHOTO,Site Inspection Photograph - Construction Stage - Village-123,MPLADS-DEMO-000183_progress_stage.jpg,image/jpeg,332878,292205ace774fd826ff27fdda985cc9e7650be29896bddfa4b7c76e890fff99e,486f2e89ad37d34f,2024-05-06 11:24:15,15.49642,75.017774,18.6,Realme,Realme 9 Pro,eSAKSHI Mobile App
EV-DEMO-00366,MPLADS-DEMO-000183,SITE_IMAGE,Geo-tagged Asset Verification Photograph - Village-123,MPLADS-DEMO-000183_verification_stage.jpg,image/jpeg,368597,14a2f544d7f4510a6b9a7cc82939ed81ada40aa82ba3cf6ecd47bdba58f12c15,7cdfac4511a5259a,2024-06-25 15:42:10,15.496327,75.018009,13.7,Realme,Realme 9 Pro,eSAKSHI Mobile App
EV-DEMO-00367,MPLADS-DEMO-000184,PROGRESS_PHOTO,Site Inspection Photograph - Construction Stage - Village-97,MPLADS-DEMO-000184_progress_stage.jpg,image/jpeg,344413,b3f9607953fefb2c8e1d738abf584b9f2e8f29a0bf20e507579ad6e53aeae913,f207e03c08d5f61a,2024-07-16 11:24:15,21.126313,72.775955,24.3,Vivo,Vivo V23 5G,eSAKSHI Mobile App
EV-DEMO-00368,MPLADS-DEMO-000184,COMPLETION_PHOTO,Geo-tagged Asset Verification Photograph - Village-97,MPLADS-DEMO-000184_verification_stage.jpg,image/jpeg,320151,ba617f3bc6edb457a0f861705c128a01a4b6b60dd3c5ae618356b016952876bf,7a0ae137e083cc62,2024-09-26 15:42:10,21.125919,72.776046,30.0,Vivo,Vivo V23 5G,eSAKSHI Mobile App
EV-DEMO-00369,MPLADS-DEMO-000185,PROGRESS_PHOTO,Site Inspection Photograph - Construction Stage - Village-85,MPLADS-DEMO-000185_progress_stage.jpg,image/jpeg,233834,b5a6d242a01d96803fac96f07d6918f5a1244748934efc2f0d7720cb82b16995,5dcb4918c52215d4,2023-12-18 11:24:15,19.959242,73.749475,3.3,OnePlus,Nord CE 2,eSAKSHI Mobile App
EV-DEMO-00370,MPLADS-DEMO-000185,COMPLETION_PHOTO,Geo-tagged Asset Verification Photograph - Village-85,MPLADS-DEMO-000185_verification_stage.jpg,image/jpeg,218857,7f9892b4869a796fc30bad984dc25254a1e79c5476f56b680698a0b0433e0b9e,a05f0edf1fcfa0de,2024-04-02 15:42:10,19.958936,73.749291,38.5,OnePlus,Nord CE 2,eSAKSHI Mobile App
EV-DEMO-00371,MPLADS-DEMO-000186,PROGRESS_PHOTO,Site Inspection Photograph - Construction Stage - Village-40,MPLADS-DEMO-000186_progress_stage.jpg,image/jpeg,335629,30c1306f0d9557820dfebd6bc2f5b318499daee5b344c565bd097d8514f430fa,9942a2164f891d09,2024-02-15 11:24:15,10.958845,76.891156,15.9,Apple,iPhone 13,eSAKSHI Mobile App
EV-DEMO-00372,MPLADS-DEMO-000186,SITE_IMAGE,Geo-tagged Asset Verification Photograph - Village-40,MPLADS-DEMO-000186_verification_stage.jpg,image/jpeg,224605,1cf5f27e01d6511edaa3b533cd6e8565960d33e4aec1a772a3da25953c4a1d88,b51f090a1e01be7b,2024-05-01 15:42:10,10.958995,76.891104,24.2,Apple,iPhone 13,eSAKSHI Mobile App
EV-DEMO-00373,MPLADS-DEMO-000187,PROGRESS_PHOTO,Site Inspection Photograph - Construction Stage - Village-122,MPLADS-DEMO-000187_progress_stage.jpg,image/jpeg,391623,5b86b7efe1765c698657d5e7e3f22935350b78f945699f5c0b462fae6ae27299,1dd377b508b6ae66,2023-07-24 11:24:15,11.709085,78.121105,10.8,Apple,iPhone 13,eSAKSHI Mobile App
EV-DEMO-00374,MPLADS-DEMO-000187,COMPLETION_PHOTO,Geo-tagged Asset Verification Photograph - Village-122,MPLADS-DEMO-000187_verification_stage.jpg,image/jpeg,412881,8c5a090a0471b3926610530bee6b5a1165f1170b8f657fa40f236bb2f080fed8,27ca986d54e48244,2023-11-04 15:42:10,11.70875,78.121343,38.7,Apple,iPhone 13,eSAKSHI Mobile App
EV-DEMO-00375,MPLADS-DEMO-000188,PROGRESS_PHOTO,Site Inspection Photograph - Construction Stage - Village-68,MPLADS-DEMO-000188_progress_stage.jpg,image/jpeg,391922,919cddd6d95bceaedc5650bf0c91361097e08b546a049f9e383bd6bb40998aa6,5d7ca8f03bd49b84,2024-02-16 11:24:15,19.98967,73.758896,15.3,Apple,iPhone 13,eSAKSHI Mobile App
EV-DEMO-00376,MPLADS-DEMO-000188,COMPLETION_PHOTO,Geo-tagged Asset Verification Photograph - Village-68,MPLADS-DEMO-000188_verification_stage.jpg,image/jpeg,420653,77f47e5fcd2e02d1685c37e2a008ac4ebf20cb9666ddedff56c2288649232cc9,bb371f3bac1ad1c6,2024-04-08 15:42:10,19.989755,73.759035,9.9,Apple,iPhone 13,eSAKSHI Mobile App
EV-DEMO-00377,MPLADS-DEMO-000189,PROGRESS_PHOTO,Site Inspection Photograph - Construction Stage - Village-100,MPLADS-DEMO-000189_progress_stage.jpg,image/jpeg,189607,5fbf0f3edbbc82c30b1d66d3eb5217d6bba083446e902f3f2f30a00292191764,80b414d23d9b9309,2024-02-01 11:24:15,26.888197,80.935808,21.8,Realme,Realme 9 Pro,eSAKSHI Mobile App
EV-DEMO-00378,MPLADS-DEMO-000189,COMPLETION_PHOTO,Geo-tagged Asset Verification Photograph - Village-100,MPLADS-DEMO-000189_verification_stage.jpg,image/jpeg,325052,46fbca50999067ae20f3e0e7bb6992b758562c242dc46a1629660a1ade5dc5ab,4a31d91705d1bff8,2024-02-26 15:42:10,26.887821,80.935674,30.7,Realme,Realme 9 Pro,eSAKSHI Mobile App
EV-DEMO-00379,MPLADS-DEMO-000190,PROGRESS_PHOTO,Site Inspection Photograph - Construction Stage - Village-147,MPLADS-DEMO-000190_progress_stage.jpg,image/jpeg,325038,0e9859358a3e0ee16b36ce5116fa732086e80436ab5c8a51833cf42d91355b84,321e6feb07fd4ae4,2024-07-01 11:24:15,12.318916,76.654894,15.9,Realme,Realme 9 Pro,eSAKSHI Mobile App
EV-DEMO-00380,MPLADS-DEMO-000190,SITE_IMAGE,Geo-tagged Asset Verification Photograph - Village-147,MPLADS-DEMO-000190_verification_stage.jpg,image/jpeg,478110,9b3e7d7900b2ddd81a3e513be730e47bb3303276040d1d281ab321cbeeaaa6c4,21f75952ec026c56,2024-11-01 15:42:10,12.319116,76.65487,31.8,Realme,Realme 9 Pro,eSAKSHI Mobile App
EV-DEMO-00381,MPLADS-DEMO-000191,PROGRESS_PHOTO,Site Inspection Photograph - Construction Stage - Village-52,MPLADS-DEMO-000191_progress_stage.jpg,image/jpeg,299045,960071a981da21203065e17108cfc68deb7ba68efa4a05496a7a571afc3276f8,78a894fd7ab96edc,2024-05-02 11:24:15,23.32461,77.429182,8.5,Apple,iPhone 13,eSAKSHI Mobile App
EV-DEMO-00382,MPLADS-DEMO-000191,COMPLETION_PHOTO,Geo-tagged Asset Verification Photograph - Village-52,MPLADS-DEMO-000191_verification_stage.jpg,image/jpeg,430580,e99f4dd7136713f52bff4d30c2d8088f7ebd8cd6fe3893095af58e1a93ba0427,439e1e7a0e836eb9,2024-06-04 15:42:10,23.324391,77.429029,20.5,Apple,iPhone 13,eSAKSHI Mobile App
EV-DEMO-00383,MPLADS-DEMO-000192,PROGRESS_PHOTO,Site Inspection Photograph - Construction Stage - Village-4,MPLADS-DEMO-000192_progress_stage.jpg,image/jpeg,406034,3bcbeb88f9c3980f46af452796c650428867a41c3665a0ff9571c574f830a72f,dce1b61d842550aa,2023-05-29 11:24:15,20.218136,85.637244,5.1,Realme,Realme 9 Pro,eSAKSHI Mobile App
EV-DEMO-00384,MPLADS-DEMO-000192,COMPLETION_PHOTO,Geo-tagged Asset Verification Photograph - Village-4,MPLADS-DEMO-000192_verification_stage.jpg,image/jpeg,310143,2de40363808bed864c4a024085fe35bb7b27e4737a238eff76fab2fc2c854fce,d7e77b64a4ff0d2e,2023-09-07 15:42:10,20.218322,85.637417,29.7,Realme,Realme 9 Pro,eSAKSHI Mobile App
EV-DEMO-00385,MPLADS-DEMO-000193,PROGRESS_PHOTO,Site Inspection Photograph - Construction Stage - Village-106,MPLADS-DEMO-000193_progress_stage.jpg,image/jpeg,307621,b65b2a898ba84739e6ce676f39e84f48f1bad0f226e7e5196e98a7631df87d4d,10a2b7b6ecf2ad68,2023-08-20 11:24:15,20.150314,85.641127,22.0,Vivo,Vivo V23 5G,eSAKSHI Mobile App
EV-DEMO-00386,MPLADS-DEMO-000193,COMPLETION_PHOTO,Geo-tagged Asset Verification Photograph - Village-106,MPLADS-DEMO-000193_verification_stage.jpg,image/jpeg,299552,e4505f4730a251bd6d7c4fa37905218e0089a6622cfc84121055cd79906c16c4,4c54ae8f9f38c8c5,2023-11-17 15:42:10,20.15008,85.641083,30.5,Vivo,Vivo V23 5G,eSAKSHI Mobile App
EV-DEMO-00387,MPLADS-DEMO-000194,PROGRESS_PHOTO,Site Inspection Photograph - Construction Stage - Village-13,MPLADS-DEMO-000194_progress_stage.jpg,image/jpeg,345707,eeabda4f4d8b2222386be3b6f560d0b6084978631155f089a41eb2813a3f0a7a,343f67eb70b0ea0d,2023-08-19 11:24:15,20.494287,85.937641,19.1,Apple,iPhone 13,eSAKSHI Mobile App
EV-DEMO-00388,MPLADS-DEMO-000194,COMPLETION_PHOTO,Geo-tagged Asset Verification Photograph - Village-13,MPLADS-DEMO-000194_verification_stage.jpg,image/jpeg,440675,28440ec38ffd7253e3331689cf6c50ee3694204d399235c6f5101966806b83d6,ec175b1bcda6e65b,2023-10-05 15:42:10,20.494556,85.93787,20.7,Apple,iPhone 13,eSAKSHI Mobile App
EV-DEMO-00389,MPLADS-DEMO-000195,PROGRESS_PHOTO,Site Inspection Photograph - Construction Stage - Village-199,MPLADS-DEMO-000195_progress_stage.jpg,image/jpeg,317572,6bdd1955f9abdb3d911d203d460bbe033e04fb3f7ac2cdc6c019fb03a5143b30,fc432ab9ab3bb802,2023-10-12 11:24:15,26.9547,75.757382,8.5,Apple,iPhone 13,eSAKSHI Mobile App
EV-DEMO-00390,MPLADS-DEMO-000195,COMPLETION_PHOTO,Geo-tagged Asset Verification Photograph - Village-199,MPLADS-DEMO-000195_verification_stage.jpg,image/jpeg,326729,0ba7c443e216989557d53f752c40dafb343af835eafe34c76232758a2d2279f0,95ece23c913feec6,2024-02-03 15:42:10,26.954828,75.75743,13.1,Apple,iPhone 13,eSAKSHI Mobile App
EV-DEMO-00391,MPLADS-DEMO-000196,PROGRESS_PHOTO,Site Inspection Photograph - Construction Stage - Village-17,MPLADS-DEMO-000196_progress_stage.jpg,image/jpeg,191721,7c4f09307786e0b1a6ceca9c1876caecec460764f26c11004797cad68f8f94ee,2b5142987e297d8f,2023-12-19 11:24:15,12.27133,76.640195,13.4,OnePlus,Nord CE 2,eSAKSHI Mobile App
EV-DEMO-00392,MPLADS-DEMO-000196,SITE_IMAGE,Geo-tagged Asset Verification Photograph - Village-17,MPLADS-DEMO-000196_verification_stage.jpg,image/jpeg,319700,aa09a5656521bdf65c4b68e0c0c3275a97ef6c310b5b4e7713740f46524ac8fe,eb26eca99d82b996,2024-03-05 15:42:10,12.271167,76.640288,8.8,OnePlus,Nord CE 2,eSAKSHI Mobile App
EV-DEMO-00393,MPLADS-DEMO-000197,PROGRESS_PHOTO,Site Inspection Photograph - Construction Stage - Village-13,MPLADS-DEMO-000197_progress_stage.jpg,image/jpeg,306719,0a7b53f7f42e533b7b09b9ab24fa5ae121d7512fb9778506b11f767db56195b8,5082d6de5fb7adb4,2023-09-15 11:24:15,26.900969,80.972725,11.3,Samsung,SM-A525F,eSAKSHI Mobile App
EV-DEMO-00394,MPLADS-DEMO-000197,SITE_IMAGE,Geo-tagged Asset Verification Photograph - Village-13,MPLADS-DEMO-000197_verification_stage.jpg,image/jpeg,289893,1f2fbbe7fa540e6942d5400a12303f55f9ad34a163266bec79bb64a2b8e7e752,3d15a236faa571ab,2023-11-11 15:42:10,26.901135,80.972923,15.7,Samsung,SM-A525F,eSAKSHI Mobile App
EV-DEMO-00395,MPLADS-DEMO-000198,PROGRESS_PHOTO,Site Inspection Photograph - Construction Stage - Village-151,MPLADS-DEMO-000198_progress_stage.jpg,image/jpeg,232023,94c3a171f608b2fbd150f09c19d5a6c149015464df2fe58051a174cb3f404dad,562ee03e5ee4e223,2023-08-19 11:24:15,23.18829,79.966292,19.3,Xiaomi,Redmi Note 11,eSAKSHI Mobile App
EV-DEMO-00396,MPLADS-DEMO-000198,SITE_IMAGE,Geo-tagged Asset Verification Photograph - Village-151,MPLADS-DEMO-000198_verification_stage.jpg,image/jpeg,380026,1d01e21cda205603788717f72348fab9e45c801ca63c4eec59b3c22b518eb47c,47ab02660cebe09f,2023-10-23 15:42:10,23.188194,79.966118,4.2,Xiaomi,Redmi Note 11,eSAKSHI Mobile App
EV-DEMO-00397,MPLADS-DEMO-000199,PROGRESS_PHOTO,Site Inspection Photograph - Construction Stage - Village-174,MPLADS-DEMO-000199_progress_stage.jpg,image/jpeg,337742,bfec70f7d9a61977b0e5adaf2fb03640fed24c68e77e411e00e8f41fca0f6a57,171ccaa81ee65734,2024-04-05 11:24:15,20.142903,85.641017,18.4,Apple,iPhone 13,eSAKSHI Mobile App
EV-DEMO-00398,MPLADS-DEMO-000199,COMPLETION_PHOTO,Geo-tagged Asset Verification Photograph - Village-174,MPLADS-DEMO-000199_verification_stage.jpg,image/jpeg,439591,31588b24e56320e484d0cf76acad327eec0d259fbb3913e00d68bc7177683148,67cfb6e4ee2a79c5,2024-05-14 15:42:10,20.142921,85.640956,17.1,Apple,iPhone 13,eSAKSHI Mobile App
EV-DEMO-00399,MPLADS-DEMO-000200,PROGRESS_PHOTO,Site Inspection Photograph - Construction Stage - Village-183,MPLADS-DEMO-000200_progress_stage.jpg,image/jpeg,411336,0898e36ba3dc8b8e800b71c6e5b7be203630004e66efa803baf3cda490a57817,280c86ae0904b13c,2023-11-30 11:24:15,26.907392,80.964577,17.9,Realme,Realme 9 Pro,eSAKSHI Mobile App
EV-DEMO-00400,MPLADS-DEMO-000200,COMPLETION_PHOTO,Geo-tagged Asset Verification Photograph - Village-183,MPLADS-DEMO-000200_verification_stage.jpg,image/jpeg,349989,40410e71d06781ac97ae9cf46c61fdde40dc19ff6143d900aa79f8e779750047,8fd8c0694ec48b2f,2024-01-03 15:42:10,26.907252,80.96504,33.4,Realme,Realme 9 Pro,eSAKSHI Mobile App
EV-DEMO-00401,MPLADS-DEMO-000201,PROGRESS_PHOTO,Site Inspection Photograph - Construction Stage - Village-131,MPLADS-DEMO-000201_progress_stage.jpg,image/jpeg,304001,db97ac6ac9a91c4331fe7c2973cfa93d1c755cd68a88187ab0d33cbf99a5fb8d,19f0adb07f68607e,2024-02-04 11:24:15,11.081731,77.016348,10.4,Vivo,Vivo V23 5G,eSAKSHI Mobile App
EV-DEMO-00402,MPLADS-DEMO-000201,COMPLETION_PHOTO,Geo-tagged Asset Verification Photograph - Village-131,MPLADS-DEMO-000201_verification_stage.jpg,image/jpeg,331583,22db07966b004adbbd0d4762312074b079d48826b8260670a29c44ad146b47e4,7d5a4845d2687d0a,2024-05-15 15:42:10,11.081912,77.016158,37.3,Vivo,Vivo V23 5G,eSAKSHI Mobile App
EV-DEMO-00403,MPLADS-DEMO-000202,PROGRESS_PHOTO,Site Inspection Photograph - Construction Stage - Village-71,MPLADS-DEMO-000202_progress_stage.jpg,image/jpeg,197404,f3fa4315210567f740211943e22f979bc482c7db9535497d8b630cd4b6e3d4ed,9fc502f83fe88ba5,2024-04-21 11:24:15,26.729731,83.400768,23.8,Realme,Realme 9 Pro,eSAKSHI Mobile App
EV-DEMO-00404,MPLADS-DEMO-000202,COMPLETION_PHOTO,Geo-tagged Asset Verification Photograph - Village-71,MPLADS-DEMO-000202_verification_stage.jpg,image/jpeg,377404,3c8bc9355186dee04540d60433108816f2515c2e005557ea07055e9517e10d96,ee7335a01662e2ce,2024-07-13 15:42:10,26.72938,83.400423,28.7,Realme,Realme 9 Pro,eSAKSHI Mobile App
EV-DEMO-00405,MPLADS-DEMO-000203,PROGRESS_PHOTO,Site Inspection Photograph - Construction Stage - Village-168,MPLADS-DEMO-000203_progress_stage.jpg,image/jpeg,234607,4078d0d2f00a0575e9c7beda9722781c6786d9630eab97342a0fdfa65f1ab219,2f405f660b24c7ce,2024-01-02 11:24:15,11.685161,76.105431,11.5,Realme,Realme 9 Pro,eSAKSHI Mobile App
EV-DEMO-00406,MPLADS-DEMO-000203,COMPLETION_PHOTO,Geo-tagged Asset Verification Photograph - Village-168,MPLADS-DEMO-000203_verification_stage.jpg,image/jpeg,401916,85f95011d5c18dadc994e5ab705c43303b9c7cffb65ecc9ab10bd7d6b4c2b633,edb03a9c6bc7bd40,2024-02-28 15:42:10,11.684971,76.105696,30.6,Realme,Realme 9 Pro,eSAKSHI Mobile App
EV-DEMO-00407,MPLADS-DEMO-000204,PROGRESS_PHOTO,Site Inspection Photograph - Construction Stage - Village-172,MPLADS-DEMO-000204_progress_stage.jpg,image/jpeg,364366,c8bed1b1f6fd7bd8d652abe36015a0a9d0f971cabdcb9c76d323b4690ff8093c,d2e3190ba883e444,2023-07-18 11:24:15,11.646072,78.120066,19.1,Realme,Realme 9 Pro,eSAKSHI Mobile App
EV-DEMO-00408,MPLADS-DEMO-000204,COMPLETION_PHOTO,Geo-tagged Asset Verification Photograph - Village-172,MPLADS-DEMO-000204_verification_stage.jpg,image/jpeg,264767,f68b52898557465be401996d56be3d6630e0ae18d744f05ca349647b9dfe6148,b6ffa710cc5ecc7a,2023-10-21 15:42:10,11.645693,78.119989,23.9,Realme,Realme 9 Pro,eSAKSHI Mobile App
EV-DEMO-00409,MPLADS-DEMO-000205,PROGRESS_PHOTO,Site Inspection Photograph - Construction Stage - Village-168,MPLADS-DEMO-000205_progress_stage.jpg,image/jpeg,234624,ab2028b2abb2c5ac0a59625f905dcd29f01bfd1985dc33f4dbeca325ca689052,8440c0c1d36f32eb,2024-06-27 11:24:15,17.915694,79.575397,23.6,OnePlus,Nord CE 2,eSAKSHI Mobile App
EV-DEMO-00410,MPLADS-DEMO-000205,SITE_IMAGE,Geo-tagged Asset Verification Photograph - Village-168,MPLADS-DEMO-000205_verification_stage.jpg,image/jpeg,256519,526aeab1ec5929e13a11a497fc54bec4121f736452675507e5bd08ee99f36669,af7e95a025a74d20,2024-10-25 15:42:10,17.915232,79.575326,31.1,OnePlus,Nord CE 2,eSAKSHI Mobile App
EV-DEMO-00411,MPLADS-DEMO-000206,PROGRESS_PHOTO,Site Inspection Photograph - Construction Stage - Village-14,MPLADS-DEMO-000206_progress_stage.jpg,image/jpeg,259770,b90b4e7689ab68b251bf496181ac72889f0b94a51f81291b08a149c4438e159d,06a9e7e3376b4faf,2023-06-13 11:24:15,20.228478,85.632147,10.4,Vivo,Vivo V23 5G,eSAKSHI Mobile App
EV-DEMO-00412,MPLADS-DEMO-000206,COMPLETION_PHOTO,Geo-tagged Asset Verification Photograph - Village-14,MPLADS-DEMO-000206_verification_stage.jpg,image/jpeg,328824,01804c82690bf86e5a023e214ab45bad09360d32b8f6279a8eed9c1d92b15558,dd58dbc84998a999,2023-09-23 15:42:10,20.228329,85.632258,30.2,Vivo,Vivo V23 5G,eSAKSHI Mobile App
EV-DEMO-00413,MPLADS-DEMO-000207,PROGRESS_PHOTO,Site Inspection Photograph - Construction Stage - Village-146,MPLADS-DEMO-000207_progress_stage.jpg,image/jpeg,373039,beb279f71129b344be77688d133427da29060b071c2a5cde369bb7acdb7cb401,c0399d61d2294e0c,2024-04-10 11:24:15,25.368506,83.037306,23.2,Xiaomi,Redmi Note 11,eSAKSHI Mobile App
EV-DEMO-00414,MPLADS-DEMO-000207,COMPLETION_PHOTO,Geo-tagged Asset Verification Photograph - Village-146,MPLADS-DEMO-000207_verification_stage.jpg,image/jpeg,343320,421a1be2304deaba9787ed0d3ec2716abc677354ac5353ea9d30bfc11d0313f2,d8dd682c6c21b0ea,2024-07-02 15:42:10,25.368411,83.037072,30.2,Xiaomi,Redmi Note 11,eSAKSHI Mobile App
EV-DEMO-00415,MPLADS-DEMO-000208,PROGRESS_PHOTO,Site Inspection Photograph - Construction Stage - Village-71,MPLADS-DEMO-000208_progress_stage.jpg,image/jpeg,186282,644ecc3be56ca69b4516a3275842bc952e67e4b37c55489d15996a213c2be101,56d688dac6749358,2023-04-22 11:24:15,22.984753,72.607079,12.7,OnePlus,Nord CE 2,eSAKSHI Mobile App
EV-DEMO-00416,MPLADS-DEMO-000208,COMPLETION_PHOTO,Geo-tagged Asset Verification Photograph - Village-71,MPLADS-DEMO-000208_verification_stage.jpg,image/jpeg,411484,8c14a9161b884e85929b236a1d5c15f1bf037e1fe4845833acc5ab2323a165e4,d67e414840eb3046,2023-07-30 15:42:10,22.984966,72.60684,30.0,OnePlus,Nord CE 2,eSAKSHI Mobile App
EV-DEMO-00417,MPLADS-DEMO-000209,PROGRESS_PHOTO,Site Inspection Photograph - Construction Stage - Village-137,MPLADS-DEMO-000209_progress_stage.jpg,image/jpeg,212068,6ad565a2eb67aa2d2a39c6c8102e9a5ca0115945a2b2982be947529240917cc7,98f5f88eee58ad6a,2024-01-07 11:24:15,22.680426,75.841074,17.1,Realme,Realme 9 Pro,eSAKSHI Mobile App
EV-DEMO-00418,MPLADS-DEMO-000209,COMPLETION_PHOTO,Geo-tagged Asset Verification Photograph - Village-137,MPLADS-DEMO-000209_verification_stage.jpg,image/jpeg,358601,bac35f5e1b5122ff8ddd981eb84222626ebc73b91d69d21b9b0a1b311d173c70,5abc1e8a52956349,2024-03-01 15:42:10,22.68067,75.841246,16.8,Realme,Realme 9 Pro,eSAKSHI Mobile App
EV-DEMO-00419,MPLADS-DEMO-000210,PROGRESS_PHOTO,Site Inspection Photograph - Construction Stage - Village-34,MPLADS-DEMO-000210_progress_stage.jpg,image/jpeg,374176,9825420719726ac783decd2c839346f8c0b32a83c6b5f0f6967e2285176db7a4,aebc434e9fd1bb7c,2023-08-07 11:24:15,20.411021,85.883429,18.8,Apple,iPhone 13,eSAKSHI Mobile App
EV-DEMO-00420,MPLADS-DEMO-000210,COMPLETION_PHOTO,Geo-tagged Asset Verification Photograph - Village-34,MPLADS-DEMO-000210_verification_stage.jpg,image/jpeg,211540,7f088b32b0c108620c3a46b58ed56e2a9cc07b6c1f299d70df2ffbd3a00b700c,ac51675e06be7099,2023-12-13 15:42:10,20.410621,85.883172,37.5,Apple,iPhone 13,eSAKSHI Mobile App
EV-DEMO-00421,MPLADS-DEMO-000211,PROGRESS_PHOTO,Site Inspection Photograph - Construction Stage - Village-88,MPLADS-DEMO-000211_progress_stage.jpg,image/jpeg,200164,e994f6665f5b4d53e68f6ed6d9b4803f052f4408f8a4eb835b3823387834c497,9d212743a7895e33,2024-04-28 11:24:15,20.527177,85.881882,25.9,Vivo,Vivo V23 5G,eSAKSHI Mobile App
EV-DEMO-00422,MPLADS-DEMO-000211,SITE_IMAGE,Geo-tagged Asset Verification Photograph - Village-88,MPLADS-DEMO-000211_verification_stage.jpg,image/jpeg,247646,4718e36a7b2a2682d7922d18b5378db76ad4be76ebc6c7dc5a2ca9fe43f82dd9,4ac9ab0c62cdfb6c,2024-08-26 15:42:10,20.527097,85.881666,12.5,Vivo,Vivo V23 5G,eSAKSHI Mobile App
EV-DEMO-00423,MPLADS-DEMO-000212,PROGRESS_PHOTO,Site Inspection Photograph - Construction Stage - Village-151,MPLADS-DEMO-000212_progress_stage.jpg,image/jpeg,386500,69a5d386376e7aac2264ceff24d00f6b26baac1b1c3b9ee0020ee495eb5b5982,29d9ee8152b14f48,2024-04-03 11:24:15,25.318358,82.924751,23.7,Apple,iPhone 13,eSAKSHI Mobile App
EV-DEMO-00424,MPLADS-DEMO-000212,COMPLETION_PHOTO,Geo-tagged Asset Verification Photograph - Village-151,MPLADS-DEMO-000212_verification_stage.jpg,image/jpeg,461402,676b0dd68489293607c12781034e400dedb1e0f9891b4cd2a510f0377082041b,76fc7bb78fc3fe2f,2024-08-15 15:42:10,25.318082,82.924775,19.1,Apple,iPhone 13,eSAKSHI Mobile App
EV-DEMO-00425,MPLADS-DEMO-000213,PROGRESS_PHOTO,Site Inspection Photograph - Construction Stage - Village-98,MPLADS-DEMO-000213_progress_stage.jpg,image/jpeg,246884,1b484b8312a2da792fd4c7bc366e6efcf6813922cd72cb709ee6532f49a4a5fb,16ebbc526b449e99,2024-02-14 11:24:15,21.097023,79.056138,19.3,Realme,Realme 9 Pro,eSAKSHI Mobile App
EV-DEMO-00426,MPLADS-DEMO-000213,COMPLETION_PHOTO,Geo-tagged Asset Verification Photograph - Village-98,MPLADS-DEMO-000213_verification_stage.jpg,image/jpeg,445797,76b12eedfc403bc478d52635387ed3f738ce537652a26e9bdb2c13d0c58d9044,554d04b029d0d4e9,2024-06-08 15:42:10,21.096904,79.056172,12.7,Realme,Realme 9 Pro,eSAKSHI Mobile App
EV-DEMO-00427,MPLADS-DEMO-000214,PROGRESS_PHOTO,Site Inspection Photograph - Construction Stage - Village-180,MPLADS-DEMO-000214_progress_stage.jpg,image/jpeg,392432,f02d359023b2bd48106e055df71a2070cc7ff5d25760ac0ca85db797698d183a,9d006b1829e61a29,2023-07-15 11:24:15,26.713525,83.416036,18.1,Vivo,Vivo V23 5G,eSAKSHI Mobile App
EV-DEMO-00428,MPLADS-DEMO-000214,COMPLETION_PHOTO,Geo-tagged Asset Verification Photograph - Village-180,MPLADS-DEMO-000214_verification_stage.jpg,image/jpeg,361317,2c0489b8ba69315c46fe6cdc05b8c1c752cb1f7f1c38806266462ab4164eaf27,d92df6c6414194a7,2023-12-08 15:42:10,26.713647,83.416207,24.1,Vivo,Vivo V23 5G,eSAKSHI Mobile App
EV-DEMO-00429,MPLADS-DEMO-000215,PROGRESS_PHOTO,Site Inspection Photograph - Construction Stage - Village-76,MPLADS-DEMO-000215_progress_stage.jpg,image/jpeg,382021,bd4372edc98c6b408241eb72ec2fc5a3bf24eb1c4497cb8acbeecf649b07b153,e090b28c9831dcee,2023-07-23 11:24:15,25.273648,82.980346,29.1,Apple,iPhone 13,eSAKSHI Mobile App
EV-DEMO-00430,MPLADS-DEMO-000215,COMPLETION_PHOTO,Geo-tagged Asset Verification Photograph - Village-76,MPLADS-DEMO-000215_verification_stage.jpg,image/jpeg,392389,502f14ba1564a343bf67b0e8ed8188583901960881276b079f6bbe0679cbb9ab,a975e4de459e7e21,2023-08-10 15:42:10,25.273636,82.980113,21.3,Apple,iPhone 13,eSAKSHI Mobile App
EV-DEMO-00431,MPLADS-DEMO-000216,PROGRESS_PHOTO,Site Inspection Photograph - Construction Stage - Village-200,MPLADS-DEMO-000216_progress_stage.jpg,image/jpeg,280786,98572c9a1841a6af6de7a88cd6174137503ac9234ba881b1141c526b28f5124b,4adacbf0f7b8644c,2023-10-23 11:24:15,13.066052,77.596921,7.1,Apple,iPhone 13,eSAKSHI Mobile App
EV-DEMO-00432,MPLADS-DEMO-000216,COMPLETION_PHOTO,Geo-tagged Asset Verification Photograph - Village-200,MPLADS-DEMO-000216_verification_stage.jpg,image/jpeg,308884,d6c4728aaebc31ea8bafec3352995b21914d060555c5dcfb75eef0d9d10f5c39,a59c5106955c145a,2024-03-15 15:42:10,13.066214,77.596633,32.8,Apple,iPhone 13,eSAKSHI Mobile App
EV-DEMO-00433,MPLADS-DEMO-000217,PROGRESS_PHOTO,Site Inspection Photograph - Construction Stage - Village-174,MPLADS-DEMO-000217_progress_stage.jpg,image/jpeg,375626,65f55f8a54ebc04b5e424745cd3b60bce5e9bb1b8e45365e3d48adb085482d8a,ad06763b32fa4eaa,2023-03-21 11:24:15,20.156533,85.652059,15.9,Realme,Realme 9 Pro,eSAKSHI Mobile App
EV-DEMO-00434,MPLADS-DEMO-000217,COMPLETION_PHOTO,Geo-tagged Asset Verification Photograph - Village-174,MPLADS-DEMO-000217_verification_stage.jpg,image/jpeg,250873,637b3df336de7bae11e61593027f4eabd2d6ffcd06ce2ce0ba3da1f442eb8ffe,11bfbeee5ca3512c,2023-06-08 15:42:10,20.156846,85.652158,33.1,Realme,Realme 9 Pro,eSAKSHI Mobile App
EV-DEMO-00435,MPLADS-DEMO-000218,PROGRESS_PHOTO,Site Inspection Photograph - Construction Stage - Village-96,MPLADS-DEMO-000218_progress_stage.jpg,image/jpeg,419932,2b5b79b463ec086b8580ea88751b0bd514cb8a46c7755e1228a844e6d3f026a7,d3ec14b9fbf28cb0,2024-05-17 11:24:15,20.503644,85.841872,24.4,Samsung,SM-A525F,eSAKSHI Mobile App
EV-DEMO-00436,MPLADS-DEMO-000218,COMPLETION_PHOTO,Geo-tagged Asset Verification Photograph - Village-96,MPLADS-DEMO-000218_verification_stage.jpg,image/jpeg,226814,4b5ee4d0412703761859703cff2748fb7a5bb23a95ccc36e34c6b24fe97f8861,7b07f3d761d9699b,2024-08-02 15:42:10,20.503312,85.84196,24.5,Samsung,SM-A525F,eSAKSHI Mobile App
EV-DEMO-00437,MPLADS-DEMO-000219,PROGRESS_PHOTO,Site Inspection Photograph - Construction Stage - Village-41,MPLADS-DEMO-000219_progress_stage.jpg,image/jpeg,237718,a1a88389c178c1bd2a3265de6e2fbeb5f1954f0eacfeac7f34dcd68451dfe7be,4892807487e7c8f2,2023-06-17 11:24:15,9.929936,76.353439,18.5,Xiaomi,Redmi Note 11,eSAKSHI Mobile App
EV-DEMO-00438,MPLADS-DEMO-000219,COMPLETION_PHOTO,Geo-tagged Asset Verification Photograph - Village-41,MPLADS-DEMO-000219_verification_stage.jpg,image/jpeg,247942,75ce1ecb23cc073af5371062caf22fc8b33dad2b975d8857a45bef0181180e5c,8e8874df35433dcb,2023-09-06 15:42:10,9.930151,76.353386,8.1,Xiaomi,Redmi Note 11,eSAKSHI Mobile App
EV-DEMO-00439,MPLADS-DEMO-000220,PROGRESS_PHOTO,Site Inspection Photograph - Construction Stage - Village-12,MPLADS-DEMO-000220_progress_stage.jpg,image/jpeg,413597,91b60ca26ce18b056effa75ccea82806247342b288b928b7fcdc9c4905c062e0,543c591567608023,2024-04-22 11:24:15,21.089223,79.108368,21.1,Xiaomi,Redmi Note 11,eSAKSHI Mobile App
EV-DEMO-00440,MPLADS-DEMO-000220,COMPLETION_PHOTO,Geo-tagged Asset Verification Photograph - Village-12,MPLADS-DEMO-000220_verification_stage.jpg,image/jpeg,218464,aeefc3617af27fc207b2dafc7f15ef47a114ed87f41ce36a18d2c5bfd7d201f4,c055b8271fcf6008,2024-07-11 15:42:10,21.089027,79.108417,7.3,Xiaomi,Redmi Note 11,eSAKSHI Mobile App
EV-DEMO-00441,MPLADS-DEMO-000221,PROGRESS_PHOTO,Site Inspection Photograph - Construction Stage - Village-89,MPLADS-DEMO-000221_progress_stage.jpg,image/jpeg,265825,caabec231397c40616a9857cb8a4f0e45ab36af3d161fef9b7094d4690ee10bb,ebb3ba162d82f9b6,2024-01-25 11:24:15,11.280228,75.798829,17.0,Samsung,SM-A525F,eSAKSHI Mobile App
EV-DEMO-00442,MPLADS-DEMO-000221,COMPLETION_PHOTO,Geo-tagged Asset Verification Photograph - Village-89,MPLADS-DEMO-000221_verification_stage.jpg,image/jpeg,421605,5d6e526dd775f90a86041a9615a3141be4e9f1a543d0a37702682ea8d4cda917,c5cd5adc5dcce581,2024-03-09 15:42:10,11.280163,75.798649,17.2,Samsung,SM-A525F,eSAKSHI Mobile App
EV-DEMO-00443,MPLADS-DEMO-000222,PROGRESS_PHOTO,Site Inspection Photograph - Construction Stage - Village-20,MPLADS-DEMO-000222_progress_stage.jpg,image/jpeg,235388,4161e9409b09cd00441fa02e02f1dbc41de14e413f645c8e869bec9ca41509a7,204287d4c1b26e37,2023-07-18 11:24:15,20.213504,85.597929,10.4,Samsung,SM-A525F,eSAKSHI Mobile App
EV-DEMO-00444,MPLADS-DEMO-000222,COMPLETION_PHOTO,Geo-tagged Asset Verification Photograph - Village-20,MPLADS-DEMO-000222_verification_stage.jpg,image/jpeg,450082,55dc82ac75f0f1527e2f6e151b9d25aac7fc897eed62293b1e2c18a9b3f5f99a,49ae39704f13b86d,2023-09-25 15:42:10,20.213752,85.597792,20.7,Samsung,SM-A525F,eSAKSHI Mobile App
EV-DEMO-00445,MPLADS-DEMO-000223,PROGRESS_PHOTO,Site Inspection Photograph - Construction Stage - Village-23,MPLADS-DEMO-000223_progress_stage.jpg,image/jpeg,260522,5ce2dfd330f73163eedadf8f6926d6009c008feafae9b977b5d712bca60402f1,6c6963ea8d02a7ae,2023-03-25 11:24:15,18.71902,78.087193,18.3,Vivo,Vivo V23 5G,eSAKSHI Mobile App
EV-DEMO-00446,MPLADS-DEMO-000223,COMPLETION_PHOTO,Geo-tagged Asset Verification Photograph - Village-23,MPLADS-DEMO-000223_verification_stage.jpg,image/jpeg,237549,4e449327929375aabf993c9f3d4dd7ec95bb2c14e74c2d305e6dc40630b290a1,7a195724c98e71df,2023-05-11 15:42:10,18.719078,78.087145,25.8,Vivo,Vivo V23 5G,eSAKSHI Mobile App
EV-DEMO-00447,MPLADS-DEMO-000224,PROGRESS_PHOTO,Site Inspection Photograph - Construction Stage - Village-131,MPLADS-DEMO-000224_progress_stage.jpg,image/jpeg,213617,faddc908ea309162a5f70a13ba4f46a964ad15ea756e4ca874969c3659c40a7e,ae0d6bb069389517,2023-04-30 11:24:15,18.446656,79.148893,5.2,Samsung,SM-A525F,eSAKSHI Mobile App
EV-DEMO-00448,MPLADS-DEMO-000224,COMPLETION_PHOTO,Geo-tagged Asset Verification Photograph - Village-131,MPLADS-DEMO-000224_verification_stage.jpg,image/jpeg,397015,8007d6f297091f12ed385d70f0c91f633acf9ea20f99eba86b8ed66a022f59a5,3fc32fec47c6b78b,2023-07-07 15:42:10,18.446534,79.148938,19.3,Samsung,SM-A525F,eSAKSHI Mobile App
EV-DEMO-00449,MPLADS-DEMO-000225,PROGRESS_PHOTO,Site Inspection Photograph - Construction Stage - Village-30,MPLADS-DEMO-000225_progress_stage.jpg,image/jpeg,267780,2a0ec37bc2e64d52c82750fdcd6e2e50a281b00d9ba2cf4331826942e6d252a5,359f5e4230c3f718,2024-08-18 11:24:15,24.53302,73.733203,6.9,Apple,iPhone 13,eSAKSHI Mobile App
EV-DEMO-00450,MPLADS-DEMO-000225,SITE_IMAGE,Geo-tagged Asset Verification Photograph - Village-30,MPLADS-DEMO-000225_verification_stage.jpg,image/jpeg,305791,a45808f843ee7c57cdf5373c1b997bf78207600bb5dec7fed641088bc2ac71f3,7e62d78518a9cfa9,2024-10-16 15:42:10,24.533117,73.732953,21.5,Apple,iPhone 13,eSAKSHI Mobile App
EV-DEMO-00451,MPLADS-DEMO-000226,PROGRESS_PHOTO,Site Inspection Photograph - Construction Stage - Village-36,MPLADS-DEMO-000226_progress_stage.jpg,image/jpeg,248867,464a2ae7ecc890e03102c0c94f509b13570a62c5eaf7845f57178aeb7ea00d33,97ba8f010a57f2ed,2023-07-09 11:24:15,23.064314,72.603066,14.6,Realme,Realme 9 Pro,eSAKSHI Mobile App
EV-DEMO-00452,MPLADS-DEMO-000226,SITE_IMAGE,Geo-tagged Asset Verification Photograph - Village-36,MPLADS-DEMO-000226_verification_stage.jpg,image/jpeg,223802,cc22917a56f5a3547aec4d6de38a9384895a1dc3284e8f9550e5ba2b159cee18,5f0f0133575d110d,2023-11-01 15:42:10,23.064095,72.602991,27.9,Realme,Realme 9 Pro,eSAKSHI Mobile App
EV-DEMO-00453,MPLADS-DEMO-000227,PROGRESS_PHOTO,Site Inspection Photograph - Construction Stage - Village-12,MPLADS-DEMO-000227_progress_stage.jpg,image/jpeg,374760,ab930c754f798ece9bd79bea012e39570a82cdf1408e606ef98aca0d06fe262d,6659b1863cb1b03c,2024-02-28 11:24:15,26.29429,73.06836,20.4,Xiaomi,Redmi Note 11,eSAKSHI Mobile App
EV-DEMO-00454,MPLADS-DEMO-000227,SITE_IMAGE,Geo-tagged Asset Verification Photograph - Village-12,MPLADS-DEMO-000227_verification_stage.jpg,image/jpeg,319201,3c86e3844d2ce2d98af4e92d5dfe48642473cd9256fb834098532955a937db60,9665c2e24d9a7096,2024-06-29 15:42:10,26.294262,73.067909,28.3,Xiaomi,Redmi Note 11,eSAKSHI Mobile App
EV-DEMO-00455,MPLADS-DEMO-000228,PROGRESS_PHOTO,Site Inspection Photograph - Construction Stage - Village-131,MPLADS-DEMO-000228_progress_stage.jpg,image/jpeg,324002,bdbbae09cb40ff26109a999dbb0655a580b7cd7a21b912a1a60adb715750475a,dc0cb5a5e7fd8829,2023-05-13 11:24:15,15.495611,75.061026,21.6,Vivo,Vivo V23 5G,eSAKSHI Mobile App
EV-DEMO-00456,MPLADS-DEMO-000228,COMPLETION_PHOTO,Geo-tagged Asset Verification Photograph - Village-131,MPLADS-DEMO-000228_verification_stage.jpg,image/jpeg,329901,dc4f4017794ca002a4e39aca839c8079203746c541a417d15ae596455cb93ce7,730ce294bf8a338c,2023-08-09 15:42:10,15.49543,75.060932,20.6,Vivo,Vivo V23 5G,eSAKSHI Mobile App
EV-DEMO-00457,MPLADS-DEMO-000229,PROGRESS_PHOTO,Site Inspection Photograph - Construction Stage - Village-196,MPLADS-DEMO-000229_progress_stage.jpg,image/jpeg,241191,a849682440f8a84c3b3be44e82b890a3a4784301491d8f46a720253b7f21779b,2ec012c7c0616b99,2023-04-30 11:24:15,23.227091,77.399425,13.7,OnePlus,Nord CE 2,eSAKSHI Mobile App
EV-DEMO-00458,MPLADS-DEMO-000229,COMPLETION_PHOTO,Geo-tagged Asset Verification Photograph - Village-196,MPLADS-DEMO-000229_verification_stage.jpg,image/jpeg,408165,814d15a17e34fbe9047c8e50005d8f35f3199a754c36ee19a411caa4991aa956,9b3fe076123f3c27,2023-07-02 15:42:10,23.227023,77.39924,18.5,OnePlus,Nord CE 2,eSAKSHI Mobile App
EV-DEMO-00459,MPLADS-DEMO-000230,PROGRESS_PHOTO,Site Inspection Photograph - Construction Stage - Village-183,MPLADS-DEMO-000230_progress_stage.jpg,image/jpeg,256653,ea31494d6355782e9c9f8505b449dece1e2cdbf4d0e177726680fed545da9743,a62c9616f5937203,2023-09-15 11:24:15,15.489519,75.014841,20.2,Apple,iPhone 13,eSAKSHI Mobile App
EV-DEMO-00460,MPLADS-DEMO-000230,COMPLETION_PHOTO,Geo-tagged Asset Verification Photograph - Village-183,MPLADS-DEMO-000230_verification_stage.jpg,image/jpeg,258651,2807b805e9b4d3af0aae018526df1dcc8c1dbc477af0617fe83b7f10dc8bf2f3,b9115be54c589997,2023-12-09 15:42:10,15.489884,75.014555,31.6,Apple,iPhone 13,eSAKSHI Mobile App
EV-DEMO-00461,MPLADS-DEMO-000231,PROGRESS_PHOTO,Site Inspection Photograph - Construction Stage - Village-182,MPLADS-DEMO-000231_progress_stage.jpg,image/jpeg,317883,2bc9cd81894ab0e969a9273a8285a98733b1444b29712f8e5b83ae35978c008e,501c32a9b85ee9db,2024-03-24 11:24:15,9.931682,76.280726,9.6,Samsung,SM-A525F,eSAKSHI Mobile App
EV-DEMO-00462,MPLADS-DEMO-000231,COMPLETION_PHOTO,Geo-tagged Asset Verification Photograph - Village-182,MPLADS-DEMO-000231_verification_stage.jpg,image/jpeg,322017,5826c7f69fb5d50a3bd1875174c7a5bd8499e093cb6875179a8ccad23261e6a0,abb6351797b9be1b,2024-07-07 15:42:10,9.931583,76.280885,21.4,Samsung,SM-A525F,eSAKSHI Mobile App
EV-DEMO-00463,MPLADS-DEMO-000232,PROGRESS_PHOTO,Site Inspection Photograph - Construction Stage - Village-38,MPLADS-DEMO-000232_progress_stage.jpg,image/jpeg,183660,02fde2ad0ebf669627c19d67a57cf0f686840813a23d141b133590dfbede7f41,c8463c2434313881,2023-08-02 11:24:15,21.087848,79.030362,26.4,Samsung,SM-A525F,eSAKSHI Mobile App
EV-DEMO-00464,MPLADS-DEMO-000232,COMPLETION_PHOTO,Geo-tagged Asset Verification Photograph - Village-38,MPLADS-DEMO-000232_verification_stage.jpg,image/jpeg,469809,36e5356158661325e43445b9081022899bdd95b6588c079dfd45a431f3ee9dfb,2a071c37459ca087,2023-12-01 15:42:10,21.087591,79.030405,19.9,Samsung,SM-A525F,eSAKSHI Mobile App
EV-DEMO-00465,MPLADS-DEMO-000233,PROGRESS_PHOTO,Site Inspection Photograph - Construction Stage - Village-27,MPLADS-DEMO-000233_progress_stage.jpg,image/jpeg,193570,ac89697fdf3945238a45d376736bc14952e01698e3c245355313a34347bf101a,f68a2c6f3111bf01,2023-07-29 11:24:15,23.037564,72.594224,3.4,Apple,iPhone 13,eSAKSHI Mobile App
EV-DEMO-00466,MPLADS-DEMO-000233,COMPLETION_PHOTO,Geo-tagged Asset Verification Photograph - Village-27,MPLADS-DEMO-000233_verification_stage.jpg,image/jpeg,237052,87d5e1d0782aebe0b9d4b38937c1ebfb0912c5f1ba57f64a8c85121ab634d57a,0d84ec43e62aea69,2023-11-23 15:42:10,23.037611,72.594142,8.0,Apple,iPhone 13,eSAKSHI Mobile App
EV-DEMO-00467,MPLADS-DEMO-000234,PROGRESS_PHOTO,Site Inspection Photograph - Construction Stage - Village-4,MPLADS-DEMO-000234_progress_stage.jpg,image/jpeg,243755,35cd9b291e86a4001191c52e2dc6f04fc88c11070986fdbef6c9716bf85491cd,7a9fd63540a23d01,2024-03-08 11:24:15,26.270666,72.985715,10.0,Samsung,SM-A525F,eSAKSHI Mobile App
EV-DEMO-00468,MPLADS-DEMO-000234,COMPLETION_PHOTO,Geo-tagged Asset Verification Photograph - Village-4,MPLADS-DEMO-000234_verification_stage.jpg,image/jpeg,380169,9e66f1249252c767e02b932d4b6bb8a09eb81c38b30d0830d8905c8daaada829,3477bb5ffee5d914,2024-05-06 15:42:10,26.270464,72.98575,13.5,Samsung,SM-A525F,eSAKSHI Mobile App
EV-DEMO-00469,MPLADS-DEMO-000235,PROGRESS_PHOTO,Site Inspection Photograph - Construction Stage - Village-175,MPLADS-DEMO-000235_progress_stage.jpg,image/jpeg,320210,b328ebea218de2ba1546323088168e80a38d77c97870217da8bfed9ceab434ab,cb16a30b43fa0a23,2023-07-25 11:24:15,26.856981,75.847395,11.4,Samsung,SM-A525F,eSAKSHI Mobile App
EV-DEMO-00470,MPLADS-DEMO-000235,SITE_IMAGE,Geo-tagged Asset Verification Photograph - Village-175,MPLADS-DEMO-000235_verification_stage.jpg,image/jpeg,217750,f409107d808c725454c141e0e105e149951707c4e9affb567b592e6b8c68e3fe,b9cc97c10a90d877,2023-11-05 15:42:10,26.856883,75.847184,32.3,Samsung,SM-A525F,eSAKSHI Mobile App
EV-DEMO-00471,MPLADS-DEMO-000236,PROGRESS_PHOTO,Site Inspection Photograph - Construction Stage - Village-11,MPLADS-DEMO-000236_progress_stage.jpg,image/jpeg,191884,3983505757fd9ec36b85189207f64c97d790c756f69244645575c524f4a9f573,ad8c87bbfb691afc,2024-06-12 11:24:15,26.193712,73.001224,18.9,Realme,Realme 9 Pro,eSAKSHI Mobile App
EV-DEMO-00472,MPLADS-DEMO-000236,COMPLETION_PHOTO,Geo-tagged Asset Verification Photograph - Village-11,MPLADS-DEMO-000236_verification_stage.jpg,image/jpeg,377815,c3b23ad8298a4bc3f7c25d3c342cdbfd3016b0e237103312d6e16047217bf23a,27940b03e252d43e,2024-09-18 15:42:10,26.193984,73.001321,13.9,Realme,Realme 9 Pro,eSAKSHI Mobile App
EV-DEMO-00473,MPLADS-DEMO-000237,PROGRESS_PHOTO,Site Inspection Photograph - Construction Stage - Village-135,MPLADS-DEMO-000237_progress_stage.jpg,image/jpeg,399925,a09c905c93f40b6b6e05d28028aeafec960ea4b201a3ca6fd1ed5a28b4ee4317,57bf3cef56199df3,2024-01-01 11:24:15,18.635947,78.053107,19.8,Realme,Realme 9 Pro,eSAKSHI Mobile App
EV-DEMO-00474,MPLADS-DEMO-000237,COMPLETION_PHOTO,Geo-tagged Asset Verification Photograph - Village-135,MPLADS-DEMO-000237_verification_stage.jpg,image/jpeg,211205,06b32ce722a5dcef2c2926804dd548ad8e5f9d6e5717b3da77e9cdda1fa7bea1,f8f19f9411d29827,2024-02-12 15:42:10,18.636039,78.053032,6.9,Realme,Realme 9 Pro,eSAKSHI Mobile App
EV-DEMO-00475,MPLADS-DEMO-000238,PROGRESS_PHOTO,Site Inspection Photograph - Construction Stage - Village-56,MPLADS-DEMO-000238_progress_stage.jpg,image/jpeg,244065,477e1ce1288ad75f08bd11358701f327ef150e3e94d61dc7c5d456e7ddd1c70f,fc5039f7f9677975,2024-02-07 11:24:15,26.297569,73.039739,15.7,Xiaomi,Redmi Note 11,eSAKSHI Mobile App
EV-DEMO-00476,MPLADS-DEMO-000238,COMPLETION_PHOTO,Geo-tagged Asset Verification Photograph - Village-56,MPLADS-DEMO-000238_verification_stage.jpg,image/jpeg,348033,4b1f8343ac4ddef308bc8ffe71c05f00ddd3f0bdd464b535b8dad8bb1c766b1d,af9600667f7a2172,2024-06-17 15:42:10,26.297573,73.039599,16.7,Xiaomi,Redmi Note 11,eSAKSHI Mobile App
EV-DEMO-00477,MPLADS-DEMO-000239,PROGRESS_PHOTO,Site Inspection Photograph - Construction Stage - Village-11,MPLADS-DEMO-000239_progress_stage.jpg,image/jpeg,188713,611699e2e581b702ddb050c9b5e57f0164d209f4ef8aadfa4410137dce083e0a,6a11a5089dde1f99,2023-08-22 11:24:15,9.949029,78.096327,23.9,Xiaomi,Redmi Note 11,eSAKSHI Mobile App
EV-DEMO-00478,MPLADS-DEMO-000239,COMPLETION_PHOTO,Geo-tagged Asset Verification Photograph - Village-11,MPLADS-DEMO-000239_verification_stage.jpg,image/jpeg,473298,b754418e24fb9c0f2ec96bb7c1260cbfd6f76aa4b73b05f020eb4074becc9ef3,53ac1459f6d2a347,2023-09-07 15:42:10,9.948743,78.096255,36.0,Xiaomi,Redmi Note 11,eSAKSHI Mobile App
EV-DEMO-00479,MPLADS-DEMO-000240,PROGRESS_PHOTO,Site Inspection Photograph - Construction Stage - Village-76,MPLADS-DEMO-000240_progress_stage.jpg,image/jpeg,267854,93a76ad98fa2c0ca6d8ba55e977543a3f7454184f8e28bf8745d909d02ebebc5,ca8be7e0eadfaf2e,2024-07-15 11:24:15,23.233468,79.946504,22.6,Realme,Realme 9 Pro,eSAKSHI Mobile App
EV-DEMO-00480,MPLADS-DEMO-000240,SITE_IMAGE,Geo-tagged Asset Verification Photograph - Village-76,MPLADS-DEMO-000240_verification_stage.jpg,image/jpeg,282407,15168562d34d259c76d055fa8b3ecfd50d5b2f7787d772c1ad55f16a816efefc,9143a2f96491b626,2024-11-15 15:42:10,23.232988,79.946323,33.8,Realme,Realme 9 Pro,eSAKSHI Mobile App
EV-DEMO-00481,MPLADS-DEMO-000241,PROGRESS_PHOTO,Site Inspection Photograph - Construction Stage - Village-27,MPLADS-DEMO-000241_progress_stage.jpg,image/jpeg,386637,99c08aecdb4d1957785ee6546518f4e2bbf7c71daa60b36ada11ca313f115b8d,b0ef6299ad909092,2024-06-30 11:24:15,20.142721,85.663775,20.0,Xiaomi,Redmi Note 11,eSAKSHI Mobile App
EV-DEMO-00482,MPLADS-DEMO-000241,SITE_IMAGE,Geo-tagged Asset Verification Photograph - Village-27,MPLADS-DEMO-000241_verification_stage.jpg,image/jpeg,229224,674181ccae16002e95ce30b80fd165c63097a9fd47f8792f5f62f5638d2d93f4,986c8ef78566c983,2024-08-25 15:42:10,20.142341,85.663882,32.1,Xiaomi,Redmi Note 11,eSAKSHI Mobile App
EV-DEMO-00483,MPLADS-DEMO-000242,PROGRESS_PHOTO,Site Inspection Photograph - Construction Stage - Village-14,MPLADS-DEMO-000242_progress_stage.jpg,image/jpeg,334356,fcbbb216495b3c4472fb47290cea6431c7a169a2337481954aace09fa66aa21d,ad432ef0879ad39a,2023-08-10 11:24:15,22.980469,72.539076,20.3,Samsung,SM-A525F,eSAKSHI Mobile App
EV-DEMO-00484,MPLADS-DEMO-000242,COMPLETION_PHOTO,Geo-tagged Asset Verification Photograph - Village-14,MPLADS-DEMO-000242_verification_stage.jpg,image/jpeg,420656,c7498e01c15ae21cbb50e37fa9b141d79767bac4b250a206dd0265240a04e166,28328fdc926839a9,2023-11-25 15:42:10,22.980424,72.538905,34.5,Samsung,SM-A525F,eSAKSHI Mobile App
EV-DEMO-00485,MPLADS-DEMO-000243,PROGRESS_PHOTO,Site Inspection Photograph - Construction Stage - Village-137,MPLADS-DEMO-000243_progress_stage.jpg,image/jpeg,216870,213c0b52aba1e9e3e330d072ac56a2f1cd708170e5e00bce7735caeac9f39a84,25ee719323d3aaef,2024-02-25 11:24:15,22.239549,70.830933,16.4,Realme,Realme 9 Pro,eSAKSHI Mobile App
EV-DEMO-00486,MPLADS-DEMO-000243,COMPLETION_PHOTO,Geo-tagged Asset Verification Photograph - Village-137,MPLADS-DEMO-000243_verification_stage.jpg,image/jpeg,229586,ee52991fe89610859b0672873c4d93ec60efb43fe76c666b216b2529e5aaec99,2c94cbd52c2494e4,2024-04-21 15:42:10,22.239448,70.830619,33.1,Realme,Realme 9 Pro,eSAKSHI Mobile App
EV-DEMO-00487,MPLADS-DEMO-000244,PROGRESS_PHOTO,Site Inspection Photograph - Construction Stage - Village-73,MPLADS-DEMO-000244_progress_stage.jpg,image/jpeg,214207,a841a8acb57fc6d39660e79a6da63a25187a1cfa4c1a10a39a034b72ca33c18e,e10b83a8d18e8204,2023-06-07 11:24:15,26.946779,75.779389,22.4,Samsung,SM-A525F,eSAKSHI Mobile App
EV-DEMO-00488,MPLADS-DEMO-000244,COMPLETION_PHOTO,Geo-tagged Asset Verification Photograph - Village-73,MPLADS-DEMO-000244_verification_stage.jpg,image/jpeg,408065,e8a634e32f61473096c7b44b48caefbe8c4ca0084eb188eb50a333c85e6f266a,825758141cb673d1,2023-08-04 15:42:10,26.946985,75.778926,29.1,Samsung,SM-A525F,eSAKSHI Mobile App
EV-DEMO-00489,MPLADS-DEMO-000245,PROGRESS_PHOTO,Site Inspection Photograph - Construction Stage - Village-3,MPLADS-DEMO-000245_progress_stage.jpg,image/jpeg,373766,1e6655526142130857635c8fe41dbd8cd4ae5b96be1a278bc48a493fe2226c06,ec73b666f05c8756,2023-10-18 11:24:15,18.527169,73.864043,28.6,Xiaomi,Redmi Note 11,eSAKSHI Mobile App
EV-DEMO-00490,MPLADS-DEMO-000245,SITE_IMAGE,Geo-tagged Asset Verification Photograph - Village-3,MPLADS-DEMO-000245_verification_stage.jpg,image/jpeg,269701,027b17a9cf23d53dbe29769717c29a4289e7406ceaf9dfab36067834fd316636,bc8b075de6bfa196,2024-01-18 15:42:10,18.527513,73.864069,28.1,Xiaomi,Redmi Note 11,eSAKSHI Mobile App
EV-DEMO-00491,MPLADS-DEMO-000246,PROGRESS_PHOTO,Site Inspection Photograph - Construction Stage - Village-166,MPLADS-DEMO-000246_progress_stage.jpg,image/jpeg,330962,100df35edbf15aaff0527bdbbe94771a3160f6f5f5435054881747b4afadbf2a,cd38d2367ee0635b,2023-06-15 11:24:15,24.631104,73.665903,11.8,Xiaomi,Redmi Note 11,eSAKSHI Mobile App
EV-DEMO-00492,MPLADS-DEMO-000246,COMPLETION_PHOTO,Geo-tagged Asset Verification Photograph - Village-166,MPLADS-DEMO-000246_verification_stage.jpg,image/jpeg,400640,7d4134822a05ac69d61c7eccc44c5d31f9d80055ff1cb49062f1e076d68b612b,9d9b2ac5ce376f82,2023-08-05 15:42:10,24.630905,73.666104,22.3,Xiaomi,Redmi Note 11,eSAKSHI Mobile App
EV-DEMO-00493,MPLADS-DEMO-000247,PROGRESS_PHOTO,Site Inspection Photograph - Construction Stage - Village-19,MPLADS-DEMO-000247_progress_stage.jpg,image/jpeg,388825,daa33cfa57caee3428d48b73681e180f4b4dbc0069ae59cccfe290613cf48a8a,409430e5e594f484,2024-08-07 11:24:15,23.154237,79.930346,20.0,Xiaomi,Redmi Note 11,eSAKSHI Mobile App
EV-DEMO-00494,MPLADS-DEMO-000247,SITE_IMAGE,Geo-tagged Asset Verification Photograph - Village-19,MPLADS-DEMO-000247_verification_stage.jpg,image/jpeg,343254,6702f2ebc91a7a54fccbac486681c0e8cd47494850b6be65ec3bdd7391e5b51b,98bb7dffa07ddabc,2024-09-25 15:42:10,23.15408,79.930297,26.9,Xiaomi,Redmi Note 11,eSAKSHI Mobile App
EV-DEMO-00495,MPLADS-DEMO-000248,PROGRESS_PHOTO,Site Inspection Photograph - Construction Stage - Village-50,MPLADS-DEMO-000248_progress_stage.jpg,image/jpeg,236774,0d831cdd5a21d74be741dab145f996256bf29c55dcd3bcfc582bc5971a8669a3,29e6c748af3eeae4,2023-06-20 11:24:15,21.122184,79.081717,10.6,Vivo,Vivo V23 5G,eSAKSHI Mobile App
EV-DEMO-00496,MPLADS-DEMO-000248,COMPLETION_PHOTO,Geo-tagged Asset Verification Photograph - Village-50,MPLADS-DEMO-000248_verification_stage.jpg,image/jpeg,366211,1eff2ba81ede8e9576b740c8ce031823fbad1dd8c54fe7a92255ad5722956274,f64ed094bae119c2,2023-08-26 15:42:10,21.121923,79.081724,21.9,Vivo,Vivo V23 5G,eSAKSHI Mobile App
EV-DEMO-00497,MPLADS-DEMO-000249,PROGRESS_PHOTO,Site Inspection Photograph - Construction Stage - Village-183,MPLADS-DEMO-000249_progress_stage.jpg,image/jpeg,249129,fd6f62cfba9b959729422c3ec2e97ea979b93dee3aee60786983891ed62e4d28,99132c8043200676,2023-09-28 11:24:15,26.877847,80.937698,19.9,OnePlus,Nord CE 2,eSAKSHI Mobile App
EV-DEMO-00498,MPLADS-DEMO-000249,COMPLETION_PHOTO,Geo-tagged Asset Verification Photograph - Village-183,MPLADS-DEMO-000249_verification_stage.jpg,image/jpeg,350311,cb2fd8992c4de3d3e9f450574b36a443dc482f3472e973d16dd7df00fe55bcc9,6a7d75657b67943d,2024-01-07 15:42:10,26.877883,80.937854,4.2,OnePlus,Nord CE 2,eSAKSHI Mobile App
EV-DEMO-00499,MPLADS-DEMO-000250,PROGRESS_PHOTO,Site Inspection Photograph - Construction Stage - Village-72,MPLADS-DEMO-000250_progress_stage.jpg,image/jpeg,273482,cfe0d8427ae0b22b1fff358902a4f3f4196c7489f5fce24f90a91a58cf7466e1,2d4ba7ab1d1c7044,2024-01-06 11:24:15,21.192525,79.041433,10.8,Xiaomi,Redmi Note 11,eSAKSHI Mobile App
EV-DEMO-00500,MPLADS-DEMO-000250,COMPLETION_PHOTO,Geo-tagged Asset Verification Photograph - Village-72,MPLADS-DEMO-000250_verification_stage.jpg,image/jpeg,458278,5a153713e5c3787b8a47cd59072e3d41eff5609e19bbf7c02dd7952abfd3e75b,762bb111cc1e50f8,2024-03-29 15:42:10,21.192395,79.041372,5.1,Xiaomi,Redmi Note 11,eSAKSHI Mobile App
EV-DEMO-00501,MPLADS-DEMO-000251,PROGRESS_PHOTO,Site Inspection Photograph - Construction Stage - Village-104,MPLADS-DEMO-000251_progress_stage.jpg,image/jpeg,346979,d0e0ea9215997846bb216267500721db02c25be55e443d959fc8eb4de32c97af,4865e01ca3b1129a,2023-12-31 11:24:15,18.473507,79.091488,10.4,Apple,iPhone 13,eSAKSHI Mobile App
EV-DEMO-00502,MPLADS-DEMO-000251,COMPLETION_PHOTO,Geo-tagged Asset Verification Photograph - Village-104,MPLADS-DEMO-000251_verification_stage.jpg,image/jpeg,331662,bfcc47aae01c160f7bfad5c9bd42cffebb42a1b5cfa5470bda1e174f6f901d07,5d0c25e68168bf80,2024-04-29 15:42:10,18.473512,79.091532,12.1,Apple,iPhone 13,eSAKSHI Mobile App
EV-DEMO-00503,MPLADS-DEMO-000252,PROGRESS_PHOTO,Site Inspection Photograph - Construction Stage - Village-119,MPLADS-DEMO-000252_progress_stage.jpg,image/jpeg,360448,77c0a9fa6225174484acf2b14fc9c5a38b731ecac0ac51c9a2ca7087ef6d6ffc,26d946772bc45ffd,2024-05-27 11:24:15,20.18118,85.567809,22.6,Vivo,Vivo V23 5G,eSAKSHI Mobile App
EV-DEMO-00504,MPLADS-DEMO-000252,SITE_IMAGE,Geo-tagged Asset Verification Photograph - Village-119,MPLADS-DEMO-000252_verification_stage.jpg,image/jpeg,421961,df92391c46f1587d3c8552ba117300906ae9fe0c14e7086c5a14fbd35c367b98,d2c564197681d135,2024-07-18 15:42:10,20.181344,85.568261,44.8,Vivo,Vivo V23 5G,eSAKSHI Mobile App
EV-DEMO-00505,MPLADS-DEMO-000253,PROGRESS_PHOTO,Site Inspection Photograph - Construction Stage - Village-38,MPLADS-DEMO-000253_progress_stage.jpg,image/jpeg,307906,844ed498d1bdb7c43f031868f652a38d349b1087366b14d9e1c28285cd3ab88f,41c156cf264ca243,2023-07-06 11:24:15,11.047495,76.953482,19.1,Vivo,Vivo V23 5G,eSAKSHI Mobile App
EV-DEMO-00506,MPLADS-DEMO-000253,COMPLETION_PHOTO,Geo-tagged Asset Verification Photograph - Village-38,MPLADS-DEMO-000253_verification_stage.jpg,image/jpeg,403846,a3bf5460c1f76f90ca82e6ad92b9b161b101000e07572ea25547803eafed36a0,c8a0c5b7c1e43a56,2023-11-14 15:42:10,11.047708,76.953931,40.1,Vivo,Vivo V23 5G,eSAKSHI Mobile App
EV-DEMO-00507,MPLADS-DEMO-000254,PROGRESS_PHOTO,Site Inspection Photograph - Construction Stage - Village-100,MPLADS-DEMO-000254_progress_stage.jpg,image/jpeg,289197,8abeac252e91509c74edd73d62c55866ed5f8a8ff21bc9ed8082fd6eb1f14c21,e09665667b6efc55,2023-06-02 11:24:15,12.291862,76.633552,5.2,Xiaomi,Redmi Note 11,eSAKSHI Mobile App
EV-DEMO-00508,MPLADS-DEMO-000254,COMPLETION_PHOTO,Geo-tagged Asset Verification Photograph - Village-100,MPLADS-DEMO-000254_verification_stage.jpg,image/jpeg,403710,bb1bf7f77e10f7b205412ec303d32104b48f9d7968c40b3c0199ef87a680fbe6,c94bde718ab4fc9a,2023-08-09 15:42:10,12.291738,76.633364,20.2,Xiaomi,Redmi Note 11,eSAKSHI Mobile App
EV-DEMO-00509,MPLADS-DEMO-000255,PROGRESS_PHOTO,Site Inspection Photograph - Construction Stage - Village-151,MPLADS-DEMO-000255_progress_stage.jpg,image/jpeg,277221,0716e78464d6a21ce8050c634cb2f586a0acd4966fff44ad911912ef6c1df3b8,c38f17ecb46a84a0,2023-07-17 11:24:15,11.684196,78.189644,5.5,Xiaomi,Redmi Note 11,eSAKSHI Mobile App
EV-DEMO-00510,MPLADS-DEMO-000255,COMPLETION_PHOTO,Geo-tagged Asset Verification Photograph - Village-151,MPLADS-DEMO-000255_verification_stage.jpg,image/jpeg,351974,c6d7fefa8fe0e145d1047ae4527f539a8d6f8ecc59e8b32be3bb94054fffb2a6,ce6d4283af4086ce,2023-09-15 15:42:10,11.684107,78.189576,14.6,Xiaomi,Redmi Note 11,eSAKSHI Mobile App
EV-DEMO-00511,MPLADS-DEMO-000256,PROGRESS_PHOTO,Site Inspection Photograph - Construction Stage - Village-129,MPLADS-DEMO-000256_progress_stage.jpg,image/jpeg,268621,c7d1d6a791e24fe966ef1c340ba4d0751a541ddca5ca37281b6308e7091f04d8,74146a551bc4630c,2023-07-07 11:24:15,20.512252,85.875254,12.0,Realme,Realme 9 Pro,eSAKSHI Mobile App
EV-DEMO-00512,MPLADS-DEMO-000256,SITE_IMAGE,Geo-tagged Asset Verification Photograph - Village-129,MPLADS-DEMO-000256_verification_stage.jpg,image/jpeg,423763,560a9b362d2de093004cd399fac9b9327f4e17a9dfa0161ac859ce1f1eec5c7f,d091fd7a04dc5434,2023-08-30 15:42:10,20.512201,85.875306,13.1,Realme,Realme 9 Pro,eSAKSHI Mobile App
EV-DEMO-00513,MPLADS-DEMO-000257,PROGRESS_PHOTO,Site Inspection Photograph - Construction Stage - Village-107,MPLADS-DEMO-000257_progress_stage.jpg,image/jpeg,412843,bb220c0746a0caa99e227ad44daa758158e85c49dfb30201eff81888f12dd9df,34797e7b0436a592,2024-01-31 11:24:15,18.479204,79.157464,17.2,Xiaomi,Redmi Note 11,eSAKSHI Mobile App
EV-DEMO-00514,MPLADS-DEMO-000257,SITE_IMAGE,Geo-tagged Asset Verification Photograph - Village-107,MPLADS-DEMO-000257_verification_stage.jpg,image/jpeg,316193,0eb169dd091e03df294c1e72bf71510c1f37887e984b4f4322c7756bc83e3afb,1c1ceac55baf86e7,2024-03-29 15:42:10,18.479201,79.157225,27.5,Xiaomi,Redmi Note 11,eSAKSHI Mobile App
EV-DEMO-00515,MPLADS-DEMO-000258,PROGRESS_PHOTO,Site Inspection Photograph - Construction Stage - Village-35,MPLADS-DEMO-000258_progress_stage.jpg,image/jpeg,258069,ade737cf72177073e30309d53569fb9be8f7aae305afdea5a5942ac20ee55e94,461da2e02a281df5,2024-07-04 11:24:15,11.033638,76.895932,4.0,Apple,iPhone 13,eSAKSHI Mobile App
EV-DEMO-00516,MPLADS-DEMO-000258,SITE_IMAGE,Geo-tagged Asset Verification Photograph - Village-35,MPLADS-DEMO-000258_verification_stage.jpg,image/jpeg,449949,f7665bac6630fede1761a8f086e489f10fed40bf7124389572767201a823f786,bb7cd3a2d09d64e1,2024-08-17 15:42:10,11.033543,76.895644,29.4,Apple,iPhone 13,eSAKSHI Mobile App
EV-DEMO-00517,MPLADS-DEMO-000259,PROGRESS_PHOTO,Site Inspection Photograph - Construction Stage - Village-22,MPLADS-DEMO-000259_progress_stage.jpg,image/jpeg,375283,816926bb18f50e0348e089c6b7b4a6a4dc914bc43cb8399e775fb1d7146976cc,6e92c70fcfe88e12,2024-06-22 11:24:15,11.627631,78.160028,27.5,Apple,iPhone 13,eSAKSHI Mobile App
EV-DEMO-00518,MPLADS-DEMO-000259,COMPLETION_PHOTO,Geo-tagged Asset Verification Photograph - Village-22,MPLADS-DEMO-000259_verification_stage.jpg,image/jpeg,352319,9de5ff5177316d882440dbb852af5b6f1d34a0a1e066fb0742e212a29000eff1,fecabecef06920db,2024-09-21 15:42:10,11.627485,78.159683,18.2,Apple,iPhone 13,eSAKSHI Mobile App
EV-DEMO-00519,MPLADS-DEMO-000260,PROGRESS_PHOTO,Site Inspection Photograph - Construction Stage - Village-186,MPLADS-DEMO-000260_progress_stage.jpg,image/jpeg,311127,70ccdd1c7505af3de301f8803c9a3494dc0d373153c79a64d1a1a2c011e60a93,7117ce6b9a7bca4f,2023-10-18 11:24:15,12.319842,76.694325,9.7,Xiaomi,Redmi Note 11,eSAKSHI Mobile App
EV-DEMO-00520,MPLADS-DEMO-000260,SITE_IMAGE,Geo-tagged Asset Verification Photograph - Village-186,MPLADS-DEMO-000260_verification_stage.jpg,image/jpeg,223701,f2bbfe96814a1a3bbcfc100b2d7c62bf31707f273cf927682265def28a2f11da,037aaeccfb7d107f,2024-02-03 15:42:10,12.319884,76.694407,12.0,Xiaomi,Redmi Note 11,eSAKSHI Mobile App
EV-DEMO-00521,MPLADS-DEMO-000261,PROGRESS_PHOTO,Site Inspection Photograph - Construction Stage - Village-156,MPLADS-DEMO-000261_progress_stage.jpg,image/jpeg,257603,0269f41ffbe45d97975c9697cd4e7225887f324e133d934b354ce7ac0f34a046,00179ea0198f7eb9,2023-11-25 11:24:15,11.632876,76.128878,5.1,Realme,Realme 9 Pro,eSAKSHI Mobile App
EV-DEMO-00522,MPLADS-DEMO-000261,COMPLETION_PHOTO,Geo-tagged Asset Verification Photograph - Village-156,MPLADS-DEMO-000261_verification_stage.jpg,image/jpeg,250456,66b03de155fdf1998807478adc55db1238e387864dfe3bd6be1d38cf277115b5,3bf40ee4139ebba8,2024-03-25 15:42:10,11.632901,76.128946,9.3,Realme,Realme 9 Pro,eSAKSHI Mobile App
EV-DEMO-00523,MPLADS-DEMO-000262,PROGRESS_PHOTO,Site Inspection Photograph - Construction Stage - Village-134,MPLADS-DEMO-000262_progress_stage.jpg,image/jpeg,311096,7989cebe3a0da8239e6cbd3126908bc6feadbc5963cdedbc211eafe5f179b6a9,af1576d2fa0d2cfc,2023-11-16 11:24:15,18.428231,79.177417,13.3,Realme,Realme 9 Pro,eSAKSHI Mobile App
EV-DEMO-00524,MPLADS-DEMO-000262,COMPLETION_PHOTO,Geo-tagged Asset Verification Photograph - Village-134,MPLADS-DEMO-000262_verification_stage.jpg,image/jpeg,313145,30f8c575a74de981dae8044316fb1e95f330ffbb96ad5c1f2281cf600ac52710,f7241b3039ada9f0,2024-01-14 15:42:10,18.42805,79.177765,36.6,Realme,Realme 9 Pro,eSAKSHI Mobile App
EV-DEMO-00525,MPLADS-DEMO-000263,PROGRESS_PHOTO,Site Inspection Photograph - Construction Stage - Village-22,MPLADS-DEMO-000263_progress_stage.jpg,image/jpeg,310312,f13d58eea01bd70f5097ecbe69156047e80d60e0bd5c85b4fe3fcd0ca6d0fdd1,8bab9e7dd3a462e5,2024-03-28 11:24:15,26.73226,83.422078,21.0,Apple,iPhone 13,eSAKSHI Mobile App
EV-DEMO-00526,MPLADS-DEMO-000263,SITE_IMAGE,Geo-tagged Asset Verification Photograph - Village-22,MPLADS-DEMO-000263_verification_stage.jpg,image/jpeg,240896,79e8d0fcbc7a5973d5ee6335acb8803435e81d0963fe9317e608af6988e7c189,27578f26ff8aca03,2024-08-04 15:42:10,26.73225,83.421958,29.4,Apple,iPhone 13,eSAKSHI Mobile App
EV-DEMO-00527,MPLADS-DEMO-000264,PROGRESS_PHOTO,Site Inspection Photograph - Construction Stage - Village-105,MPLADS-DEMO-000264_progress_stage.jpg,image/jpeg,181066,f7942be07705efd61a923304f70145d424367cab639a9bc892fba49244a3b0b9,fdbfccf5fa499111,2024-01-24 11:24:15,11.646261,78.101253,20.7,Realme,Realme 9 Pro,eSAKSHI Mobile App
EV-DEMO-00528,MPLADS-DEMO-000264,COMPLETION_PHOTO,Geo-tagged Asset Verification Photograph - Village-105,MPLADS-DEMO-000264_verification_stage.jpg,image/jpeg,462692,90ae942442f0cfa5db839b7279b1fa852081fc744018b9b063f09ea7e9d6f990,0e852d65c886b2b6,2024-02-16 15:42:10,11.646259,78.101189,16.8,Realme,Realme 9 Pro,eSAKSHI Mobile App
EV-DEMO-00529,MPLADS-DEMO-000265,PROGRESS_PHOTO,Site Inspection Photograph - Construction Stage - Village-124,MPLADS-DEMO-000265_progress_stage.jpg,image/jpeg,281344,8a0a62730d5054a97d0afb632d53f1e5f9e81322560c6462287c584525df15d7,ee2fa92fa66e0b62,2023-10-17 11:24:15,23.217942,77.42044,26.8,OnePlus,Nord CE 2,eSAKSHI Mobile App
EV-DEMO-00530,MPLADS-DEMO-000265,COMPLETION_PHOTO,Geo-tagged Asset Verification Photograph - Village-124,MPLADS-DEMO-000265_verification_stage.jpg,image/jpeg,279108,563855aa0705b175a856956a3c3557068fb5d45dd2beb2c37c4d627eca645ed4,542e64e5e0f23635,2024-01-28 15:42:10,23.217999,77.420107,23.3,OnePlus,Nord CE 2,eSAKSHI Mobile App
EV-DEMO-00531,MPLADS-DEMO-000266,PROGRESS_PHOTO,Site Inspection Photograph - Construction Stage - Village-42,MPLADS-DEMO-000266_progress_stage.jpg,image/jpeg,381382,8e96289cb4d1540831bcaaf5dd98d06457ea7872dc7bc227793300877841cbc1,bac3714de6f1167f,2024-02-25 11:24:15,23.129495,79.987364,13.2,Samsung,SM-A525F,eSAKSHI Mobile App
EV-DEMO-00532,MPLADS-DEMO-000266,COMPLETION_PHOTO,Geo-tagged Asset Verification Photograph - Village-42,MPLADS-DEMO-000266_verification_stage.jpg,image/jpeg,306439,87b3585e8f4bb102c0c556989c06eb5e9fef7bdb15f2cd7a139419daa583cead,a7edbcea35ada712,2024-05-10 15:42:10,23.129706,79.98745,19.2,Samsung,SM-A525F,eSAKSHI Mobile App
EV-DEMO-00533,MPLADS-DEMO-000267,PROGRESS_PHOTO,Site Inspection Photograph - Construction Stage - Village-23,MPLADS-DEMO-000267_progress_stage.jpg,image/jpeg,331559,08dfce79da4ed905a8fd073c5a32ff8b3b1e8ceb0871639478fcd48bc5a587b5,2bc7daaa60aa8e03,2024-08-08 11:24:15,13.007741,77.531488,18.3,Vivo,Vivo V23 5G,eSAKSHI Mobile App
EV-DEMO-00534,MPLADS-DEMO-000267,SITE_IMAGE,Geo-tagged Asset Verification Photograph - Village-23,MPLADS-DEMO-000267_verification_stage.jpg,image/jpeg,365471,fc79f26fd1e8929e82954d869e69c61cf5504d209c7dfb5640f6bc8562c05cb4,e3b87ff56c1bfb42,2024-12-06 15:42:10,13.00791,77.531563,11.5,Vivo,Vivo V23 5G,eSAKSHI Mobile App
EV-DEMO-00535,MPLADS-DEMO-000268,PROGRESS_PHOTO,Site Inspection Photograph - Construction Stage - Village-164,MPLADS-DEMO-000268_progress_stage.jpg,image/jpeg,336722,e3a51b75cfaf7a5761169335ac3bf4a26113c7d0cdcf006a36cdcf92c90aeab3,dd4578f424099037,2023-08-15 11:24:15,17.96805,79.530618,18.7,Vivo,Vivo V23 5G,eSAKSHI Mobile App
EV-DEMO-00536,MPLADS-DEMO-000268,COMPLETION_PHOTO,Geo-tagged Asset Verification Photograph - Village-164,MPLADS-DEMO-000268_verification_stage.jpg,image/jpeg,367587,c887bfdc75b747cf2b08cb303e691ead046df7576f5b95ac64e804c5a12ab687,30f44d52be67a00c,2023-09-27 15:42:10,17.968144,79.530641,16.0,Vivo,Vivo V23 5G,eSAKSHI Mobile App
EV-DEMO-00537,MPLADS-DEMO-000269,PROGRESS_PHOTO,Site Inspection Photograph - Construction Stage - Village-173,MPLADS-DEMO-000269_progress_stage.jpg,image/jpeg,312547,52b59b919f7276e967c13873bb8485af49bc06325a9a97bb74b0ccbea3dd4dd6,71b82360ba0ed922,2023-08-11 11:24:15,26.786346,80.912332,5.5,Samsung,SM-A525F,eSAKSHI Mobile App
EV-DEMO-00538,MPLADS-DEMO-000269,COMPLETION_PHOTO,Geo-tagged Asset Verification Photograph - Village-173,MPLADS-DEMO-000269_verification_stage.jpg,image/jpeg,267586,4e4aa85ee686170707b69352d45d5cfa2b03033c6128d00e4a6249e8f6c52c9e,4bf4b17b4554b452,2024-01-08 15:42:10,26.786487,80.912599,31.4,Samsung,SM-A525F,eSAKSHI Mobile App
EV-DEMO-00539,MPLADS-DEMO-000270,PROGRESS_PHOTO,Site Inspection Photograph - Construction Stage - Village-24,MPLADS-DEMO-000270_progress_stage.jpg,image/jpeg,368378,5d2264e5b97796ce5d862de3d83de275213aeaad77b3eb1a113669f382ebfe82,310ac0e44bebdd44,2024-08-17 11:24:15,12.302212,76.668962,18.2,Xiaomi,Redmi Note 11,eSAKSHI Mobile App
EV-DEMO-00540,MPLADS-DEMO-000270,SITE_IMAGE,Geo-tagged Asset Verification Photograph - Village-24,MPLADS-DEMO-000270_verification_stage.jpg,image/jpeg,424957,a1ea87fc455b954fe49ccbd07bd4df6fd24fbcc6accccd455feeee937eaa5ee2,9f4b5fe29cf80430,2024-10-07 15:42:10,12.302287,76.668551,27.2,Xiaomi,Redmi Note 11,eSAKSHI Mobile App
EV-DEMO-00541,MPLADS-DEMO-000271,PROGRESS_PHOTO,Site Inspection Photograph - Construction Stage - Village-67,MPLADS-DEMO-000271_progress_stage.jpg,image/jpeg,324363,fb172ea139dc463596e868c40ae9f42deb2720980e6d42c1cc4b53b89acc661e,015237a25bd47f6e,2023-06-11 11:24:15,19.337565,84.990884,22.5,Realme,Realme 9 Pro,eSAKSHI Mobile App
EV-DEMO-00542,MPLADS-DEMO-000271,COMPLETION_PHOTO,Geo-tagged Asset Verification Photograph - Village-67,MPLADS-DEMO-000271_verification_stage.jpg,image/jpeg,268163,b5fc05059cc44c920cb21dd67176d0013b270ee1220ca4bca37ed44865f819d3,1cc0e7537b0608aa,2023-07-21 15:42:10,19.337586,84.990643,25.8,Realme,Realme 9 Pro,eSAKSHI Mobile App
EV-DEMO-00543,MPLADS-DEMO-000272,PROGRESS_PHOTO,Site Inspection Photograph - Construction Stage - Village-198,MPLADS-DEMO-000272_progress_stage.jpg,image/jpeg,271725,b4adf3b0fe0f42f51d834782370092f9948c6d27d5cd3b4e5efbf15cb60b7e30,a456d43dd7ef8265,2024-05-06 11:24:15,22.686408,75.836699,25.9,Samsung,SM-A525F,eSAKSHI Mobile App
EV-DEMO-00544,MPLADS-DEMO-000272,SITE_IMAGE,Geo-tagged Asset Verification Photograph - Village-198,MPLADS-DEMO-000272_verification_stage.jpg,image/jpeg,420424,52ff6599d1c43bae3176d84256e8f4f23cdf0d9472e131f68586b7e1bc3431d2,c0728910aa5f9ce2,2024-10-02 15:42:10,22.68639,75.836573,34.3,Samsung,SM-A525F,eSAKSHI Mobile App
EV-DEMO-00545,MPLADS-DEMO-000273,PROGRESS_PHOTO,Site Inspection Photograph - Construction Stage - Village-174,MPLADS-DEMO-000273_progress_stage.jpg,image/jpeg,333380,681a6c2c8c689d0677bc7ddd76c2c2bb1613bca14673e74d61265a5886ac3b69,a0d0cdef3703d437,2023-03-20 11:24:15,11.69048,78.18493,10.4,Apple,iPhone 13,eSAKSHI Mobile App
EV-DEMO-00546,MPLADS-DEMO-000273,COMPLETION_PHOTO,Geo-tagged Asset Verification Photograph - Village-174,MPLADS-DEMO-000273_verification_stage.jpg,image/jpeg,328710,4f3fd2de814f5b7c48f9cc867a9df8cc6645d86916d1f6c1f2d1a72ab7ce4cf6,46c039a003a0f2b7,2023-05-03 15:42:10,11.69061,78.18477,32.4,Apple,iPhone 13,eSAKSHI Mobile App
EV-DEMO-00547,MPLADS-DEMO-000274,PROGRESS_PHOTO,Site Inspection Photograph - Construction Stage - Village-142,MPLADS-DEMO-000274_progress_stage.jpg,image/jpeg,354557,73ff72bd7fd0d3b1d9ec149d8f09ec17dea04e93771cc9e2bc09069ab7ab2400,1335a6a50b9c0cc1,2023-06-15 11:24:15,18.494871,79.125638,24.2,Xiaomi,Redmi Note 11,eSAKSHI Mobile App
EV-DEMO-00548,MPLADS-DEMO-000274,COMPLETION_PHOTO,Geo-tagged Asset Verification Photograph - Village-142,MPLADS-DEMO-000274_verification_stage.jpg,image/jpeg,317541,a686789dd9dcac817e1f9c8b7995e3a743b83afeb3f1b292fee39da8d96a83cf,08a66160f4673674,2023-09-14 15:42:10,18.494882,79.125846,24.3,Xiaomi,Redmi Note 11,eSAKSHI Mobile App
EV-DEMO-00549,MPLADS-DEMO-000275,PROGRESS_PHOTO,Site Inspection Photograph - Construction Stage - Village-59,MPLADS-DEMO-000275_progress_stage.jpg,image/jpeg,191951,dc986c27a913960ef6180786b801ff33f5a0719fcc3d538abab73345d265bcd0,a5c21611ed09a1d5,2023-05-07 11:24:15,20.142273,85.5885,16.8,Apple,iPhone 13,eSAKSHI Mobile App
EV-DEMO-00550,MPLADS-DEMO-000275,COMPLETION_PHOTO,Geo-tagged Asset Verification Photograph - Village-59,MPLADS-DEMO-000275_verification_stage.jpg,image/jpeg,349094,6f0b2bc4b2cf011a1d011f399b62bfc7cfec3fed42c88af9104790a198aebf18,78d17baed6fe0d19,2023-09-27 15:42:10,20.142298,85.588838,19.1,Apple,iPhone 13,eSAKSHI Mobile App
EV-DEMO-00551,MPLADS-DEMO-000276,PROGRESS_PHOTO,Site Inspection Photograph - Construction Stage - Village-127,MPLADS-DEMO-000276_progress_stage.jpg,image/jpeg,309400,b999f7782320fa76e399d65c486dadb1b5f63ca56642a780ebc2549ebd55f189,a724e24c831c8ed6,2024-03-30 11:24:15,24.637338,73.762174,25.0,Samsung,SM-A525F,eSAKSHI Mobile App
EV-DEMO-00552,MPLADS-DEMO-000276,SITE_IMAGE,Geo-tagged Asset Verification Photograph - Village-127,MPLADS-DEMO-000276_verification_stage.jpg,image/jpeg,341620,80fe12478fab3f497a857fdc41f0cf7f6371230cd31833e1bccc0bd05585b3b6,be0e7b05056f70f0,2024-08-05 15:42:10,24.636986,73.761772,32.0,Samsung,SM-A525F,eSAKSHI Mobile App
EV-DEMO-00553,MPLADS-DEMO-000277,PROGRESS_PHOTO,Site Inspection Photograph - Construction Stage - Village-123,MPLADS-DEMO-000277_progress_stage.jpg,image/jpeg,254167,2807e30f7a51495362aa65b38b3ea78767d76117e521f569741456e193caa538,068b95da78cac281,2023-06-16 11:24:15,23.079496,72.510437,26.7,OnePlus,Nord CE 2,eSAKSHI Mobile App
EV-DEMO-00554,MPLADS-DEMO-000277,COMPLETION_PHOTO,Geo-tagged Asset Verification Photograph - Village-123,MPLADS-DEMO-000277_verification_stage.jpg,image/jpeg,253535,62fbd5480007266fd04eef7bd5855b1b7d198215b39a0a0a228157ed630b4991,579741d983ef00d7,2023-10-18 15:42:10,23.079748,72.510687,11.7,OnePlus,Nord CE 2,eSAKSHI Mobile App
EV-DEMO-00555,MPLADS-DEMO-000278,PROGRESS_PHOTO,Site Inspection Photograph - Construction Stage - Village-98,MPLADS-DEMO-000278_progress_stage.jpg,image/jpeg,222349,981bc524298943ab223afe775e2e099397970866f84cb341995c020d3e748f9c,46489492317f130f,2023-07-15 11:24:15,22.31457,70.779569,16.7,Samsung,SM-A525F,eSAKSHI Mobile App
EV-DEMO-00556,MPLADS-DEMO-000278,COMPLETION_PHOTO,Geo-tagged Asset Verification Photograph - Village-98,MPLADS-DEMO-000278_verification_stage.jpg,image/jpeg,428748,b1d3f7e42712c4891d0bee4a92d4e47df9022231d6c3ba1e9ce308b577ed5102,7907dda4b05aba98,2023-09-09 15:42:10,22.314221,70.779544,23.7,Samsung,SM-A525F,eSAKSHI Mobile App
EV-DEMO-00557,MPLADS-DEMO-000279,PROGRESS_PHOTO,Site Inspection Photograph - Construction Stage - Village-108,MPLADS-DEMO-000279_progress_stage.jpg,image/jpeg,188645,1ab0f31013c62ef54aac043b527e675cbd14f9ed584e179f2eb8baaefcee750f,812bd54306501eaf,2023-05-12 11:24:15,13.090555,77.551218,4.7,Realme,Realme 9 Pro,eSAKSHI Mobile App
EV-DEMO-00558,MPLADS-DEMO-000279,COMPLETION_PHOTO,Geo-tagged Asset Verification Photograph - Village-108,MPLADS-DEMO-000279_verification_stage.jpg,image/jpeg,230738,2dd846fa296e931bcc12b9e533c530f73d6c12a6dae3211e3ba80c653d2af93c,62f94f4ffd0b1df9,2023-10-02 15:42:10,13.090872,77.551426,39.5,Realme,Realme 9 Pro,eSAKSHI Mobile App
EV-DEMO-00559,MPLADS-DEMO-000280,PROGRESS_PHOTO,Site Inspection Photograph - Construction Stage - Village-38,MPLADS-DEMO-000280_progress_stage.jpg,image/jpeg,381774,3039ebafcd08b888d1f2cbd7fa4696ec08d32aacd207d38b01ca926890a86879,9af1494003f96eb6,2023-11-21 11:24:15,20.219763,85.652392,24.7,Xiaomi,Redmi Note 11,eSAKSHI Mobile App
EV-DEMO-00560,MPLADS-DEMO-000280,COMPLETION_PHOTO,Geo-tagged Asset Verification Photograph - Village-38,MPLADS-DEMO-000280_verification_stage.jpg,image/jpeg,382557,ae50313bc0e8a9ede30cc0e49e4a8fbf8b86da68f0cda4775ddd202d76b43b7a,a3717c62c2c007e8,2024-01-22 15:42:10,20.21976,85.652447,29.5,Xiaomi,Redmi Note 11,eSAKSHI Mobile App
EV-DEMO-00561,MPLADS-DEMO-000281,PROGRESS_PHOTO,Site Inspection Photograph - Construction Stage - Village-13,MPLADS-DEMO-000281_progress_stage.jpg,image/jpeg,195706,698d7397f9a0f1f0cf2b7e85ca73cf8b4b4f7233cfc2a341d8cd0f4edb30fe73,876bd1f597b28ab0,2024-05-28 11:24:15,26.747296,83.397833,17.4,Vivo,Vivo V23 5G,eSAKSHI Mobile App
EV-DEMO-00562,MPLADS-DEMO-000281,COMPLETION_PHOTO,Geo-tagged Asset Verification Photograph - Village-13,MPLADS-DEMO-000281_verification_stage.jpg,image/jpeg,242182,3c4ab5e1bed9f230236dcebd53b7ab9eff7bbfcf14d73b847084b25ea7f284f6,5ea1aa34bc7b5e46,2024-07-13 15:42:10,26.747284,83.397716,28.0,Vivo,Vivo V23 5G,eSAKSHI Mobile App
EV-DEMO-00563,MPLADS-DEMO-000282,PROGRESS_PHOTO,Site Inspection Photograph - Construction Stage - Village-89,MPLADS-DEMO-000282_progress_stage.jpg,image/jpeg,307313,99eaf8aa2f9fefe1690fe65afa94f865f927a52d7340c4f34388f553ea990040,bc412b9785a13c11,2024-01-14 11:24:15,15.396505,74.95863,7.9,Apple,iPhone 13,eSAKSHI Mobile App
EV-DEMO-00564,MPLADS-DEMO-000282,COMPLETION_PHOTO,Geo-tagged Asset Verification Photograph - Village-89,MPLADS-DEMO-000282_verification_stage.jpg,image/jpeg,317693,5b505a37ee2515d5b3f5cd9cb1e2168ff467c0333331c26c25dfe46e57d89372,4a943676ed2040fb,2024-05-25 15:42:10,15.396743,74.958616,29.9,Apple,iPhone 13,eSAKSHI Mobile App
EV-DEMO-00565,MPLADS-DEMO-000283,PROGRESS_PHOTO,Site Inspection Photograph - Construction Stage - Village-158,MPLADS-DEMO-000283_progress_stage.jpg,image/jpeg,305973,4c5219ff48cd4a374b0661fe1f4fc26062654adc0fc3ba84b8ec4ca80748595a,a26d1e73f06a7878,2024-07-17 11:24:15,23.153572,80.003453,20.8,OnePlus,Nord CE 2,eSAKSHI Mobile App
EV-DEMO-00566,MPLADS-DEMO-000283,SITE_IMAGE,Geo-tagged Asset Verification Photograph - Village-158,MPLADS-DEMO-000283_verification_stage.jpg,image/jpeg,469791,dc36c93a0c61119ac7a88df3bf61fb390f33b645123a640f2980fa1e80d8dca4,f201eb64cbf5ed1e,2024-08-29 15:42:10,23.153961,80.003753,33.4,OnePlus,Nord CE 2,eSAKSHI Mobile App
EV-DEMO-00567,MPLADS-DEMO-000284,PROGRESS_PHOTO,Site Inspection Photograph - Construction Stage - Village-42,MPLADS-DEMO-000284_progress_stage.jpg,image/jpeg,205627,d0b7239dff1dfb027aad303bf624aad3cade4b083f2b14a776b7bc23cab79a3e,51999397246a5668,2024-02-16 11:24:15,20.160722,85.597066,20.5,Samsung,SM-A525F,eSAKSHI Mobile App
EV-DEMO-00568,MPLADS-DEMO-000284,COMPLETION_PHOTO,Geo-tagged Asset Verification Photograph - Village-42,MPLADS-DEMO-000284_verification_stage.jpg,image/jpeg,218505,bccf134eea08a2f4c6b1111fbf0a289c77855a9ae1936af88130b0ce5c83ced7,08fb910b1a1d24b3,2024-06-11 15:42:10,20.16068,85.597209,29.3,Samsung,SM-A525F,eSAKSHI Mobile App
EV-DEMO-00569,MPLADS-DEMO-000285,PROGRESS_PHOTO,Site Inspection Photograph - Construction Stage - Village-43,MPLADS-DEMO-000285_progress_stage.jpg,image/jpeg,181129,fc86809c798099cab7347694413c2a91204d6c5bcca8ea3fbc0bb81e4c5649f6,dcd675e09e818aeb,2024-03-01 11:24:15,12.254867,76.577471,19.5,Xiaomi,Redmi Note 11,eSAKSHI Mobile App
EV-DEMO-00570,MPLADS-DEMO-000285,SITE_IMAGE,Geo-tagged Asset Verification Photograph - Village-43,MPLADS-DEMO-000285_verification_stage.jpg,image/jpeg,256276,9be94ddcdcf097f1507445d9784f32b294635681a5fcfd39caced2632185d910,33da4d3a1384d59d,2024-04-26 15:42:10,12.254987,76.577415,31.4,Xiaomi,Redmi Note 11,eSAKSHI Mobile App
EV-DEMO-00571,MPLADS-DEMO-000286,PROGRESS_PHOTO,Site Inspection Photograph - Construction Stage - Village-7,MPLADS-DEMO-000286_progress_stage.jpg,image/jpeg,300422,8d93c34e16745512cda7b0a1ba2c2e80802079c2bd94bb96ddd80bd16f26464b,42217aa9271112a4,2023-04-26 11:24:15,21.205269,72.834354,22.0,Vivo,Vivo V23 5G,eSAKSHI Mobile App
EV-DEMO-00572,MPLADS-DEMO-000286,SITE_IMAGE,Geo-tagged Asset Verification Photograph - Village-7,MPLADS-DEMO-000286_verification_stage.jpg,image/jpeg,464058,5eff5165082681c4cad013f38e1dd3fcde166affbb57af30db6aec156b7e0a35,36988916f1f18fe4,2023-10-01 15:42:10,21.2055,72.834108,14.4,Vivo,Vivo V23 5G,eSAKSHI Mobile App
EV-DEMO-00573,MPLADS-DEMO-000287,PROGRESS_PHOTO,Site Inspection Photograph - Construction Stage - Village-34,MPLADS-DEMO-000287_progress_stage.jpg,image/jpeg,294331,7d5f7a36d376e55425ab98f564b02433bf607bf7cdb419a5ed118860497ad650,ba3561c5b2391267,2023-09-01 11:24:15,23.185086,79.943622,12.9,Apple,iPhone 13,eSAKSHI Mobile App
EV-DEMO-00574,MPLADS-DEMO-000287,COMPLETION_PHOTO,Geo-tagged Asset Verification Photograph - Village-34,MPLADS-DEMO-000287_verification_stage.jpg,image/jpeg,409525,33cefc56cb26ae39c962f75f3c5f2231c92917343b6ba0f798c639eb2c8af61a,923a95b84fabc746,2023-12-21 15:42:10,23.185186,79.9435,24.6,Apple,iPhone 13,eSAKSHI Mobile App
EV-DEMO-00575,MPLADS-DEMO-000288,PROGRESS_PHOTO,Site Inspection Photograph - Construction Stage - Village-152,MPLADS-DEMO-000288_progress_stage.jpg,image/jpeg,325256,679c2130687964d70044a075f67b0678a2faa6ea8cb6a88cbf59dddd988467ae,bf409f4e4e0e58b9,2024-02-21 11:24:15,23.194061,80.003265,22.3,Vivo,Vivo V23 5G,eSAKSHI Mobile App
EV-DEMO-00576,MPLADS-DEMO-000288,COMPLETION_PHOTO,Geo-tagged Asset Verification Photograph - Village-152,MPLADS-DEMO-000288_verification_stage.jpg,image/jpeg,471785,a89c89aea6ba18accf5add0c4642d9f6dc486ac8e81168aa32e603daf42fb554,afe51b4ac3abacb0,2024-06-28 15:42:10,23.194464,80.003159,41.9,Vivo,Vivo V23 5G,eSAKSHI Mobile App
EV-DEMO-00577,MPLADS-DEMO-000289,PROGRESS_PHOTO,Site Inspection Photograph - Construction Stage - Village-67,MPLADS-DEMO-000289_progress_stage.jpg,image/jpeg,279339,c941dfa1d46cc054f2ed3fbdeccee5fe361846b53eba59a34da8e503fa38b600,598eb1946441f9a8,2023-10-04 11:24:15,26.867831,75.723735,21.8,Vivo,Vivo V23 5G,eSAKSHI Mobile App
EV-DEMO-00578,MPLADS-DEMO-000289,COMPLETION_PHOTO,Geo-tagged Asset Verification Photograph - Village-67,MPLADS-DEMO-000289_verification_stage.jpg,image/jpeg,298772,2b8c836e025ccf359c907291047b374a514c8608c2b309790646ec8610a98a03,4a4d769cc379e603,2023-11-04 15:42:10,26.867812,75.723971,35.1,Vivo,Vivo V23 5G,eSAKSHI Mobile App
EV-DEMO-00579,MPLADS-DEMO-000290,PROGRESS_PHOTO,Site Inspection Photograph - Construction Stage - Village-75,MPLADS-DEMO-000290_progress_stage.jpg,image/jpeg,409894,155c6a7cc98adf6cadac53000851ea7266e001473b8d164c447e947f47c3b2d5,f1154f5750e8e812,2024-02-03 11:24:15,26.924871,75.825819,16.6,Xiaomi,Redmi Note 11,eSAKSHI Mobile App
EV-DEMO-00580,MPLADS-DEMO-000290,SITE_IMAGE,Geo-tagged Asset Verification Photograph - Village-75,MPLADS-DEMO-000290_verification_stage.jpg,image/jpeg,385906,f155f6f0404ed659e73a50e8bd65a0176e4c2a8163c97e9d4ce2a87cabd2c40c,8446750d860faf24,2024-02-23 15:42:10,26.924756,75.825722,32.3,Xiaomi,Redmi Note 11,eSAKSHI Mobile App
EV-DEMO-00581,MPLADS-DEMO-000291,PROGRESS_PHOTO,Site Inspection Photograph - Construction Stage - Village-57,MPLADS-DEMO-000291_progress_stage.jpg,image/jpeg,293598,39ba93ad607e6ff8311517e47b7ea58067ab2fb85cb1bc0f0298b625b7e9167c,01c52e2cb61fa00f,2024-01-30 11:24:15,11.633308,78.13593,20.4,Xiaomi,Redmi Note 11,eSAKSHI Mobile App
EV-DEMO-00582,MPLADS-DEMO-000291,COMPLETION_PHOTO,Geo-tagged Asset Verification Photograph - Village-57,MPLADS-DEMO-000291_verification_stage.jpg,image/jpeg,342786,7a0da1f51eae6268054080360a81c113c69b884bfb11c7a7c2b08d3a57bd7145,b701bd1f3473c040,2024-05-27 15:42:10,11.633298,78.135631,35.3,Xiaomi,Redmi Note 11,eSAKSHI Mobile App
EV-DEMO-00583,MPLADS-DEMO-000292,PROGRESS_PHOTO,Site Inspection Photograph - Construction Stage - Village-47,MPLADS-DEMO-000292_progress_stage.jpg,image/jpeg,378616,8fcf52a1dcf4253c8bb2f4bd900bf3540cdf62e8dda7c92211438214015f2266,e990705189b85138,2024-02-18 11:24:15,25.270228,82.923175,16.4,Vivo,Vivo V23 5G,eSAKSHI Mobile App
EV-DEMO-00584,MPLADS-DEMO-000292,COMPLETION_PHOTO,Geo-tagged Asset Verification Photograph - Village-47,MPLADS-DEMO-000292_verification_stage.jpg,image/jpeg,249348,3f259103e9a855b0a019c2c313e502e682b9d6a69413c5e48b501ad2150c798d,b4ad1a1c987bd4da,2024-06-14 15:42:10,25.270359,82.923133,11.4,Vivo,Vivo V23 5G,eSAKSHI Mobile App
EV-DEMO-00585,MPLADS-DEMO-000293,PROGRESS_PHOTO,Site Inspection Photograph - Construction Stage - Village-73,MPLADS-DEMO-000293_progress_stage.jpg,image/jpeg,368917,98a0964cbd0627719ff5d8d707c3bb2e64cb307b24764b921dfb9dae25def857,1609b8c10ffaedbc,2023-03-31 11:24:15,22.273948,70.830088,10.7,Samsung,SM-A525F,eSAKSHI Mobile App
EV-DEMO-00586,MPLADS-DEMO-000293,COMPLETION_PHOTO,Geo-tagged Asset Verification Photograph - Village-73,MPLADS-DEMO-000293_verification_stage.jpg,image/jpeg,354660,faa5c05f0c9f46fbc87dc9ed9ab838dd82f5719c90ad4141f1fdcb7a677d0bd7,460eec4abcd00cd7,2023-08-28 15:42:10,22.273634,70.8303,31.7,Samsung,SM-A525F,eSAKSHI Mobile App
EV-DEMO-00587,MPLADS-DEMO-000294,PROGRESS_PHOTO,Site Inspection Photograph - Construction Stage - Village-85,MPLADS-DEMO-000294_progress_stage.jpg,image/jpeg,282348,b2bb5540c250b3873902a299db51d573844dbf35d9e665c4050aa49d9db09372,b543996ae4654f9d,2023-05-23 11:24:15,23.127095,80.018918,19.3,OnePlus,Nord CE 2,eSAKSHI Mobile App
EV-DEMO-00588,MPLADS-DEMO-000294,SITE_IMAGE,Geo-tagged Asset Verification Photograph - Village-85,MPLADS-DEMO-000294_verification_stage.jpg,image/jpeg,325818,d1596799a6b87bec18b70293d7ca6fb7aad72e51d3009a10ab1b693fe07dec24,e5713f2cb9a6a957,2023-08-30 15:42:10,23.126798,80.019016,15.2,OnePlus,Nord CE 2,eSAKSHI Mobile App
EV-DEMO-00589,MPLADS-DEMO-000295,PROGRESS_PHOTO,Site Inspection Photograph - Construction Stage - Village-197,MPLADS-DEMO-000295_progress_stage.jpg,image/jpeg,344801,125e76993e994f3d428373559e46eb7bcc8588164ddd310a4b3439ec36b55f1a,56a15dde1ee40a29,2023-06-24 11:24:15,18.466457,79.11386,6.9,Samsung,SM-A525F,eSAKSHI Mobile App
EV-DEMO-00590,MPLADS-DEMO-000295,COMPLETION_PHOTO,Geo-tagged Asset Verification Photograph - Village-197,MPLADS-DEMO-000295_verification_stage.jpg,image/jpeg,392383,c0f68013dff9bb3bbb1854acfa2ce24288b32542a810fd3cc40eac0fd1717f1a,fc32121d066da298,2023-11-14 15:42:10,18.466647,79.113784,15.9,Samsung,SM-A525F,eSAKSHI Mobile App
EV-DEMO-00591,MPLADS-DEMO-000296,PROGRESS_PHOTO,Site Inspection Photograph - Construction Stage - Village-41,MPLADS-DEMO-000296_progress_stage.jpg,image/jpeg,312347,41728158c496f8abfb84fb8dbac58b42102cecfb1fa594215b31d216e4cf1b14,60a9fa528c76dc73,2023-07-12 11:24:15,11.702074,76.07243,14.3,Apple,iPhone 13,eSAKSHI Mobile App
EV-DEMO-00592,MPLADS-DEMO-000296,COMPLETION_PHOTO,Geo-tagged Asset Verification Photograph - Village-41,MPLADS-DEMO-000296_verification_stage.jpg,image/jpeg,306590,dcbfd027705375adb5a6f00b0f6ed7a6c225ac744e7efd2bade5705842caa414,77e552c51297a3f9,2023-09-17 15:42:10,11.702423,76.072695,34.5,Apple,iPhone 13,eSAKSHI Mobile App
EV-DEMO-00593,MPLADS-DEMO-000297,PROGRESS_PHOTO,Site Inspection Photograph - Construction Stage - Village-4,MPLADS-DEMO-000297_progress_stage.jpg,image/jpeg,282161,15fd21b67275c0b993015891820592248a5ac13507580071af3d79e46db6f22c,50bec41eec50647b,2024-08-04 11:24:15,11.621147,78.116875,10.2,Realme,Realme 9 Pro,eSAKSHI Mobile App
EV-DEMO-00594,MPLADS-DEMO-000297,SITE_IMAGE,Geo-tagged Asset Verification Photograph - Village-4,MPLADS-DEMO-000297_verification_stage.jpg,image/jpeg,422385,4f03011fb07682ac953b9a7b7292ac21f77b8e7315336743a3939b17ce996ec3,780dee5820321dab,2024-10-09 15:42:10,11.620837,78.116985,26.4,Realme,Realme 9 Pro,eSAKSHI Mobile App
EV-DEMO-00595,MPLADS-DEMO-000298,PROGRESS_PHOTO,Site Inspection Photograph - Construction Stage - Village-41,MPLADS-DEMO-000298_progress_stage.jpg,image/jpeg,304888,29a12c4fde280c4cee548f152d2499ad94e90c21d6723f1fad9f8933191cfb26,e0db9502fe74ff55,2024-01-03 11:24:15,17.968793,79.618423,19.1,Vivo,Vivo V23 5G,eSAKSHI Mobile App
EV-DEMO-00596,MPLADS-DEMO-000298,COMPLETION_PHOTO,Geo-tagged Asset Verification Photograph - Village-41,MPLADS-DEMO-000298_verification_stage.jpg,image/jpeg,353893,0493a87f5248168b70d06397dc3cb9d5d64761ce160b445842bbecb94f63df00,26f56009677e4829,2024-02-28 15:42:10,17.968987,79.618023,28.6,Vivo,Vivo V23 5G,eSAKSHI Mobile App
EV-DEMO-00597,MPLADS-DEMO-000299,PROGRESS_PHOTO,Site Inspection Photograph - Construction Stage - Village-125,MPLADS-DEMO-000299_progress_stage.jpg,image/jpeg,313495,a3bf2a7f85950dde7244b853a42a996fd80932d96755852a56cc8f86fe3c5dcf,f626e4d719fdfe39,2023-10-21 11:24:15,18.63755,78.156845,25.8,Samsung,SM-A525F,eSAKSHI Mobile App
EV-DEMO-00598,MPLADS-DEMO-000299,COMPLETION_PHOTO,Geo-tagged Asset Verification Photograph - Village-125,MPLADS-DEMO-000299_verification_stage.jpg,image/jpeg,304388,48e32cc2489bcfd4da00f54bf4bb72300f9927d424289109205a5f488ece77fa,d4c28d26d9f6cf37,2024-02-21 15:42:10,18.638021,78.156671,30.8,Samsung,SM-A525F,eSAKSHI Mobile App
EV-DEMO-00599,MPLADS-DEMO-000300,PROGRESS_PHOTO,Site Inspection Photograph - Construction Stage - Village-181,MPLADS-DEMO-000300_progress_stage.jpg,image/jpeg,383955,d61c412a2c81deb176b146285697896eb81412e402cb79d49202ffb5b2396dc2,0880c017b50ce69c,2023-09-01 11:24:15,26.75259,83.346518,12.8,Vivo,Vivo V23 5G,eSAKSHI Mobile App
EV-DEMO-00600,MPLADS-DEMO-000300,SITE_IMAGE,Geo-tagged Asset Verification Photograph - Village-181,MPLADS-DEMO-000300_verification_stage.jpg,image/jpeg,425928,f4b7f23dbad1bd8476b0afdb34b443829d68f0ca17709d57f83c0ddd5612913f,43bc2c1bf0c8a306,2024-02-04 15:42:10,26.752237,83.346216,39.6,Vivo,Vivo V23 5G,eSAKSHI Mobile App
EV-DEMO-00601,MPLADS-DEMO-000301,PROGRESS_PHOTO,Site Inspection Photograph - Construction Stage - Village-Sundarpur,MPLADS-DEMO-000301_progress_stage.jpg,image/jpeg,390818,5024d79192972d2ea9d90f838d70ff5c81c42ebbe1bc29e3fdd031dfbd498a14,af7503633152ccf4,2023-10-29 11:24:15,19.970977,73.759104,8.5,Realme,Realme 9 Pro,eSAKSHI Mobile App
EV-DEMO-00602,MPLADS-DEMO-000301,COMPLETION_PHOTO,Geo-tagged Asset Verification Photograph - Village-Sundarpur,MPLADS-DEMO-000301_verification_stage.jpg,image/jpeg,283777,f127a8ac53bf3278939e4f86c2a97656e2eca284602838e8bf1726786232e0e7,2f5fa6b966ba3138,2024-02-24 15:42:10,19.970697,73.758816,35.2,Realme,Realme 9 Pro,eSAKSHI Mobile App
EV-DEMO-00603,MPLADS-DEMO-000302,PROGRESS_PHOTO,Site Inspection Photograph - Construction Stage - Village-Sundarpur,MPLADS-DEMO-000302_progress_stage.jpg,image/jpeg,368773,5b5a87af54285b0ec18a659d22b1ae556d854107ef359e2e2cce9b6a043fe1e3,8d09066b2a300b2b,2023-10-26 11:24:15,26.299594,73.065653,12.9,Samsung,SM-A525F,eSAKSHI Mobile App
EV-DEMO-00604,MPLADS-DEMO-000302,COMPLETION_PHOTO,Geo-tagged Asset Verification Photograph - Village-Sundarpur,MPLADS-DEMO-000302_verification_stage.jpg,image/jpeg,294587,8ca8e91f0e680926674e09a118ed79d20eea2e0baf3c40a4de921be8c2e82a67,33eee3b910698a62,2023-12-04 15:42:10,26.299404,73.065998,33.6,Samsung,SM-A525F,eSAKSHI Mobile App
EV-DEMO-00605,MPLADS-DEMO-000303,PROGRESS_PHOTO,Site Inspection Photograph - Construction Stage - Village-Sundarpur,MPLADS-DEMO-000303_progress_stage.jpg,image/jpeg,225872,024757aba33a5cd2ea02c9f57b6fdc8fc608e307656a6182fff14f4f9dff687c,e20223642c168f26,2023-10-11 11:24:15,12.339232,76.59113,22.1,Xiaomi,Redmi Note 11,eSAKSHI Mobile App
EV-DEMO-00606,MPLADS-DEMO-000303,COMPLETION_PHOTO,Geo-tagged Asset Verification Photograph - Village-Sundarpur,MPLADS-DEMO-000303_verification_stage.jpg,image/jpeg,355604,95aee424229105bd8ef7894b74a744733fb307621cf6fc2e06762475b8d11a1b,e1297842bc337b8d,2024-01-31 15:42:10,12.339168,76.590979,39.2,Xiaomi,Redmi Note 11,eSAKSHI Mobile App
EV-DEMO-00607,MPLADS-DEMO-000304,PROGRESS_PHOTO,Site Inspection Photograph - Construction Stage - Village-Ramnagar,MPLADS-DEMO-000304_progress_stage.jpg,image/jpeg,273825,9fafe8b5568b15feb0eab54eb5517d0543dd6baf42ed2bdbe987c8f074259885,1406269eb29d3108,2023-10-15 11:24:15,10.980641,76.98413,16.4,Realme,Realme 9 Pro,eSAKSHI Mobile App
EV-DEMO-00608,MPLADS-DEMO-000304,COMPLETION_PHOTO,Geo-tagged Asset Verification Photograph - Village-Ramnagar,MPLADS-DEMO-000304_verification_stage.jpg,image/jpeg,210675,308582b43849d51bc7860bda1c500faf4f1bdb1bafd71190e76ebd52438e4b1c,aa07ea19219e3a1e,2024-02-04 15:42:10,10.980549,76.983998,14.7,Realme,Realme 9 Pro,eSAKSHI Mobile App
EV-DEMO-00609,MPLADS-DEMO-000305,PROGRESS_PHOTO,Site Inspection Photograph - Construction Stage - Village-Ramnagar,MPLADS-DEMO-000305_progress_stage.jpg,image/jpeg,250248,5b9c418fbd2007a60d797223cc201f170bb6b5add09f8aa43ea5dbce7763720c,905b4b9ca1410b4f,2023-10-01 11:24:15,11.201195,75.795702,23.2,Vivo,Vivo V23 5G,eSAKSHI Mobile App
EV-DEMO-00610,MPLADS-DEMO-000305,COMPLETION_PHOTO,Geo-tagged Asset Verification Photograph - Village-Ramnagar,MPLADS-DEMO-000305_verification_stage.jpg,image/jpeg,405572,063d40c2ca1eee06af043f395e6cf44b2084cd9ac9e268381e1447d6255eb29b,68543d8871dfd962,2024-01-16 15:42:10,11.201442,75.79537,26.2,Vivo,Vivo V23 5G,eSAKSHI Mobile App
EV-DEMO-00611,MPLADS-DEMO-000306,PROGRESS_PHOTO,Site Inspection Photograph - Construction Stage - Village-Ramnagar,MPLADS-DEMO-000306_progress_stage.jpg,image/jpeg,354853,bf78be5a9618444522666f35142436cd62c6a3de22ddb3867e60da6910930637,fdde649d8b2bb777,2023-11-11 11:24:15,26.806652,80.966493,19.8,Samsung,SM-A525F,eSAKSHI Mobile App
EV-DEMO-00612,MPLADS-DEMO-000306,COMPLETION_PHOTO,Geo-tagged Asset Verification Photograph - Village-Ramnagar,MPLADS-DEMO-000306_verification_stage.jpg,image/jpeg,374845,d605d0eccd0d7927d047703cc5620b942af0e541071623c9c4837f2fcec6f2bd,d8e0849ed34c9b68,2023-11-24 15:42:10,26.807002,80.966861,34.3,Samsung,SM-A525F,eSAKSHI Mobile App
EV-DEMO-00613,MPLADS-DEMO-000307,PROGRESS_PHOTO,Site Inspection Photograph - Construction Stage - Village-Shivpur,MPLADS-DEMO-000307_progress_stage.jpg,image/jpeg,218173,bf90b7432069677da6f91f5a6bbd0a9ab6dee1def4d093bfaa52418b2f1ecb3d,2046f06346f9269d,2023-10-15 11:24:15,9.938472,76.258529,28.4,Xiaomi,Redmi Note 11,eSAKSHI Mobile App
EV-DEMO-00614,MPLADS-DEMO-000307,COMPLETION_PHOTO,Geo-tagged Asset Verification Photograph - Village-Shivpur,MPLADS-DEMO-000307_verification_stage.jpg,image/jpeg,278813,7efd5521b29044f2739d67bc098697478cae19eb6de4f1a984074f2e2013cde6,3b2fdcbc40fc2bac,2023-12-10 15:42:10,9.938445,76.25837,17.9,Xiaomi,Redmi Note 11,eSAKSHI Mobile App
EV-DEMO-00615,MPLADS-DEMO-000308,PROGRESS_PHOTO,Site Inspection Photograph - Construction Stage - Village-Shivpur,MPLADS-DEMO-000308_progress_stage.jpg,image/jpeg,354300,3cbd7beebedd1d4cfa886d8942da5f02b25851f384dfa553cab637539001da4c,60aab0433b27fe89,2023-10-23 11:24:15,23.302216,77.389705,11.0,Samsung,SM-A525F,eSAKSHI Mobile App
EV-DEMO-00616,MPLADS-DEMO-000308,COMPLETION_PHOTO,Geo-tagged Asset Verification Photograph - Village-Shivpur,MPLADS-DEMO-000308_verification_stage.jpg,image/jpeg,231461,a4cbb5bc9dd45a57645c61c7011f9cbc43653bf9cd0a331e9980e7f7b03fded1,b04d48e506d4e1ce,2024-01-05 15:42:10,23.302574,77.389683,30.7,Samsung,SM-A525F,eSAKSHI Mobile App
EV-DEMO-00617,MPLADS-DEMO-000309,PROGRESS_PHOTO,Site Inspection Photograph - Construction Stage - Village-Shivpur,MPLADS-DEMO-000309_progress_stage.jpg,image/jpeg,321675,c7237b7d6d975e36bfe22974632a9cc0c005708d133cf34244489e8fa08c16bd,793fd1a2b17ca258,2023-10-26 11:24:15,11.195929,75.732773,20.5,OnePlus,Nord CE 2,eSAKSHI Mobile App
EV-DEMO-00618,MPLADS-DEMO-000309,COMPLETION_PHOTO,Geo-tagged Asset Verification Photograph - Village-Shivpur,MPLADS-DEMO-000309_verification_stage.jpg,image/jpeg,367339,ef02f2c204fde93f986648478c1700eb71e3ddc568ae21f33b589a8afdabd279,abf271da75b240c8,2023-11-23 15:42:10,11.19613,75.732675,39.0,OnePlus,Nord CE 2,eSAKSHI Mobile App
EV-DEMO-00619,MPLADS-DEMO-000310,PROGRESS_PHOTO,Site Inspection Photograph - Construction Stage - Village-Kalyanpur,MPLADS-DEMO-000310_progress_stage.jpg,image/jpeg,266357,488e1c32bb754c733c16f07aefda00ad3eeeb3ef41aef73d0409996e537e1ecc,e9f7c401824100f7,2023-11-03 11:24:15,15.406072,75.002795,18.4,Samsung,SM-A525F,eSAKSHI Mobile App
EV-DEMO-00620,MPLADS-DEMO-000310,SITE_IMAGE,Geo-tagged Asset Verification Photograph - Village-Kalyanpur,MPLADS-DEMO-000310_verification_stage.jpg,image/jpeg,276190,7d439f9ad028b45ec650c880101a97a93dfea93bcb20f734355369d411c6ce6a,6f41ebac3931bab3,2023-12-20 15:42:10,15.406038,75.002716,15.1,Samsung,SM-A525F,eSAKSHI Mobile App
EV-DEMO-00621,MPLADS-DEMO-000311,PROGRESS_PHOTO,Site Inspection Photograph - Construction Stage - Village-Kalyanpur,MPLADS-DEMO-000311_progress_stage.jpg,image/jpeg,303084,a07a3bf138ece18f1af9ab1d334390858f77d58a1d7e96ae0657c8fa2c8e5f3c,9dd2a6fd5075afca,2023-10-02 11:24:15,10.962008,76.932915,21.8,OnePlus,Nord CE 2,eSAKSHI Mobile App
EV-DEMO-00622,MPLADS-DEMO-000311,SITE_IMAGE,Geo-tagged Asset Verification Photograph - Village-Kalyanpur,MPLADS-DEMO-000311_verification_stage.jpg,image/jpeg,277576,859accdd8515ce652831445eeaa1eab833ea14f75b63e19b0503397ef1eab527,0f44a55f4bacd496,2024-01-30 15:42:10,10.961782,76.932982,6.7,OnePlus,Nord CE 2,eSAKSHI Mobile App
EV-DEMO-00623,MPLADS-DEMO-000312,PROGRESS_PHOTO,Site Inspection Photograph - Construction Stage - Village-Kalyanpur,MPLADS-DEMO-000312_progress_stage.jpg,image/jpeg,356720,d4706f339e901eba5d55447c815e3ed740d8613132ebe107201b8405e7b9bccc,609fcb1b0b95004a,2023-09-29 11:24:15,21.148541,72.88053,15.6,OnePlus,Nord CE 2,eSAKSHI Mobile App
EV-DEMO-00624,MPLADS-DEMO-000312,COMPLETION_PHOTO,Geo-tagged Asset Verification Photograph - Village-Kalyanpur,MPLADS-DEMO-000312_verification_stage.jpg,image/jpeg,412126,cd114d743c8da1ead4956d034412807027406433a463b9d47d8145937aa6415a,e6a07dd1306f0ebd,2024-01-31 15:42:10,21.148927,72.880307,33.3,OnePlus,Nord CE 2,eSAKSHI Mobile App
EV-DEMO-00625,MPLADS-DEMO-000313,PROGRESS_PHOTO,Site Inspection Photograph - Construction Stage - Village-139,MPLADS-DEMO-000313_progress_stage.jpg,image/jpeg,348421,6d365cc49289617c6500ab6b0b852f78fae0caed46c5d66ce3b81632afb7f073,68abc3feff7f74ad,2023-10-22 11:24:15,12.304238,76.617053,17.9,Xiaomi,Redmi Note 11,eSAKSHI Mobile App
EV-DEMO-00626,MPLADS-DEMO-000313,SITE_IMAGE,Geo-tagged Asset Verification Photograph - Village-139,MPLADS-DEMO-000313_verification_stage.jpg,image/jpeg,329193,61b2f9f03c3af88638cfd989fb779ff425ce38a6aa530e937fede2158a57358a,c6354efc5d8f90f3,2024-02-22 15:42:10,12.30452,76.616992,33.2,Xiaomi,Redmi Note 11,eSAKSHI Mobile App
EV-DEMO-00627,MPLADS-DEMO-000314,PROGRESS_PHOTO,Site Inspection Photograph - Construction Stage - Village-34,MPLADS-DEMO-000314_progress_stage.jpg,image/jpeg,218249,44fed155dc6dfffbea5a5fcab2c852ad23f3af9d0256bd898762603504afda94,4039c0fcedd7fdb8,2023-11-06 11:24:15,18.651236,78.090807,16.7,Realme,Realme 9 Pro,eSAKSHI Mobile App
EV-DEMO-00628,MPLADS-DEMO-000314,COMPLETION_PHOTO,Geo-tagged Asset Verification Photograph - Village-34,MPLADS-DEMO-000314_verification_stage.jpg,image/jpeg,443115,75a93bfca2cb2083aee0d6336e8037bb8cd4c4009ba506e5fcddebf8e992ea5c,65bc5079e0c2936a,2023-12-08 15:42:10,18.651035,78.091057,21.1,Realme,Realme 9 Pro,eSAKSHI Mobile App
EV-DEMO-00629,MPLADS-DEMO-000315,PROGRESS_PHOTO,Site Inspection Photograph - Construction Stage - Village-144,MPLADS-DEMO-000315_progress_stage.jpg,image/jpeg,330918,5ceeed0c1fba8112ef50c7b9a02401095123d32fb6ee0b597f97d420c9403dc1,502934160dd18c17,2023-10-26 11:24:15,13.079709,77.598398,15.0,Vivo,Vivo V23 5G,eSAKSHI Mobile App
EV-DEMO-00630,MPLADS-DEMO-000315,SITE_IMAGE,Geo-tagged Asset Verification Photograph - Village-144,MPLADS-DEMO-000315_verification_stage.jpg,image/jpeg,379430,40e68be00c190d852520f1889b7158e93ea88ffb3dbd9465521a386dd3dd26b9,748a56b7fe793d05,2023-12-06 15:42:10,13.079471,77.598336,16.3,Vivo,Vivo V23 5G,eSAKSHI Mobile App
EV-DEMO-00631,MPLADS-DEMO-000316,PROGRESS_PHOTO,Site Inspection Photograph - Construction Stage - Village-83,MPLADS-DEMO-000316_progress_stage.jpg,image/jpeg,260232,d003a8a9b8839963dd9d91dea3aa0c7a563d6f8253027930018f86363c266e15,4880026acac9fa23,2024-02-22 11:24:15,24.565302,73.73274,13.2,Vivo,Vivo V23 5G,eSAKSHI Mobile App
EV-DEMO-00632,MPLADS-DEMO-000316,COMPLETION_PHOTO,Geo-tagged Asset Verification Photograph - Village-83,MPLADS-DEMO-000316_verification_stage.jpg,image/jpeg,355886,aef2ff1b4c44d14e728e7b9581c45134c22c74f3aa7d51e0fd18ce70d6bb4b1f,3b8116135dfebb54,2024-06-14 15:42:10,24.565349,73.73273,18.1,Vivo,Vivo V23 5G,eSAKSHI Mobile App
EV-DEMO-00633,MPLADS-DEMO-000317,PROGRESS_PHOTO,Site Inspection Photograph - Construction Stage - Village-29,MPLADS-DEMO-000317_progress_stage.jpg,image/jpeg,289865,9d8170da53fdc60b0e678e2880b52885780b09f74cadd2713ac710a990f3f641,5ed914470b6227cf,2024-05-31 11:24:15,24.616704,73.678896,26.8,Xiaomi,Redmi Note 11,eSAKSHI Mobile App
EV-DEMO-00634,MPLADS-DEMO-000317,COMPLETION_PHOTO,Geo-tagged Asset Verification Photograph - Village-29,MPLADS-DEMO-000317_verification_stage.jpg,image/jpeg,235605,6c297fa73f21a56c4d9ed80e722fa9b1f1445b6928a027602a0e3b22dea6afec,3830e31c20b33a0a,2024-09-04 15:42:10,24.616825,73.679136,31.3,Xiaomi,Redmi Note 11,eSAKSHI Mobile App
EV-DEMO-00635,MPLADS-DEMO-000318,PROGRESS_PHOTO,Site Inspection Photograph - Construction Stage - Village-54,MPLADS-DEMO-000318_progress_stage.jpg,image/jpeg,339314,dfc88f9a850c60ed2ffdadaa83f38bdbb560b525543260b8d2f4f16776650d97,582671d8587919c7,2023-11-15 11:24:15,13.095646,77.530205,16.3,Apple,iPhone 13,eSAKSHI Mobile App
EV-DEMO-00636,MPLADS-DEMO-000318,COMPLETION_PHOTO,Geo-tagged Asset Verification Photograph - Village-54,MPLADS-DEMO-000318_verification_stage.jpg,image/jpeg,244958,330d69e658802fd3c8f61cf9e94d8e78baa25293ea0bec06ebc39c811ba7e106,ebf7bb843326190b,2024-04-01 15:42:10,13.095728,77.530053,31.6,Apple,iPhone 13,eSAKSHI Mobile App
EV-DEMO-00637,MPLADS-DEMO-000319,PROGRESS_PHOTO,Site Inspection Photograph - Construction Stage - Village-52,MPLADS-DEMO-000319_progress_stage.jpg,image/jpeg,243069,34da3b2710cb50eda42957081eff8c81605f8ce4dbd3056232bc7bb17e36a4b2,32eac6c07db5de68,2023-04-15 11:24:15,20.03505,73.805103,6.0,Apple,iPhone 13,eSAKSHI Mobile App
EV-DEMO-00638,MPLADS-DEMO-000319,COMPLETION_PHOTO,Geo-tagged Asset Verification Photograph - Village-52,MPLADS-DEMO-000319_verification_stage.jpg,image/jpeg,442811,1f51fc638ed2e7f106800bc0c4c70fbecb43e674151523d45f7ec6f110d17194,3b89ff1ea18fd0ab,2023-07-05 15:42:10,20.035066,73.804999,14.6,Apple,iPhone 13,eSAKSHI Mobile App
EV-DEMO-00639,MPLADS-DEMO-000320,PROGRESS_PHOTO,Site Inspection Photograph - Construction Stage - Village-99,MPLADS-DEMO-000320_progress_stage.jpg,image/jpeg,288625,ff5d4ed2565881d5868464a784520bb4649bc57a304fc029cd0cd3e258bd4569,ccbec7b1b53a1d9a,2024-05-11 11:24:15,26.877412,75.771649,14.8,Samsung,SM-A525F,eSAKSHI Mobile App
EV-DEMO-00640,MPLADS-DEMO-000320,SITE_IMAGE,Geo-tagged Asset Verification Photograph - Village-99,MPLADS-DEMO-000320_verification_stage.jpg,image/jpeg,246234,f968051c02178b49856c4d41b6f2331b93f996d0efb921b3f8aa27838c5be1f4,aa00973404a3de5a,2024-07-11 15:42:10,26.877708,75.771742,28.9,Samsung,SM-A525F,eSAKSHI Mobile App
EV-DEMO-00641,MPLADS-DEMO-000321,PROGRESS_PHOTO,Site Inspection Photograph - Construction Stage - Village-11,MPLADS-DEMO-000321_progress_stage.jpg,image/jpeg,273772,60c81038770f9a89d1885a4f128cb5f8e7b82c16c00ccd6ab99bc923eebd5cd4,f2183b7861db2aee,2023-04-22 11:24:15,19.347321,84.993647,25.7,Vivo,Vivo V23 5G,eSAKSHI Mobile App
EV-DEMO-00642,MPLADS-DEMO-000321,COMPLETION_PHOTO,Geo-tagged Asset Verification Photograph - Village-11,MPLADS-DEMO-000321_verification_stage.jpg,image/jpeg,311948,4fb5c3543bb39f00360c8db12c6eb51f66d23424e9445647079c183c30afe2c1,f766c980a913eecb,2023-06-07 15:42:10,19.347242,84.993831,9.0,Vivo,Vivo V23 5G,eSAKSHI Mobile App
EV-DEMO-00643,MPLADS-DEMO-000322,PROGRESS_PHOTO,Site Inspection Photograph - Construction Stage - Village-161,MPLADS-DEMO-000322_progress_stage.jpg,image/jpeg,340660,5bc9b08cdae37a696dc7517f246a3fb94fba86b134834b553366427393c2b422,ed820abc8cf556ab,2024-07-24 11:24:15,26.729144,83.358396,14.4,Realme,Realme 9 Pro,eSAKSHI Mobile App
EV-DEMO-00644,MPLADS-DEMO-000322,SITE_IMAGE,Geo-tagged Asset Verification Photograph - Village-161,MPLADS-DEMO-000322_verification_stage.jpg,image/jpeg,451084,815b1ceb0b8306f1e74207a35fbd16bd6a54275701e2463f64bf7371ece79888,511633567c50b1c1,2024-12-09 15:42:10,26.729037,83.358394,15.3,Realme,Realme 9 Pro,eSAKSHI Mobile App
EV-DEMO-00645,MPLADS-DEMO-000323,PROGRESS_PHOTO,Site Inspection Photograph - Construction Stage - Village-134,MPLADS-DEMO-000323_progress_stage.jpg,image/jpeg,182398,0a633d91e25f4749797f17b4a3594b6d324dbdd92362d31d9fae028c598b158d,9f585b6d32793f45,2023-10-19 11:24:15,18.580208,73.871469,17.8,Realme,Realme 9 Pro,eSAKSHI Mobile App
EV-DEMO-00646,MPLADS-DEMO-000323,COMPLETION_PHOTO,Geo-tagged Asset Verification Photograph - Village-134,MPLADS-DEMO-000323_verification_stage.jpg,image/jpeg,283839,c19c860423be23c474b8c61cf37b9fd3be588e0fd74410951c34ae693d479ec6,eb187cde929ae94f,2024-02-08 15:42:10,18.580148,73.871129,24.7,Realme,Realme 9 Pro,eSAKSHI Mobile App
EV-DEMO-00647,MPLADS-DEMO-000324,PROGRESS_PHOTO,Site Inspection Photograph - Construction Stage - Village-176,MPLADS-DEMO-000324_progress_stage.jpg,image/jpeg,381010,dc9cb8bcb3cac2146575438a8df7825a1bc7330f8c0923418623f9cf9ab198d3,a898cfdee7a3c563,2024-06-11 11:24:15,18.559299,73.903841,12.8,Vivo,Vivo V23 5G,eSAKSHI Mobile App
EV-DEMO-00648,MPLADS-DEMO-000324,COMPLETION_PHOTO,Geo-tagged Asset Verification Photograph - Village-176,MPLADS-DEMO-000324_verification_stage.jpg,image/jpeg,276070,c02e562cc17d12a91dfad2ccea16a20b30479682b7c71da2da95e02965c2de69,2db5ae42a45a62c6,2024-07-29 15:42:10,18.559278,73.903809,15.4,Vivo,Vivo V23 5G,eSAKSHI Mobile App
EV-DEMO-00649,MPLADS-DEMO-000325,PROGRESS_PHOTO,Site Inspection Photograph - Construction Stage - Village-18,MPLADS-DEMO-000325_progress_stage.jpg,image/jpeg,408879,97459ca5be9628e84f6f5559740a3f3ceadb9cdef31c9e689262c2e4d1bba155,fc0eb4f65bd6eed7,2023-05-06 11:24:15,19.387542,85.048255,11.8,Vivo,Vivo V23 5G,eSAKSHI Mobile App
EV-DEMO-00650,MPLADS-DEMO-000325,COMPLETION_PHOTO,Geo-tagged Asset Verification Photograph - Village-18,MPLADS-DEMO-000325_verification_stage.jpg,image/jpeg,387228,843141743783baf3b8fb9ea99c5f812cf9220a11afee45671c8311654e914dfa,aa0cc3ec505c06bc,2023-08-12 15:42:10,19.387514,85.048215,12.7,Vivo,Vivo V23 5G,eSAKSHI Mobile App
EV-DEMO-00651,MPLADS-DEMO-000326,PROGRESS_PHOTO,Site Inspection Photograph - Construction Stage - Village-190,MPLADS-DEMO-000326_progress_stage.jpg,image/jpeg,187548,bb0d73df4068aede982292cf6698a99829f86164bc4e8b21140dd5e819823ad3,d45cd9190b2e5cdf,2024-02-07 11:24:15,23.152007,80.022867,21.1,Vivo,Vivo V23 5G,eSAKSHI Mobile App
EV-DEMO-00652,MPLADS-DEMO-000326,COMPLETION_PHOTO,Geo-tagged Asset Verification Photograph - Village-190,MPLADS-DEMO-000326_verification_stage.jpg,image/jpeg,408612,dff2182510028aa08ab74a64d88b8467c56f1112a0a526740f732bfd548bc6d1,86776fc124d51840,2024-04-22 15:42:10,23.151898,80.022683,21.8,Vivo,Vivo V23 5G,eSAKSHI Mobile App
EV-DEMO-00653,MPLADS-DEMO-000327,PROGRESS_PHOTO,Site Inspection Photograph - Construction Stage - Village-35,MPLADS-DEMO-000327_progress_stage.jpg,image/jpeg,196104,356e2453b5c6695c53e22db837c51356cc5d19d7d4bf6391866a48ad40d3be2e,e2e3bbd4bd66dbe6,2023-10-31 11:24:15,24.585613,73.726061,11.2,Samsung,SM-A525F,eSAKSHI Mobile App
EV-DEMO-00654,MPLADS-DEMO-000327,SITE_IMAGE,Geo-tagged Asset Verification Photograph - Village-35,MPLADS-DEMO-000327_verification_stage.jpg,image/jpeg,285706,b00cf267d6859ce45382262c61a46ce26b5bf1adacd8e1c665098677740cc811,90c166a3a8ebb56c,2024-01-14 15:42:10,24.586,73.725941,37.4,Samsung,SM-A525F,eSAKSHI Mobile App
EV-DEMO-00655,MPLADS-DEMO-000328,PROGRESS_PHOTO,Site Inspection Photograph - Construction Stage - Village-106,MPLADS-DEMO-000328_progress_stage.jpg,image/jpeg,227522,26ebca10eb8d5c2227805582e16665eb8c22887e950679c3b615af76bc48400e,094a771dd1ded1a6,2024-07-20 11:24:15,17.932902,79.61629,11.8,OnePlus,Nord CE 2,eSAKSHI Mobile App
EV-DEMO-00656,MPLADS-DEMO-000328,SITE_IMAGE,Geo-tagged Asset Verification Photograph - Village-106,MPLADS-DEMO-000328_verification_stage.jpg,image/jpeg,283033,e4505d377db849938fdf0c290f006c16cff6ef6b6f22b4f1ee7064276eb03d66,b5b83155aa6572a2,2024-09-20 15:42:10,17.933041,79.616267,25.9,OnePlus,Nord CE 2,eSAKSHI Mobile App
EV-DEMO-00657,MPLADS-DEMO-000329,PROGRESS_PHOTO,Site Inspection Photograph - Construction Stage - Village-156,MPLADS-DEMO-000329_progress_stage.jpg,image/jpeg,418983,741bdbfaf3b05f01ad3e5d54a7f3fad046663b5e71e50642b5eee9548bc38a1e,50c7c508985aa66e,2023-12-28 11:24:15,23.290384,77.396961,15.1,OnePlus,Nord CE 2,eSAKSHI Mobile App
EV-DEMO-00658,MPLADS-DEMO-000329,SITE_IMAGE,Geo-tagged Asset Verification Photograph - Village-156,MPLADS-DEMO-000329_verification_stage.jpg,image/jpeg,306375,846a567fad6f6b4f1192d75d464314dff178f49341f723a330d75f0efd8ede21,48892c9c2722e92a,2024-05-13 15:42:10,23.290277,77.39701,24.3,OnePlus,Nord CE 2,eSAKSHI Mobile App
EV-DEMO-00659,MPLADS-DEMO-000330,PROGRESS_PHOTO,Site Inspection Photograph - Construction Stage - Village-189,MPLADS-DEMO-000330_progress_stage.jpg,image/jpeg,206006,20215c4d43476f382ed5614c27cfd96aa3bb0f94f722a170b7515ba54da03017,4acc4459b991ba1e,2024-07-07 11:24:15,20.402643,85.868339,5.1,Apple,iPhone 13,eSAKSHI Mobile App
EV-DEMO-00660,MPLADS-DEMO-000330,COMPLETION_PHOTO,Geo-tagged Asset Verification Photograph - Village-189,MPLADS-DEMO-000330_verification_stage.jpg,image/jpeg,282789,8f1b65291b9696e66b6de057c4c36696db9aacca22c8846510a5a6e38833ccd4,ac1fa03e0421407a,2024-09-23 15:42:10,20.40248,85.868156,25.5,Apple,iPhone 13,eSAKSHI Mobile App
EV-DEMO-00661,MPLADS-DEMO-000331,PROGRESS_PHOTO,Site Inspection Photograph - Construction Stage - Village-119,MPLADS-DEMO-000331_progress_stage.jpg,image/jpeg,321970,cdb8e5d9efef904e12fd9bb17479aacb9f0423acba9a6b19b9413856ac607af7,2cbca99ced271206,2024-06-16 11:24:15,19.422807,84.983684,9.6,Xiaomi,Redmi Note 11,eSAKSHI Mobile App
EV-DEMO-00662,MPLADS-DEMO-000331,SITE_IMAGE,Geo-tagged Asset Verification Photograph - Village-119,MPLADS-DEMO-000331_verification_stage.jpg,image/jpeg,336216,aa1d9e08acad931d1490eecc5d8f0d489a418dc68deeb1b6d7698d0b15561fe5,1d1f2b96a274f31b,2024-11-15 15:42:10,19.422692,84.983493,32.2,Xiaomi,Redmi Note 11,eSAKSHI Mobile App
EV-DEMO-00663,MPLADS-DEMO-000332,PROGRESS_PHOTO,Site Inspection Photograph - Construction Stage - Village-117,MPLADS-DEMO-000332_progress_stage.jpg,image/jpeg,235028,b554de3e5481f0cb9033ae570350a6473f36a224b0480485114cb18c0d0a8261,b039a447e37ad149,2023-05-21 11:24:15,19.944383,73.766883,18.5,OnePlus,Nord CE 2,eSAKSHI Mobile App
EV-DEMO-00664,MPLADS-DEMO-000332,SITE_IMAGE,Geo-tagged Asset Verification Photograph - Village-117,MPLADS-DEMO-000332_verification_stage.jpg,image/jpeg,417730,d69427851d921e22a2c510f8a17c092ef0b81ad94fa859cb12b8f07b00171647,b673a2fec9371849,2023-09-02 15:42:10,19.944438,73.767131,31.8,OnePlus,Nord CE 2,eSAKSHI Mobile App
EV-DEMO-00665,MPLADS-DEMO-000333,PROGRESS_PHOTO,Site Inspection Photograph - Construction Stage - Village-157,MPLADS-DEMO-000333_progress_stage.jpg,image/jpeg,236478,5b159d5e69b2f3c23da66bd3caabc5dd9106e7e9dc653e86fca0c2152a081773,9e39c5e685709624,2023-08-20 11:24:15,11.317396,75.764729,18.0,Xiaomi,Redmi Note 11,eSAKSHI Mobile App
EV-DEMO-00666,MPLADS-DEMO-000333,COMPLETION_PHOTO,Geo-tagged Asset Verification Photograph - Village-157,MPLADS-DEMO-000333_verification_stage.jpg,image/jpeg,472202,67dd74dc495e8a658fcd959be6f3e6bd8e3866764c3807787ed7900ff2e45cd9,fb5a463f74c441d7,2023-10-21 15:42:10,11.317471,75.76468,23.3,Xiaomi,Redmi Note 11,eSAKSHI Mobile App
EV-DEMO-00667,MPLADS-DEMO-000334,PROGRESS_PHOTO,Site Inspection Photograph - Construction Stage - Village-80,MPLADS-DEMO-000334_progress_stage.jpg,image/jpeg,273924,c6a97fe8f387bc12df689bee91398c2b4f6fd4fbabf0ff6101a24378797e5990,8f9a1b6a1a69f071,2023-05-22 11:24:15,23.052434,72.631501,18.0,Samsung,SM-A525F,eSAKSHI Mobile App
EV-DEMO-00668,MPLADS-DEMO-000334,COMPLETION_PHOTO,Geo-tagged Asset Verification Photograph - Village-80,MPLADS-DEMO-000334_verification_stage.jpg,image/jpeg,259922,ce109fb29712180d7700712413130e8ae756ef4aba1e5184f74417d5e3f8f7cd,1edac12076475274,2023-06-27 15:42:10,23.052232,72.631053,35.0,Samsung,SM-A525F,eSAKSHI Mobile App
EV-DEMO-00669,MPLADS-DEMO-000335,PROGRESS_PHOTO,Site Inspection Photograph - Construction Stage - Village-140,MPLADS-DEMO-000335_progress_stage.jpg,image/jpeg,348555,53f9a3bb399bc8164bfd25189e20f65bdedda89ae5f31b211b8b990ef136e5a2,99caf5024d473a35,2023-12-19 11:24:15,13.104288,77.581869,20.4,Apple,iPhone 13,eSAKSHI Mobile App
EV-DEMO-00670,MPLADS-DEMO-000335,COMPLETION_PHOTO,Geo-tagged Asset Verification Photograph - Village-140,MPLADS-DEMO-000335_verification_stage.jpg,image/jpeg,466591,a244eee2a7aee7e0426dff9b73d866486128f0e23135c52313b5ad4b996047b9,5a5be506909fe183,2024-02-06 15:42:10,13.104296,77.581909,20.7,Apple,iPhone 13,eSAKSHI Mobile App
EV-DEMO-00671,MPLADS-DEMO-000336,PROGRESS_PHOTO,Site Inspection Photograph - Construction Stage - Village-143,MPLADS-DEMO-000336_progress_stage.jpg,image/jpeg,195239,2db49fadfd1a9c4427ec5bfa5dd1177a3cdbdd49883a6c50dcc0de436c6304d6,9665d82acd505d09,2023-04-12 11:24:15,26.80205,83.335018,25.3,OnePlus,Nord CE 2,eSAKSHI Mobile App
EV-DEMO-00672,MPLADS-DEMO-000336,COMPLETION_PHOTO,Geo-tagged Asset Verification Photograph - Village-143,MPLADS-DEMO-000336_verification_stage.jpg,image/jpeg,389092,8dff9844e2ca00faaa01b32c60524bb55a98ecfdc846285787dd2d2b6860170e,1b2a539e048e602c,2023-07-27 15:42:10,26.801929,83.335318,34.2,OnePlus,Nord CE 2,eSAKSHI Mobile App
EV-DEMO-00673,MPLADS-DEMO-000337,PROGRESS_PHOTO,Site Inspection Photograph - Construction Stage - Village-46,MPLADS-DEMO-000337_progress_stage.jpg,image/jpeg,269263,553e82d92b288795e157ad9ef810e7c7590384b86f52cfd62ed7564f2562c094,5becbf9c879c3f50,2023-08-24 11:24:15,22.978425,72.543243,14.0,Realme,Realme 9 Pro,eSAKSHI Mobile App
EV-DEMO-00674,MPLADS-DEMO-000337,COMPLETION_PHOTO,Geo-tagged Asset Verification Photograph - Village-46,MPLADS-DEMO-000337_verification_stage.jpg,image/jpeg,468069,cd836c793e605b79276e13ecebe05cd0a4bf285d01ff8ef9fad7fc54b162b0ba,156848c667e7db10,2023-11-29 15:42:10,22.978603,72.543475,18.0,Realme,Realme 9 Pro,eSAKSHI Mobile App
EV-DEMO-00675,MPLADS-DEMO-000338,PROGRESS_PHOTO,Site Inspection Photograph - Construction Stage - Village-141,MPLADS-DEMO-000338_progress_stage.jpg,image/jpeg,337208,e7abb9e202afa5f719868729201f7a712f961f86a9da9a747ae235c5bbcfc58f,ce7d578034dfaa8f,2024-01-06 11:24:15,18.382136,79.124948,12.3,Samsung,SM-A525F,eSAKSHI Mobile App
EV-DEMO-00676,MPLADS-DEMO-000338,SITE_IMAGE,Geo-tagged Asset Verification Photograph - Village-141,MPLADS-DEMO-000338_verification_stage.jpg,image/jpeg,284777,e7323cbe4024215bb383610dbf0770e6e3e471f5c895ebe129929e83187fd57d,d255655b07b0491f,2024-03-08 15:42:10,18.381741,79.124976,33.4,Samsung,SM-A525F,eSAKSHI Mobile App
EV-DEMO-00677,MPLADS-DEMO-000339,PROGRESS_PHOTO,Site Inspection Photograph - Construction Stage - Village-124,MPLADS-DEMO-000339_progress_stage.jpg,image/jpeg,370567,51c83af73fdcee836d27b7504b0fbca1f31b08c372431e15ba01bb10d635b71f,111023bda11ee07b,2024-01-10 11:24:15,23.051544,72.585133,14.9,Xiaomi,Redmi Note 11,eSAKSHI Mobile App
EV-DEMO-00678,MPLADS-DEMO-000339,COMPLETION_PHOTO,Geo-tagged Asset Verification Photograph - Village-124,MPLADS-DEMO-000339_verification_stage.jpg,image/jpeg,332857,2388dfde6393585e2e2d71b02a5fbcfb5dacac5af13b6062d393a61da8cc6662,e32142b61c18dda5,2024-06-15 15:42:10,23.051916,72.584803,38.8,Xiaomi,Redmi Note 11,eSAKSHI Mobile App
EV-DEMO-00679,MPLADS-DEMO-000340,PROGRESS_PHOTO,Site Inspection Photograph - Construction Stage - Village-127,MPLADS-DEMO-000340_progress_stage.jpg,image/jpeg,384954,d3603a3e7f9988c8a8f600c8103043e6784b20878ad031d866e1cc8c8922e872,a738ce63ea339d71,2023-03-16 11:24:15,11.056897,77.005663,6.8,Samsung,SM-A525F,eSAKSHI Mobile App
EV-DEMO-00680,MPLADS-DEMO-000340,COMPLETION_PHOTO,Geo-tagged Asset Verification Photograph - Village-127,MPLADS-DEMO-000340_verification_stage.jpg,image/jpeg,407575,301d36370e7e152c63d16edfa4c7611752cdc116b808d260154899a338cb7394,7d6f68fa9ccb62ea,2023-06-23 15:42:10,11.056998,77.005547,22.8,Samsung,SM-A525F,eSAKSHI Mobile App
EV-DEMO-00681,MPLADS-DEMO-000341,PROGRESS_PHOTO,Site Inspection Photograph - Construction Stage - Village-106,MPLADS-DEMO-000341_progress_stage.jpg,image/jpeg,296375,8d7a30a0b55fd8c48bb68b6693c6b039c45c9e33f708306e333d93a0f905ed44,b32cf36b69eea320,2024-03-18 11:24:15,18.613508,78.07469,17.7,Vivo,Vivo V23 5G,eSAKSHI Mobile App
EV-DEMO-00682,MPLADS-DEMO-000341,COMPLETION_PHOTO,Geo-tagged Asset Verification Photograph - Village-106,MPLADS-DEMO-000341_verification_stage.jpg,image/jpeg,365036,ec7ce690e8d69735a77c1b31594736d8907decbc9ac885ccefe93af6e97b4e1c,3bd4f9fa8768d835,2024-04-15 15:42:10,18.613583,78.074326,30.6,Vivo,Vivo V23 5G,eSAKSHI Mobile App
EV-DEMO-00683,MPLADS-DEMO-000342,PROGRESS_PHOTO,Site Inspection Photograph - Construction Stage - Village-30,MPLADS-DEMO-000342_progress_stage.jpg,image/jpeg,207370,229ed0587b5496b7729ff14a4d2d2a3d7f075ed738b20e4c913169bec1eae676,c0fe086d65c14198,2024-05-07 11:24:15,15.48313,74.987257,11.7,Vivo,Vivo V23 5G,eSAKSHI Mobile App
EV-DEMO-00684,MPLADS-DEMO-000342,COMPLETION_PHOTO,Geo-tagged Asset Verification Photograph - Village-30,MPLADS-DEMO-000342_verification_stage.jpg,image/jpeg,434347,31c3e69045135ea70f909274ffbb290816d31cc68f57d7988ab7896807732930,a8b91d6b6350b8db,2024-06-29 15:42:10,15.483161,74.987461,32.5,Vivo,Vivo V23 5G,eSAKSHI Mobile App
EV-DEMO-00685,MPLADS-DEMO-000343,PROGRESS_PHOTO,Site Inspection Photograph - Construction Stage - Village-166,MPLADS-DEMO-000343_progress_stage.jpg,image/jpeg,226345,e5e4c81ba7040bfabaaf718d9731678cb74f464493d5fda1576f8569aca9fc49,cf82c7dc4c2d9894,2023-10-16 11:24:15,19.332619,84.945023,18.8,Realme,Realme 9 Pro,eSAKSHI Mobile App
EV-DEMO-00686,MPLADS-DEMO-000343,COMPLETION_PHOTO,Geo-tagged Asset Verification Photograph - Village-166,MPLADS-DEMO-000343_verification_stage.jpg,image/jpeg,429199,7acc31f7bb26ad2a7946a22d7267996cb54b862c6c77b572afb472943a05c3e5,e0f3cab8fc39e96e,2024-01-18 15:42:10,19.332631,84.945438,25.0,Realme,Realme 9 Pro,eSAKSHI Mobile App
EV-DEMO-00687,MPLADS-DEMO-000344,PROGRESS_PHOTO,Site Inspection Photograph - Construction Stage - Village-81,MPLADS-DEMO-000344_progress_stage.jpg,image/jpeg,325168,6fc3651eec4c1b32290905618b5e8b465be341c6ad6b5074846b3b170f9d6dac,f4aa251667d66d37,2024-06-11 11:24:15,11.023784,76.893263,21.3,Samsung,SM-A525F,eSAKSHI Mobile App
EV-DEMO-00688,MPLADS-DEMO-000344,COMPLETION_PHOTO,Geo-tagged Asset Verification Photograph - Village-81,MPLADS-DEMO-000344_verification_stage.jpg,image/jpeg,459975,5cf6919eea2a3c646a23f282895b2ecc3f0d35e8c27ff2cffe83bcfd7aee452d,e60d4402ce67b621,2024-08-08 15:42:10,11.024166,76.893322,23.6,Samsung,SM-A525F,eSAKSHI Mobile App
EV-DEMO-00689,MPLADS-DEMO-000345,PROGRESS_PHOTO,Site Inspection Photograph - Construction Stage - Village-43,MPLADS-DEMO-000345_progress_stage.jpg,image/jpeg,369100,94c490bee8c698512e6f205f004b973131522f20d50b11d9a892e87502ab2b9f,28ea81139bc422ae,2023-08-12 11:24:15,22.728791,75.843174,17.9,OnePlus,Nord CE 2,eSAKSHI Mobile App
EV-DEMO-00690,MPLADS-DEMO-000345,SITE_IMAGE,Geo-tagged Asset Verification Photograph - Village-43,MPLADS-DEMO-000345_verification_stage.jpg,image/jpeg,246305,b87134c4abe1dbdc2e863ab07dd165be2079968bf1bf66e16699b56fc033c608,b891f4b35396a382,2023-12-21 15:42:10,22.728564,75.843123,37.1,OnePlus,Nord CE 2,eSAKSHI Mobile App
EV-DEMO-00691,MPLADS-DEMO-000346,PROGRESS_PHOTO,Site Inspection Photograph - Construction Stage - Village-116,MPLADS-DEMO-000346_progress_stage.jpg,image/jpeg,358193,a9ba40ffbf56678cc92368fee99c149b0d267011249a8313f1bb11e081b44677,266c36c6b079805d,2024-03-29 11:24:15,20.505285,85.857392,7.1,Apple,iPhone 13,eSAKSHI Mobile App
EV-DEMO-00692,MPLADS-DEMO-000346,COMPLETION_PHOTO,Geo-tagged Asset Verification Photograph - Village-116,MPLADS-DEMO-000346_verification_stage.jpg,image/jpeg,460517,4bea85f3e0ddb924bc76b79a9eebfcf25fad17cfafff8e8f1246428a4270b0aa,06123e97dfbb2023,2024-07-11 15:42:10,20.505043,85.85742,32.8,Apple,iPhone 13,eSAKSHI Mobile App
EV-DEMO-00693,MPLADS-DEMO-000347,PROGRESS_PHOTO,Site Inspection Photograph - Construction Stage - Village-49,MPLADS-DEMO-000347_progress_stage.jpg,image/jpeg,219627,3b85eb1dcc50a1ccb442cf9ecd8ba3c6146e9234a0ffe4158c8370b4154dc671,3dba20307b57b044,2024-04-14 11:24:15,18.651597,78.091849,17.0,Apple,iPhone 13,eSAKSHI Mobile App
EV-DEMO-00694,MPLADS-DEMO-000347,COMPLETION_PHOTO,Geo-tagged Asset Verification Photograph - Village-49,MPLADS-DEMO-000347_verification_stage.jpg,image/jpeg,396507,da23c57e41b41de545c38ca8a241e9a389cc7be9cacb91f7222f14d54b9bd4a8,78730cabb3f96a64,2024-06-06 15:42:10,18.651825,78.091725,26.8,Apple,iPhone 13,eSAKSHI Mobile App
EV-DEMO-00695,MPLADS-DEMO-000348,PROGRESS_PHOTO,Site Inspection Photograph - Construction Stage - Village-183,MPLADS-DEMO-000348_progress_stage.jpg,image/jpeg,394626,a6b6f944c09cdecf09ccccdbcd68baeede3ed3f2749db9da5aaa03023627e75d,ff96d94654d83434,2023-12-28 11:24:15,23.069754,72.521314,24.1,OnePlus,Nord CE 2,eSAKSHI Mobile App
EV-DEMO-00696,MPLADS-DEMO-000348,COMPLETION_PHOTO,Geo-tagged Asset Verification Photograph - Village-183,MPLADS-DEMO-000348_verification_stage.jpg,image/jpeg,478765,c0003522fb8213e3138be93add9e5d8904660fb836c586d00c778f1a95474dcd,d685f15a2aee0973,2024-05-03 15:42:10,23.069935,72.52133,13.2,OnePlus,Nord CE 2,eSAKSHI Mobile App
EV-DEMO-00697,MPLADS-DEMO-000349,PROGRESS_PHOTO,Site Inspection Photograph - Construction Stage - Village-80,MPLADS-DEMO-000349_progress_stage.jpg,image/jpeg,201791,ec1c8e1e32fc4282a10594bc7a4d6cd57aa22c1bb36cee5a9894aaf16a9885a5,8cf644ce23047005,2023-07-05 11:24:15,17.90671,79.627703,12.5,Vivo,Vivo V23 5G,eSAKSHI Mobile App
EV-DEMO-00698,MPLADS-DEMO-000349,COMPLETION_PHOTO,Geo-tagged Asset Verification Photograph - Village-80,MPLADS-DEMO-000349_verification_stage.jpg,image/jpeg,310959,8cbc2e6d5dc2135757b7125011c5a1ed975d1ab9663a0f9b575e3cd320a3ca43,c99a4c11dc2038e2,2023-09-08 15:42:10,17.907029,79.627768,24.0,Vivo,Vivo V23 5G,eSAKSHI Mobile App
EV-DEMO-00699,MPLADS-DEMO-000350,PROGRESS_PHOTO,Site Inspection Photograph - Construction Stage - Village-71,MPLADS-DEMO-000350_progress_stage.jpg,image/jpeg,298896,e35cdf11f96dca52adcb77b9df269cc274c54756888193f173ba254fc3f015f0,3db16a0e5df5b3b6,2023-09-02 11:24:15,26.710292,83.432878,23.1,Samsung,SM-A525F,eSAKSHI Mobile App
EV-DEMO-00700,MPLADS-DEMO-000350,SITE_IMAGE,Geo-tagged Asset Verification Photograph - Village-71,MPLADS-DEMO-000350_verification_stage.jpg,image/jpeg,287858,6cfb6bde6b8dd7c64d310bb47ef424520077dd2ea0174f52ce4538a605048911,e70fc50c2a8d077d,2024-02-08 15:42:10,26.710382,83.433024,26.7,Samsung,SM-A525F,eSAKSHI Mobile App
EV-DEMO-00701,MPLADS-DEMO-000351,PROGRESS_PHOTO,Site Inspection Photograph - Construction Stage - Village-19,MPLADS-DEMO-000351_progress_stage.jpg,image/jpeg,248066,267a966c3996221cfb20ff465c0608c207af2558542d3c615ffc50ab37421777,4792a32bbf448fe4,2023-11-28 11:24:15,10.992358,77.006675,15.5,Xiaomi,Redmi Note 11,eSAKSHI Mobile App
EV-DEMO-00702,MPLADS-DEMO-000351,COMPLETION_PHOTO,Geo-tagged Asset Verification Photograph - Village-19,MPLADS-DEMO-000351_verification_stage.jpg,image/jpeg,473299,8689eda902e8d858e8f2c9c2659b62d0906e758a0a769d6fd2ae5a02196741ad,c16f92fec3ef0939,2024-02-02 15:42:10,10.992186,77.006887,14.6,Xiaomi,Redmi Note 11,eSAKSHI Mobile App
EV-DEMO-00703,MPLADS-DEMO-000352,PROGRESS_PHOTO,Site Inspection Photograph - Construction Stage - Village-152,MPLADS-DEMO-000352_progress_stage.jpg,image/jpeg,305500,61556e02225cf610808fc5df06f536e0254307b0e50f62f52becd52314b3502e,516f9d530cd542f2,2024-05-12 11:24:15,20.014376,73.814367,16.4,Realme,Realme 9 Pro,eSAKSHI Mobile App
EV-DEMO-00704,MPLADS-DEMO-000352,SITE_IMAGE,Geo-tagged Asset Verification Photograph - Village-152,MPLADS-DEMO-000352_verification_stage.jpg,image/jpeg,264149,d5109c87bfeb49321bfcf9dd34f7d4240ae10b01ac70209961223925b76d75c2,9f649eebd744df6b,2024-09-16 15:42:10,20.01461,73.814644,33.8,Realme,Realme 9 Pro,eSAKSHI Mobile App
EV-DEMO-00705,MPLADS-DEMO-000353,PROGRESS_PHOTO,Site Inspection Photograph - Construction Stage - Village-179,MPLADS-DEMO-000353_progress_stage.jpg,image/jpeg,310267,20e64f5daf9ad497d47f49a946f5274c7a76c410e52dfa9abd13308d2f4d20b0,426a5621c7ae467e,2023-12-06 11:24:15,11.012697,76.950147,13.4,Realme,Realme 9 Pro,eSAKSHI Mobile App
EV-DEMO-00706,MPLADS-DEMO-000353,SITE_IMAGE,Geo-tagged Asset Verification Photograph - Village-179,MPLADS-DEMO-000353_verification_stage.jpg,image/jpeg,388691,fa6447a9d4fe4846f86decf7bff4851a5f15b88e5d8f919c6cd8df206025c84f,e4dc68229fe6cde4,2024-02-09 15:42:10,11.012581,76.949769,30.0,Realme,Realme 9 Pro,eSAKSHI Mobile App
EV-DEMO-00707,MPLADS-DEMO-000354,PROGRESS_PHOTO,Site Inspection Photograph - Construction Stage - Village-47,MPLADS-DEMO-000354_progress_stage.jpg,image/jpeg,384195,be7ef38aa9f5ec88ab23b9daedb0973fae014820cea919de37fb7759f2e4efad,9b1bf48104846966,2023-11-23 11:24:15,19.405806,85.011311,23.3,Xiaomi,Redmi Note 11,eSAKSHI Mobile App
EV-DEMO-00708,MPLADS-DEMO-000354,COMPLETION_PHOTO,Geo-tagged Asset Verification Photograph - Village-47,MPLADS-DEMO-000354_verification_stage.jpg,image/jpeg,413337,9f09e6ccc6aaf1b91ca6f381ee2b33a1734326e4585c6cbdd5dd0d8bb3bce811,dc958e311fd92c9e,2024-01-19 15:42:10,19.40605,85.011191,31.6,Xiaomi,Redmi Note 11,eSAKSHI Mobile App
EV-DEMO-00709,MPLADS-DEMO-000355,PROGRESS_PHOTO,Site Inspection Photograph - Construction Stage - Village-131,MPLADS-DEMO-000355_progress_stage.jpg,image/jpeg,228231,fb60129cbb67d188a4d31399a60131ef03c8c7522e7d71df32f1a83a92b9df68,b168775088be8e2a,2024-04-22 11:24:15,9.873661,78.161039,10.1,Vivo,Vivo V23 5G,eSAKSHI Mobile App
EV-DEMO-00710,MPLADS-DEMO-000355,COMPLETION_PHOTO,Geo-tagged Asset Verification Photograph - Village-131,MPLADS-DEMO-000355_verification_stage.jpg,image/jpeg,325515,8cffa84195c007b2985e587cb36386134a249eb21b79626ffee645cb48044f63,af92df3b616de840,2024-07-31 15:42:10,9.873548,78.161258,19.6,Vivo,Vivo V23 5G,eSAKSHI Mobile App
EV-DEMO-00711,MPLADS-DEMO-000356,PROGRESS_PHOTO,Site Inspection Photograph - Construction Stage - Village-124,MPLADS-DEMO-000356_progress_stage.jpg,image/jpeg,253308,8a701f63c178480f88faa6b3e546f2a073c5880d9bdc5ab06225046dccf1abb8,7c36a8a79d600d76,2023-12-25 11:24:15,26.831718,80.925488,13.6,Vivo,Vivo V23 5G,eSAKSHI Mobile App
EV-DEMO-00712,MPLADS-DEMO-000356,COMPLETION_PHOTO,Geo-tagged Asset Verification Photograph - Village-124,MPLADS-DEMO-000356_verification_stage.jpg,image/jpeg,340499,1932d0a19ec79c33af0e713527c35de26108388cb07b042448af0b15af08029d,9f5f2b7a4aa0dbfa,2024-03-25 15:42:10,26.831862,80.925325,34.0,Vivo,Vivo V23 5G,eSAKSHI Mobile App
EV-DEMO-00713,MPLADS-DEMO-000357,PROGRESS_PHOTO,Site Inspection Photograph - Construction Stage - Village-147,MPLADS-DEMO-000357_progress_stage.jpg,image/jpeg,376967,0ea5e859b0aa4f2d30ebd90f2b6d1473375c2a5f29664eb7ff940a8a6ecc7d62,a30bb1ca63dd96e2,2024-05-29 11:24:15,21.214046,72.780888,10.8,Realme,Realme 9 Pro,eSAKSHI Mobile App
EV-DEMO-00714,MPLADS-DEMO-000357,COMPLETION_PHOTO,Geo-tagged Asset Verification Photograph - Village-147,MPLADS-DEMO-000357_verification_stage.jpg,image/jpeg,346408,4868d6f1d03355304177b88e80a5ba7f7730e3d207d811998432c41c537dc7ed,1df9ecccc5ff043e,2024-08-18 15:42:10,21.214045,72.781248,30.6,Realme,Realme 9 Pro,eSAKSHI Mobile App
EV-DEMO-00715,MPLADS-DEMO-000358,PROGRESS_PHOTO,Site Inspection Photograph - Construction Stage - Village-198,MPLADS-DEMO-000358_progress_stage.jpg,image/jpeg,221875,8b57f02b7c0522409914a93ce44b76feae7766eda7fb51f19aee4471b51ab944,1301a656835e556a,2024-05-12 11:24:15,21.187388,79.065798,3.7,OnePlus,Nord CE 2,eSAKSHI Mobile App
EV-DEMO-00716,MPLADS-DEMO-000358,COMPLETION_PHOTO,Geo-tagged Asset Verification Photograph - Village-198,MPLADS-DEMO-000358_verification_stage.jpg,image/jpeg,360983,d5b049b7cd2ffd2ad6f6ea5bb99b6be7e72266ca3588cf584ef2aee52b6173d4,7795d7cd29e032f2,2024-06-29 15:42:10,21.18725,79.065944,23.9,OnePlus,Nord CE 2,eSAKSHI Mobile App
EV-DEMO-00717,MPLADS-DEMO-000359,PROGRESS_PHOTO,Site Inspection Photograph - Construction Stage - Village-51,MPLADS-DEMO-000359_progress_stage.jpg,image/jpeg,286639,77e5d3411dd0a90cc0928dd502fbd304a3b7665765b9777be7d0a1b5a7ddc456,ad8dcd4e3cf83276,2023-09-06 11:24:15,26.874268,75.836174,24.0,Apple,iPhone 13,eSAKSHI Mobile App
EV-DEMO-00718,MPLADS-DEMO-000359,COMPLETION_PHOTO,Geo-tagged Asset Verification Photograph - Village-51,MPLADS-DEMO-000359_verification_stage.jpg,image/jpeg,426675,4219e94dd231fa19387851bb22a2c9a7c1cd4621d4e61dd1c323fa2cb1feb741,c0e674ff42a0e98c,2023-12-27 15:42:10,26.873919,75.836068,38.1,Apple,iPhone 13,eSAKSHI Mobile App
EV-DEMO-00719,MPLADS-DEMO-000360,PROGRESS_PHOTO,Site Inspection Photograph - Construction Stage - Village-76,MPLADS-DEMO-000360_progress_stage.jpg,image/jpeg,280421,850b6728bd91570417c473eabab52dbc9f8311f88808b5c79b3964b4662235db,f78c6a6646c1cf40,2023-08-30 11:24:15,22.662901,75.909808,21.2,OnePlus,Nord CE 2,eSAKSHI Mobile App
EV-DEMO-00720,MPLADS-DEMO-000360,COMPLETION_PHOTO,Geo-tagged Asset Verification Photograph - Village-76,MPLADS-DEMO-000360_verification_stage.jpg,image/jpeg,284970,fc5533e5c50162afe494a030b5e559ab62aa12609cb5abcd5327f392cf987c0a,f6197596bf54589c,2023-12-23 15:42:10,22.66297,75.910055,36.1,OnePlus,Nord CE 2,eSAKSHI Mobile App
EV-DEMO-00721,MPLADS-DEMO-000361,PROGRESS_PHOTO,Site Inspection Photograph - Construction Stage - Village-183,MPLADS-DEMO-000361_progress_stage.jpg,image/jpeg,376789,3649900c428e586117346fd1795e38b8c4fd0d495499304b772e15c46ed7ee09,baae20312743a65f,2023-05-10 11:24:15,11.00171,76.940509,20.0,Apple,iPhone 13,eSAKSHI Mobile App
EV-DEMO-00722,MPLADS-DEMO-000361,COMPLETION_PHOTO,Geo-tagged Asset Verification Photograph - Village-183,MPLADS-DEMO-000361_verification_stage.jpg,image/jpeg,304016,ee21a47f5e83b75ca6598b8a1628196281cf945b21dffb97f29ce8448744e3f0,b252415c9c430da4,2023-08-27 15:42:10,11.001788,76.94053,28.6,Apple,iPhone 13,eSAKSHI Mobile App
EV-DEMO-00723,MPLADS-DEMO-000362,PROGRESS_PHOTO,Site Inspection Photograph - Construction Stage - Village-33,MPLADS-DEMO-000362_progress_stage.jpg,image/jpeg,340927,1f32109ff77d5976b9d0b63fb754fc4ac9c1b15afd7d508d65e603f68a9941bc,2cec69308ae7bc18,2024-02-25 11:24:15,26.864952,75.731708,13.4,OnePlus,Nord CE 2,eSAKSHI Mobile App
EV-DEMO-00724,MPLADS-DEMO-000362,SITE_IMAGE,Geo-tagged Asset Verification Photograph - Village-33,MPLADS-DEMO-000362_verification_stage.jpg,image/jpeg,351185,77f2af206167e7a2a6562c58dc05b382e44777798041ba9d24003efdef73c70d,baabaface0131a06,2024-06-01 15:42:10,26.864907,75.731456,17.9,OnePlus,Nord CE 2,eSAKSHI Mobile App
EV-DEMO-00725,MPLADS-DEMO-000363,PROGRESS_PHOTO,Site Inspection Photograph - Construction Stage - Village-160,MPLADS-DEMO-000363_progress_stage.jpg,image/jpeg,294579,a035f66dc8ee3cab6850ebb17521bf92772b0da0b499237245e1da85b163fd8b,7f7023c315e3d2d6,2023-06-23 11:24:15,20.139126,85.622268,23.2,Xiaomi,Redmi Note 11,eSAKSHI Mobile App
EV-DEMO-00726,MPLADS-DEMO-000363,COMPLETION_PHOTO,Geo-tagged Asset Verification Photograph - Village-160,MPLADS-DEMO-000363_verification_stage.jpg,image/jpeg,307541,e251d66224609075ff362fea5464b8c2f9a5d9fb6593c10c6d31a89ec07430fc,c0f4c2b94369a176,2023-11-21 15:42:10,20.139368,85.622665,27.2,Xiaomi,Redmi Note 11,eSAKSHI Mobile App
EV-DEMO-00727,MPLADS-DEMO-000364,PROGRESS_PHOTO,Site Inspection Photograph - Construction Stage - Village-106,MPLADS-DEMO-000364_progress_stage.jpg,image/jpeg,324206,efc41b8c7056f84c8fa2ed876486ad491b7835f8aef9c62179e19c36c0309d27,8726502ee081cbba,2024-03-14 11:24:15,10.03697,76.309823,9.2,Xiaomi,Redmi Note 11,eSAKSHI Mobile App
EV-DEMO-00728,MPLADS-DEMO-000364,COMPLETION_PHOTO,Geo-tagged Asset Verification Photograph - Village-106,MPLADS-DEMO-000364_verification_stage.jpg,image/jpeg,213278,324f40ffee9298fea4aab67c382f1504b4b3c80abfdde6dcdc43d5865815c2a4,0a6580d7eb2edaf2,2024-08-13 15:42:10,10.037167,76.310039,26.5,Xiaomi,Redmi Note 11,eSAKSHI Mobile App
EV-DEMO-00729,MPLADS-DEMO-000365,PROGRESS_PHOTO,Site Inspection Photograph - Construction Stage - Village-120,MPLADS-DEMO-000365_progress_stage.jpg,image/jpeg,301540,0f128a5cafda498b2d5445a72180efe305948cabda68f2a166c9a118a92a8687,fc536a09b384b09d,2024-03-24 11:24:15,11.261192,75.783525,23.1,Vivo,Vivo V23 5G,eSAKSHI Mobile App
EV-DEMO-00730,MPLADS-DEMO-000365,COMPLETION_PHOTO,Geo-tagged Asset Verification Photograph - Village-120,MPLADS-DEMO-000365_verification_stage.jpg,image/jpeg,362728,a8c7af70c6093e6babb641a35c9f936717ed0bf475f4b8fbf5fef0ca8de4562d,1f4f31754da2de05,2024-08-13 15:42:10,11.261229,75.78336,26.5,Vivo,Vivo V23 5G,eSAKSHI Mobile App
EV-DEMO-00731,MPLADS-DEMO-000366,PROGRESS_PHOTO,Site Inspection Photograph - Construction Stage - Village-121,MPLADS-DEMO-000366_progress_stage.jpg,image/jpeg,240339,0fcf595243b0c4f162f3f93d697b72246b8f12bcb0e1aac1edabbdd114d345f4,11c46385b8d56720,2024-08-16 11:24:15,20.456346,85.935597,28.1,Apple,iPhone 13,eSAKSHI Mobile App
EV-DEMO-00732,MPLADS-DEMO-000366,SITE_IMAGE,Geo-tagged Asset Verification Photograph - Village-121,MPLADS-DEMO-000366_verification_stage.jpg,image/jpeg,363409,79b06c828d5f82937b66befa544d5da28d2dc08070bd7ea63b7c537a8acf3877,1eea599da989f120,2024-11-21 15:42:10,20.456592,85.935567,24.1,Apple,iPhone 13,eSAKSHI Mobile App
EV-DEMO-00733,MPLADS-DEMO-000367,PROGRESS_PHOTO,Site Inspection Photograph - Construction Stage - Village-16,MPLADS-DEMO-000367_progress_stage.jpg,image/jpeg,217753,d94747230c176dedc7a729b1c59741de54e4c73908f780729edd694197073248,e87574af6ab9c170,2024-04-01 11:24:15,11.275681,75.790737,21.1,Realme,Realme 9 Pro,eSAKSHI Mobile App
EV-DEMO-00734,MPLADS-DEMO-000367,COMPLETION_PHOTO,Geo-tagged Asset Verification Photograph - Village-16,MPLADS-DEMO-000367_verification_stage.jpg,image/jpeg,291820,bdab81012a500349991ea3b8172d354a9e0a975f3cb5ca693deb663740cd50e3,5737bdc3ae1b748d,2024-07-29 15:42:10,11.275455,75.790525,17.5,Realme,Realme 9 Pro,eSAKSHI Mobile App
EV-DEMO-00735,MPLADS-DEMO-000368,PROGRESS_PHOTO,Site Inspection Photograph - Construction Stage - Village-65,MPLADS-DEMO-000368_progress_stage.jpg,image/jpeg,250707,4a3764b136612635e4bca55a6ba0231e66a1220a33c841f1dbddcc9a6361418c,cc4a4aa26cfee1eb,2023-05-25 11:24:15,20.133301,85.592805,20.7,Apple,iPhone 13,eSAKSHI Mobile App
EV-DEMO-00736,MPLADS-DEMO-000368,COMPLETION_PHOTO,Geo-tagged Asset Verification Photograph - Village-65,MPLADS-DEMO-000368_verification_stage.jpg,image/jpeg,465977,c67f82ebcef7fe39e8c861a864f8357cccde420284b35fac62f21a9f45075af6,11da973740c426f1,2023-08-25 15:42:10,20.132868,85.59298,39.4,Apple,iPhone 13,eSAKSHI Mobile App
EV-DEMO-00737,MPLADS-DEMO-000369,PROGRESS_PHOTO,Site Inspection Photograph - Construction Stage - Village-136,MPLADS-DEMO-000369_progress_stage.jpg,image/jpeg,345187,a8a9f3594a86ca7a7f4fa551922e170af377b8f5ba79aadd734f21f6ace2ccd7,926bd02b00b61a47,2024-05-15 11:24:15,26.893567,80.925649,24.8,Realme,Realme 9 Pro,eSAKSHI Mobile App
EV-DEMO-00738,MPLADS-DEMO-000369,COMPLETION_PHOTO,Geo-tagged Asset Verification Photograph - Village-136,MPLADS-DEMO-000369_verification_stage.jpg,image/jpeg,433524,ecad722c50b2e4f230f921a5d53a7a0f2d7a59fa60505bfad961ead87b839cd9,29ee2572da24bf01,2024-07-09 15:42:10,26.893865,80.925979,23.7,Realme,Realme 9 Pro,eSAKSHI Mobile App
EV-DEMO-00739,MPLADS-DEMO-000370,PROGRESS_PHOTO,Site Inspection Photograph - Construction Stage - Village-54,MPLADS-DEMO-000370_progress_stage.jpg,image/jpeg,411546,548cab66d75a387bb360984fccb15270d223c995089d9305d6b9c307ee604f83,be74fba931df6c57,2023-04-16 11:24:15,11.695353,76.176633,27.3,Xiaomi,Redmi Note 11,eSAKSHI Mobile App
EV-DEMO-00740,MPLADS-DEMO-000370,COMPLETION_PHOTO,Geo-tagged Asset Verification Photograph - Village-54,MPLADS-DEMO-000370_verification_stage.jpg,image/jpeg,235695,314b055b97efc27d6726b436bd67752ebb8ca0f4514147debb9d1dc255c25a22,c78328cb932735e0,2023-09-19 15:42:10,11.695703,76.176154,37.8,Xiaomi,Redmi Note 11,eSAKSHI Mobile App
EV-DEMO-00741,MPLADS-DEMO-000371,PROGRESS_PHOTO,Site Inspection Photograph - Construction Stage - Village-60,MPLADS-DEMO-000371_progress_stage.jpg,image/jpeg,250365,0957832beb7d5ae0f69ed44a0fb5f1791d3436cf2bb2477c0cf533da1dfb8026,d5057b6d3888f1dc,2023-11-05 11:24:15,11.243181,75.80713,0.8,Apple,iPhone 13,eSAKSHI Mobile App
EV-DEMO-00742,MPLADS-DEMO-000371,COMPLETION_PHOTO,Geo-tagged Asset Verification Photograph - Village-60,MPLADS-DEMO-000371_verification_stage.jpg,image/jpeg,316713,8af731f0909c620cf80fc9e2e2c6bf2a9c6edb66ac3396f5e05e22cc38a82e8a,f7f49cf16a44646c,2023-12-03 15:42:10,11.243107,75.806981,17.8,Apple,iPhone 13,eSAKSHI Mobile App
EV-DEMO-00743,MPLADS-DEMO-000372,PROGRESS_PHOTO,Site Inspection Photograph - Construction Stage - Village-11,MPLADS-DEMO-000372_progress_stage.jpg,image/jpeg,331062,b2962e104a7d3de52c5d5dd8710a491b6b7a9921ffd59ecea20fdd2d9407f3b7,e8df6645b33a75b8,2024-06-27 11:24:15,26.186526,73.028349,3.9,Xiaomi,Redmi Note 11,eSAKSHI Mobile App
EV-DEMO-00744,MPLADS-DEMO-000372,SITE_IMAGE,Geo-tagged Asset Verification Photograph - Village-11,MPLADS-DEMO-000372_verification_stage.jpg,image/jpeg,297233,2eb1d45abb40a9da9e1244110cf6a3d25a5e7642fb634e84e017c86f7f34ad4d,c8993c2e4f188212,2024-09-25 15:42:10,26.186271,73.028542,36.2,Xiaomi,Redmi Note 11,eSAKSHI Mobile App
EV-DEMO-00745,MPLADS-DEMO-000373,PROGRESS_PHOTO,Site Inspection Photograph - Construction Stage - Village-119,MPLADS-DEMO-000373_progress_stage.jpg,image/jpeg,374003,cfe7340a886b91d808e23465149f45e5d03c80feb75335043fb1e103d3068237,b1231fc5387801b9,2023-09-18 11:24:15,11.699852,78.178382,4.7,Apple,iPhone 13,eSAKSHI Mobile App
EV-DEMO-00746,MPLADS-DEMO-000373,COMPLETION_PHOTO,Geo-tagged Asset Verification Photograph - Village-119,MPLADS-DEMO-000373_verification_stage.jpg,image/jpeg,214575,c1c64598e3c32f86116de14ec429db7d3cd0794c3de910e91fe6f16ad9612eca,8004a2e06c7d9d12,2023-12-29 15:42:10,11.699561,78.178206,33.7,Apple,iPhone 13,eSAKSHI Mobile App
EV-DEMO-00747,MPLADS-DEMO-000374,PROGRESS_PHOTO,Site Inspection Photograph - Construction Stage - Village-176,MPLADS-DEMO-000374_progress_stage.jpg,image/jpeg,254983,d5af1d6908530c1e5c0b19db01bff0a2b32a2a4f245d020b39dd960aa2eb80d8,f23d538c4c6c4cef,2024-02-10 11:24:15,23.252943,77.376167,9.0,Vivo,Vivo V23 5G,eSAKSHI Mobile App
EV-DEMO-00748,MPLADS-DEMO-000374,COMPLETION_PHOTO,Geo-tagged Asset Verification Photograph - Village-176,MPLADS-DEMO-000374_verification_stage.jpg,image/jpeg,222596,54800300f1ed46588c70a221480046e620c7dd24f57add420aca11d8ce221eda,2e3d1e57124ced53,2024-04-20 15:42:10,23.253098,77.376184,25.9,Vivo,Vivo V23 5G,eSAKSHI Mobile App
EV-DEMO-00749,MPLADS-DEMO-000375,PROGRESS_PHOTO,Site Inspection Photograph - Construction Stage - Village-23,MPLADS-DEMO-000375_progress_stage.jpg,image/jpeg,367483,ce126be5f02b2c42281023a388c1fe8502822de58c9aee8f5d145614574cc6e2,74b6b8a5c2ab7e6f,2023-08-02 11:24:15,21.192304,79.04,20.7,OnePlus,Nord CE 2,eSAKSHI Mobile App
EV-DEMO-00750,MPLADS-DEMO-000375,COMPLETION_PHOTO,Geo-tagged Asset Verification Photograph - Village-23,MPLADS-DEMO-000375_verification_stage.jpg,image/jpeg,286321,75595bb2ab4bd258ecf942a8b2386addfe71f8b06b468a78c253aa6c13cc47c3,6d5baa4e53a36b9d,2023-12-18 15:42:10,21.191868,79.040308,37.6,OnePlus,Nord CE 2,eSAKSHI Mobile App
EV-DEMO-00751,MPLADS-DEMO-000376,PROGRESS_PHOTO,Site Inspection Photograph - Construction Stage - Village-178,MPLADS-DEMO-000376_progress_stage.jpg,image/jpeg,418052,b44384edd7b6973dfc3b86e1d51f494976086b8f359bcaa72fafd166b233d0f5,ba3a5a98c0e2af03,2023-08-15 11:24:15,19.432389,85.025231,16.5,Vivo,Vivo V23 5G,eSAKSHI Mobile App
EV-DEMO-00752,MPLADS-DEMO-000376,COMPLETION_PHOTO,Geo-tagged Asset Verification Photograph - Village-178,MPLADS-DEMO-000376_verification_stage.jpg,image/jpeg,210479,70c3e87c6c43fac7ce63f18b8d24bb84bc42fa16a18ef14a23f799896a0f36ba,f8d78cb084354ebd,2023-11-11 15:42:10,19.432699,85.025009,29.7,Vivo,Vivo V23 5G,eSAKSHI Mobile App
EV-DEMO-00753,MPLADS-DEMO-000377,PROGRESS_PHOTO,Site Inspection Photograph - Construction Stage - Village-126,MPLADS-DEMO-000377_progress_stage.jpg,image/jpeg,208763,941d00ab89bcbed71ad44182ecf8d1caee2f236125092caf86fea1bfbd957f04,5d680535c3c7b574,2023-05-30 11:24:15,20.059985,73.750804,19.8,Samsung,SM-A525F,eSAKSHI Mobile App
EV-DEMO-00754,MPLADS-DEMO-000377,COMPLETION_PHOTO,Geo-tagged Asset Verification Photograph - Village-126,MPLADS-DEMO-000377_verification_stage.jpg,image/jpeg,241464,06ce49453e1dea73edd9fc0d478f74d057af12d79743f6225fcdb3080a69fe1f,be4adae72deba7eb,2023-09-16 15:42:10,20.059732,73.751127,27.1,Samsung,SM-A525F,eSAKSHI Mobile App
EV-DEMO-00755,MPLADS-DEMO-000378,PROGRESS_PHOTO,Site Inspection Photograph - Construction Stage - Village-19,MPLADS-DEMO-000378_progress_stage.jpg,image/jpeg,313581,2f31ee8e333b996fb523e2a2b7ed8b45b65b9af08bbb49819bdb3a44cb7dbc13,85735b4cdfad8184,2023-05-03 11:24:15,26.704641,83.402791,12.6,OnePlus,Nord CE 2,eSAKSHI Mobile App
EV-DEMO-00756,MPLADS-DEMO-000378,COMPLETION_PHOTO,Geo-tagged Asset Verification Photograph - Village-19,MPLADS-DEMO-000378_verification_stage.jpg,image/jpeg,228728,eb69800b3a9edd477f3ae8cb20b7200c9834434960dacd4bc9084cfac3b24c1a,dec1ede0758d8515,2023-09-05 15:42:10,26.704837,83.402918,16.4,OnePlus,Nord CE 2,eSAKSHI Mobile App
EV-DEMO-00757,MPLADS-DEMO-000379,PROGRESS_PHOTO,Site Inspection Photograph - Construction Stage - Village-132,MPLADS-DEMO-000379_progress_stage.jpg,image/jpeg,196105,d9c8de8b684d912871a5358d8ea52b56f16dbfd8b51b724facb8ccaa06118a49,884ff8796579a624,2024-04-07 11:24:15,26.265944,73.059354,18.5,Vivo,Vivo V23 5G,eSAKSHI Mobile App
EV-DEMO-00758,MPLADS-DEMO-000379,SITE_IMAGE,Geo-tagged Asset Verification Photograph - Village-132,MPLADS-DEMO-000379_verification_stage.jpg,image/jpeg,411830,b8cfdf70a8c260aca59f81000713da882bcf009271f170718ba33119b63559d3,101abba754ceafb6,2024-06-19 15:42:10,26.265734,73.059438,19.5,Vivo,Vivo V23 5G,eSAKSHI Mobile App
EV-DEMO-00759,MPLADS-DEMO-000380,PROGRESS_PHOTO,Site Inspection Photograph - Construction Stage - Village-32,MPLADS-DEMO-000380_progress_stage.jpg,image/jpeg,266552,588c3aa7ca0d633b416b128aaaa5df07106b02d5b0c26b0a9f93855d3cbd7b83,fa8eaa0d0f1de92f,2023-04-08 11:24:15,18.447172,79.18524,22.5,OnePlus,Nord CE 2,eSAKSHI Mobile App
EV-DEMO-00760,MPLADS-DEMO-000380,COMPLETION_PHOTO,Geo-tagged Asset Verification Photograph - Village-32,MPLADS-DEMO-000380_verification_stage.jpg,image/jpeg,353885,525644b5ea0ce468eb550eb2171877bcd8536481d0cdb0a9fce910c07ac807c9,1ab8da192259222e,2023-06-05 15:42:10,18.447355,79.185448,9.9,OnePlus,Nord CE 2,eSAKSHI Mobile App
EV-DEMO-00761,MPLADS-DEMO-000381,PROGRESS_PHOTO,Site Inspection Photograph - Construction Stage - Village-166,MPLADS-DEMO-000381_progress_stage.jpg,image/jpeg,263812,06e6caf8655dd182af82eaecbb22c71d1cdab3e5b5ebd19ee0550d99eb0cea5e,9d625c99399c162d,2023-10-17 11:24:15,17.930193,79.601106,14.9,OnePlus,Nord CE 2,eSAKSHI Mobile App
EV-DEMO-00762,MPLADS-DEMO-000381,COMPLETION_PHOTO,Geo-tagged Asset Verification Photograph - Village-166,MPLADS-DEMO-000381_verification_stage.jpg,image/jpeg,216303,5239c0c37b8d6795b1b050b3e414baf7100d1ff4764d086ca803bfbcd34444ef,a29432a3f60d59b5,2023-12-15 15:42:10,17.930309,79.601,19.3,OnePlus,Nord CE 2,eSAKSHI Mobile App
EV-DEMO-00763,MPLADS-DEMO-000382,PROGRESS_PHOTO,Site Inspection Photograph - Construction Stage - Village-7,MPLADS-DEMO-000382_progress_stage.jpg,image/jpeg,253880,ef59e49f1d279f279763e0814d13e8b40382ea408680bae873799562e8253d9b,06d2d05a9eedbd07,2024-02-21 11:24:15,18.548973,73.86871,7.7,Samsung,SM-A525F,eSAKSHI Mobile App
EV-DEMO-00764,MPLADS-DEMO-000382,COMPLETION_PHOTO,Geo-tagged Asset Verification Photograph - Village-7,MPLADS-DEMO-000382_verification_stage.jpg,image/jpeg,446350,47ea7ff632be35fae97289f3d9c99533e002c8b45b6661cad124f5bc99aac05a,e439cde1ff9b34d8,2024-05-18 15:42:10,18.548732,73.868987,33.8,Samsung,SM-A525F,eSAKSHI Mobile App
EV-DEMO-00765,MPLADS-DEMO-000383,PROGRESS_PHOTO,Site Inspection Photograph - Construction Stage - Village-185,MPLADS-DEMO-000383_progress_stage.jpg,image/jpeg,339435,1e0b849ce561beaa0a4b8d53aff8590d1d4378f8a596bd7d7be4cfd0e86d46ba,7aa4d9c90892c992,2024-05-30 11:24:15,26.17928,72.974849,27.7,OnePlus,Nord CE 2,eSAKSHI Mobile App
EV-DEMO-00766,MPLADS-DEMO-000383,COMPLETION_PHOTO,Geo-tagged Asset Verification Photograph - Village-185,MPLADS-DEMO-000383_verification_stage.jpg,image/jpeg,263848,18ae1c36d4c0f282b3255ad3b7d5b38596b36a9fa73513b4bb0c10ab0410517a,d37860ad474634d3,2024-07-12 15:42:10,26.179259,72.974642,23.1,OnePlus,Nord CE 2,eSAKSHI Mobile App
EV-DEMO-00767,MPLADS-DEMO-000384,PROGRESS_PHOTO,Site Inspection Photograph - Construction Stage - Village-121,MPLADS-DEMO-000384_progress_stage.jpg,image/jpeg,364361,affb4f5c31a1f74919d4c0ce0ff41875e7d1a4a06836c4362c8eb25e0051a4bc,e5c8c718d7667103,2023-06-22 11:24:15,13.117444,77.583212,2.9,Realme,Realme 9 Pro,eSAKSHI Mobile App
EV-DEMO-00768,MPLADS-DEMO-000384,COMPLETION_PHOTO,Geo-tagged Asset Verification Photograph - Village-121,MPLADS-DEMO-000384_verification_stage.jpg,image/jpeg,258973,06ba6ca8000bcd2ce9137e9d0199bde96288803104a2387a4bc58b4bc0c3c950,4337fffa16645060,2023-08-04 15:42:10,13.117423,77.58295,25.8,Realme,Realme 9 Pro,eSAKSHI Mobile App
EV-DEMO-00769,MPLADS-DEMO-000385,PROGRESS_PHOTO,Site Inspection Photograph - Construction Stage - Village-17,MPLADS-DEMO-000385_progress_stage.jpg,image/jpeg,389409,7bdc299451bc6c53ca6cd3dca3d5020f1b383737d146fe652197bf200c241d94,2a03227e02ef0f00,2023-04-21 11:24:15,20.03882,73.738579,4.6,Samsung,SM-A525F,eSAKSHI Mobile App
EV-DEMO-00770,MPLADS-DEMO-000385,COMPLETION_PHOTO,Geo-tagged Asset Verification Photograph - Village-17,MPLADS-DEMO-000385_verification_stage.jpg,image/jpeg,456427,a41e309f47471e5becf6f5422483ac3859262170913116abb1686ffe25686aa4,2d4e0b626194f80d,2023-07-28 15:42:10,20.039101,73.738391,40.1,Samsung,SM-A525F,eSAKSHI Mobile App
EV-DEMO-00771,MPLADS-DEMO-000386,PROGRESS_PHOTO,Site Inspection Photograph - Construction Stage - Village-36,MPLADS-DEMO-000386_progress_stage.jpg,image/jpeg,316659,032f180a600cf97ad2c57b84e824fe25a133f633a7c75399925f4b6fdd19b7a8,6014507ff930c949,2023-09-04 11:24:15,11.662149,76.192504,12.1,Realme,Realme 9 Pro,eSAKSHI Mobile App
EV-DEMO-00772,MPLADS-DEMO-000386,SITE_IMAGE,Geo-tagged Asset Verification Photograph - Village-36,MPLADS-DEMO-000386_verification_stage.jpg,image/jpeg,244431,865471c068bb7578fe9b20e80fb238954cf55dc0c29faef1b6675ef12df00b47,e1eaf07b1ac26a65,2023-10-26 15:42:10,11.662305,76.192206,24.7,Realme,Realme 9 Pro,eSAKSHI Mobile App
EV-DEMO-00773,MPLADS-DEMO-000387,PROGRESS_PHOTO,Site Inspection Photograph - Construction Stage - Village-142,MPLADS-DEMO-000387_progress_stage.jpg,image/jpeg,267251,a211db1ca81d3a366042a101ef7751443722ae32d5795facd524d84db62e37ba,7f013a982c04dea8,2024-05-17 11:24:15,19.954039,73.75662,18.1,Realme,Realme 9 Pro,eSAKSHI Mobile App
EV-DEMO-00774,MPLADS-DEMO-000387,SITE_IMAGE,Geo-tagged Asset Verification Photograph - Village-142,MPLADS-DEMO-000387_verification_stage.jpg,image/jpeg,396928,268473b1215d9b6ec59f17c2700f8ec3877817d852bf4e6ff3be3645bc890da1,030abad04d3da341,2024-09-15 15:42:10,19.953775,73.756288,27.6,Realme,Realme 9 Pro,eSAKSHI Mobile App
EV-DEMO-00775,MPLADS-DEMO-000388,PROGRESS_PHOTO,Site Inspection Photograph - Construction Stage - Village-23,MPLADS-DEMO-000388_progress_stage.jpg,image/jpeg,265760,e569f6ed24f51e26e529c55acc4eaa3bd1466eaa1307e0b17130d5885569dd38,e38c42f37c7e8b31,2024-05-17 11:24:15,22.330603,70.814324,20.2,Apple,iPhone 13,eSAKSHI Mobile App
EV-DEMO-00776,MPLADS-DEMO-000388,SITE_IMAGE,Geo-tagged Asset Verification Photograph - Village-23,MPLADS-DEMO-000388_verification_stage.jpg,image/jpeg,339453,af793381388108ec0394fc40bf0b8f15e1f3dea507caf633573e82204ff0b511,cad68dbc73539bc9,2024-08-02 15:42:10,22.330899,70.814412,14.0,Apple,iPhone 13,eSAKSHI Mobile App
EV-DEMO-00777,MPLADS-DEMO-000389,PROGRESS_PHOTO,Site Inspection Photograph - Construction Stage - Village-62,MPLADS-DEMO-000389_progress_stage.jpg,image/jpeg,335521,6bedb93452d315c78677ced59faa7b0cc7cb6cf5134eaec3f7557dd714fbaf50,7222d7283ab5a383,2024-01-12 11:24:15,12.352947,76.653801,21.9,Vivo,Vivo V23 5G,eSAKSHI Mobile App
EV-DEMO-00778,MPLADS-DEMO-000389,COMPLETION_PHOTO,Geo-tagged Asset Verification Photograph - Village-62,MPLADS-DEMO-000389_verification_stage.jpg,image/jpeg,293478,04a1039aa01aa762b837fd29c2befe900620a62ae2ec858ac24a6522562136ed,59c25c2c0ae45d2d,2024-05-29 15:42:10,12.352909,76.653568,28.0,Vivo,Vivo V23 5G,eSAKSHI Mobile App
EV-DEMO-00779,MPLADS-DEMO-000390,PROGRESS_PHOTO,Site Inspection Photograph - Construction Stage - Village-159,MPLADS-DEMO-000390_progress_stage.jpg,image/jpeg,417350,d0365730c6f5a20a1e1ef302521b5c8a1a741a284d1b0a4285c05e46d9d8b190,8bb180ca90297936,2024-02-06 11:24:15,25.299711,83.007685,17.8,Realme,Realme 9 Pro,eSAKSHI Mobile App
EV-DEMO-00780,MPLADS-DEMO-000390,SITE_IMAGE,Geo-tagged Asset Verification Photograph - Village-159,MPLADS-DEMO-000390_verification_stage.jpg,image/jpeg,232709,cbf6774bfacdb3ffaab16bf01f8bea5a7d19c2ed53b83f1c95241095a8c4d2bb,b4cf8b8533a19c01,2024-06-14 15:42:10,25.299767,83.007748,16.6,Realme,Realme 9 Pro,eSAKSHI Mobile App
EV-DEMO-00781,MPLADS-DEMO-000391,PROGRESS_PHOTO,Site Inspection Photograph - Construction Stage - Village-128,MPLADS-DEMO-000391_progress_stage.jpg,image/jpeg,291495,d583a7442b655c8393e553fde5f048a59d432f698b6659abfdc223812a9502f5,3f8105f836b693fd,2023-08-09 11:24:15,11.643254,76.154245,15.7,Samsung,SM-A525F,eSAKSHI Mobile App
EV-DEMO-00782,MPLADS-DEMO-000391,COMPLETION_PHOTO,Geo-tagged Asset Verification Photograph - Village-128,MPLADS-DEMO-000391_verification_stage.jpg,image/jpeg,319061,7bf13b3e8adbc09ff612ace6caf0621e94a87188bda2ab03e45e8b53a7464b7d,1c712e3fab4aba1a,2023-10-14 15:42:10,11.643351,76.154182,7.6,Samsung,SM-A525F,eSAKSHI Mobile App
EV-DEMO-00783,MPLADS-DEMO-000392,PROGRESS_PHOTO,Site Inspection Photograph - Construction Stage - Village-41,MPLADS-DEMO-000392_progress_stage.jpg,image/jpeg,269383,bba696722f04cb2d5160fbb2128bf047110d2d1909e45890fdbd3010786dd132,98cfebf88cac69bf,2023-10-30 11:24:15,11.295717,75.778573,25.2,Samsung,SM-A525F,eSAKSHI Mobile App
EV-DEMO-00784,MPLADS-DEMO-000392,SITE_IMAGE,Geo-tagged Asset Verification Photograph - Village-41,MPLADS-DEMO-000392_verification_stage.jpg,image/jpeg,303726,0f03c10e75b86cc8a4bf5a1e6d559c1aac6037a69517539aacd9294c4edcc693,f5e113d36ecca3fe,2024-01-07 15:42:10,11.295709,75.778653,31.2,Samsung,SM-A525F,eSAKSHI Mobile App
EV-DEMO-00785,MPLADS-DEMO-000393,PROGRESS_PHOTO,Site Inspection Photograph - Construction Stage - Village-84,MPLADS-DEMO-000393_progress_stage.jpg,image/jpeg,349698,682b6eb8c54d1781227879f775538bfbef5d5d1ce71c11133b56d0b5aaba8670,18235ed583eae83e,2023-07-03 11:24:15,26.811284,80.912049,3.9,Realme,Realme 9 Pro,eSAKSHI Mobile App
EV-DEMO-00786,MPLADS-DEMO-000393,COMPLETION_PHOTO,Geo-tagged Asset Verification Photograph - Village-84,MPLADS-DEMO-000393_verification_stage.jpg,image/jpeg,404497,e00aa7090325c8db3374a0963378a200c028240561bc0a56b4d801af0d90b637,5ec4ce45cec07c04,2023-08-31 15:42:10,26.811165,80.911767,30.4,Realme,Realme 9 Pro,eSAKSHI Mobile App
EV-DEMO-00787,MPLADS-DEMO-000394,PROGRESS_PHOTO,Site Inspection Photograph - Construction Stage - Village-46,MPLADS-DEMO-000394_progress_stage.jpg,image/jpeg,409320,9f9e513356f1ff73d1b6a13ba5957b05542bf32d8251c94e8c83d08705bce361,7a0199b14e6e13a6,2023-08-01 11:24:15,25.302777,82.926561,20.9,Apple,iPhone 13,eSAKSHI Mobile App
EV-DEMO-00788,MPLADS-DEMO-000394,SITE_IMAGE,Geo-tagged Asset Verification Photograph - Village-46,MPLADS-DEMO-000394_verification_stage.jpg,image/jpeg,265834,870bac27e7c243c768733cb86547ad65044ffc56f5c1b31ca724b1773695272e,7b9a35dd962fa122,2023-10-16 15:42:10,25.302875,82.926513,14.9,Apple,iPhone 13,eSAKSHI Mobile App
EV-DEMO-00789,MPLADS-DEMO-000395,PROGRESS_PHOTO,Site Inspection Photograph - Construction Stage - Village-120,MPLADS-DEMO-000395_progress_stage.jpg,image/jpeg,229923,a76bb7551dcd6db843e40c631475ec9288d8b0e24ae9deaa04ecd532c1b09a0f,b4f026347a89abc6,2023-05-14 11:24:15,26.755337,83.330443,13.6,Xiaomi,Redmi Note 11,eSAKSHI Mobile App
EV-DEMO-00790,MPLADS-DEMO-000395,COMPLETION_PHOTO,Geo-tagged Asset Verification Photograph - Village-120,MPLADS-DEMO-000395_verification_stage.jpg,image/jpeg,457412,29b13cb5a92770c1eda4898b4222e387d2db0e09a76f08b01381cf7953c825d9,fb62a5d9a3b81c27,2023-07-08 15:42:10,26.755236,83.330495,4.5,Xiaomi,Redmi Note 11,eSAKSHI Mobile App
EV-DEMO-00791,MPLADS-DEMO-000396,PROGRESS_PHOTO,Site Inspection Photograph - Construction Stage - Village-152,MPLADS-DEMO-000396_progress_stage.jpg,image/jpeg,238657,4e02448a1872c7009a42eee144f3f1812feabda19663b4d4fc624bea60c5ddd1,34a53bd5ace71f6d,2023-07-04 11:24:15,13.06111,77.563065,13.1,Xiaomi,Redmi Note 11,eSAKSHI Mobile App
EV-DEMO-00792,MPLADS-DEMO-000396,COMPLETION_PHOTO,Geo-tagged Asset Verification Photograph - Village-152,MPLADS-DEMO-000396_verification_stage.jpg,image/jpeg,463640,e2147597ba4f1c5800f03c388aacc0c834603bd01684aed969deec5b1756d65b,fcae3ca8924ce480,2023-11-07 15:42:10,13.061273,77.563166,33.1,Xiaomi,Redmi Note 11,eSAKSHI Mobile App
EV-DEMO-00793,MPLADS-DEMO-000397,PROGRESS_PHOTO,Site Inspection Photograph - Construction Stage - Village-107,MPLADS-DEMO-000397_progress_stage.jpg,image/jpeg,378093,b7c848778437b56dcc8fe34fe4a92e1cf7f264a14c1bd8d7b5caa1b07b331d9d,9cd4cb22cc743a1b,2023-11-12 11:24:15,19.442406,84.930307,10.6,Realme,Realme 9 Pro,eSAKSHI Mobile App
EV-DEMO-00794,MPLADS-DEMO-000397,COMPLETION_PHOTO,Geo-tagged Asset Verification Photograph - Village-107,MPLADS-DEMO-000397_verification_stage.jpg,image/jpeg,363348,96c072a559680cb5b2ba56b91def13d470366bea6162d06631aebfee88d50a4b,299bcc044ec2a0b9,2023-12-21 15:42:10,19.442197,84.930364,30.1,Realme,Realme 9 Pro,eSAKSHI Mobile App
EV-DEMO-00795,MPLADS-DEMO-000398,PROGRESS_PHOTO,Site Inspection Photograph - Construction Stage - Village-178,MPLADS-DEMO-000398_progress_stage.jpg,image/jpeg,351041,869bc5a3831edea9c65332e04302af6d36580bfed4f4e6848908889539c9fc90,e60596c06699c13f,2023-04-21 11:24:15,26.876683,81.004784,19.0,Xiaomi,Redmi Note 11,eSAKSHI Mobile App
EV-DEMO-00796,MPLADS-DEMO-000398,COMPLETION_PHOTO,Geo-tagged Asset Verification Photograph - Village-178,MPLADS-DEMO-000398_verification_stage.jpg,image/jpeg,242232,adca99adb4198804f3ccab99ae2c293ed0a2222bbc089ae51c57641565075947,710932bf8fa75ee0,2023-07-29 15:42:10,26.877085,81.00451,33.4,Xiaomi,Redmi Note 11,eSAKSHI Mobile App
EV-DEMO-00797,MPLADS-DEMO-000399,PROGRESS_PHOTO,Site Inspection Photograph - Construction Stage - Village-150,MPLADS-DEMO-000399_progress_stage.jpg,image/jpeg,192596,4ff42a01dcc03687af1ee29f30f159c857ff9daeac44521dc92daed4ca9e7092,986173a8e76547f6,2023-07-08 11:24:15,20.119237,85.615188,23.4,Samsung,SM-A525F,eSAKSHI Mobile App
EV-DEMO-00798,MPLADS-DEMO-000399,COMPLETION_PHOTO,Geo-tagged Asset Verification Photograph - Village-150,MPLADS-DEMO-000399_verification_stage.jpg,image/jpeg,283826,269a93885593a213e4797f2060481095582a1b31c0b9cd9dea6f552c7708ce1e,46f7b54069560aee,2023-11-17 15:42:10,20.118859,85.615544,32.8,Samsung,SM-A525F,eSAKSHI Mobile App
EV-DEMO-00799,MPLADS-DEMO-000400,PROGRESS_PHOTO,Site Inspection Photograph - Construction Stage - Village-136,MPLADS-DEMO-000400_progress_stage.jpg,image/jpeg,412901,40bba0f7b6c64fd357e5b7b6f41a22f4b7fe2ea4a462425fb4be503c0c9de37d,30c193b4dfb70d20,2024-01-04 11:24:15,22.658923,75.848063,7.8,Xiaomi,Redmi Note 11,eSAKSHI Mobile App
EV-DEMO-00800,MPLADS-DEMO-000400,COMPLETION_PHOTO,Geo-tagged Asset Verification Photograph - Village-136,MPLADS-DEMO-000400_verification_stage.jpg,image/jpeg,463455,debbed40fb60651b52561cdfa5f420b4f27a78372b08f0be739c63f7b0d1c6f8,7f14bf9aabde6bf2,2024-05-06 15:42:10,22.659132,75.847976,32.4,Xiaomi,Redmi Note 11,eSAKSHI Mobile App
EV-DEMO-00801,MPLADS-DEMO-000401,PROGRESS_PHOTO,Site Inspection Photograph - Construction Stage - Village-CriticalSector-1,MPLADS-DEMO-000401_progress_stage.jpg,image/jpeg,378545,4b580f0dc67a6884218def6afe6696a50436999d472a065b818891b63f1a2b9b,349dc9be1aea17dc,2023-12-08 11:24:15,12.245205,76.621915,2.7,Apple,iPhone 13,eSAKSHI Mobile App
EV-DEMO-00802,MPLADS-DEMO-000401,COMPLETION_PHOTO,Geo-tagged Asset Verification Photograph - Village-CriticalSector-1,MPLADS-DEMO-000401_verification_stage.jpg,image/jpeg,433972,e12a574585a3b2081b459eb5bef9ab3623ff4fc3f216eb346678e4756e81c591,27da8b528c74098e,2024-03-09 15:42:10,12.245427,76.622097,29.0,Apple,iPhone 13,eSAKSHI Mobile App
EV-DEMO-00803,MPLADS-DEMO-000402,PROGRESS_PHOTO,Site Inspection Photograph - Construction Stage - Village-CriticalSector-1,MPLADS-DEMO-000402_progress_stage.jpg,image/jpeg,208399,997169de155cc77c0ff0e870549d263bd569dd8eb9195d7ecd1f502160ff35e1,2fc060911bf294a9,2023-12-10 11:24:15,26.843936,81.003341,6.3,Samsung,SM-A525F,eSAKSHI Mobile App
EV-DEMO-00804,MPLADS-DEMO-000402,COMPLETION_PHOTO,Geo-tagged Asset Verification Photograph - Village-CriticalSector-1,MPLADS-DEMO-000402_verification_stage.jpg,image/jpeg,393431,e12a574585a3b2081b459eb5bef9ab3623ff4fc3f216eb346678e4756e81c591,27da8b528c74098e,2024-02-08 15:42:10,26.843823,81.003355,11.1,Samsung,SM-A525F,eSAKSHI Mobile App
EV-DEMO-00805,MPLADS-DEMO-000403,PROGRESS_PHOTO,Site Inspection Photograph - Construction Stage - Village-CriticalSector-1,MPLADS-DEMO-000403_progress_stage.jpg,image/jpeg,190667,dc934a37c4c74bb8c03f99dd2dc92f398223744906d3a8d293fb7afd4514efa3,380cd4b77e7ca0e6,2023-11-23 11:24:15,23.243474,77.406376,12.6,Realme,Realme 9 Pro,eSAKSHI Mobile App
EV-DEMO-00806,MPLADS-DEMO-000403,COMPLETION_PHOTO,Geo-tagged Asset Verification Photograph - Village-CriticalSector-1,MPLADS-DEMO-000403_verification_stage.jpg,image/jpeg,332960,e12a574585a3b2081b459eb5bef9ab3623ff4fc3f216eb346678e4756e81c591,27da8b528c74098e,2024-03-09 15:42:10,23.243432,77.406522,13.3,Realme,Realme 9 Pro,eSAKSHI Mobile App
EV-DEMO-00807,MPLADS-DEMO-000404,PROGRESS_PHOTO,Site Inspection Photograph - Construction Stage - Village-CriticalSector-2,MPLADS-DEMO-000404_progress_stage.jpg,image/jpeg,341216,3232d5ee545a1a50ddb67e5af8665f6d5fcb8eaae0995293c491914259e40cfe,bcc3e7e55e186021,2023-11-14 11:24:15,21.1428,72.890268,23.7,Xiaomi,Redmi Note 11,eSAKSHI Mobile App
EV-DEMO-00808,MPLADS-DEMO-000404,COMPLETION_PHOTO,Geo-tagged Asset Verification Photograph - Village-CriticalSector-2,MPLADS-DEMO-000404_verification_stage.jpg,image/jpeg,357612,ff22eeb336a9d394b0eaea6c891bf2a2c8685ed17665378ffaf5e6cc8ee325cb,73e9e84e5d481589,2024-03-21 15:42:10,21.142608,72.890259,22.9,Xiaomi,Redmi Note 11,eSAKSHI Mobile App
EV-DEMO-00809,MPLADS-DEMO-000405,PROGRESS_PHOTO,Site Inspection Photograph - Construction Stage - Village-CriticalSector-2,MPLADS-DEMO-000405_progress_stage.jpg,image/jpeg,231452,a14ae7dee561ac9319b47b3701b27336d125bc34f76d14a79bf64c92fce4a7c7,e99781cc0ce04be3,2023-12-10 11:24:15,26.892423,75.780087,10.0,Xiaomi,Redmi Note 11,eSAKSHI Mobile App
EV-DEMO-00810,MPLADS-DEMO-000405,COMPLETION_PHOTO,Geo-tagged Asset Verification Photograph - Village-CriticalSector-2,MPLADS-DEMO-000405_verification_stage.jpg,image/jpeg,305577,ff22eeb336a9d394b0eaea6c891bf2a2c8685ed17665378ffaf5e6cc8ee325cb,73e9e84e5d481589,2024-03-30 15:42:10,26.892446,75.779822,18.1,Xiaomi,Redmi Note 11,eSAKSHI Mobile App
EV-DEMO-00811,MPLADS-DEMO-000406,PROGRESS_PHOTO,Site Inspection Photograph - Construction Stage - Village-CriticalSector-2,MPLADS-DEMO-000406_progress_stage.jpg,image/jpeg,243930,ec776a328b43ad9f8fc5ca2156d05b501d3b47c0bd05efdd450c38e995b06954,2d156c51174ff088,2023-11-03 11:24:15,11.676468,78.171696,11.9,Xiaomi,Redmi Note 11,eSAKSHI Mobile App
EV-DEMO-00812,MPLADS-DEMO-000406,COMPLETION_PHOTO,Geo-tagged Asset Verification Photograph - Village-CriticalSector-2,MPLADS-DEMO-000406_verification_stage.jpg,image/jpeg,399711,ff22eeb336a9d394b0eaea6c891bf2a2c8685ed17665378ffaf5e6cc8ee325cb,73e9e84e5d481589,2024-03-11 15:42:10,11.676558,78.171567,13.8,Xiaomi,Redmi Note 11,eSAKSHI Mobile App
EV-DEMO-00813,MPLADS-DEMO-000407,PROGRESS_PHOTO,Site Inspection Photograph - Construction Stage - Village-CriticalSector-3,MPLADS-DEMO-000407_progress_stage.jpg,image/jpeg,193125,9446aa6e5116eb32e462ea44b079b65b0bbba3684140c0127cdaf1299896450b,20345f05e509999a,2023-11-14 11:24:15,26.893297,75.781467,10.3,Apple,iPhone 13,eSAKSHI Mobile App
EV-DEMO-00814,MPLADS-DEMO-000407,COMPLETION_PHOTO,Geo-tagged Asset Verification Photograph - Village-CriticalSector-3,MPLADS-DEMO-000407_verification_stage.jpg,image/jpeg,269920,7db889647461d27ad2fc89598479c73ebba7a988f1c7b55dc813aadcc7214815,23f9fdbb99d63326,2024-03-27 15:42:10,26.893074,75.781566,25.8,Apple,iPhone 13,eSAKSHI Mobile App
EV-DEMO-00815,MPLADS-DEMO-000408,PROGRESS_PHOTO,Site Inspection Photograph - Construction Stage - Village-CriticalSector-3,MPLADS-DEMO-000408_progress_stage.jpg,image/jpeg,191496,a5ee96992e0f0c297aedb1b46b37d3387b342368461a4cca2cb41b124cb675ce,0342e56ae548d49d,2023-11-18 11:24:15,21.097057,79.057134,22.2,Samsung,SM-A525F,eSAKSHI Mobile App
EV-DEMO-00816,MPLADS-DEMO-000408,COMPLETION_PHOTO,Geo-tagged Asset Verification Photograph - Village-CriticalSector-3,MPLADS-DEMO-000408_verification_stage.jpg,image/jpeg,289373,7db889647461d27ad2fc89598479c73ebba7a988f1c7b55dc813aadcc7214815,23f9fdbb99d63326,2023-12-30 15:42:10,21.09718,79.05725,21.6,Samsung,SM-A525F,eSAKSHI Mobile App
EV-DEMO-00817,MPLADS-DEMO-000409,PROGRESS_PHOTO,Site Inspection Photograph - Construction Stage - Village-CriticalSector-3,MPLADS-DEMO-000409_progress_stage.jpg,image/jpeg,285205,191a85a1e1b0576ddc790de1054cb089bbab7d0fdb819933e862b082b1040d98,9bc32bea20a54a5d,2023-10-29 11:24:15,20.051968,73.777206,28.6,Realme,Realme 9 Pro,eSAKSHI Mobile App
EV-DEMO-00818,MPLADS-DEMO-000409,COMPLETION_PHOTO,Geo-tagged Asset Verification Photograph - Village-CriticalSector-3,MPLADS-DEMO-000409_verification_stage.jpg,image/jpeg,347182,7db889647461d27ad2fc89598479c73ebba7a988f1c7b55dc813aadcc7214815,23f9fdbb99d63326,2024-02-05 15:42:10,20.052192,73.777524,14.3,Realme,Realme 9 Pro,eSAKSHI Mobile App
EV-DEMO-00819,MPLADS-DEMO-000410,PROGRESS_PHOTO,Site Inspection Photograph - Construction Stage - Village-CriticalSector-4,MPLADS-DEMO-000410_progress_stage.jpg,image/jpeg,403842,bbc10de7f73f774765a5fa981031c7498e92247a2df0163ad8f2017e81c238d3,db3d70985d2771e3,2023-11-17 11:24:15,12.347316,76.700594,16.3,Realme,Realme 9 Pro,eSAKSHI Mobile App
EV-DEMO-00820,MPLADS-DEMO-000410,COMPLETION_PHOTO,Geo-tagged Asset Verification Photograph - Village-CriticalSector-4,MPLADS-DEMO-000410_verification_stage.jpg,image/jpeg,472350,902685103671a9b6d07f436c01d59289d57a09fe6d54d94d39bfda88151a0ad7,578bf3233772f70b,2024-01-16 15:42:10,12.347109,76.700322,23.2,Realme,Realme 9 Pro,eSAKSHI Mobile App
EV-DEMO-00821,MPLADS-DEMO-000411,PROGRESS_PHOTO,Site Inspection Photograph - Construction Stage - Village-CriticalSector-4,MPLADS-DEMO-000411_progress_stage.jpg,image/jpeg,337318,41ecd1dfc9f30533c95f46f670fee3096da44f8ef37b0ae18faecced993304ea,a60e133e91fe8267,2023-11-10 11:24:15,20.469068,85.858209,17.6,Apple,iPhone 13,eSAKSHI Mobile App
EV-DEMO-00822,MPLADS-DEMO-000411,COMPLETION_PHOTO,Geo-tagged Asset Verification Photograph - Village-CriticalSector-4,MPLADS-DEMO-000411_verification_stage.jpg,image/jpeg,457460,902685103671a9b6d07f436c01d59289d57a09fe6d54d94d39bfda88151a0ad7,578bf3233772f70b,2024-01-14 15:42:10,20.46889,85.858093,26.5,Apple,iPhone 13,eSAKSHI Mobile App
EV-DEMO-00823,MPLADS-DEMO-000412,PROGRESS_PHOTO,Site Inspection Photograph - Construction Stage - Village-CriticalSector-4,MPLADS-DEMO-000412_progress_stage.jpg,image/jpeg,414945,541203ba37e1513c8d5b42a33ea3f556ad75f02193cfaaeee81d508602fc7959,99b034d3561baf82,2023-11-03 11:24:15,10.988058,76.893685,15.0,OnePlus,Nord CE 2,eSAKSHI Mobile App
EV-DEMO-00824,MPLADS-DEMO-000412,COMPLETION_PHOTO,Geo-tagged Asset Verification Photograph - Village-CriticalSector-4,MPLADS-DEMO-000412_verification_stage.jpg,image/jpeg,413076,902685103671a9b6d07f436c01d59289d57a09fe6d54d94d39bfda88151a0ad7,578bf3233772f70b,2024-03-22 15:42:10,10.987934,76.893679,5.7,OnePlus,Nord CE 2,eSAKSHI Mobile App
EV-DEMO-00825,MPLADS-DEMO-000413,PROGRESS_PHOTO,Site Inspection Photograph - Construction Stage - Village-CriticalSector-5,MPLADS-DEMO-000413_progress_stage.jpg,image/jpeg,186015,ccd07f6f118735479fd9ec717bfe63c953e7f8b386ba7422be3724fa70d2d895,a48473b0453ddf0f,2023-12-09 11:24:15,9.978431,78.101863,20.2,Vivo,Vivo V23 5G,eSAKSHI Mobile App
EV-DEMO-00826,MPLADS-DEMO-000413,COMPLETION_PHOTO,Geo-tagged Asset Verification Photograph - Village-CriticalSector-5,MPLADS-DEMO-000413_verification_stage.jpg,image/jpeg,469446,7a9518d8a040ae7c81d5aeaa52a0984693b4d4c53a868b55e0d2dd9802a85a7c,c92e5da38da55429,2024-01-16 15:42:10,9.978053,78.102035,42.4,Vivo,Vivo V23 5G,eSAKSHI Mobile App
EV-DEMO-00827,MPLADS-DEMO-000414,PROGRESS_PHOTO,Site Inspection Photograph - Construction Stage - Village-CriticalSector-5,MPLADS-DEMO-000414_progress_stage.jpg,image/jpeg,275647,914c6096f17e6881d8291c8bed9b345296b98fc000c942eca08e3bf45e058d0e,d39863ba5b5e5597,2023-11-05 11:24:15,20.210648,85.613912,14.6,Apple,iPhone 13,eSAKSHI Mobile App
EV-DEMO-00828,MPLADS-DEMO-000414,COMPLETION_PHOTO,Geo-tagged Asset Verification Photograph - Village-CriticalSector-5,MPLADS-DEMO-000414_verification_stage.jpg,image/jpeg,415964,7a9518d8a040ae7c81d5aeaa52a0984693b4d4c53a868b55e0d2dd9802a85a7c,c92e5da38da55429,2024-01-09 15:42:10,20.210688,85.613734,29.1,Apple,iPhone 13,eSAKSHI Mobile App
EV-DEMO-00829,MPLADS-DEMO-000415,PROGRESS_PHOTO,Site Inspection Photograph - Construction Stage - Village-CriticalSector-5,MPLADS-DEMO-000415_progress_stage.jpg,image/jpeg,416359,8808192b624267d52bcc07b8d9cc4074f7d7bd422be7a3dfeda9540f1243a9d9,4c9c7a0834cc2c4e,2023-11-19 11:24:15,21.166806,72.879034,19.3,OnePlus,Nord CE 2,eSAKSHI Mobile App
EV-DEMO-00830,MPLADS-DEMO-000415,COMPLETION_PHOTO,Geo-tagged Asset Verification Photograph - Village-CriticalSector-5,MPLADS-DEMO-000415_verification_stage.jpg,image/jpeg,277389,7a9518d8a040ae7c81d5aeaa52a0984693b4d4c53a868b55e0d2dd9802a85a7c,c92e5da38da55429,2024-01-13 15:42:10,21.167193,72.878877,32.6,OnePlus,Nord CE 2,eSAKSHI Mobile App
EV-DEMO-00831,MPLADS-DEMO-000416,PROGRESS_PHOTO,Site Inspection Photograph - Construction Stage - Village-CriticalSector-6,MPLADS-DEMO-000416_progress_stage.jpg,image/jpeg,410838,b71954772b875b68dd4a58d4f575744fe1a0fe22d8f9d10118be357e6ff3dae1,586ea8b6284990ac,2023-10-27 11:24:15,23.268545,77.466347,27.9,Vivo,Vivo V23 5G,eSAKSHI Mobile App
EV-DEMO-00832,MPLADS-DEMO-000416,COMPLETION_PHOTO,Geo-tagged Asset Verification Photograph - Village-CriticalSector-6,MPLADS-DEMO-000416_verification_stage.jpg,image/jpeg,415061,a80b557fdf2de3ead9d17d14907d765ff04c1cfa98b776fb17706c7bd3ac3357,a7013ab8bb570509,2024-03-24 15:42:10,23.268834,77.466318,24.9,Vivo,Vivo V23 5G,eSAKSHI Mobile App
EV-DEMO-00833,MPLADS-DEMO-000417,PROGRESS_PHOTO,Site Inspection Photograph - Construction Stage - Village-CriticalSector-6,MPLADS-DEMO-000417_progress_stage.jpg,image/jpeg,278825,856535e9f3b6ca2c8d48369cf9fe6338ce352d17afaff10d68b549d5d2cb72e0,9cf865b1912f0a53,2023-10-31 11:24:15,13.028523,77.605726,19.7,Apple,iPhone 13,eSAKSHI Mobile App
EV-DEMO-00834,MPLADS-DEMO-000417,COMPLETION_PHOTO,Geo-tagged Asset Verification Photograph - Village-CriticalSector-6,MPLADS-DEMO-000417_verification_stage.jpg,image/jpeg,222628,a80b557fdf2de3ead9d17d14907d765ff04c1cfa98b776fb17706c7bd3ac3357,a7013ab8bb570509,2024-04-01 15:42:10,13.028398,77.605411,42.0,Apple,iPhone 13,eSAKSHI Mobile App
EV-DEMO-00835,MPLADS-DEMO-000418,PROGRESS_PHOTO,Site Inspection Photograph - Construction Stage - Village-CriticalSector-6,MPLADS-DEMO-000418_progress_stage.jpg,image/jpeg,309894,0ad9c116227d0ea73483fa2f5d07b495d0f9d582cb4d59da5df123b855ca9d68,a2cd357b9df62bfb,2023-11-19 11:24:15,13.00311,77.602343,17.2,OnePlus,Nord CE 2,eSAKSHI Mobile App
EV-DEMO-00836,MPLADS-DEMO-000418,COMPLETION_PHOTO,Geo-tagged Asset Verification Photograph - Village-CriticalSector-6,MPLADS-DEMO-000418_verification_stage.jpg,image/jpeg,239894,a80b557fdf2de3ead9d17d14907d765ff04c1cfa98b776fb17706c7bd3ac3357,a7013ab8bb570509,2024-01-06 15:42:10,13.003138,77.602304,11.9,OnePlus,Nord CE 2,eSAKSHI Mobile App
EV-DEMO-00837,MPLADS-DEMO-000419,PROGRESS_PHOTO,Site Inspection Photograph - Construction Stage - Village-CriticalSector-7,MPLADS-DEMO-000419_progress_stage.jpg,image/jpeg,263956,c03afaa1f52bebfdde0472875c8cd36d81ef68566b93b4ca23bb91bd11146de6,42444ca78e39a549,2023-12-10 11:24:15,13.066218,77.577779,23.4,Apple,iPhone 13,eSAKSHI Mobile App
EV-DEMO-00838,MPLADS-DEMO-000419,COMPLETION_PHOTO,Geo-tagged Asset Verification Photograph - Village-CriticalSector-7,MPLADS-DEMO-000419_verification_stage.jpg,image/jpeg,409957,beddf18f4f121b2d8d2f0ad7d188df8b8f2e246e3df58f8627fd7e60e9fc7c3a,95d8436a82106c84,2024-02-12 15:42:10,13.066335,77.57783,35.2,Apple,iPhone 13,eSAKSHI Mobile App
EV-DEMO-00839,MPLADS-DEMO-000420,PROGRESS_PHOTO,Site Inspection Photograph - Construction Stage - Village-CriticalSector-7,MPLADS-DEMO-000420_progress_stage.jpg,image/jpeg,392814,2bc3bf8c9ba207cac54e009f8b0338223a39c61fc9fcddd91a39f19151575c21,cb4265ac9e572462,2023-12-12 11:24:15,23.232686,77.416609,20.0,OnePlus,Nord CE 2,eSAKSHI Mobile App
EV-DEMO-00840,MPLADS-DEMO-000420,COMPLETION_PHOTO,Geo-tagged Asset Verification Photograph - Village-CriticalSector-7,MPLADS-DEMO-000420_verification_stage.jpg,image/jpeg,229774,beddf18f4f121b2d8d2f0ad7d188df8b8f2e246e3df58f8627fd7e60e9fc7c3a,95d8436a82106c84,2023-12-23 15:42:10,23.232335,77.416185,38.5,OnePlus,Nord CE 2,eSAKSHI Mobile App
EV-DEMO-00841,MPLADS-DEMO-000421,PROGRESS_PHOTO,Site Inspection Photograph - Construction Stage - Village-CriticalSector-7,MPLADS-DEMO-000421_progress_stage.jpg,image/jpeg,241550,8e8f52034be477ebbdf14017b945a88c34cfcc4c0f92ebc0c7fd19c7eafbe5a1,a81c3a5793e32e22,2023-11-01 11:24:15,26.742739,83.377713,4.0,OnePlus,Nord CE 2,eSAKSHI Mobile App
EV-DEMO-00842,MPLADS-DEMO-000421,COMPLETION_PHOTO,Geo-tagged Asset Verification Photograph - Village-CriticalSector-7,MPLADS-DEMO-000421_verification_stage.jpg,image/jpeg,211862,beddf18f4f121b2d8d2f0ad7d188df8b8f2e246e3df58f8627fd7e60e9fc7c3a,95d8436a82106c84,2023-12-31 15:42:10,26.74276,83.377688,3.8,OnePlus,Nord CE 2,eSAKSHI Mobile App
EV-DEMO-00843,MPLADS-DEMO-000422,PROGRESS_PHOTO,Site Inspection Photograph - Construction Stage - Village-CriticalSector-8,MPLADS-DEMO-000422_progress_stage.jpg,image/jpeg,348741,6abd9f631af20378089b97a094cb75123ba8c688ef9e382b40d1d8e0e63b1602,819726b7aa5718c7,2023-11-30 11:24:15,21.109732,79.047563,24.8,Vivo,Vivo V23 5G,eSAKSHI Mobile App
EV-DEMO-00844,MPLADS-DEMO-000422,COMPLETION_PHOTO,Geo-tagged Asset Verification Photograph - Village-CriticalSector-8,MPLADS-DEMO-000422_verification_stage.jpg,image/jpeg,243800,7f85c736f7c21a22ec94edb547487ee133622df6ceb6e0e7e9794404c4b8e074,cfb31663a52555e6,2024-01-19 15:42:10,21.109447,79.047965,30.1,Vivo,Vivo V23 5G,eSAKSHI Mobile App
EV-DEMO-00845,MPLADS-DEMO-000423,PROGRESS_PHOTO,Site Inspection Photograph - Construction Stage - Village-CriticalSector-8,MPLADS-DEMO-000423_progress_stage.jpg,image/jpeg,227110,e32774ce6b51c66bfe07b44e8a999e827be3a5346735c840efd566f552c442cd,4d76c3470e596179,2023-12-01 11:24:15,18.419019,79.153677,17.4,Vivo,Vivo V23 5G,eSAKSHI Mobile App
EV-DEMO-00846,MPLADS-DEMO-000423,COMPLETION_PHOTO,Geo-tagged Asset Verification Photograph - Village-CriticalSector-8,MPLADS-DEMO-000423_verification_stage.jpg,image/jpeg,330646,7f85c736f7c21a22ec94edb547487ee133622df6ceb6e0e7e9794404c4b8e074,cfb31663a52555e6,2024-03-10 15:42:10,18.418977,79.15371,14.5,Vivo,Vivo V23 5G,eSAKSHI Mobile App
EV-DEMO-00847,MPLADS-DEMO-000424,PROGRESS_PHOTO,Site Inspection Photograph - Construction Stage - Village-CriticalSector-8,MPLADS-DEMO-000424_progress_stage.jpg,image/jpeg,289355,6cefad6ade6507f419b83b2ce3b3c4300e18ffc5de606edcc871e8b279f82c25,fe2e63b563b902f0,2023-11-14 11:24:15,26.811238,80.897548,10.6,Samsung,SM-A525F,eSAKSHI Mobile App
EV-DEMO-00848,MPLADS-DEMO-000424,COMPLETION_PHOTO,Geo-tagged Asset Verification Photograph - Village-CriticalSector-8,MPLADS-DEMO-000424_verification_stage.jpg,image/jpeg,416521,7f85c736f7c21a22ec94edb547487ee133622df6ceb6e0e7e9794404c4b8e074,cfb31663a52555e6,2024-02-15 15:42:10,26.810908,80.897657,31.8,Samsung,SM-A525F,eSAKSHI Mobile App
EV-DEMO-00849,MPLADS-DEMO-000425,PROGRESS_PHOTO,Site Inspection Photograph - Construction Stage - Village-CriticalSector-9,MPLADS-DEMO-000425_progress_stage.jpg,image/jpeg,386797,c52abcd18df195997ec49f96a9d3e0e74fd1cbc323dd26ea20786a4466946761,aaf2a42c00c378d9,2023-11-30 11:24:15,23.060763,72.572962,26.8,Xiaomi,Redmi Note 11,eSAKSHI Mobile App
EV-DEMO-00850,MPLADS-DEMO-000425,COMPLETION_PHOTO,Geo-tagged Asset Verification Photograph - Village-CriticalSector-9,MPLADS-DEMO-000425_verification_stage.jpg,image/jpeg,434966,0815f63c9fea4ec37fcf88aa64970c68b75fa0a6eb382f55d4e647232a0e6d6e,f093b1ead28ec954,2024-04-02 15:42:10,23.060346,72.573443,40.8,Xiaomi,Redmi Note 11,eSAKSHI Mobile App
EV-DEMO-00851,MPLADS-DEMO-000426,PROGRESS_PHOTO,Site Inspection Photograph - Construction Stage - Village-CriticalSector-9,MPLADS-DEMO-000426_progress_stage.jpg,image/jpeg,379500,ad1557fbbaa9ac5f9f8ffe88298234be29a65c0b02f0f9d8a94eedebfb830270,6703b4cb946e5c45,2023-11-01 11:24:15,25.339718,82.912898,20.6,OnePlus,Nord CE 2,eSAKSHI Mobile App
EV-DEMO-00852,MPLADS-DEMO-000426,COMPLETION_PHOTO,Geo-tagged Asset Verification Photograph - Village-CriticalSector-9,MPLADS-DEMO-000426_verification_stage.jpg,image/jpeg,344445,0815f63c9fea4ec37fcf88aa64970c68b75fa0a6eb382f55d4e647232a0e6d6e,f093b1ead28ec954,2024-03-04 15:42:10,25.33966,82.912679,13.4,OnePlus,Nord CE 2,eSAKSHI Mobile App
EV-DEMO-00853,MPLADS-DEMO-000427,PROGRESS_PHOTO,Site Inspection Photograph - Construction Stage - Village-CriticalSector-9,MPLADS-DEMO-000427_progress_stage.jpg,image/jpeg,237747,15f695f369f0f8b261bea89f13a17b196ebe1eee99fddd99d98f29739f5419fb,4deafe6c679b0241,2023-10-29 11:24:15,9.966895,78.154187,24.5,Realme,Realme 9 Pro,eSAKSHI Mobile App
EV-DEMO-00854,MPLADS-DEMO-000427,COMPLETION_PHOTO,Geo-tagged Asset Verification Photograph - Village-CriticalSector-9,MPLADS-DEMO-000427_verification_stage.jpg,image/jpeg,256282,0815f63c9fea4ec37fcf88aa64970c68b75fa0a6eb382f55d4e647232a0e6d6e,f093b1ead28ec954,2024-01-01 15:42:10,9.967042,78.15424,40.7,Realme,Realme 9 Pro,eSAKSHI Mobile App
EV-DEMO-00855,MPLADS-DEMO-000428,PROGRESS_PHOTO,Site Inspection Photograph - Construction Stage - Village-CriticalSector-10,MPLADS-DEMO-000428_progress_stage.jpg,image/jpeg,356775,d188726dc344876c2c6e508c3498aa21a21e8c7266ec6f905a0a8b9c9468e952,dc78914d3fc51b3a,2023-11-18 11:24:15,19.405829,84.949245,20.4,Samsung,SM-A525F,eSAKSHI Mobile App
EV-DEMO-00856,MPLADS-DEMO-000428,COMPLETION_PHOTO,Geo-tagged Asset Verification Photograph - Village-CriticalSector-10,MPLADS-DEMO-000428_verification_stage.jpg,image/jpeg,436833,fdf217b269d18fb63ee292804d61fd0b3bafb72d331d56d650220ac103b628e5,c45c7092379e50b2,2024-03-29 15:42:10,19.405902,84.948771,34.9,Samsung,SM-A525F,eSAKSHI Mobile App
EV-DEMO-00857,MPLADS-DEMO-000429,PROGRESS_PHOTO,Site Inspection Photograph - Construction Stage - Village-CriticalSector-10,MPLADS-DEMO-000429_progress_stage.jpg,image/jpeg,256078,12fa52f207e40c172a347e8c2e87c2b95c346df5f0710dda27726e4b7b67bcc9,7b458ddaf6a8e403,2023-11-09 11:24:15,21.098511,79.122343,6.8,Realme,Realme 9 Pro,eSAKSHI Mobile App
EV-DEMO-00858,MPLADS-DEMO-000429,COMPLETION_PHOTO,Geo-tagged Asset Verification Photograph - Village-CriticalSector-10,MPLADS-DEMO-000429_verification_stage.jpg,image/jpeg,275426,fdf217b269d18fb63ee292804d61fd0b3bafb72d331d56d650220ac103b628e5,c45c7092379e50b2,2024-01-08 15:42:10,21.098226,79.122347,27.5,Realme,Realme 9 Pro,eSAKSHI Mobile App
EV-DEMO-00859,MPLADS-DEMO-000430,PROGRESS_PHOTO,Site Inspection Photograph - Construction Stage - Village-CriticalSector-10,MPLADS-DEMO-000430_progress_stage.jpg,image/jpeg,241022,7f849c5606edcbd4f71994d79fd4e7a44bd663bbe930d576d85494805615b97a,d0434b0b928c9142,2023-11-17 11:24:15,26.919265,75.760046,16.3,Apple,iPhone 13,eSAKSHI Mobile App
EV-DEMO-00860,MPLADS-DEMO-000430,COMPLETION_PHOTO,Geo-tagged Asset Verification Photograph - Village-CriticalSector-10,MPLADS-DEMO-000430_verification_stage.jpg,image/jpeg,396635,fdf217b269d18fb63ee292804d61fd0b3bafb72d331d56d650220ac103b628e5,c45c7092379e50b2,2024-02-21 15:42:10,26.919708,75.760217,36.0,Apple,iPhone 13,eSAKSHI Mobile App
EV-DEMO-00861,MPLADS-DEMO-000431,PROGRESS_PHOTO,Site Inspection Photograph - Construction Stage - Village-113,MPLADS-DEMO-000431_progress_stage.jpg,image/jpeg,392938,7f74f7c2caa138f60dcc318f7734a5cebc7742d8187019be7e7a483c2b298018,72330ffcdab2b67d,2023-12-19 11:24:15,11.688449,76.154789,20.7,Apple,iPhone 13,eSAKSHI Mobile App
EV-DEMO-00862,MPLADS-DEMO-000431,SITE_IMAGE,Geo-tagged Asset Verification Photograph - Village-113,MPLADS-DEMO-000431_verification_stage.jpg,image/jpeg,261534,c6fc938116ecfa4faaf03adc3e3c118a4f5a44da70d24f144c227abae752f64f,bf15b24a90a37f5a,2024-04-13 15:42:10,11.688302,76.155061,13.3,Apple,iPhone 13,eSAKSHI Mobile App
EV-DEMO-00863,MPLADS-DEMO-000432,PROGRESS_PHOTO,Site Inspection Photograph - Construction Stage - Village-32,MPLADS-DEMO-000432_progress_stage.jpg,image/jpeg,212837,a4f5048eb57cff5775bd9af5adb30929938bb118c1c9667154e0345b902da0f4,da9b7e8d94dcae4f,2024-01-24 11:24:15,25.282864,82.96426,14.9,OnePlus,Nord CE 2,eSAKSHI Mobile App
EV-DEMO-00864,MPLADS-DEMO-000432,COMPLETION_PHOTO,Geo-tagged Asset Verification Photograph - Village-32,MPLADS-DEMO-000432_verification_stage.jpg,image/jpeg,323636,5ac0ecd1172bdf91f76e4895062dde301e3e4630dd922143a89c7bc1af41d7cd,ee1657db4e482e49,2024-05-11 15:42:10,25.282891,82.964298,18.8,OnePlus,Nord CE 2,eSAKSHI Mobile App
EV-DEMO-00865,MPLADS-DEMO-000433,PROGRESS_PHOTO,Site Inspection Photograph - Construction Stage - Village-28,MPLADS-DEMO-000433_progress_stage.jpg,image/jpeg,354273,52461665bfa51f4cf1af9d784ca3e0514cccf5b2c0e1eb31a82103e4e5c7242e,82d9beaa66746b65,2023-04-22 11:24:15,26.711458,83.371824,3.2,Realme,Realme 9 Pro,eSAKSHI Mobile App
EV-DEMO-00866,MPLADS-DEMO-000433,COMPLETION_PHOTO,Geo-tagged Asset Verification Photograph - Village-28,MPLADS-DEMO-000433_verification_stage.jpg,image/jpeg,417886,91f0ffa84173e3caeeaf90bf6ce64a3f1b3ccf89f8be8e82ff98dffd0c576354,1e27c870ec621156,2023-08-25 15:42:10,26.7114,83.371567,26.3,Realme,Realme 9 Pro,eSAKSHI Mobile App
EV-DEMO-00867,MPLADS-DEMO-000434,PROGRESS_PHOTO,Site Inspection Photograph - Construction Stage - Village-40,MPLADS-DEMO-000434_progress_stage.jpg,image/jpeg,335221,1d307191e871dd5f66ad7e25fab74f5200fd7e626cfec59c82f7c7299fcb473c,ffa02943d2d77328,2024-04-21 11:24:15,9.899542,78.135781,4.6,Apple,iPhone 13,eSAKSHI Mobile App
EV-DEMO-00868,MPLADS-DEMO-000434,SITE_IMAGE,Geo-tagged Asset Verification Photograph - Village-40,MPLADS-DEMO-000434_verification_stage.jpg,image/jpeg,442706,5b397433268c7556ee8c68a76939f4825200f13da92844f88cd8dc2844c6ffc1,25a466ba66d4e079,2024-06-25 15:42:10,9.899368,78.135779,21.6,Apple,iPhone 13,eSAKSHI Mobile App
EV-DEMO-00869,MPLADS-DEMO-000435,PROGRESS_PHOTO,Site Inspection Photograph - Construction Stage - Village-139,MPLADS-DEMO-000435_progress_stage.jpg,image/jpeg,360299,5d66c25a25bbca5b70b2c6bbd8199331d69e1ced8ef126fdffd52c5e96526016,ad13151d69e16034,2023-11-11 11:24:15,13.044176,77.614585,3.1,OnePlus,Nord CE 2,eSAKSHI Mobile App
EV-DEMO-00870,MPLADS-DEMO-000435,COMPLETION_PHOTO,Geo-tagged Asset Verification Photograph - Village-139,MPLADS-DEMO-000435_verification_stage.jpg,image/jpeg,417184,7953af4744568cfb76c2c19f219948664c3602d5907cd07ca9ef086a364508fe,72816e163ea7f9ec,2023-12-16 15:42:10,13.044139,77.614495,7.5,OnePlus,Nord CE 2,eSAKSHI Mobile App
EV-DEMO-00871,MPLADS-DEMO-000436,PROGRESS_PHOTO,Site Inspection Photograph - Construction Stage - Village-143,MPLADS-DEMO-000436_progress_stage.jpg,image/jpeg,337870,9d042f33dc31388b923f87a67f3b071e3ff498d4ad14a8a9fba7805ace4012d7,8ec42cdf590ea6f7,2023-08-25 11:24:15,23.043098,72.607887,22.0,Vivo,Vivo V23 5G,eSAKSHI Mobile App
EV-DEMO-00872,MPLADS-DEMO-000436,COMPLETION_PHOTO,Geo-tagged Asset Verification Photograph - Village-143,MPLADS-DEMO-000436_verification_stage.jpg,image/jpeg,210354,459ca03b05caccac9c785293dd51313ffb339e4efebb52e68b5a7365892a4fe4,cf56fd7d8c201571,2024-01-03 15:42:10,23.043458,72.607743,26.2,Vivo,Vivo V23 5G,eSAKSHI Mobile App
EV-DEMO-00873,MPLADS-DEMO-000437,PROGRESS_PHOTO,Site Inspection Photograph - Construction Stage - Village-139,MPLADS-DEMO-000437_progress_stage.jpg,image/jpeg,263359,f61e975972a4d2acce6c6cc001766e8d4aa492a70ccb449e8fd969b4f793dff9,abbb090f24111e6e,2023-12-05 11:24:15,11.694819,76.128765,11.8,Realme,Realme 9 Pro,eSAKSHI Mobile App
EV-DEMO-00874,MPLADS-DEMO-000437,COMPLETION_PHOTO,Geo-tagged Asset Verification Photograph - Village-139,MPLADS-DEMO-000437_verification_stage.jpg,image/jpeg,388991,9e0d553844bb1c083fc62299eeaf79700233ba9c0318d6792fbfaf0d62fc0ff6,2b347b5884f51ab1,2024-03-23 15:42:10,11.694808,76.128649,24.0,Realme,Realme 9 Pro,eSAKSHI Mobile App
EV-DEMO-00875,MPLADS-DEMO-000438,PROGRESS_PHOTO,Site Inspection Photograph - Construction Stage - Village-33,MPLADS-DEMO-000438_progress_stage.jpg,image/jpeg,264598,70604d5c2998cdbc9b770581cda3ac9962dea092a6c779568d5b8bc49dccb15b,42e3670f80d96dc3,2023-09-29 11:24:15,22.347693,70.782415,14.3,OnePlus,Nord CE 2,eSAKSHI Mobile App
EV-DEMO-00876,MPLADS-DEMO-000438,COMPLETION_PHOTO,Geo-tagged Asset Verification Photograph - Village-33,MPLADS-DEMO-000438_verification_stage.jpg,image/jpeg,223074,e797bbe71c9a3cf41c18b69c0a73a8915155bdc9a98a35a375030663d8087e81,0582d882b7a161c9,2024-01-09 15:42:10,22.347903,70.782482,23.7,OnePlus,Nord CE 2,eSAKSHI Mobile App
EV-DEMO-00877,MPLADS-DEMO-000439,PROGRESS_PHOTO,Site Inspection Photograph - Construction Stage - Village-64,MPLADS-DEMO-000439_progress_stage.jpg,image/jpeg,374524,228470361f06ee01e99561cb95937c5a3e062ec477800faaaa04343347cc7d44,ca39fb93389b3228,2023-08-07 11:24:15,22.988166,72.546921,19.1,OnePlus,Nord CE 2,eSAKSHI Mobile App
EV-DEMO-00878,MPLADS-DEMO-000439,SITE_IMAGE,Geo-tagged Asset Verification Photograph - Village-64,MPLADS-DEMO-000439_verification_stage.jpg,image/jpeg,247979,ce8ae5ff87bc69b2db7c6b0fc184bbe87be4030540fa82215004443b62e3cfa1,8b280f30cd16d4d3,2023-11-26 15:42:10,22.987716,72.546691,42.9,OnePlus,Nord CE 2,eSAKSHI Mobile App
EV-DEMO-00879,MPLADS-DEMO-000440,PROGRESS_PHOTO,Site Inspection Photograph - Construction Stage - Village-146,MPLADS-DEMO-000440_progress_stage.jpg,image/jpeg,413817,90d36cea99ed303b31f6460cb93fd20e6837a344661b02aa3d0226b8bc8ec943,c98050a713e6e680,2023-09-05 11:24:15,23.024269,72.561128,16.9,Apple,iPhone 13,eSAKSHI Mobile App
EV-DEMO-00880,MPLADS-DEMO-000440,COMPLETION_PHOTO,Geo-tagged Asset Verification Photograph - Village-146,MPLADS-DEMO-000440_verification_stage.jpg,image/jpeg,308813,c9a4b919c93a2a508d9e207d5729b5d153dc1c890bd14df6c62c377a361ece50,1b358c24ff473e5c,2024-01-19 15:42:10,23.024352,72.561142,7.5,Apple,iPhone 13,eSAKSHI Mobile App
EV-DEMO-00881,MPLADS-DEMO-000441,PROGRESS_PHOTO,Site Inspection Photograph - Construction Stage - Village-87,MPLADS-DEMO-000441_progress_stage.jpg,image/jpeg,406222,5e717943a9302e564fbe17b423999c33e5920507861a9eecf5882785d987bf52,525e6674ab63ae1f,2024-07-24 11:24:15,9.981356,76.340245,25.6,OnePlus,Nord CE 2,eSAKSHI Mobile App
EV-DEMO-00882,MPLADS-DEMO-000441,SITE_IMAGE,Geo-tagged Asset Verification Photograph - Village-87,MPLADS-DEMO-000441_verification_stage.jpg,image/jpeg,258660,de80c0f5d858d39bd62045ff4deca2ea9d0f03ce30eccdcd287024d327f1b7e1,02fdebaaff3e47a7,2024-10-28 15:42:10,9.981395,76.3403,26.3,OnePlus,Nord CE 2,eSAKSHI Mobile App
EV-DEMO-00883,MPLADS-DEMO-000442,PROGRESS_PHOTO,Site Inspection Photograph - Construction Stage - Village-13,MPLADS-DEMO-000442_progress_stage.jpg,image/jpeg,400597,e837580dd8b621b5b9e2572c2b74220c5a908bed4c41ca111fa41599dbdec4eb,1ba7bec48e6265c6,2024-03-26 11:24:15,25.291229,82.983517,6.5,OnePlus,Nord CE 2,eSAKSHI Mobile App
EV-DEMO-00884,MPLADS-DEMO-000442,SITE_IMAGE,Geo-tagged Asset Verification Photograph - Village-13,MPLADS-DEMO-000442_verification_stage.jpg,image/jpeg,399299,23edb6394df5d01bac0efc6ca775f5abe75027e9c13458aedc72c38aa966fdeb,ad473b91d4e9f274,2024-05-25 15:42:10,25.291267,82.983182,27.8,OnePlus,Nord CE 2,eSAKSHI Mobile App
EV-DEMO-00885,MPLADS-DEMO-000443,PROGRESS_PHOTO,Site Inspection Photograph - Construction Stage - Village-89,MPLADS-DEMO-000443_progress_stage.jpg,image/jpeg,250718,34e27abbf12b7fe7b2daecedab95b1dec69423877109901cfa44916749f30f84,6f338fee5e681922,2024-02-07 11:24:15,13.103022,77.587373,16.8,Samsung,SM-A525F,eSAKSHI Mobile App
EV-DEMO-00886,MPLADS-DEMO-000443,COMPLETION_PHOTO,Geo-tagged Asset Verification Photograph - Village-89,MPLADS-DEMO-000443_verification_stage.jpg,image/jpeg,444464,c9c4ed2d5f508df93c13191adc1ca13e114409d914a8e9d5900f7e9ce1ee0461,80ca3b0830e6beee,2024-06-17 15:42:10,13.103057,77.587309,24.7,Samsung,SM-A525F,eSAKSHI Mobile App
EV-DEMO-00887,MPLADS-DEMO-000444,PROGRESS_PHOTO,Site Inspection Photograph - Construction Stage - Village-47,MPLADS-DEMO-000444_progress_stage.jpg,image/jpeg,193052,36123f03eab7b4c911f0500567189b437326c9d427319b95627c5a1d5c574b74,6159e7607e88c2d1,2023-08-01 11:24:15,23.230957,80.003005,6.8,OnePlus,Nord CE 2,eSAKSHI Mobile App
EV-DEMO-00888,MPLADS-DEMO-000444,COMPLETION_PHOTO,Geo-tagged Asset Verification Photograph - Village-47,MPLADS-DEMO-000444_verification_stage.jpg,image/jpeg,284079,8fdf27ce4e5af90db9c6b07ad959c4ab7307ee3bb87465ca28bc78c5f61e2c35,6e91beb41470bca7,2023-11-13 15:42:10,23.230857,80.00273,34.6,OnePlus,Nord CE 2,eSAKSHI Mobile App
EV-DEMO-00889,MPLADS-DEMO-000445,PROGRESS_PHOTO,Site Inspection Photograph - Construction Stage - Village-161,MPLADS-DEMO-000445_progress_stage.jpg,image/jpeg,409949,848022f56bfa179750ff67aebf8a5a96f3dcb6a3acd1a1fd327b0711eeaa3e94,988dc657a3816004,2024-02-29 11:24:15,19.322592,84.950925,27.2,OnePlus,Nord CE 2,eSAKSHI Mobile App
EV-DEMO-00890,MPLADS-DEMO-000445,COMPLETION_PHOTO,Geo-tagged Asset Verification Photograph - Village-161,MPLADS-DEMO-000445_verification_stage.jpg,image/jpeg,475906,16c4621975eac0c700a930f7446f100f24d5d6ff7da5ac28c53b14e773ccb872,daa5874a0c6276a6,2024-05-01 15:42:10,19.322689,84.950792,32.4,OnePlus,Nord CE 2,eSAKSHI Mobile App
EV-DEMO-00891,MPLADS-DEMO-000446,PROGRESS_PHOTO,Site Inspection Photograph - Construction Stage - Village-74,MPLADS-DEMO-000446_progress_stage.jpg,image/jpeg,329846,90d1fc9189b24295a3703dcfd32415791b98f22cf649a4704315bcbc0a3b99c9,a2a58ae4fedc08db,2023-06-21 11:24:15,20.1997,85.589448,22.7,Realme,Realme 9 Pro,eSAKSHI Mobile App
EV-DEMO-00892,MPLADS-DEMO-000446,SITE_IMAGE,Geo-tagged Asset Verification Photograph - Village-74,MPLADS-DEMO-000446_verification_stage.jpg,image/jpeg,390685,e5f36fd0b130d01e4d6e8525d782f0b7c4b6914c56de452c23a6279c40c0ebf7,c0d7bd6d39e19b5e,2023-10-10 15:42:10,20.200167,85.589479,31.8,Realme,Realme 9 Pro,eSAKSHI Mobile App
EV-DEMO-00893,MPLADS-DEMO-000447,PROGRESS_PHOTO,Site Inspection Photograph - Construction Stage - Village-109,MPLADS-DEMO-000447_progress_stage.jpg,image/jpeg,286974,8fe8cd9be79852a969f572adbcfdb8da1bd5d213ff4987fa5b9407fa8334e56a,ca8c3ca780f857dd,2024-04-20 11:24:15,13.083465,77.50775,21.3,Xiaomi,Redmi Note 11,eSAKSHI Mobile App
EV-DEMO-00894,MPLADS-DEMO-000447,SITE_IMAGE,Geo-tagged Asset Verification Photograph - Village-109,MPLADS-DEMO-000447_verification_stage.jpg,image/jpeg,218219,3da30d7f7197dd498bf316087360a22967a2bf73a38ef3340eddf6d9bbfc1cd6,7e6e223371442148,2024-08-19 15:42:10,13.083426,77.507381,31.5,Xiaomi,Redmi Note 11,eSAKSHI Mobile App
EV-DEMO-00895,MPLADS-DEMO-000448,PROGRESS_PHOTO,Site Inspection Photograph - Construction Stage - Village-15,MPLADS-DEMO-000448_progress_stage.jpg,image/jpeg,310672,439dfc498cbac756885a6e9459fd03837431db2e6d36bd8318c7a0d772203e75,ec19bdefa5df0775,2024-07-22 11:24:15,13.111401,77.513516,27.3,Realme,Realme 9 Pro,eSAKSHI Mobile App
EV-DEMO-00896,MPLADS-DEMO-000448,SITE_IMAGE,Geo-tagged Asset Verification Photograph - Village-15,MPLADS-DEMO-000448_verification_stage.jpg,image/jpeg,347195,5960211162650eca96358b8aa8a92571b4a47fffb1f7d8b8012e084788a217b9,954b378132e28067,2024-11-25 15:42:10,13.111063,77.513975,35.1,Realme,Realme 9 Pro,eSAKSHI Mobile App
EV-DEMO-00897,MPLADS-DEMO-000449,PROGRESS_PHOTO,Site Inspection Photograph - Construction Stage - Village-61,MPLADS-DEMO-000449_progress_stage.jpg,image/jpeg,248042,1f06fca7c180f44eacd4684e5261ca04e7127cc994db1fd9d24dfbeaab750713,caabe1320c3eff8e,2024-07-23 11:24:15,18.388211,79.159251,7.4,Xiaomi,Redmi Note 11,eSAKSHI Mobile App
EV-DEMO-00898,MPLADS-DEMO-000449,SITE_IMAGE,Geo-tagged Asset Verification Photograph - Village-61,MPLADS-DEMO-000449_verification_stage.jpg,image/jpeg,335419,3d4dfbf17ec071868ac5c91b927b34f5f365e20cf3e8aae88d858b3510c45807,20488b616b119044,2024-11-20 15:42:10,18.388334,79.159253,20.6,Xiaomi,Redmi Note 11,eSAKSHI Mobile App
EV-DEMO-00899,MPLADS-DEMO-000450,PROGRESS_PHOTO,Site Inspection Photograph - Construction Stage - Village-85,MPLADS-DEMO-000450_progress_stage.jpg,image/jpeg,392067,e4df9240a667b47fcfae0cc136847c12e6fc84b94b7f4db7103282617285a7ca,211bbc4dcf81b47e,2023-05-29 11:24:15,21.188918,79.118851,21.8,Realme,Realme 9 Pro,eSAKSHI Mobile App
EV-DEMO-00900,MPLADS-DEMO-000450,COMPLETION_PHOTO,Geo-tagged Asset Verification Photograph - Village-85,MPLADS-DEMO-000450_verification_stage.jpg,image/jpeg,258245,d1b8b34adaf1ec74174ce0d9bb6e2b25539265efcbdf8591de4d2c2619beb127,9fc41cb3efca05dd,2023-07-24 15:42:10,21.189,79.11921,17.5,Realme,Realme 9 Pro,eSAKSHI Mobile App
EV-DEMO-00901,MPLADS-DEMO-000451,PROGRESS_PHOTO,Site Inspection Photograph - Construction Stage - Village-126,MPLADS-DEMO-000451_progress_stage.jpg,image/jpeg,336647,0c385634dfd39cdde4d61fc1ae801cd6cb4c4331d5facbabc6dc7b52fc019936,a8e9b6116e64679e,2024-02-29 11:24:15,20.185173,85.647328,20.5,Apple,iPhone 13,eSAKSHI Mobile App
EV-DEMO-00902,MPLADS-DEMO-000451,COMPLETION_PHOTO,Geo-tagged Asset Verification Photograph - Village-126,MPLADS-DEMO-000451_verification_stage.jpg,image/jpeg,470066,8fac6c3ed452c9ff7cc3c1c725298156ac8889b851b699ff1a299b3565447cb6,45e037f4fc4186c2,2024-05-24 15:42:10,20.185492,85.647257,29.0,Apple,iPhone 13,eSAKSHI Mobile App
EV-DEMO-00903,MPLADS-DEMO-000452,PROGRESS_PHOTO,Site Inspection Photograph - Construction Stage - Village-6,MPLADS-DEMO-000452_progress_stage.jpg,image/jpeg,309223,6cf853d03e0e7122f1fbfc52ae869a6635eb52f7742d12e92d1d2b3fea43cc44,ac16bafb0ac8f197,2024-06-14 11:24:15,10.00059,76.352597,10.0,Vivo,Vivo V23 5G,eSAKSHI Mobile App
EV-DEMO-00904,MPLADS-DEMO-000452,SITE_IMAGE,Geo-tagged Asset Verification Photograph - Village-6,MPLADS-DEMO-000452_verification_stage.jpg,image/jpeg,342724,053c702a999320366e987561e474f6f803710247fe35193b4b863678dbfe30c0,e7728c2fb6272181,2024-11-13 15:42:10,10.000327,76.352668,21.7,Vivo,Vivo V23 5G,eSAKSHI Mobile App
EV-DEMO-00905,MPLADS-DEMO-000453,PROGRESS_PHOTO,Site Inspection Photograph - Construction Stage - Village-176,MPLADS-DEMO-000453_progress_stage.jpg,image/jpeg,253580,3fc2903c81579d8d3a56f02e19788afc945c15fa6d4601e2d5f42c015efe192e,58840115af1feaa3,2023-10-02 11:24:15,11.615069,78.193794,14.7,Vivo,Vivo V23 5G,eSAKSHI Mobile App
EV-DEMO-00906,MPLADS-DEMO-000453,SITE_IMAGE,Geo-tagged Asset Verification Photograph - Village-176,MPLADS-DEMO-000453_verification_stage.jpg,image/jpeg,429589,5b2bb49928e50405ee8d07ab8db3bbb1ce7275bfd1ba3aaa2e5c5c9f8f740321,44ca23d5004db341,2023-12-30 15:42:10,11.61526,78.193942,27.9,Vivo,Vivo V23 5G,eSAKSHI Mobile App
EV-DEMO-00907,MPLADS-DEMO-000454,PROGRESS_PHOTO,Site Inspection Photograph - Construction Stage - Village-113,MPLADS-DEMO-000454_progress_stage.jpg,image/jpeg,250167,ae252928f281795117f9435e07ad1f42c1b5af9a5aa2a4e2bc2193481e7958f5,671f6649b39a3b53,2023-08-09 11:24:15,26.929355,75.83673,16.7,Vivo,Vivo V23 5G,eSAKSHI Mobile App
EV-DEMO-00908,MPLADS-DEMO-000454,COMPLETION_PHOTO,Geo-tagged Asset Verification Photograph - Village-113,MPLADS-DEMO-000454_verification_stage.jpg,image/jpeg,329873,79fbb4a8eb133cafff104dd126ef6b424007913b8e6021f705f28241c1cee190,08f1e8f8a582d170,2023-11-04 15:42:10,26.929295,75.836509,23.5,Vivo,Vivo V23 5G,eSAKSHI Mobile App
EV-DEMO-00909,MPLADS-DEMO-000455,PROGRESS_PHOTO,Site Inspection Photograph - Construction Stage - Village-42,MPLADS-DEMO-000455_progress_stage.jpg,image/jpeg,345145,e596513e10c92d3604cdeb3d41d43a29c0375b225ceea0ba189d2ff918355882,a9fa98df34b9f2c6,2024-01-01 11:24:15,23.285765,77.413601,19.4,Apple,iPhone 13,eSAKSHI Mobile App
EV-DEMO-00910,MPLADS-DEMO-000455,COMPLETION_PHOTO,Geo-tagged Asset Verification Photograph - Village-42,MPLADS-DEMO-000455_verification_stage.jpg,image/jpeg,323159,182e14675d1d0b93523cf26af67e2ab6084a41eae33c0cab538347cdf3387645,9d37e5ac9fb4881b,2024-02-23 15:42:10,23.285916,77.413622,31.2,Apple,iPhone 13,eSAKSHI Mobile App
EV-DEMO-00911,MPLADS-DEMO-000456,PROGRESS_PHOTO,Site Inspection Photograph - Construction Stage - Village-165,MPLADS-DEMO-000456_progress_stage.jpg,image/jpeg,243003,b68fd15aa880b6295d08038b2927411bcf7cbc24454c6254c7ed192d4fd6751a,63db8f43750fcab7,2023-05-15 11:24:15,19.950324,73.776893,14.7,Realme,Realme 9 Pro,eSAKSHI Mobile App
EV-DEMO-00912,MPLADS-DEMO-000456,COMPLETION_PHOTO,Geo-tagged Asset Verification Photograph - Village-165,MPLADS-DEMO-000456_verification_stage.jpg,image/jpeg,451551,a7a1b4d4005285380c95fb2881b45fd594131d15057428a2161829923936e36f,bdc567cc86bf3c3e,2023-07-03 15:42:10,19.94991,73.776984,33.0,Realme,Realme 9 Pro,eSAKSHI Mobile App
EV-DEMO-00913,MPLADS-DEMO-000457,PROGRESS_PHOTO,Site Inspection Photograph - Construction Stage - Village-116,MPLADS-DEMO-000457_progress_stage.jpg,image/jpeg,313140,2c586a8d17ee47d3b1d893e85cb0caad9ffad7ab20634aa4ae9a1428622206a6,0422c923183606c1,2023-09-09 11:24:15,23.257098,77.442974,20.3,Realme,Realme 9 Pro,eSAKSHI Mobile App
EV-DEMO-00914,MPLADS-DEMO-000457,SITE_IMAGE,Geo-tagged Asset Verification Photograph - Village-116,MPLADS-DEMO-000457_verification_stage.jpg,image/jpeg,424178,4ebc74a0c7a84451a6de13a48ce2a858883df48d49d6d67af12d07f94f5daa13,4cdf16830ed44bfe,2023-12-27 15:42:10,23.256962,77.442967,25.2,Realme,Realme 9 Pro,eSAKSHI Mobile App
EV-DEMO-00915,MPLADS-DEMO-000458,PROGRESS_PHOTO,Site Inspection Photograph - Construction Stage - Village-6,MPLADS-DEMO-000458_progress_stage.jpg,image/jpeg,246013,654d32b4013d0739145990611371eab9ae2431cc67e3119e4c030d806a6f37cc,4fd645702c551289,2024-08-28 11:24:15,22.777741,75.912837,18.5,OnePlus,Nord CE 2,eSAKSHI Mobile App
EV-DEMO-00916,MPLADS-DEMO-000458,SITE_IMAGE,Geo-tagged Asset Verification Photograph - Village-6,MPLADS-DEMO-000458_verification_stage.jpg,image/jpeg,435770,a5801ceb5b69af2216b6aef87233080ed4e6686ee1dd2c77fca6b6db9dd0bde0,95b092f5af40ca9e,2024-10-25 15:42:10,22.7777,75.91299,33.9,OnePlus,Nord CE 2,eSAKSHI Mobile App
EV-DEMO-00917,MPLADS-DEMO-000459,PROGRESS_PHOTO,Site Inspection Photograph - Construction Stage - Village-154,MPLADS-DEMO-000459_progress_stage.jpg,image/jpeg,273331,b40283db8e6ae3bd9f3d8f5def2f94d554832320df59f5c368dcc674438a96a4,c07e5066dbb830f6,2023-05-02 11:24:15,22.688356,75.804292,7.4,OnePlus,Nord CE 2,eSAKSHI Mobile App
EV-DEMO-00918,MPLADS-DEMO-000459,COMPLETION_PHOTO,Geo-tagged Asset Verification Photograph - Village-154,MPLADS-DEMO-000459_verification_stage.jpg,image/jpeg,377314,5662ce8f5cc2bbd02251809c3c5a329b66ca0ff01d40d48ad450149e5b5f2fc9,b6d66e3bdf918c5e,2023-05-16 15:42:10,22.688579,75.804452,25.0,OnePlus,Nord CE 2,eSAKSHI Mobile App
EV-DEMO-00919,MPLADS-DEMO-000460,PROGRESS_PHOTO,Site Inspection Photograph - Construction Stage - Village-69,MPLADS-DEMO-000460_progress_stage.jpg,image/jpeg,225840,3f6c699f21331b6c097cfc6776e6774680830f97d1d81916670c3f70ce1b46bc,8514b036ad616477,2023-07-14 11:24:15,9.954233,76.298955,30.1,Samsung,SM-A525F,eSAKSHI Mobile App
EV-DEMO-00920,MPLADS-DEMO-000460,COMPLETION_PHOTO,Geo-tagged Asset Verification Photograph - Village-69,MPLADS-DEMO-000460_verification_stage.jpg,image/jpeg,214294,45e7137fabe17249ce849784c67b02e95d51a97f461e8d42321eaefb82e22bbf,510c11d79b13038d,2023-10-22 15:42:10,9.953896,76.29912,15.6,Samsung,SM-A525F,eSAKSHI Mobile App
EV-DEMO-00921,MPLADS-DEMO-000461,PROGRESS_PHOTO,Site Inspection Photograph - Construction Stage - Village-159,MPLADS-DEMO-000461_progress_stage.jpg,image/jpeg,378746,cecd4debe6fe6b9fe3d42d8000f93711ed06ff2fb4651a1e1b511cb1db28b263,e8b47138fba07924,2023-04-18 11:24:15,26.905906,75.75445,18.7,Samsung,SM-A525F,eSAKSHI Mobile App
EV-DEMO-00922,MPLADS-DEMO-000461,COMPLETION_PHOTO,Geo-tagged Asset Verification Photograph - Village-159,MPLADS-DEMO-000461_verification_stage.jpg,image/jpeg,455073,009ed0787e661f1e1e253210794c082e066d86fdf3d17682a9bd224dd4a34038,81a0c0170cd8017f,2023-07-30 15:42:10,26.906182,75.754621,17.7,Samsung,SM-A525F,eSAKSHI Mobile App
EV-DEMO-00923,MPLADS-DEMO-000462,PROGRESS_PHOTO,Site Inspection Photograph - Construction Stage - Village-189,MPLADS-DEMO-000462_progress_stage.jpg,image/jpeg,217192,4be85700d96655fae594cf8bb8455c60941476ba8f30e4f10d51b434a784c19b,7a7c7126d02cc5d4,2023-07-27 11:24:15,9.994401,76.244393,18.5,Realme,Realme 9 Pro,eSAKSHI Mobile App
EV-DEMO-00924,MPLADS-DEMO-000462,COMPLETION_PHOTO,Geo-tagged Asset Verification Photograph - Village-189,MPLADS-DEMO-000462_verification_stage.jpg,image/jpeg,391067,a3d7a053e762de4eb7d09e88e3f832cfb0113ac4433ad5e3303fc1450649522e,c22efd1790aa0a02,2023-12-23 15:42:10,9.994518,76.244286,33.7,Realme,Realme 9 Pro,eSAKSHI Mobile App
EV-DEMO-00925,MPLADS-DEMO-000463,PROGRESS_PHOTO,Site Inspection Photograph - Construction Stage - Village-78,MPLADS-DEMO-000463_progress_stage.jpg,image/jpeg,327384,7e42286de6510f71ad5cb02ae19a81fd570c536034188da64612e202161edf2a,e53185efff86f068,2024-01-27 11:24:15,12.358066,76.661466,30.0,Apple,iPhone 13,eSAKSHI Mobile App
EV-DEMO-00926,MPLADS-DEMO-000463,SITE_IMAGE,Geo-tagged Asset Verification Photograph - Village-78,MPLADS-DEMO-000463_verification_stage.jpg,image/jpeg,394111,9041279390e5696b11e1bf171a2f8ed5e5a4b0cec049fd805522b1b9bdc3dd32,6bb1d296a540b1b2,2024-02-14 15:42:10,12.357616,76.661447,37.5,Apple,iPhone 13,eSAKSHI Mobile App
EV-DEMO-00927,MPLADS-DEMO-000464,PROGRESS_PHOTO,Site Inspection Photograph - Construction Stage - Village-23,MPLADS-DEMO-000464_progress_stage.jpg,image/jpeg,362767,b71d77ccad52780e9da9a1b6d3aee6f262a783bb824ed705c2beb0a9a9de93f0,efc96ecda2ae3a71,2023-06-11 11:24:15,20.438566,85.886808,25.6,Samsung,SM-A525F,eSAKSHI Mobile App
EV-DEMO-00928,MPLADS-DEMO-000464,COMPLETION_PHOTO,Geo-tagged Asset Verification Photograph - Village-23,MPLADS-DEMO-000464_verification_stage.jpg,image/jpeg,222142,62225e688dd7abf501c36e59b8e2bb7b82079ca8ae1c0591315df7aa41bc27d7,6833d1474e39b604,2023-10-03 15:42:10,20.438454,85.88725,45.1,Samsung,SM-A525F,eSAKSHI Mobile App
EV-DEMO-00929,MPLADS-DEMO-000465,PROGRESS_PHOTO,Site Inspection Photograph - Construction Stage - Village-133,MPLADS-DEMO-000465_progress_stage.jpg,image/jpeg,234976,b3fc52a2eefa35b6df7931affee3d28c69be2092b5090f95a23a34e9f8eeba48,87dfc363317e2bee,2024-07-03 11:24:15,9.901075,78.170685,27.1,Apple,iPhone 13,eSAKSHI Mobile App
EV-DEMO-00930,MPLADS-DEMO-000465,SITE_IMAGE,Geo-tagged Asset Verification Photograph - Village-133,MPLADS-DEMO-000465_verification_stage.jpg,image/jpeg,453267,690734757c70031330753f4035900424e77f1d62e1f5fd9d4a9b97981ae7d2ae,850cbc8ef39d302b,2024-09-28 15:42:10,9.900727,78.170586,33.9,Apple,iPhone 13,eSAKSHI Mobile App
EV-DEMO-00931,MPLADS-DEMO-000466,PROGRESS_PHOTO,Site Inspection Photograph - Construction Stage - Village-49,MPLADS-DEMO-000466_progress_stage.jpg,image/jpeg,359449,6e34020fe85672d4e72157649dfeee30ca289cebebc474ce2ed7f144e62aaa89,6c8a0004ce576c51,2023-11-22 11:24:15,18.62693,78.059057,14.5,OnePlus,Nord CE 2,eSAKSHI Mobile App
EV-DEMO-00932,MPLADS-DEMO-000466,COMPLETION_PHOTO,Geo-tagged Asset Verification Photograph - Village-49,MPLADS-DEMO-000466_verification_stage.jpg,image/jpeg,383335,6c5b71d0445f1dccc488af560eb3db18c52f77fe853b799c750edfa7f611a213,d1dc660284485b10,2024-01-29 15:42:10,18.627016,78.059132,26.8,OnePlus,Nord CE 2,eSAKSHI Mobile App
EV-DEMO-00933,MPLADS-DEMO-000467,PROGRESS_PHOTO,Site Inspection Photograph - Construction Stage - Village-125,MPLADS-DEMO-000467_progress_stage.jpg,image/jpeg,206363,68f5c2f9a5426df6d1fe5584961a4eee231e144be82e02719b2f764212332de8,9190e5da8776419b,2023-04-19 11:24:15,24.580028,73.662214,16.1,Xiaomi,Redmi Note 11,eSAKSHI Mobile App
EV-DEMO-00934,MPLADS-DEMO-000467,SITE_IMAGE,Geo-tagged Asset Verification Photograph - Village-125,MPLADS-DEMO-000467_verification_stage.jpg,image/jpeg,225305,0faf2464ecbf106d52619d176914a820565a6434fbed17604fe3c5e47b4e657e,3f94d401761f3f72,2023-06-22 15:42:10,24.579694,73.662218,25.7,Xiaomi,Redmi Note 11,eSAKSHI Mobile App
EV-DEMO-00935,MPLADS-DEMO-000468,PROGRESS_PHOTO,Site Inspection Photograph - Construction Stage - Village-145,MPLADS-DEMO-000468_progress_stage.jpg,image/jpeg,300774,3c38dddd059248892d53648ec62a497782ec985889a6e26bc9678b18e59cd5c0,af8776c9d2ac1acb,2024-04-01 11:24:15,12.346576,76.650412,14.4,Vivo,Vivo V23 5G,eSAKSHI Mobile App
EV-DEMO-00936,MPLADS-DEMO-000468,COMPLETION_PHOTO,Geo-tagged Asset Verification Photograph - Village-145,MPLADS-DEMO-000468_verification_stage.jpg,image/jpeg,409388,ddf1c24c2fefec228bb67eafba6b312f3d6323b2d50d4d6f5da1cab58dd4033b,fb7fb1ab27a03cfa,2024-08-28 15:42:10,12.346475,76.650569,16.0,Vivo,Vivo V23 5G,eSAKSHI Mobile App
EV-DEMO-00937,MPLADS-DEMO-000469,PROGRESS_PHOTO,Site Inspection Photograph - Construction Stage - Village-7,MPLADS-DEMO-000469_progress_stage.jpg,image/jpeg,317251,cb062945e10b0483815300423ee7616417dad22402d9d47ce857cc42c1a2df56,22381b4d8966ae2a,2024-08-01 11:24:15,11.657295,76.19465,10.9,Xiaomi,Redmi Note 11,eSAKSHI Mobile App
EV-DEMO-00938,MPLADS-DEMO-000469,SITE_IMAGE,Geo-tagged Asset Verification Photograph - Village-7,MPLADS-DEMO-000469_verification_stage.jpg,image/jpeg,393551,221d7a0034e8fe3f74ce6835edf0f2906d4846b8d9d74a505f5532d7873740fc,7fd5bd0372f67285,2024-09-29 15:42:10,11.657355,76.19459,1.9,Xiaomi,Redmi Note 11,eSAKSHI Mobile App
EV-DEMO-00939,MPLADS-DEMO-000470,PROGRESS_PHOTO,Site Inspection Photograph - Construction Stage - Village-123,MPLADS-DEMO-000470_progress_stage.jpg,image/jpeg,345654,56e94161605917a1a3b0a2b71212a99094a339e634af4344458ff6c081e599e6,18f3dbbeeae902c7,2023-04-22 11:24:15,18.432564,79.187808,19.1,Vivo,Vivo V23 5G,eSAKSHI Mobile App
EV-DEMO-00940,MPLADS-DEMO-000470,COMPLETION_PHOTO,Geo-tagged Asset Verification Photograph - Village-123,MPLADS-DEMO-000470_verification_stage.jpg,image/jpeg,252373,ae3a65ef68434d4ae969c3565cd0c24e2323740537e11849fad263c8e55fddbb,f268bd955bd5d5bc,2023-09-02 15:42:10,18.432586,79.187701,29.4,Vivo,Vivo V23 5G,eSAKSHI Mobile App
EV-DEMO-00941,MPLADS-DEMO-000471,PROGRESS_PHOTO,Site Inspection Photograph - Construction Stage - Village-83,MPLADS-DEMO-000471_progress_stage.jpg,image/jpeg,354473,0b08845dfd45ad49dc9a8fa0df5cae7d9520a63f2bc480b8b363e8e68803a91b,877488d15b9afe08,2023-10-05 11:24:15,20.219589,85.652725,19.3,OnePlus,Nord CE 2,eSAKSHI Mobile App
EV-DEMO-00942,MPLADS-DEMO-000471,SITE_IMAGE,Geo-tagged Asset Verification Photograph - Village-83,MPLADS-DEMO-000471_verification_stage.jpg,image/jpeg,325301,68cf76a41fa259151c546ec55f80110ad365271d73d1435d4041968aed5a51be,651fd3bffa626941,2023-12-23 15:42:10,20.219565,85.652808,13.8,OnePlus,Nord CE 2,eSAKSHI Mobile App
EV-DEMO-00943,MPLADS-DEMO-000472,PROGRESS_PHOTO,Site Inspection Photograph - Construction Stage - Village-42,MPLADS-DEMO-000472_progress_stage.jpg,image/jpeg,289544,a74d485f01ae128c3411029e7b31b2acb53f042f5258aedb48aac8e7512666eb,3cd9e6548a9d9bf6,2023-06-02 11:24:15,22.289484,70.789682,19.6,Apple,iPhone 13,eSAKSHI Mobile App
EV-DEMO-00944,MPLADS-DEMO-000472,COMPLETION_PHOTO,Geo-tagged Asset Verification Photograph - Village-42,MPLADS-DEMO-000472_verification_stage.jpg,image/jpeg,266441,d2906ce504c3634cfa72c0aee157aa7d4da11170887550538e488fa5f764a27c,5021598403035a9f,2023-07-15 15:42:10,22.289389,70.789538,3.2,Apple,iPhone 13,eSAKSHI Mobile App
EV-DEMO-00945,MPLADS-DEMO-000473,PROGRESS_PHOTO,Site Inspection Photograph - Construction Stage - Village-95,MPLADS-DEMO-000473_progress_stage.jpg,image/jpeg,280996,0ad2c196fb7583e8c83e1715bc1957c1e411ee7a87c59e315f81fd8fe44f3fc7,566f80246f74350e,2023-10-21 11:24:15,18.521925,73.855328,13.6,Realme,Realme 9 Pro,eSAKSHI Mobile App
EV-DEMO-00946,MPLADS-DEMO-000473,COMPLETION_PHOTO,Geo-tagged Asset Verification Photograph - Village-95,MPLADS-DEMO-000473_verification_stage.jpg,image/jpeg,255544,80e733d298f6d60eaa8a3bc9bfc3dad8436888270e5601a122b9150463ea1291,b63462ad089d27b0,2023-11-28 15:42:10,18.522344,73.855135,40.3,Realme,Realme 9 Pro,eSAKSHI Mobile App
EV-DEMO-00947,MPLADS-DEMO-000474,PROGRESS_PHOTO,Site Inspection Photograph - Construction Stage - Village-132,MPLADS-DEMO-000474_progress_stage.jpg,image/jpeg,290933,65046169e0ce0fd57caaa870d7b7b69108aec0c22e7003f4186ebd3232ee6537,b11a796932f26875,2024-07-24 11:24:15,23.239459,77.407808,15.5,Apple,iPhone 13,eSAKSHI Mobile App
EV-DEMO-00948,MPLADS-DEMO-000474,SITE_IMAGE,Geo-tagged Asset Verification Photograph - Village-132,MPLADS-DEMO-000474_verification_stage.jpg,image/jpeg,297443,98a438cc0f94c4cc7686ab474fc3336ab3df78c3325c343a2f9bff56dd9d307a,5a4a662b859ac8cc,2024-11-28 15:42:10,23.23946,77.40808,27.1,Apple,iPhone 13,eSAKSHI Mobile App
EV-DEMO-00949,MPLADS-DEMO-000475,PROGRESS_PHOTO,Site Inspection Photograph - Construction Stage - Village-21,MPLADS-DEMO-000475_progress_stage.jpg,image/jpeg,291231,06a63060b3b812f445387572dcae11b2c77c83db19832a27294d7f130f69dffe,aa1b77f35610bc35,2023-08-16 11:24:15,26.96549,75.784259,21.3,Realme,Realme 9 Pro,eSAKSHI Mobile App
EV-DEMO-00950,MPLADS-DEMO-000475,COMPLETION_PHOTO,Geo-tagged Asset Verification Photograph - Village-21,MPLADS-DEMO-000475_verification_stage.jpg,image/jpeg,477997,d686b613038fde4d4805527953d51c35f99bd730b5dd656b3325acd426d6a9f7,323360783652ea10,2023-09-27 15:42:10,26.965345,75.784404,1.7,Realme,Realme 9 Pro,eSAKSHI Mobile App
EV-DEMO-00951,MPLADS-DEMO-000476,PROGRESS_PHOTO,Site Inspection Photograph - Construction Stage - Village-131,MPLADS-DEMO-000476_progress_stage.jpg,image/jpeg,342905,99987a60b55853ce37f8a2a878b5912ce819066ac788fd1e5e5fb421883e3955,c46c4d0ec0f19a8c,2023-09-26 11:24:15,21.160396,72.778189,20.7,Apple,iPhone 13,eSAKSHI Mobile App
EV-DEMO-00952,MPLADS-DEMO-000476,COMPLETION_PHOTO,Geo-tagged Asset Verification Photograph - Village-131,MPLADS-DEMO-000476_verification_stage.jpg,image/jpeg,436223,1b523867f08039592539f49558e236e3ff2b324dc2070f81b9b5512168ff1bbd,acae65101d4dfd16,2023-10-30 15:42:10,21.160393,72.778223,17.4,Apple,iPhone 13,eSAKSHI Mobile App
EV-DEMO-00953,MPLADS-DEMO-000477,PROGRESS_PHOTO,Site Inspection Photograph - Construction Stage - Village-47,MPLADS-DEMO-000477_progress_stage.jpg,image/jpeg,342127,0ad98fd5eaf7db261e6c25e3a96f0331ad5dc0810908953b1a64428438175c38,3b646cf0010a4048,2024-01-09 11:24:15,11.730094,76.072778,17.3,Xiaomi,Redmi Note 11,eSAKSHI Mobile App
EV-DEMO-00954,MPLADS-DEMO-000477,COMPLETION_PHOTO,Geo-tagged Asset Verification Photograph - Village-47,MPLADS-DEMO-000477_verification_stage.jpg,image/jpeg,469035,1e1dc349325328876c8dbe55407e8c5644bced549157a3344c2ede332bd71b3d,92070fc82c44de3c,2024-05-18 15:42:10,11.72988,76.072628,29.9,Xiaomi,Redmi Note 11,eSAKSHI Mobile App
EV-DEMO-00955,MPLADS-DEMO-000478,PROGRESS_PHOTO,Site Inspection Photograph - Construction Stage - Village-192,MPLADS-DEMO-000478_progress_stage.jpg,image/jpeg,369032,ff1227440cb1e472f0d808bda61556d20641028e455f6cca6b4555bce5740ad2,68952c86aa31593d,2023-03-31 11:24:15,25.380218,82.942696,11.3,Samsung,SM-A525F,eSAKSHI Mobile App
EV-DEMO-00956,MPLADS-DEMO-000478,SITE_IMAGE,Geo-tagged Asset Verification Photograph - Village-192,MPLADS-DEMO-000478_verification_stage.jpg,image/jpeg,275558,9d1bacee94a8d571aa209138698ad7d2edae9a77a2f7dd1e47ddf9c0b5ebd601,64725944aeed9393,2023-07-23 15:42:10,25.380477,82.942635,21.6,Samsung,SM-A525F,eSAKSHI Mobile App
EV-DEMO-00957,MPLADS-DEMO-000479,PROGRESS_PHOTO,Site Inspection Photograph - Construction Stage - Village-169,MPLADS-DEMO-000479_progress_stage.jpg,image/jpeg,357392,949365317d02c698486d1c5f33ba2ebf834aa683296bd36d9741d0ff099248c5,2e7b2f0b766e09df,2024-03-02 11:24:15,23.242143,79.999621,10.2,Apple,iPhone 13,eSAKSHI Mobile App
EV-DEMO-00958,MPLADS-DEMO-000479,COMPLETION_PHOTO,Geo-tagged Asset Verification Photograph - Village-169,MPLADS-DEMO-000479_verification_stage.jpg,image/jpeg,322886,343c627d934cd672daa7182ba23c5970dfe66c2ad8a950d85df8d04753a02e3d,ef076d7352a2b014,2024-06-22 15:42:10,23.241814,79.999449,33.4,Apple,iPhone 13,eSAKSHI Mobile App
EV-DEMO-00959,MPLADS-DEMO-000480,PROGRESS_PHOTO,Site Inspection Photograph - Construction Stage - Village-5,MPLADS-DEMO-000480_progress_stage.jpg,image/jpeg,325766,c5648293c4926e9f23efc40c0b72cd60e1afa4142cd17934c2db620fdb63605b,305d946c798e050a,2024-02-09 11:24:15,22.329515,70.761681,14.6,Vivo,Vivo V23 5G,eSAKSHI Mobile App
EV-DEMO-00960,MPLADS-DEMO-000480,COMPLETION_PHOTO,Geo-tagged Asset Verification Photograph - Village-5,MPLADS-DEMO-000480_verification_stage.jpg,image/jpeg,390437,ad5d989a3e9f4174834b81947e7a86bc79b4b655efbbdafd417ff4be6f4b1527,8d26015663655b6f,2024-05-27 15:42:10,22.329658,70.761554,32.7,Vivo,Vivo V23 5G,eSAKSHI Mobile App
EV-DEMO-00961,MPLADS-DEMO-000481,PROGRESS_PHOTO,Site Inspection Photograph - Construction Stage - Village-38,MPLADS-DEMO-000481_progress_stage.jpg,image/jpeg,218076,066a4632dab9299bcacfa9cadaa5364f681afb2bafefc64430d92bd23f2ab251,c5974287a40e7568,2023-12-10 11:24:15,26.908936,75.724997,16.6,Samsung,SM-A525F,eSAKSHI Mobile App
EV-DEMO-00962,MPLADS-DEMO-000481,SITE_IMAGE,Geo-tagged Asset Verification Photograph - Village-38,MPLADS-DEMO-000481_verification_stage.jpg,image/jpeg,366122,4f187d93dc43be989ea3c55335591c0bc2a917259dc09c3328a2a47586145af4,90ef3cf040d30bda,2024-02-08 15:42:10,26.909084,75.724981,17.0,Samsung,SM-A525F,eSAKSHI Mobile App
EV-DEMO-00963,MPLADS-DEMO-000482,PROGRESS_PHOTO,Site Inspection Photograph - Construction Stage - Village-146,MPLADS-DEMO-000482_progress_stage.jpg,image/jpeg,226059,871cb5e0479ff1b79b4ffce54b765203e868de7b03daf715369ca757192829de,8a1e1009feeb1bb0,2024-03-13 11:24:15,26.889673,80.931983,21.3,Vivo,Vivo V23 5G,eSAKSHI Mobile App
EV-DEMO-00964,MPLADS-DEMO-000482,COMPLETION_PHOTO,Geo-tagged Asset Verification Photograph - Village-146,MPLADS-DEMO-000482_verification_stage.jpg,image/jpeg,343877,3ee21d23c44b87a23621fe72d3e7e76f61967309b34e9ff21c9010e0992e4f3a,cb525a03d45bdb8f,2024-08-13 15:42:10,26.889662,80.931889,27.7,Vivo,Vivo V23 5G,eSAKSHI Mobile App
EV-DEMO-00965,MPLADS-DEMO-000483,PROGRESS_PHOTO,Site Inspection Photograph - Construction Stage - Village-132,MPLADS-DEMO-000483_progress_stage.jpg,image/jpeg,279246,2489b9837218436f3b4fad6ff95351f5dc4019719c9f66511479ff7b6a923d22,7eafd0723ae0ad24,2023-07-14 11:24:15,13.07628,77.582242,8.3,Xiaomi,Redmi Note 11,eSAKSHI Mobile App
EV-DEMO-00966,MPLADS-DEMO-000483,SITE_IMAGE,Geo-tagged Asset Verification Photograph - Village-132,MPLADS-DEMO-000483_verification_stage.jpg,image/jpeg,267776,9738faaea11d336e692d18a16b7fdb92a706af8ff6f0402f7c35373f0297a413,55425abd087533ea,2023-10-06 15:42:10,13.076146,77.58236,22.2,Xiaomi,Redmi Note 11,eSAKSHI Mobile App
EV-DEMO-00967,MPLADS-DEMO-000484,PROGRESS_PHOTO,Site Inspection Photograph - Construction Stage - Village-166,MPLADS-DEMO-000484_progress_stage.jpg,image/jpeg,254773,024cdf4c98202280c931e195e3b58e9bb4714af818cd6cf24351329555a9fe2a,86aa0e21ff95a050,2023-11-17 11:24:15,15.448045,75.004144,22.4,Apple,iPhone 13,eSAKSHI Mobile App
EV-DEMO-00968,MPLADS-DEMO-000484,SITE_IMAGE,Geo-tagged Asset Verification Photograph - Village-166,MPLADS-DEMO-000484_verification_stage.jpg,image/jpeg,316495,94d7b4a17ecef091667af886a44cdd31c60c043e84d37b8a20d8eb2fdff2890a,191fd8a5cdec7fea,2024-03-10 15:42:10,15.447983,75.004571,30.1,Apple,iPhone 13,eSAKSHI Mobile App
EV-DEMO-00969,MPLADS-DEMO-000485,PROGRESS_PHOTO,Site Inspection Photograph - Construction Stage - Village-60,MPLADS-DEMO-000485_progress_stage.jpg,image/jpeg,277651,1f02cba1f8c36e87a4022268dcd9c23366b269e80f71c68135b36161aded5d50,ee4cbede60c16c9c,2024-04-02 11:24:15,13.065392,77.579349,20.0,Apple,iPhone 13,eSAKSHI Mobile App
EV-DEMO-00970,MPLADS-DEMO-000485,COMPLETION_PHOTO,Geo-tagged Asset Verification Photograph - Village-60,MPLADS-DEMO-000485_verification_stage.jpg,image/jpeg,229993,66afe6136cbad2bc71c5a6787fec688cdf4fafdbfcb28aa6da19ca18b1bad983,49305740d4a6d72d,2024-06-05 15:42:10,13.065742,77.578947,38.7,Apple,iPhone 13,eSAKSHI Mobile App
EV-DEMO-00971,MPLADS-DEMO-000486,PROGRESS_PHOTO,Site Inspection Photograph - Construction Stage - Village-121,MPLADS-DEMO-000486_progress_stage.jpg,image/jpeg,333421,d770c23416bdbbbf68cfafe524b5eb10a47cb6456a926bd548295d04863a06f5,3a7646cf4359a84a,2023-06-08 11:24:15,11.70341,78.190855,17.3,Apple,iPhone 13,eSAKSHI Mobile App
EV-DEMO-00972,MPLADS-DEMO-000486,SITE_IMAGE,Geo-tagged Asset Verification Photograph - Village-121,MPLADS-DEMO-000486_verification_stage.jpg,image/jpeg,266205,7f370845d393b93fa7fbd056cd7e95d481b60e7f8d1bb62c08b40cf4bff3dd35,1ebe5459ba00f6a3,2023-08-22 15:42:10,11.703258,78.190896,11.7,Apple,iPhone 13,eSAKSHI Mobile App
EV-DEMO-00973,MPLADS-DEMO-000487,PROGRESS_PHOTO,Site Inspection Photograph - Construction Stage - Village-127,MPLADS-DEMO-000487_progress_stage.jpg,image/jpeg,210065,1898ac031f9332c40f9990654dd6052f1d033bd74b0b64d0cc3feb62100e2885,996dee9f27baf32a,2023-07-19 11:24:15,13.038938,77.530099,8.9,Vivo,Vivo V23 5G,eSAKSHI Mobile App
EV-DEMO-00974,MPLADS-DEMO-000487,SITE_IMAGE,Geo-tagged Asset Verification Photograph - Village-127,MPLADS-DEMO-000487_verification_stage.jpg,image/jpeg,414381,1fd2a121382dc867c1402e321d98792081efd7b479d5b0c5ee4714f5687d442e,e02858b5e73b533c,2023-12-06 15:42:10,13.039237,77.530089,29.9,Vivo,Vivo V23 5G,eSAKSHI Mobile App
EV-DEMO-00975,MPLADS-DEMO-000488,PROGRESS_PHOTO,Site Inspection Photograph - Construction Stage - Village-111,MPLADS-DEMO-000488_progress_stage.jpg,image/jpeg,222394,336201e62b6caab837c2ad730ad0f8039f8a3d035ccc78e722b55ef108b37c47,b3b2a22c7ea8c275,2023-09-01 11:24:15,18.62248,78.058455,21.9,Vivo,Vivo V23 5G,eSAKSHI Mobile App
EV-DEMO-00976,MPLADS-DEMO-000488,COMPLETION_PHOTO,Geo-tagged Asset Verification Photograph - Village-111,MPLADS-DEMO-000488_verification_stage.jpg,image/jpeg,253715,c932fdc6093197d63099285c5fb9267e9e8d27e71505974832ee0c18de440fbf,54e56923d1c55663,2023-12-26 15:42:10,18.622083,78.058526,26.3,Vivo,Vivo V23 5G,eSAKSHI Mobile App
EV-DEMO-00977,MPLADS-DEMO-000489,PROGRESS_PHOTO,Site Inspection Photograph - Construction Stage - Village-155,MPLADS-DEMO-000489_progress_stage.jpg,image/jpeg,394983,052cd85417cf8e662057acf4d4ad594d90fcf90b7014a713d6582f05aa794d96,c5cd47f6a15ff3f0,2024-06-29 11:24:15,20.203025,85.648029,10.2,Apple,iPhone 13,eSAKSHI Mobile App
EV-DEMO-00978,MPLADS-DEMO-000489,SITE_IMAGE,Geo-tagged Asset Verification Photograph - Village-155,MPLADS-DEMO-000489_verification_stage.jpg,image/jpeg,339072,9bb28c1414af15eb402448e2e1a435646558c883a2035d54e23c34c1f9337977,9745d348fcea7c42,2024-11-07 15:42:10,20.202726,85.647792,34.1,Apple,iPhone 13,eSAKSHI Mobile App
EV-DEMO-00979,MPLADS-DEMO-000490,PROGRESS_PHOTO,Site Inspection Photograph - Construction Stage - Village-130,MPLADS-DEMO-000490_progress_stage.jpg,image/jpeg,296038,4684d275d72d4412acd6705f214e8d4532f4090ce942825e969b642359a4e2fa,2f8bbe7877d86d2c,2023-09-14 11:24:15,18.387463,79.145805,21.5,Realme,Realme 9 Pro,eSAKSHI Mobile App
EV-DEMO-00980,MPLADS-DEMO-000490,COMPLETION_PHOTO,Geo-tagged Asset Verification Photograph - Village-130,MPLADS-DEMO-000490_verification_stage.jpg,image/jpeg,463779,1f39276591ca3428f6b76c8dc5dba30045b06c6ab9c0e5fd453f8d3cf46edbca,4fea052c6d546313,2023-10-30 15:42:10,18.387411,79.145651,12.7,Realme,Realme 9 Pro,eSAKSHI Mobile App
EV-DEMO-00981,MPLADS-DEMO-000491,PROGRESS_PHOTO,Site Inspection Photograph - Construction Stage - Village-32,MPLADS-DEMO-000491_progress_stage.jpg,image/jpeg,358898,b4877407a61e422eebb08ec84cd43d3ae04426d1236b9744a3ee47d204c51533,382aa64feaeec863,2024-05-16 11:24:15,24.630661,73.70461,6.8,Samsung,SM-A525F,eSAKSHI Mobile App
EV-DEMO-00982,MPLADS-DEMO-000491,COMPLETION_PHOTO,Geo-tagged Asset Verification Photograph - Village-32,MPLADS-DEMO-000491_verification_stage.jpg,image/jpeg,363101,15fdfe17eef107cefb04af241c2ee0d95befe01da4a476e79704f27447759391,1937b268813f031a,2024-09-04 15:42:10,24.630709,73.704549,3.6,Samsung,SM-A525F,eSAKSHI Mobile App
EV-DEMO-00983,MPLADS-DEMO-000492,PROGRESS_PHOTO,Site Inspection Photograph - Construction Stage - Village-93,MPLADS-DEMO-000492_progress_stage.jpg,image/jpeg,201227,62a612bdd22a080b694ce86e1dff3463059da68a4b827ea048f25b1f5f8ab2a2,86e813a5a9b69319,2023-07-25 11:24:15,24.602323,73.679545,17.4,Vivo,Vivo V23 5G,eSAKSHI Mobile App
EV-DEMO-00984,MPLADS-DEMO-000492,COMPLETION_PHOTO,Geo-tagged Asset Verification Photograph - Village-93,MPLADS-DEMO-000492_verification_stage.jpg,image/jpeg,353740,a19880d3a42cf526b685f7cf2069e3dbcbf52caf34cebdfa269cf1f2d5a77d6d,b90639eccc04d179,2023-09-27 15:42:10,24.602445,73.679143,36.2,Vivo,Vivo V23 5G,eSAKSHI Mobile App
EV-DEMO-00985,MPLADS-DEMO-000493,PROGRESS_PHOTO,Site Inspection Photograph - Construction Stage - Village-8,MPLADS-DEMO-000493_progress_stage.jpg,image/jpeg,181540,424ef407dbc3164b55f7fe7c51fb3455895e5fc905212f5a46c7402938b08dff,ff9ca13454b27c02,2023-04-21 11:24:15,18.664839,78.129415,29.9,Vivo,Vivo V23 5G,eSAKSHI Mobile App
EV-DEMO-00986,MPLADS-DEMO-000493,COMPLETION_PHOTO,Geo-tagged Asset Verification Photograph - Village-8,MPLADS-DEMO-000493_verification_stage.jpg,image/jpeg,337945,af66baac0cdf71d0c396c52410550b3d10899811f46ae6b0e6b13b7d3cd0fe14,f87561fc1eeef3b9,2023-06-28 15:42:10,18.665201,78.129146,20.0,Vivo,Vivo V23 5G,eSAKSHI Mobile App
EV-DEMO-00987,MPLADS-DEMO-000494,PROGRESS_PHOTO,Site Inspection Photograph - Construction Stage - Village-170,MPLADS-DEMO-000494_progress_stage.jpg,image/jpeg,235848,de2442c9669d051f7a88f5c980075a82d652ebc3443c93e4801a2a4d266933f6,db62517c88629d8f,2024-04-02 11:24:15,22.774549,75.812138,19.2,OnePlus,Nord CE 2,eSAKSHI Mobile App
EV-DEMO-00988,MPLADS-DEMO-000494,COMPLETION_PHOTO,Geo-tagged Asset Verification Photograph - Village-170,MPLADS-DEMO-000494_verification_stage.jpg,image/jpeg,238987,548adcc43ee4867359e5524d5179801efff95c4692b72b709491fa9e14490469,4dc68615f3f785e1,2024-07-30 15:42:10,22.774791,75.812407,30.6,OnePlus,Nord CE 2,eSAKSHI Mobile App
EV-DEMO-00989,MPLADS-DEMO-000495,PROGRESS_PHOTO,Site Inspection Photograph - Construction Stage - Village-3,MPLADS-DEMO-000495_progress_stage.jpg,image/jpeg,379552,5d7a48ac8b3a9ce39efa7b1adc9f853e6de15ceb45aa9bcc68a454ac48237ec6,1512ea78de0af63d,2023-08-03 11:24:15,11.301236,75.832387,9.3,Xiaomi,Redmi Note 11,eSAKSHI Mobile App
EV-DEMO-00990,MPLADS-DEMO-000495,COMPLETION_PHOTO,Geo-tagged Asset Verification Photograph - Village-3,MPLADS-DEMO-000495_verification_stage.jpg,image/jpeg,234916,a21e3dbf39a202080bbd32919ef884b8c22c7868776dd1a697c84f8da28a8500,807970d8d0185b2d,2023-10-09 15:42:10,11.301038,75.832516,31.8,Xiaomi,Redmi Note 11,eSAKSHI Mobile App
EV-DEMO-00991,MPLADS-DEMO-000496,PROGRESS_PHOTO,Site Inspection Photograph - Construction Stage - Village-100,MPLADS-DEMO-000496_progress_stage.jpg,image/jpeg,233927,5e9e86a7e908a99cdcde5e47c682d86f2128fb3f9999c47aa48eb21aca9f7979,75d35a9a25b4b16b,2023-06-07 11:24:15,21.199505,72.862395,10.2,Vivo,Vivo V23 5G,eSAKSHI Mobile App
EV-DEMO-00992,MPLADS-DEMO-000496,COMPLETION_PHOTO,Geo-tagged Asset Verification Photograph - Village-100,MPLADS-DEMO-000496_verification_stage.jpg,image/jpeg,392444,e132d1a300bf42078ea049b2944ac12f06cea138058d3d1a01d6ae3b8ee3531e,32e5acb4f9e6d78e,2023-09-04 15:42:10,21.199408,72.862421,13.3,Vivo,Vivo V23 5G,eSAKSHI Mobile App
EV-DEMO-00993,MPLADS-DEMO-000497,PROGRESS_PHOTO,Site Inspection Photograph - Construction Stage - Village-139,MPLADS-DEMO-000497_progress_stage.jpg,image/jpeg,218324,baa9b6bdc87533cc3f8946eb16dc5bcb20eb392a8eaab1d7f95e715d2bb013e5,e953ec460fbdcf2d,2023-12-15 11:24:15,20.009353,73.756258,21.0,Vivo,Vivo V23 5G,eSAKSHI Mobile App
EV-DEMO-00994,MPLADS-DEMO-000497,COMPLETION_PHOTO,Geo-tagged Asset Verification Photograph - Village-139,MPLADS-DEMO-000497_verification_stage.jpg,image/jpeg,260467,3e886bd3ecc1a3db8d6c72d1be592550a6caceed1cd1fc2a9cdd0e20e0b5bb12,2086d0ebf2c163b9,2024-01-29 15:42:10,20.009698,73.756199,19.4,Vivo,Vivo V23 5G,eSAKSHI Mobile App
EV-DEMO-00995,MPLADS-DEMO-000498,PROGRESS_PHOTO,Site Inspection Photograph - Construction Stage - Village-194,MPLADS-DEMO-000498_progress_stage.jpg,image/jpeg,354333,f57679071ca14beb29c3df2bd54b9f4f871e9e057eedbb7f7ae2b20f5128d4eb,d1e4f82f2e898857,2023-08-24 11:24:15,24.60518,73.663849,21.8,Samsung,SM-A525F,eSAKSHI Mobile App
EV-DEMO-00996,MPLADS-DEMO-000498,COMPLETION_PHOTO,Geo-tagged Asset Verification Photograph - Village-194,MPLADS-DEMO-000498_verification_stage.jpg,image/jpeg,374402,3c3b52688c92844158734ae972584ae31178363591adc7f94ac58b9ed20124c4,fcecc0a3ea5b2e2d,2023-10-30 15:42:10,24.604993,73.66346,26.2,Samsung,SM-A525F,eSAKSHI Mobile App
EV-DEMO-00997,MPLADS-DEMO-000499,PROGRESS_PHOTO,Site Inspection Photograph - Construction Stage - Village-147,MPLADS-DEMO-000499_progress_stage.jpg,image/jpeg,206358,99eae85e941c160082c9a0ae6a6a4c5371e61f66753961e9b3dec97931cedcea,72b6039c77380c66,2023-12-01 11:24:15,26.934714,75.815116,12.4,Samsung,SM-A525F,eSAKSHI Mobile App
EV-DEMO-00998,MPLADS-DEMO-000499,COMPLETION_PHOTO,Geo-tagged Asset Verification Photograph - Village-147,MPLADS-DEMO-000499_verification_stage.jpg,image/jpeg,261663,8160596e52367da0e2ca3e27b02c7145cedf9af889e0d83528c03c709a01e923,7abf9bed2a32d215,2024-03-19 15:42:10,26.934702,75.814955,24.5,Samsung,SM-A525F,eSAKSHI Mobile App
EV-DEMO-00999,MPLADS-DEMO-000500,PROGRESS_PHOTO,Site Inspection Photograph - Construction Stage - Village-24,MPLADS-DEMO-000500_progress_stage.jpg,image/jpeg,388691,7d8e95214c4eff9e99a45b0a7796eb0218d9eb5de545154a0b58995961731731,adc67c94c8065964,2024-03-24 11:24:15,18.381748,79.179174,15.6,Xiaomi,Redmi Note 11,eSAKSHI Mobile App
EV-DEMO-01000,MPLADS-DEMO-000500,COMPLETION_PHOTO,Geo-tagged Asset Verification Photograph - Village-24,MPLADS-DEMO-000500_verification_stage.jpg,image/jpeg,313277,a11160b855b46ffd832ba8dd0ca28db9b01e05eaa23d8c3b776667805319c34a,6dd177d2c700d84c,2024-05-14 15:42:10,18.381489,79.179469,27.8,Xiaomi,Redmi Note 11,eSAKSHI Mobile App
EV-DEMO-01001,MPLADS-DEMO-000501,PROGRESS_PHOTO,Site Inspection Photograph - Construction Stage - Village-113,MPLADS-DEMO-000501_progress_stage.jpg,image/jpeg,317093,b15d185ca74b1fb082968da55deb432fd4b4f615b4d4f0db9a785e55da8fb7b7,edb7f1d5cbf15150,2023-05-09 11:24:15,13.089225,77.626086,18.6,Apple,iPhone 13,eSAKSHI Mobile App
EV-DEMO-01002,MPLADS-DEMO-000501,COMPLETION_PHOTO,Geo-tagged Asset Verification Photograph - Village-113,MPLADS-DEMO-000501_verification_stage.jpg,image/jpeg,326530,74bfc565d138285b0e3e7187999df4d11eb7d1fb1b4b187042604407cdae46bb,987fc91e855cdff8,2023-07-14 15:42:10,13.089206,77.626099,17.3,Apple,iPhone 13,eSAKSHI Mobile App
EV-DEMO-01003,MPLADS-DEMO-000502,PROGRESS_PHOTO,Site Inspection Photograph - Construction Stage - Village-178,MPLADS-DEMO-000502_progress_stage.jpg,image/jpeg,354998,6729ed2e752e8e366e3c75bc46839ad6f5cf68366b5cc0c23331f301bb2bd316,8f0f9d8c7f51c46e,2024-06-21 11:24:15,20.143439,85.617762,12.0,Realme,Realme 9 Pro,eSAKSHI Mobile App
EV-DEMO-01004,MPLADS-DEMO-000502,SITE_IMAGE,Geo-tagged Asset Verification Photograph - Village-178,MPLADS-DEMO-000502_verification_stage.jpg,image/jpeg,461073,7e854b470bfb2535c0b813b3e75312c97a3f872e0594710e70db2eb304d42ee9,1b38eefa6bced784,2024-11-10 15:42:10,20.143296,85.617999,38.9,Realme,Realme 9 Pro,eSAKSHI Mobile App
EV-DEMO-01005,MPLADS-DEMO-000503,PROGRESS_PHOTO,Site Inspection Photograph - Construction Stage - Village-31,MPLADS-DEMO-000503_progress_stage.jpg,image/jpeg,313767,2b3c31f29d410580b352822bf28f04bb8c9ad2b38a3d64267b80d2cf0de7c9c9,ca1ebac97bad1f68,2023-05-30 11:24:15,26.895731,75.851119,4.7,Xiaomi,Redmi Note 11,eSAKSHI Mobile App
EV-DEMO-01006,MPLADS-DEMO-000503,SITE_IMAGE,Geo-tagged Asset Verification Photograph - Village-31,MPLADS-DEMO-000503_verification_stage.jpg,image/jpeg,434610,4ee1ca20252d67d70fa843b7f27323c2e983846b99f6d702f4364ebde8bd76da,0e4bd00558bc15e5,2023-09-13 15:42:10,26.895815,75.851222,16.4,Xiaomi,Redmi Note 11,eSAKSHI Mobile App
EV-DEMO-01007,MPLADS-DEMO-000504,PROGRESS_PHOTO,Site Inspection Photograph - Construction Stage - Village-1,MPLADS-DEMO-000504_progress_stage.jpg,image/jpeg,213921,17a05e0ea71a76c9ffaf3ea26495e2ec21ea49d9a87a20b224ee72b02b0e7126,083fb0efdb1ed801,2024-01-07 11:24:15,25.268321,82.954033,27.9,Realme,Realme 9 Pro,eSAKSHI Mobile App
EV-DEMO-01008,MPLADS-DEMO-000504,COMPLETION_PHOTO,Geo-tagged Asset Verification Photograph - Village-1,MPLADS-DEMO-000504_verification_stage.jpg,image/jpeg,236400,61301dda6b3839f24a312c61e87b8253d42af24666d288e31abb8f7fb349584d,f65923cd85132c85,2024-03-01 15:42:10,25.268357,82.954354,20.8,Realme,Realme 9 Pro,eSAKSHI Mobile App
EV-DEMO-01009,MPLADS-DEMO-000505,PROGRESS_PHOTO,Site Inspection Photograph - Construction Stage - Village-130,MPLADS-DEMO-000505_progress_stage.jpg,image/jpeg,250515,788b913087e149e36d136723d899810d739bde86d31f16d16fda23aca5548c7e,030c06ab2e21172d,2023-08-03 11:24:15,18.538123,73.890691,3.4,Realme,Realme 9 Pro,eSAKSHI Mobile App
EV-DEMO-01010,MPLADS-DEMO-000505,COMPLETION_PHOTO,Geo-tagged Asset Verification Photograph - Village-130,MPLADS-DEMO-000505_verification_stage.jpg,image/jpeg,378108,4484856489846a272291f261b4965d21eaa3715176d3fb0579d35f32c5e3db1d,9a9e7f65abc703cc,2023-12-07 15:42:10,18.538059,73.890895,20.7,Realme,Realme 9 Pro,eSAKSHI Mobile App
EV-DEMO-01011,MPLADS-DEMO-000506,PROGRESS_PHOTO,Site Inspection Photograph - Construction Stage - Village-189,MPLADS-DEMO-000506_progress_stage.jpg,image/jpeg,277337,d51781829f908a82a4fc61bcfc3b9ef3bb2451a8682e575c4dcce4695ac559bf,40ecc38b5dee8521,2024-04-25 11:24:15,22.993446,72.517712,23.8,Samsung,SM-A525F,eSAKSHI Mobile App
EV-DEMO-01012,MPLADS-DEMO-000506,COMPLETION_PHOTO,Geo-tagged Asset Verification Photograph - Village-189,MPLADS-DEMO-000506_verification_stage.jpg,image/jpeg,252206,fe90e01a83f414277e68662756ba75d0e1630236393ebbf5685112e456a1657e,289098e456a65d64,2024-06-18 15:42:10,22.993718,72.518138,29.4,Samsung,SM-A525F,eSAKSHI Mobile App
EV-DEMO-01013,MPLADS-DEMO-000507,PROGRESS_PHOTO,Site Inspection Photograph - Construction Stage - Village-194,MPLADS-DEMO-000507_progress_stage.jpg,image/jpeg,248037,e0b8ab900ef3cc5463cb47754ca125b2a0ddf7ebb7a06d159c7c0ac5e35ed21a,7deb2939e7d0a5d1,2023-03-17 11:24:15,9.867193,78.128854,15.8,OnePlus,Nord CE 2,eSAKSHI Mobile App
EV-DEMO-01014,MPLADS-DEMO-000507,SITE_IMAGE,Geo-tagged Asset Verification Photograph - Village-194,MPLADS-DEMO-000507_verification_stage.jpg,image/jpeg,417318,99af4438dbebe9fa8b6136ff909756dc34a1b670be5215ec81521192b61c8e7d,0175a81683fa7ba6,2023-06-10 15:42:10,9.867026,78.128916,5.6,OnePlus,Nord CE 2,eSAKSHI Mobile App
EV-DEMO-01015,MPLADS-DEMO-000508,PROGRESS_PHOTO,Site Inspection Photograph - Construction Stage - Village-181,MPLADS-DEMO-000508_progress_stage.jpg,image/jpeg,228775,626fdcb389a22ee9e1d5632d5c37ffbf48febe0a9973f3f6d56b9444a5dd10f8,c32d2a671a90074b,2023-09-29 11:24:15,18.716515,78.104288,16.9,Vivo,Vivo V23 5G,eSAKSHI Mobile App
EV-DEMO-01016,MPLADS-DEMO-000508,COMPLETION_PHOTO,Geo-tagged Asset Verification Photograph - Village-181,MPLADS-DEMO-000508_verification_stage.jpg,image/jpeg,440262,d5a2460dbed68e4367cd496ee6758402ca96027dc920c2b9e82b724d42982e4d,bac3a3265d65b94b,2023-12-30 15:42:10,18.716516,78.104189,27.1,Vivo,Vivo V23 5G,eSAKSHI Mobile App
EV-DEMO-01017,MPLADS-DEMO-000509,PROGRESS_PHOTO,Site Inspection Photograph - Construction Stage - Village-136,MPLADS-DEMO-000509_progress_stage.jpg,image/jpeg,357138,abd287dac3a7fea7a3adfdc7bee2efb2a723c6e48db184251410634d8d42dfe9,e88806527b37823b,2023-08-30 11:24:15,19.973884,73.758308,15.9,Realme,Realme 9 Pro,eSAKSHI Mobile App
EV-DEMO-01018,MPLADS-DEMO-000509,SITE_IMAGE,Geo-tagged Asset Verification Photograph - Village-136,MPLADS-DEMO-000509_verification_stage.jpg,image/jpeg,433166,78b941b64ed4f337a28bb51b3d6944ae8cd201411340109de510dcc71cb34fcf,a45b89fe64db6bb9,2023-11-14 15:42:10,19.97376,73.758383,15.7,Realme,Realme 9 Pro,eSAKSHI Mobile App
EV-DEMO-01019,MPLADS-DEMO-000510,PROGRESS_PHOTO,Site Inspection Photograph - Construction Stage - Village-16,MPLADS-DEMO-000510_progress_stage.jpg,image/jpeg,374559,00ad563684b417a35e9a680ab4a65550ffb573fc48dccbfb3b7c8dc0e645fbc4,5503552308c56871,2023-05-31 11:24:15,26.927224,75.764431,16.8,Xiaomi,Redmi Note 11,eSAKSHI Mobile App
EV-DEMO-01020,MPLADS-DEMO-000510,COMPLETION_PHOTO,Geo-tagged Asset Verification Photograph - Village-16,MPLADS-DEMO-000510_verification_stage.jpg,image/jpeg,441011,6352eb6c6c1d5965a8e5f4a6393285babaee8d085ca920004c60939e42851423,064eb6e91cd9e1d9,2023-08-08 15:42:10,26.927441,75.764517,19.0,Xiaomi,Redmi Note 11,eSAKSHI Mobile App
EV-DEMO-01021,MPLADS-DEMO-000511,PROGRESS_PHOTO,Site Inspection Photograph - Construction Stage - Village-52,MPLADS-DEMO-000511_progress_stage.jpg,image/jpeg,309608,13367941399ddc7884b883e7511e36efe695000ecc366015a259ade492570ea5,8203e60e87f76c4f,2023-09-19 11:24:15,18.404927,79.14136,20.3,OnePlus,Nord CE 2,eSAKSHI Mobile App
EV-DEMO-01022,MPLADS-DEMO-000511,SITE_IMAGE,Geo-tagged Asset Verification Photograph - Village-52,MPLADS-DEMO-000511_verification_stage.jpg,image/jpeg,460519,1f99ae80415184891b40d40bc520a0c2e3e52f614951b1b0a64cb0acf33ea67e,69812c5b21e67052,2023-11-25 15:42:10,18.404726,79.141228,19.5,OnePlus,Nord CE 2,eSAKSHI Mobile App
EV-DEMO-01023,MPLADS-DEMO-000512,PROGRESS_PHOTO,Site Inspection Photograph - Construction Stage - Village-8,MPLADS-DEMO-000512_progress_stage.jpg,image/jpeg,371217,48cf1c78427195da190ec36b8cbba5ccc8b941c1633cb6e922f74daff19f8e19,b7d571997d126ae5,2024-02-17 11:24:15,23.248003,77.377805,23.4,Apple,iPhone 13,eSAKSHI Mobile App
EV-DEMO-01024,MPLADS-DEMO-000512,COMPLETION_PHOTO,Geo-tagged Asset Verification Photograph - Village-8,MPLADS-DEMO-000512_verification_stage.jpg,image/jpeg,361356,42e34b878e7e89bea252dbbdeec740b52b948e62e2a4262596821ea13003876f,04e5f7cfcc0b9270,2024-04-11 15:42:10,23.247704,77.378079,21.2,Apple,iPhone 13,eSAKSHI Mobile App
EV-DEMO-01025,MPLADS-DEMO-000513,PROGRESS_PHOTO,Site Inspection Photograph - Construction Stage - Village-163,MPLADS-DEMO-000513_progress_stage.jpg,image/jpeg,386427,0cc1b7f87a260b4078967b5bdef02df13245a525743903baadd2197e2b518095,0eabbbb235b850a5,2024-04-27 11:24:15,23.260141,77.449296,22.1,Apple,iPhone 13,eSAKSHI Mobile App
EV-DEMO-01026,MPLADS-DEMO-000513,COMPLETION_PHOTO,Geo-tagged Asset Verification Photograph - Village-163,MPLADS-DEMO-000513_verification_stage.jpg,image/jpeg,432435,1e519871feda87b5bc0c1d60c828a863e68a8fdb6810e907454af96f136c17d5,f48e121e068c57e4,2024-07-17 15:42:10,23.260187,77.449181,32.4,Apple,iPhone 13,eSAKSHI Mobile App
EV-DEMO-01027,MPLADS-DEMO-000514,PROGRESS_PHOTO,Site Inspection Photograph - Construction Stage - Village-159,MPLADS-DEMO-000514_progress_stage.jpg,image/jpeg,208953,22b2906308ee40c711e04331e8d73a6974ee9b40c845b7a6478d6f137d3cefc1,1deaee630531c6cb,2023-07-31 11:24:15,22.276302,70.863752,29.0,Xiaomi,Redmi Note 11,eSAKSHI Mobile App
EV-DEMO-01028,MPLADS-DEMO-000514,COMPLETION_PHOTO,Geo-tagged Asset Verification Photograph - Village-159,MPLADS-DEMO-000514_verification_stage.jpg,image/jpeg,260731,cfe517611b97f691892ea0fc3535538b635370934c28d24fa0e845fb404c69c5,988c2069766d1167,2023-09-20 15:42:10,22.276685,70.863521,21.0,Xiaomi,Redmi Note 11,eSAKSHI Mobile App
EV-DEMO-01029,MPLADS-DEMO-000515,PROGRESS_PHOTO,Site Inspection Photograph - Construction Stage - Village-190,MPLADS-DEMO-000515_progress_stage.jpg,image/jpeg,278197,a8231d4d94210f569298ba64205b11e747e0b7a7f98856ad94e01c52770415c6,4ef7ff049abc6580,2023-05-31 11:24:15,26.916702,75.73146,16.0,Apple,iPhone 13,eSAKSHI Mobile App
EV-DEMO-01030,MPLADS-DEMO-000515,SITE_IMAGE,Geo-tagged Asset Verification Photograph - Village-190,MPLADS-DEMO-000515_verification_stage.jpg,image/jpeg,418028,cc826beb42172cbee3d93803986ece6a96ff0e131332f7570d69021c4bcb7883,0e32f5cef5380623,2023-07-29 15:42:10,26.916709,75.731228,21.2,Apple,iPhone 13,eSAKSHI Mobile App
EV-DEMO-01031,MPLADS-DEMO-000516,PROGRESS_PHOTO,Site Inspection Photograph - Construction Stage - Village-163,MPLADS-DEMO-000516_progress_stage.jpg,image/jpeg,248663,95841d1f16bcd25eeba860bb0d93cd8ffdb4b0086daadc1ee3b81609295c2d9a,92094b03b36ec6db,2023-09-12 11:24:15,20.43136,85.916019,21.9,OnePlus,Nord CE 2,eSAKSHI Mobile App
EV-DEMO-01032,MPLADS-DEMO-000516,COMPLETION_PHOTO,Geo-tagged Asset Verification Photograph - Village-163,MPLADS-DEMO-000516_verification_stage.jpg,image/jpeg,374203,e687f473c277d64cd3882e03f3c7e2052097d3f9aa99a2dbbbfcad3ad5e7fb9d,a637695b6300f7a1,2023-12-11 15:42:10,20.431193,85.9157,35.2,OnePlus,Nord CE 2,eSAKSHI Mobile App
EV-DEMO-01033,MPLADS-DEMO-000517,PROGRESS_PHOTO,Site Inspection Photograph - Construction Stage - Village-156,MPLADS-DEMO-000517_progress_stage.jpg,image/jpeg,313828,65954df5e98ed7c4a97c4fade64837ca8d92afc4706957c62e82135e945b3569,a5319a80f565e22c,2024-04-13 11:24:15,18.51754,73.908843,21.8,Realme,Realme 9 Pro,eSAKSHI Mobile App
EV-DEMO-01034,MPLADS-DEMO-000517,COMPLETION_PHOTO,Geo-tagged Asset Verification Photograph - Village-156,MPLADS-DEMO-000517_verification_stage.jpg,image/jpeg,331281,6c66658619ac9bdfda446703e8d83fbce79f774e167ba262f5d5225acb01aa75,09ac23a7d2b5e0c9,2024-07-04 15:42:10,18.517605,73.908718,33.6,Realme,Realme 9 Pro,eSAKSHI Mobile App
EV-DEMO-01035,MPLADS-DEMO-000518,PROGRESS_PHOTO,Site Inspection Photograph - Construction Stage - Village-114,MPLADS-DEMO-000518_progress_stage.jpg,image/jpeg,359021,a07e5815acf201149dade82c1f07b542a49f0b9279bcc2227978aca26e1900a9,a67af8c7c2ba4ac6,2023-05-15 11:24:15,20.484803,85.863777,15.3,Samsung,SM-A525F,eSAKSHI Mobile App
EV-DEMO-01036,MPLADS-DEMO-000518,COMPLETION_PHOTO,Geo-tagged Asset Verification Photograph - Village-114,MPLADS-DEMO-000518_verification_stage.jpg,image/jpeg,329020,88120cd58b84aa57e54f463ed7bfff1b4060741b79b7afecae605dd096a68603,b2140cd86a793ee5,2023-09-23 15:42:10,20.485144,85.863726,32.8,Samsung,SM-A525F,eSAKSHI Mobile App
EV-DEMO-01037,MPLADS-DEMO-000519,PROGRESS_PHOTO,Site Inspection Photograph - Construction Stage - Village-195,MPLADS-DEMO-000519_progress_stage.jpg,image/jpeg,227480,bd1dba11842839c62f0eef2c978dbad3d2d13a27268b6b95e20216c32b57602b,70a0901515929588,2024-01-23 11:24:15,26.818353,81.001013,12.2,Apple,iPhone 13,eSAKSHI Mobile App
EV-DEMO-01038,MPLADS-DEMO-000519,SITE_IMAGE,Geo-tagged Asset Verification Photograph - Village-195,MPLADS-DEMO-000519_verification_stage.jpg,image/jpeg,269566,9abfe3ea73583575a84e776290d5577f5b08faf058093a07809a3ee75b33dbca,1239413e1cecd6a4,2024-06-16 15:42:10,26.818518,81.00115,34.4,Apple,iPhone 13,eSAKSHI Mobile App
EV-DEMO-01039,MPLADS-DEMO-000520,PROGRESS_PHOTO,Site Inspection Photograph - Construction Stage - Village-181,MPLADS-DEMO-000520_progress_stage.jpg,image/jpeg,280480,0f1bcbd930041147f1814c639699927c8fa25b27eb141133c6ce91c9ff60ae03,ab74d49aad09c7b0,2023-06-07 11:24:15,23.049273,72.533755,23.1,Apple,iPhone 13,eSAKSHI Mobile App
EV-DEMO-01040,MPLADS-DEMO-000520,COMPLETION_PHOTO,Geo-tagged Asset Verification Photograph - Village-181,MPLADS-DEMO-000520_verification_stage.jpg,image/jpeg,232901,15fce16753c42a753447b7ccda9d292679b6676865f48d8a1e5192c7b99adcb8,2c0a85ff4e000c37,2023-08-02 15:42:10,23.049465,72.533449,15.0,Apple,iPhone 13,eSAKSHI Mobile App
EV-DEMO-01041,MPLADS-DEMO-000521,PROGRESS_PHOTO,Site Inspection Photograph - Construction Stage - Village-175,MPLADS-DEMO-000521_progress_stage.jpg,image/jpeg,218051,67f24dfe83496e9b600c4223e2ebf9a60a970e5c35a04112aecf51f50246aad6,29088dc571722c61,2023-07-12 11:24:15,11.272137,75.738394,19.8,Vivo,Vivo V23 5G,eSAKSHI Mobile App
EV-DEMO-01042,MPLADS-DEMO-000521,COMPLETION_PHOTO,Geo-tagged Asset Verification Photograph - Village-175,MPLADS-DEMO-000521_verification_stage.jpg,image/jpeg,299306,18d77c10ba79eb7551a695d6e44926dc0143898282d38cf88ef29750b8018f3c,256ae9713fdfefe6,2023-11-15 15:42:10,11.271943,75.738245,27.2,Vivo,Vivo V23 5G,eSAKSHI Mobile App
EV-DEMO-01043,MPLADS-DEMO-000522,PROGRESS_PHOTO,Site Inspection Photograph - Construction Stage - Village-137,MPLADS-DEMO-000522_progress_stage.jpg,image/jpeg,315946,120c684cfab053ccdb791de21e58c6af64ef99cbab07f1c32d5e914ac0f6f2cb,94a99b41f4a7765e,2024-02-11 11:24:15,22.318642,70.82568,15.3,Xiaomi,Redmi Note 11,eSAKSHI Mobile App
EV-DEMO-01044,MPLADS-DEMO-000522,COMPLETION_PHOTO,Geo-tagged Asset Verification Photograph - Village-137,MPLADS-DEMO-000522_verification_stage.jpg,image/jpeg,444015,849c02c8480d488aff68e83436f80de8277104f775f47922a4de486e077dc145,393d1c16cc42e586,2024-03-29 15:42:10,22.318491,70.82571,32.1,Xiaomi,Redmi Note 11,eSAKSHI Mobile App
EV-DEMO-01045,MPLADS-DEMO-000523,PROGRESS_PHOTO,Site Inspection Photograph - Construction Stage - Village-127,MPLADS-DEMO-000523_progress_stage.jpg,image/jpeg,350918,0efa5e3c6d8427a72e5ac94dc95efadccf6352203ae7d339bd27de7c9d08d145,e3a0df1beb6d8d01,2024-01-16 11:24:15,11.6675,76.165851,22.9,Apple,iPhone 13,eSAKSHI Mobile App
EV-DEMO-01046,MPLADS-DEMO-000523,SITE_IMAGE,Geo-tagged Asset Verification Photograph - Village-127,MPLADS-DEMO-000523_verification_stage.jpg,image/jpeg,444985,bc29c7060ae4ea062796dc7697f3922f723bf9e13b5a7f770acd4211ad499a26,9941ffe9760c3651,2024-02-09 15:42:10,11.6676,76.165661,23.3,Apple,iPhone 13,eSAKSHI Mobile App
EV-DEMO-01047,MPLADS-DEMO-000524,PROGRESS_PHOTO,Site Inspection Photograph - Construction Stage - Village-189,MPLADS-DEMO-000524_progress_stage.jpg,image/jpeg,316482,68237cc0437bec1a95e63154530256b13c741a3f514173558e8ea583b87e6945,4276005d143798d9,2023-09-27 11:24:15,21.134624,72.855876,17.3,OnePlus,Nord CE 2,eSAKSHI Mobile App
EV-DEMO-01048,MPLADS-DEMO-000524,COMPLETION_PHOTO,Geo-tagged Asset Verification Photograph - Village-189,MPLADS-DEMO-000524_verification_stage.jpg,image/jpeg,359348,45ee990aacbf296da5566c19e94e4f66cb92f5f1e8056632319d1015264c119e,4750b05c4497e84e,2024-01-04 15:42:10,21.134383,72.855787,17.2,OnePlus,Nord CE 2,eSAKSHI Mobile App
EV-DEMO-01049,MPLADS-DEMO-000525,PROGRESS_PHOTO,Site Inspection Photograph - Construction Stage - Village-152,MPLADS-DEMO-000525_progress_stage.jpg,image/jpeg,262765,9c6b65ae18fe26a303bd161365553dc979ac6c7be0efc7f0b3da65a44af3d2a0,ae06e093ff957795,2023-08-14 11:24:15,23.298519,77.469198,4.7,OnePlus,Nord CE 2,eSAKSHI Mobile App
EV-DEMO-01050,MPLADS-DEMO-000525,COMPLETION_PHOTO,Geo-tagged Asset Verification Photograph - Village-152,MPLADS-DEMO-000525_verification_stage.jpg,image/jpeg,467075,9e297f746ef98dc7bd2ef3aa9d5f4d138ec0265f9cac70767cf11f232c07e2e8,e350df17526fba27,2023-09-19 15:42:10,23.298797,77.468939,36.4,OnePlus,Nord CE 2,eSAKSHI Mobile App
EV-DEMO-01051,MPLADS-DEMO-000526,PROGRESS_PHOTO,Site Inspection Photograph - Construction Stage - Village-113,MPLADS-DEMO-000526_progress_stage.jpg,image/jpeg,387232,bbf34ee3e48b4d12ccaaaca98b0e71ac8bdb8e4bf18d078694f1ffb067cd94f9,ade511c70c084aa5,2024-06-05 11:24:15,18.003145,79.610536,17.8,Samsung,SM-A525F,eSAKSHI Mobile App
EV-DEMO-01052,MPLADS-DEMO-000526,COMPLETION_PHOTO,Geo-tagged Asset Verification Photograph - Village-113,MPLADS-DEMO-000526_verification_stage.jpg,image/jpeg,259765,f9c59038b8706d325228254454671caffab2012aeb9099cab396168a5bdbdcf7,268bc8d9f0357bfa,2024-09-03 15:42:10,18.003526,79.610309,33.8,Samsung,SM-A525F,eSAKSHI Mobile App
EV-DEMO-01053,MPLADS-DEMO-000527,PROGRESS_PHOTO,Site Inspection Photograph - Construction Stage - Village-15,MPLADS-DEMO-000527_progress_stage.jpg,image/jpeg,413671,844b84fe211082b96134b1accabe0731687e42dfca201dddb1215257765a0b1a,59a584c6c0b5f5fe,2023-05-07 11:24:15,19.354205,85.006245,16.8,OnePlus,Nord CE 2,eSAKSHI Mobile App
EV-DEMO-01054,MPLADS-DEMO-000527,COMPLETION_PHOTO,Geo-tagged Asset Verification Photograph - Village-15,MPLADS-DEMO-000527_verification_stage.jpg,image/jpeg,374302,b5bc7da5bbc6a5890071c18385e01dac396d64eb24126bf182509555c93e28e2,86114d701fd8db56,2023-05-24 15:42:10,19.354151,85.0064,4.5,OnePlus,Nord CE 2,eSAKSHI Mobile App
EV-DEMO-01055,MPLADS-DEMO-000528,PROGRESS_PHOTO,Site Inspection Photograph - Construction Stage - Village-3,MPLADS-DEMO-000528_progress_stage.jpg,image/jpeg,397341,674eed9ad0a23dffddf0660bdb4bd2a3eaad7a49e04f0a66f1a20de339b036d5,180ec2221617e224,2023-08-21 11:24:15,18.666281,78.08941,18.4,Realme,Realme 9 Pro,eSAKSHI Mobile App
EV-DEMO-01056,MPLADS-DEMO-000528,COMPLETION_PHOTO,Geo-tagged Asset Verification Photograph - Village-3,MPLADS-DEMO-000528_verification_stage.jpg,image/jpeg,402163,2c3eb8820ebaaecf214b2c29ed254615af31d810e654e5a29b8f93db2a71a911,2ccab91b1c9eb04e,2023-10-12 15:42:10,18.666244,78.089424,22.3,Realme,Realme 9 Pro,eSAKSHI Mobile App
EV-DEMO-01057,MPLADS-DEMO-000529,PROGRESS_PHOTO,Site Inspection Photograph - Construction Stage - Village-18,MPLADS-DEMO-000529_progress_stage.jpg,image/jpeg,377471,e8a9aa6486df9fa9a96404bec00d8ac810744e1e1bec56be7228394b91e10b3e,f7ca6402d6232575,2023-10-06 11:24:15,22.316102,70.846599,17.4,Vivo,Vivo V23 5G,eSAKSHI Mobile App
EV-DEMO-01058,MPLADS-DEMO-000529,COMPLETION_PHOTO,Geo-tagged Asset Verification Photograph - Village-18,MPLADS-DEMO-000529_verification_stage.jpg,image/jpeg,425231,35e7df9c4db000f7e427852436c31c005ca472a7781a59f2eb3ebf0bfa09f2f5,934e5c044d346b0a,2023-12-25 15:42:10,22.315737,70.846559,27.1,Vivo,Vivo V23 5G,eSAKSHI Mobile App
EV-DEMO-01059,MPLADS-DEMO-000530,PROGRESS_PHOTO,Site Inspection Photograph - Construction Stage - Village-16,MPLADS-DEMO-000530_progress_stage.jpg,image/jpeg,203246,76af916128bc8ad250025efb53335b8fe107d8f2956fe8a53e1d5e4ca1bdb2f0,1bf3ddca0aa70507,2023-08-31 11:24:15,18.472164,73.867691,18.5,Xiaomi,Redmi Note 11,eSAKSHI Mobile App
EV-DEMO-01060,MPLADS-DEMO-000530,COMPLETION_PHOTO,Geo-tagged Asset Verification Photograph - Village-16,MPLADS-DEMO-000530_verification_stage.jpg,image/jpeg,238076,84452aa17e70d68b925477ccd8247535037d3475ba611e5eb182aa8061a2650e,33298fb53eb19b07,2023-12-06 15:42:10,18.472202,73.867515,29.1,Xiaomi,Redmi Note 11,eSAKSHI Mobile App
EV-DEMO-01061,MPLADS-DEMO-000531,PROGRESS_PHOTO,Site Inspection Photograph - Construction Stage - Village-169,MPLADS-DEMO-000531_progress_stage.jpg,image/jpeg,192415,b1c5c31e825a4b7bf39a8d9b8bc13945aaf1883a51618c36b483d52085b60689,5705ec7988b02e9d,2023-05-11 11:24:15,22.32727,70.744518,25.3,Realme,Realme 9 Pro,eSAKSHI Mobile App
EV-DEMO-01062,MPLADS-DEMO-000531,SITE_IMAGE,Geo-tagged Asset Verification Photograph - Village-169,MPLADS-DEMO-000531_verification_stage.jpg,image/jpeg,216798,db7f75273b34f58aa375591673ca258fb5c5a27e519eb690a6411ec57338692a,38d1fc221db7ea65,2023-06-16 15:42:10,22.327237,70.744737,19.7,Realme,Realme 9 Pro,eSAKSHI Mobile App
EV-DEMO-01063,MPLADS-DEMO-000532,PROGRESS_PHOTO,Site Inspection Photograph - Construction Stage - Village-88,MPLADS-DEMO-000532_progress_stage.jpg,image/jpeg,229420,2854d0e7c7443d8c5cb2e52b416f1e192530b15c1fe747976a06e6dba0af9f01,2737105e32f8a044,2023-08-26 11:24:15,19.339586,84.986842,3.3,Realme,Realme 9 Pro,eSAKSHI Mobile App
EV-DEMO-01064,MPLADS-DEMO-000532,COMPLETION_PHOTO,Geo-tagged Asset Verification Photograph - Village-88,MPLADS-DEMO-000532_verification_stage.jpg,image/jpeg,413957,dc609bae9e9de7f8bd15ae5764ad457220ab118109448e0e0304d41ae99a3a1d,9fe55bb83f96e2eb,2024-01-25 15:42:10,19.339726,84.986647,24.0,Realme,Realme 9 Pro,eSAKSHI Mobile App
EV-DEMO-01065,MPLADS-DEMO-000533,PROGRESS_PHOTO,Site Inspection Photograph - Construction Stage - Village-127,MPLADS-DEMO-000533_progress_stage.jpg,image/jpeg,390326,534cd1e7b5dd094b421bd47446b8efe3b3c50cc89172937e6159812917bf3dce,b1bb4187e4b51010,2023-07-31 11:24:15,20.425901,85.818649,22.1,Xiaomi,Redmi Note 11,eSAKSHI Mobile App
EV-DEMO-01066,MPLADS-DEMO-000533,COMPLETION_PHOTO,Geo-tagged Asset Verification Photograph - Village-127,MPLADS-DEMO-000533_verification_stage.jpg,image/jpeg,382712,a4f450a5229ecfe643243b46d9830f5858d4021e60d41beeec3afabd5a795583,729f9a87e364d2c9,2023-11-26 15:42:10,20.425868,85.818463,17.3,Xiaomi,Redmi Note 11,eSAKSHI Mobile App
EV-DEMO-01067,MPLADS-DEMO-000534,PROGRESS_PHOTO,Site Inspection Photograph - Construction Stage - Village-2,MPLADS-DEMO-000534_progress_stage.jpg,image/jpeg,261388,d5ecf9458efc4867e73eae22ee1eae1cd8356e54bc2eade11509f83774db8f5d,48b6166103c2f2e2,2023-11-14 11:24:15,25.299581,82.918624,24.9,Vivo,Vivo V23 5G,eSAKSHI Mobile App
EV-DEMO-01068,MPLADS-DEMO-000534,SITE_IMAGE,Geo-tagged Asset Verification Photograph - Village-2,MPLADS-DEMO-000534_verification_stage.jpg,image/jpeg,459677,2f062795078a74692fef88ddc462a7e6842bc23db3d4ef950d5552d71c4e7bc8,7d6a17ac6bb6e3c1,2024-02-28 15:42:10,25.299827,82.918219,27.6,Vivo,Vivo V23 5G,eSAKSHI Mobile App
EV-DEMO-01069,MPLADS-DEMO-000535,PROGRESS_PHOTO,Site Inspection Photograph - Construction Stage - Village-57,MPLADS-DEMO-000535_progress_stage.jpg,image/jpeg,277405,67028f5cc31d9ef65795032ef0d107c24d89fc5f5b1236a4938947a5dffb3b02,5a11b351f359dd44,2023-06-04 11:24:15,25.367741,83.002449,11.0,Apple,iPhone 13,eSAKSHI Mobile App
EV-DEMO-01070,MPLADS-DEMO-000535,COMPLETION_PHOTO,Geo-tagged Asset Verification Photograph - Village-57,MPLADS-DEMO-000535_verification_stage.jpg,image/jpeg,389173,53e53e8b531db9379caec67d345fe9ac5aa1a9e7f282dc99d7afdb3e883f8643,b85e3a1158f62daf,2023-09-23 15:42:10,25.367866,83.002351,18.5,Apple,iPhone 13,eSAKSHI Mobile App
EV-DEMO-01071,MPLADS-DEMO-000536,PROGRESS_PHOTO,Site Inspection Photograph - Construction Stage - Village-87,MPLADS-DEMO-000536_progress_stage.jpg,image/jpeg,241451,5524a29ec41adb9f0a4e5893ad6c6150f388d69c92db693ae972982b447511bf,7e1b4fd91c9f8bd7,2023-07-03 11:24:15,18.577257,73.831487,22.5,Apple,iPhone 13,eSAKSHI Mobile App
EV-DEMO-01072,MPLADS-DEMO-000536,SITE_IMAGE,Geo-tagged Asset Verification Photograph - Village-87,MPLADS-DEMO-000536_verification_stage.jpg,image/jpeg,274834,4b4b883943efbdc56d4060b94878826896d4f9b15b95a1c3ed05bbec1ad802a6,de2a6917d0a2524b,2023-10-27 15:42:10,18.577154,73.831411,8.5,Apple,iPhone 13,eSAKSHI Mobile App
EV-DEMO-01073,MPLADS-DEMO-000537,PROGRESS_PHOTO,Site Inspection Photograph - Construction Stage - Village-178,MPLADS-DEMO-000537_progress_stage.jpg,image/jpeg,237102,4b32f1fbb3c411c8014ebc98cd7afe9325a0b9b1223d8f51037182340e2bece4,b31cf80b5235401a,2024-02-05 11:24:15,25.301393,82.987041,25.4,Xiaomi,Redmi Note 11,eSAKSHI Mobile App
EV-DEMO-01074,MPLADS-DEMO-000537,COMPLETION_PHOTO,Geo-tagged Asset Verification Photograph - Village-178,MPLADS-DEMO-000537_verification_stage.jpg,image/jpeg,378902,a0f8af7472ee541f6a2a51c6236719077e0c85b330136c6721e27344e727b380,a39b9155cf426ada,2024-05-17 15:42:10,25.301332,82.986628,23.1,Xiaomi,Redmi Note 11,eSAKSHI Mobile App
EV-DEMO-01075,MPLADS-DEMO-000538,PROGRESS_PHOTO,Site Inspection Photograph - Construction Stage - Village-33,MPLADS-DEMO-000538_progress_stage.jpg,image/jpeg,398530,91d3f16ec5965c16dce21e517128cd8cc65df6118ebb042a965bddaba01d773d,09f579046fb52fc5,2023-10-21 11:24:15,23.06817,72.632199,9.7,Vivo,Vivo V23 5G,eSAKSHI Mobile App
EV-DEMO-01076,MPLADS-DEMO-000538,COMPLETION_PHOTO,Geo-tagged Asset Verification Photograph - Village-33,MPLADS-DEMO-000538_verification_stage.jpg,image/jpeg,245006,8923ba8bc019a0d09715bd12e321c6f894542fa10430c8c40cb55e068c20cdd0,27a6929d5b600c2e,2024-02-23 15:42:10,23.068315,72.632101,23.5,Vivo,Vivo V23 5G,eSAKSHI Mobile App
EV-DEMO-01077,MPLADS-DEMO-000539,PROGRESS_PHOTO,Site Inspection Photograph - Construction Stage - Village-83,MPLADS-DEMO-000539_progress_stage.jpg,image/jpeg,415413,97ce8b3a03572509573725275416d30fa6e362c61b37daadad592ed8ca8032ed,0cfd3d51ac6390ec,2023-08-10 11:24:15,12.323556,76.642859,21.8,Apple,iPhone 13,eSAKSHI Mobile App
EV-DEMO-01078,MPLADS-DEMO-000539,SITE_IMAGE,Geo-tagged Asset Verification Photograph - Village-83,MPLADS-DEMO-000539_verification_stage.jpg,image/jpeg,305523,1fecd09c2a9a018d4afb677d50b2b28ad4a305c44c48c93af8a539ba6623216e,21ee19cb184383b3,2023-10-10 15:42:10,12.323666,76.642476,37.2,Apple,iPhone 13,eSAKSHI Mobile App
EV-DEMO-01079,MPLADS-DEMO-000540,PROGRESS_PHOTO,Site Inspection Photograph - Construction Stage - Village-56,MPLADS-DEMO-000540_progress_stage.jpg,image/jpeg,362508,8783261cb96a5c666c77419c0b10a9e54bc9bfa511997e205c3b50a9d89a2b6c,bc999a0289712c5c,2023-12-08 11:24:15,20.155642,85.671547,19.8,Apple,iPhone 13,eSAKSHI Mobile App
EV-DEMO-01080,MPLADS-DEMO-000540,COMPLETION_PHOTO,Geo-tagged Asset Verification Photograph - Village-56,MPLADS-DEMO-000540_verification_stage.jpg,image/jpeg,346902,b9baf1d42babe8f7eb108e156950f0d63442824dc2f1337486f7acf9078d62ce,7e1612d0cbc27c73,2024-03-29 15:42:10,20.155617,85.671775,8.3,Apple,iPhone 13,eSAKSHI Mobile App
EV-DEMO-01081,MPLADS-DEMO-000541,PROGRESS_PHOTO,Site Inspection Photograph - Construction Stage - Village-120,MPLADS-DEMO-000541_progress_stage.jpg,image/jpeg,382522,a06189cce00f950b74abcfca5332f8a300b21c2ab2845c0a6996bed8c814ffed,cda74548797e1d30,2024-05-16 11:24:15,24.586833,73.691112,21.5,Vivo,Vivo V23 5G,eSAKSHI Mobile App
EV-DEMO-01082,MPLADS-DEMO-000541,SITE_IMAGE,Geo-tagged Asset Verification Photograph - Village-120,MPLADS-DEMO-000541_verification_stage.jpg,image/jpeg,374600,97150d73b199e34de8148c8728465d5ec807f8d907369e92fd4ba871a7f3167d,dd9edc0d30a16876,2024-09-03 15:42:10,24.586845,73.691069,23.2,Vivo,Vivo V23 5G,eSAKSHI Mobile App
EV-DEMO-01083,MPLADS-DEMO-000542,PROGRESS_PHOTO,Site Inspection Photograph - Construction Stage - Village-166,MPLADS-DEMO-000542_progress_stage.jpg,image/jpeg,182274,ce0ffebe18b7c76692cb2789909caee63a880aba53fcdbb88491ce25ae52a01f,4b07a6d03740241e,2024-01-26 11:24:15,23.126475,80.038633,12.9,Realme,Realme 9 Pro,eSAKSHI Mobile App
EV-DEMO-01084,MPLADS-DEMO-000542,COMPLETION_PHOTO,Geo-tagged Asset Verification Photograph - Village-166,MPLADS-DEMO-000542_verification_stage.jpg,image/jpeg,387038,d54b724a584cc3ca54bee4a14eac70e49930fe0342258940554cec72b8e49085,0b6f1ccaa53e9f74,2024-06-14 15:42:10,23.126546,80.038651,21.0,Realme,Realme 9 Pro,eSAKSHI Mobile App
EV-DEMO-01085,MPLADS-DEMO-000543,PROGRESS_PHOTO,Site Inspection Photograph - Construction Stage - Village-86,MPLADS-DEMO-000543_progress_stage.jpg,image/jpeg,353434,10ebb494823ed45cc8d3a6164b8d1d2f10ba3c5802f5d0f2fbdaabc449b28060,ab437eb2a4b5da1a,2024-05-09 11:24:15,24.546024,73.690272,7.3,OnePlus,Nord CE 2,eSAKSHI Mobile App
EV-DEMO-01086,MPLADS-DEMO-000543,COMPLETION_PHOTO,Geo-tagged Asset Verification Photograph - Village-86,MPLADS-DEMO-000543_verification_stage.jpg,image/jpeg,453696,80c1730f1c6f21dc9610efb0ff97dd2e239571977d0d31df3767011a99b1f2d4,ea1a5df1ea54a5d2,2024-08-09 15:42:10,24.545881,73.690474,19.8,OnePlus,Nord CE 2,eSAKSHI Mobile App
EV-DEMO-01087,MPLADS-DEMO-000544,PROGRESS_PHOTO,Site Inspection Photograph - Construction Stage - Village-3,MPLADS-DEMO-000544_progress_stage.jpg,image/jpeg,327430,c0f6ca06cb6eaa7afe4becd477bef6de93eeedb24f8883a9892aec65a5dff923,c85f00c233272213,2023-10-18 11:24:15,11.293821,75.752132,14.1,Xiaomi,Redmi Note 11,eSAKSHI Mobile App
EV-DEMO-01088,MPLADS-DEMO-000544,COMPLETION_PHOTO,Geo-tagged Asset Verification Photograph - Village-3,MPLADS-DEMO-000544_verification_stage.jpg,image/jpeg,266419,09479e9bb1e39767642299d73abfb8ebc238af6ec90289b5fe5cc256f0dc5a31,a8265a49889b0930,2024-02-05 15:42:10,11.293977,75.75226,25.1,Xiaomi,Redmi Note 11,eSAKSHI Mobile App
EV-DEMO-01089,MPLADS-DEMO-000545,PROGRESS_PHOTO,Site Inspection Photograph - Construction Stage - Village-54,MPLADS-DEMO-000545_progress_stage.jpg,image/jpeg,266146,b970adf040a2ac865f427ec094eb5f9ed3fbae9d5808b6edebad6aa75e11f7ce,f8c2ce4f5005f7d8,2024-06-02 11:24:15,26.843431,80.948414,16.7,Realme,Realme 9 Pro,eSAKSHI Mobile App
EV-DEMO-01090,MPLADS-DEMO-000545,COMPLETION_PHOTO,Geo-tagged Asset Verification Photograph - Village-54,MPLADS-DEMO-000545_verification_stage.jpg,image/jpeg,429433,8d19f176500300cfc2be69e9dfe4bfe48b5e4653ae3831c716c50cea937d2892,2658868b73f091a7,2024-09-18 15:42:10,26.843644,80.948512,39.0,Realme,Realme 9 Pro,eSAKSHI Mobile App
EV-DEMO-01091,MPLADS-DEMO-000546,PROGRESS_PHOTO,Site Inspection Photograph - Construction Stage - Village-54,MPLADS-DEMO-000546_progress_stage.jpg,image/jpeg,236568,f628d098742b1fc3b7a08f24a95c16998b6ed3ff1e009762c14934e7ca0aa022,c9dfe3255c0aa492,2023-06-09 11:24:15,17.960755,79.640134,25.1,Realme,Realme 9 Pro,eSAKSHI Mobile App
EV-DEMO-01092,MPLADS-DEMO-000546,COMPLETION_PHOTO,Geo-tagged Asset Verification Photograph - Village-54,MPLADS-DEMO-000546_verification_stage.jpg,image/jpeg,447408,34c50b8d19f946c7e3dca834f9b570636f6ee94b0c9e92ada2c105a2aa49ae9a,f430b76c9a2b8448,2023-09-19 15:42:10,17.960911,79.640244,27.7,Realme,Realme 9 Pro,eSAKSHI Mobile App
EV-DEMO-01093,MPLADS-DEMO-000547,PROGRESS_PHOTO,Site Inspection Photograph - Construction Stage - Village-196,MPLADS-DEMO-000547_progress_stage.jpg,image/jpeg,352192,f7ece8eca8039e08e3ba116b5ca4d4cadc1bf2343ec12c744180ec72684efdfc,a8e4838e56cf4fd3,2023-04-08 11:24:15,23.296201,77.417337,17.7,Samsung,SM-A525F,eSAKSHI Mobile App
EV-DEMO-01094,MPLADS-DEMO-000547,COMPLETION_PHOTO,Geo-tagged Asset Verification Photograph - Village-196,MPLADS-DEMO-000547_verification_stage.jpg,image/jpeg,304507,d90d82fcf3df9ea40e2213e27dba0e5319d7040dafc087ad09265c6de986622c,db1ca5e58b18fa12,2023-05-31 15:42:10,23.296248,77.417774,32.2,Samsung,SM-A525F,eSAKSHI Mobile App
EV-DEMO-01095,MPLADS-DEMO-000548,PROGRESS_PHOTO,Site Inspection Photograph - Construction Stage - Village-147,MPLADS-DEMO-000548_progress_stage.jpg,image/jpeg,372669,f513666e45ab79651d30ee2009613e4d0327ebaa2257bbe3f316c7076f40bca4,f5e3deef36a4f1c2,2023-09-18 11:24:15,18.720263,78.156581,9.1,Vivo,Vivo V23 5G,eSAKSHI Mobile App
EV-DEMO-01096,MPLADS-DEMO-000548,SITE_IMAGE,Geo-tagged Asset Verification Photograph - Village-147,MPLADS-DEMO-000548_verification_stage.jpg,image/jpeg,330341,066efd4636bb430d0e7de4daa539c1fc2395dee6055463e89617744e82d54d89,6d30d841a210f2c1,2024-02-20 15:42:10,18.72047,78.156278,39.3,Vivo,Vivo V23 5G,eSAKSHI Mobile App
EV-DEMO-01097,MPLADS-DEMO-000549,PROGRESS_PHOTO,Site Inspection Photograph - Construction Stage - Village-44,MPLADS-DEMO-000549_progress_stage.jpg,image/jpeg,372287,02ecf13b9d1904668e6a577c84535f7d5a7540cd2a944073e22b9945a95c2058,19a248c186afaff8,2023-04-04 11:24:15,11.61293,78.152776,13.5,Samsung,SM-A525F,eSAKSHI Mobile App
EV-DEMO-01098,MPLADS-DEMO-000549,SITE_IMAGE,Geo-tagged Asset Verification Photograph - Village-44,MPLADS-DEMO-000549_verification_stage.jpg,image/jpeg,217558,41520b6c8973ff432bc2460c1f88ea36d89d2d1d270234c0767d5007a60ac9ea,41049a3f2d32bbe3,2023-06-02 15:42:10,11.612821,78.152763,13.3,Samsung,SM-A525F,eSAKSHI Mobile App
EV-DEMO-01099,MPLADS-DEMO-000550,PROGRESS_PHOTO,Site Inspection Photograph - Construction Stage - Village-169,MPLADS-DEMO-000550_progress_stage.jpg,image/jpeg,256071,05ce5619786e170ab14cc88e3a480dae32b9915034465a0c7dda719d2029e723,3fa5968d67853086,2024-06-27 11:24:15,25.320611,82.968122,21.3,Samsung,SM-A525F,eSAKSHI Mobile App
EV-DEMO-01100,MPLADS-DEMO-000550,SITE_IMAGE,Geo-tagged Asset Verification Photograph - Village-169,MPLADS-DEMO-000550_verification_stage.jpg,image/jpeg,351951,ab636dec69ae7e7fc589437fdbd4c2c06308a8d4bdaa642e05378a0cdeed5e28,06979999fa697686,2024-08-21 15:42:10,25.320572,82.968162,27.1,Samsung,SM-A525F,eSAKSHI Mobile App
EV-DEMO-01101,MPLADS-DEMO-000551,PROGRESS_PHOTO,Site Inspection Photograph - Construction Stage - Village-191,MPLADS-DEMO-000551_progress_stage.jpg,image/jpeg,361699,3bdb46e7eea82a4ef1ad78cbc8ba699155d41fdbb4582bd57f03f3447ee7f946,d1209a555bb4d510,2023-12-03 11:24:15,15.403033,75.066775,29.5,Xiaomi,Redmi Note 11,eSAKSHI Mobile App
EV-DEMO-01102,MPLADS-DEMO-000551,COMPLETION_PHOTO,Geo-tagged Asset Verification Photograph - Village-191,MPLADS-DEMO-000551_verification_stage.jpg,image/jpeg,402862,7c0c739c4ea0ea5358de83a6630835f2af2e7c0e3cdd1d294998f55bf5e8bc7e,5dfc6fd4bb000aad,2024-01-20 15:42:10,15.402686,75.067165,27.5,Xiaomi,Redmi Note 11,eSAKSHI Mobile App
EV-DEMO-01103,MPLADS-DEMO-000552,PROGRESS_PHOTO,Site Inspection Photograph - Construction Stage - Village-118,MPLADS-DEMO-000552_progress_stage.jpg,image/jpeg,272022,114d6c949692091e00f40286bef59207922b45c684993020a6ebfaa82386e560,a868f29b66b9bc69,2024-02-16 11:24:15,12.266647,76.575344,5.2,Samsung,SM-A525F,eSAKSHI Mobile App
EV-DEMO-01104,MPLADS-DEMO-000552,COMPLETION_PHOTO,Geo-tagged Asset Verification Photograph - Village-118,MPLADS-DEMO-000552_verification_stage.jpg,image/jpeg,479879,d7f7b8ab3e9b6b8dfae2635719aaf0fbf5d24fad6409ae6b8b2d234304cdee09,4c98cbdb40fe62b3,2024-05-26 15:42:10,12.266844,76.575123,37.5,Samsung,SM-A525F,eSAKSHI Mobile App
EV-DEMO-01105,MPLADS-DEMO-000553,PROGRESS_PHOTO,Site Inspection Photograph - Construction Stage - Village-189,MPLADS-DEMO-000553_progress_stage.jpg,image/jpeg,251818,b7a74ddac6640644f502a7a4e1061c69c062dbd48432dc9586ddadbfb034190a,05a0886ac39e4a82,2024-05-24 11:24:15,23.128169,80.005354,20.5,Realme,Realme 9 Pro,eSAKSHI Mobile App
EV-DEMO-01106,MPLADS-DEMO-000553,COMPLETION_PHOTO,Geo-tagged Asset Verification Photograph - Village-189,MPLADS-DEMO-000553_verification_stage.jpg,image/jpeg,264027,21910ca028df0241c7f0a3baa0244ad0d00afadf6cfc6e5d4be49d40ef15f12b,6885a63874fedced,2024-06-07 15:42:10,23.128411,80.005465,8.9,Realme,Realme 9 Pro,eSAKSHI Mobile App
EV-DEMO-01107,MPLADS-DEMO-000554,PROGRESS_PHOTO,Site Inspection Photograph - Construction Stage - Village-111,MPLADS-DEMO-000554_progress_stage.jpg,image/jpeg,342540,39af738707043343972910d135779012f161fa3fdf096cf418a12c64385e9d83,c430456ea9856ff3,2024-03-09 11:24:15,19.991959,73.843256,8.3,Vivo,Vivo V23 5G,eSAKSHI Mobile App
EV-DEMO-01108,MPLADS-DEMO-000554,COMPLETION_PHOTO,Geo-tagged Asset Verification Photograph - Village-111,MPLADS-DEMO-000554_verification_stage.jpg,image/jpeg,230411,4f37ebf29e043cc81a4821a9daa72b850fc64cc71c38f620ddfa71380fb8f26d,c21394e43eab94dd,2024-07-01 15:42:10,19.991757,73.843024,34.8,Vivo,Vivo V23 5G,eSAKSHI Mobile App
EV-DEMO-01109,MPLADS-DEMO-000555,PROGRESS_PHOTO,Site Inspection Photograph - Construction Stage - Village-179,MPLADS-DEMO-000555_progress_stage.jpg,image/jpeg,399878,0ab3795d47397220c5b065a7d66bdb55628f7c1dc0f453411f5659cfe7028d88,144568eb6348b80a,2023-05-28 11:24:15,15.488482,75.059945,21.5,Vivo,Vivo V23 5G,eSAKSHI Mobile App
EV-DEMO-01110,MPLADS-DEMO-000555,COMPLETION_PHOTO,Geo-tagged Asset Verification Photograph - Village-179,MPLADS-DEMO-000555_verification_stage.jpg,image/jpeg,239256,dce7d49b50e7a6f62aa8f6f17d3203603ded362ff4f08c3edbeaad4b69efbdf9,349426a17a0cb0f5,2023-08-13 15:42:10,15.488644,75.060202,34.8,Vivo,Vivo V23 5G,eSAKSHI Mobile App
EV-DEMO-01111,MPLADS-DEMO-000556,PROGRESS_PHOTO,Site Inspection Photograph - Construction Stage - Village-65,MPLADS-DEMO-000556_progress_stage.jpg,image/jpeg,416406,b7fb1983f4f4fd7c515e24dd0ecdf22f6f84f59d7f798ac73dde7f1b21c7db7f,3295be4837b4af2a,2024-04-11 11:24:15,23.221812,77.353233,18.1,OnePlus,Nord CE 2,eSAKSHI Mobile App
EV-DEMO-01112,MPLADS-DEMO-000556,COMPLETION_PHOTO,Geo-tagged Asset Verification Photograph - Village-65,MPLADS-DEMO-000556_verification_stage.jpg,image/jpeg,314665,74d9889f35cad9dfbdb9ddac667a1a0f6f71228ec609da8f7243d70bc47fc7d6,1290fd51480c1ad3,2024-09-07 15:42:10,23.222026,77.353119,34.5,OnePlus,Nord CE 2,eSAKSHI Mobile App
EV-DEMO-01113,MPLADS-DEMO-000557,PROGRESS_PHOTO,Site Inspection Photograph - Construction Stage - Village-30,MPLADS-DEMO-000557_progress_stage.jpg,image/jpeg,376437,89a75b29955cc51e292e6e5b14b0c11602f2c6a457d8d3e10bdcf6fe3bd4ad24,0f8f0f4b071ce204,2023-12-29 11:24:15,23.049611,72.524049,12.4,Vivo,Vivo V23 5G,eSAKSHI Mobile App
EV-DEMO-01114,MPLADS-DEMO-000557,SITE_IMAGE,Geo-tagged Asset Verification Photograph - Village-30,MPLADS-DEMO-000557_verification_stage.jpg,image/jpeg,301488,e72c2df31b216d89f3df27c106f37e78737551cae51f00ca91072526a2c5e9f2,40adfe8e879ac562,2024-04-11 15:42:10,23.049739,72.523947,20.9,Vivo,Vivo V23 5G,eSAKSHI Mobile App
EV-DEMO-01115,MPLADS-DEMO-000558,PROGRESS_PHOTO,Site Inspection Photograph - Construction Stage - Village-156,MPLADS-DEMO-000558_progress_stage.jpg,image/jpeg,332852,cddc484806e83ec79dc234ade8b31f6e22b32e5281fa80381a060d4ee7b3f7b9,50e9d36945025cbc,2024-02-21 11:24:15,19.94552,73.762992,7.2,Xiaomi,Redmi Note 11,eSAKSHI Mobile App
EV-DEMO-01116,MPLADS-DEMO-000558,SITE_IMAGE,Geo-tagged Asset Verification Photograph - Village-156,MPLADS-DEMO-000558_verification_stage.jpg,image/jpeg,300842,38d742a56a00ead942d40d92a7ee06f0edfe177d35ce113e3e93b01fd0195cdf,92ece461ce3693cc,2024-06-09 15:42:10,19.945829,73.762993,29.5,Xiaomi,Redmi Note 11,eSAKSHI Mobile App
EV-DEMO-01117,MPLADS-DEMO-000559,PROGRESS_PHOTO,Site Inspection Photograph - Construction Stage - Village-173,MPLADS-DEMO-000559_progress_stage.jpg,image/jpeg,280590,905326d127f578d2e56ed0594ed263188bf4d23406819cb842486b00913ff4eb,895ecd35758642cd,2024-02-18 11:24:15,25.321738,82.966261,12.7,Xiaomi,Redmi Note 11,eSAKSHI Mobile App
EV-DEMO-01118,MPLADS-DEMO-000559,COMPLETION_PHOTO,Geo-tagged Asset Verification Photograph - Village-173,MPLADS-DEMO-000559_verification_stage.jpg,image/jpeg,244301,62d75227eb9a062b6288e11a4a19dfd14649aa08c7fa200e95a11b7d20d6e2b7,e5c6ef5f3ad16722,2024-03-19 15:42:10,25.32184,82.966124,24.9,Xiaomi,Redmi Note 11,eSAKSHI Mobile App
EV-DEMO-01119,MPLADS-DEMO-000560,PROGRESS_PHOTO,Site Inspection Photograph - Construction Stage - Village-197,MPLADS-DEMO-000560_progress_stage.jpg,image/jpeg,357420,504e32333f145dfcd93b8f5ab4b0b5a7060cfc8ac48fcc4b7a2ccf9fddbe42fa,8ee22a170e825a62,2023-04-02 11:24:15,22.265239,70.769538,17.8,Apple,iPhone 13,eSAKSHI Mobile App
EV-DEMO-01120,MPLADS-DEMO-000560,COMPLETION_PHOTO,Geo-tagged Asset Verification Photograph - Village-197,MPLADS-DEMO-000560_verification_stage.jpg,image/jpeg,370192,b06ae57ef95f32407244b42738e37955ae411fa7dd3c65dfeb240a452d237126,b421371698bbbde0,2023-04-25 15:42:10,22.265327,70.769837,28.8,Apple,iPhone 13,eSAKSHI Mobile App
EV-DEMO-01121,MPLADS-DEMO-000561,PROGRESS_PHOTO,Site Inspection Photograph - Construction Stage - Village-43,MPLADS-DEMO-000561_progress_stage.jpg,image/jpeg,257085,79d7c0c049a5e1f6c757e0d0f18da1abb095de0af79e6ddd47fed8d518eb1c17,95e41c649d67a567,2023-12-26 11:24:15,18.701682,78.034965,16.5,Xiaomi,Redmi Note 11,eSAKSHI Mobile App
EV-DEMO-01122,MPLADS-DEMO-000561,COMPLETION_PHOTO,Geo-tagged Asset Verification Photograph - Village-43,MPLADS-DEMO-000561_verification_stage.jpg,image/jpeg,478638,d81564874383d476f9be31dea57147d50d73927fe38fd7c477462af7de6623dd,df1ed7bb76d27719,2024-02-02 15:42:10,18.701548,78.034926,13.6,Xiaomi,Redmi Note 11,eSAKSHI Mobile App
EV-DEMO-01123,MPLADS-DEMO-000562,PROGRESS_PHOTO,Site Inspection Photograph - Construction Stage - Village-92,MPLADS-DEMO-000562_progress_stage.jpg,image/jpeg,391275,e3ad07c51788e57455017bc342206d12161e0d213e41adabf70fbe1101004c2b,4d995e6047b80d9f,2023-10-31 11:24:15,26.823646,80.883026,15.9,Apple,iPhone 13,eSAKSHI Mobile App
EV-DEMO-01124,MPLADS-DEMO-000562,COMPLETION_PHOTO,Geo-tagged Asset Verification Photograph - Village-92,MPLADS-DEMO-000562_verification_stage.jpg,image/jpeg,330624,7f05e76e782ed61ee1817767c2f03dab7ea1ab634458a4f8c3049f919ac26ef3,08b23e2ce93efff5,2024-01-20 15:42:10,26.823843,80.883172,11.9,Apple,iPhone 13,eSAKSHI Mobile App
EV-DEMO-01125,MPLADS-DEMO-000563,PROGRESS_PHOTO,Site Inspection Photograph - Construction Stage - Village-56,MPLADS-DEMO-000563_progress_stage.jpg,image/jpeg,373351,647ddcae863cd068428057bb44ca8f5fe6934ecf02002ba5d32fd2a4f4d6d9c8,c16f366526bd6335,2023-12-10 11:24:15,24.573726,73.747229,14.0,Xiaomi,Redmi Note 11,eSAKSHI Mobile App
EV-DEMO-01126,MPLADS-DEMO-000563,COMPLETION_PHOTO,Geo-tagged Asset Verification Photograph - Village-56,MPLADS-DEMO-000563_verification_stage.jpg,image/jpeg,343379,113b837d0184144cecfa67da17e5b04adc96a0a7284e1c35c438e00b0058132e,10696c0b44413cc8,2024-03-25 15:42:10,24.573772,73.747523,25.7,Xiaomi,Redmi Note 11,eSAKSHI Mobile App
EV-DEMO-01127,MPLADS-DEMO-000564,PROGRESS_PHOTO,Site Inspection Photograph - Construction Stage - Village-35,MPLADS-DEMO-000564_progress_stage.jpg,image/jpeg,274888,9c48a55271d2dd8403fa54807323d2988e42824a4f407178679664f49a360f74,27f8faa57f79072b,2024-02-21 11:24:15,22.697769,75.875406,11.3,Apple,iPhone 13,eSAKSHI Mobile App
EV-DEMO-01128,MPLADS-DEMO-000564,COMPLETION_PHOTO,Geo-tagged Asset Verification Photograph - Village-35,MPLADS-DEMO-000564_verification_stage.jpg,image/jpeg,302586,c9a637dd13ad626f51786e430a5d7a38eb828eb312d0e4b27abd69c21a701021,84f96377132ba0d0,2024-07-26 15:42:10,22.697639,75.875167,19.4,Apple,iPhone 13,eSAKSHI Mobile App
EV-DEMO-01129,MPLADS-DEMO-000565,PROGRESS_PHOTO,Site Inspection Photograph - Construction Stage - Village-129,MPLADS-DEMO-000565_progress_stage.jpg,image/jpeg,270053,1c54624c44f725d653a29db409f165df5fe8661378c78e287b5c1694d4133a9e,b89e3d95e2563940,2023-06-14 11:24:15,11.675849,78.209512,19.9,Realme,Realme 9 Pro,eSAKSHI Mobile App
EV-DEMO-01130,MPLADS-DEMO-000565,COMPLETION_PHOTO,Geo-tagged Asset Verification Photograph - Village-129,MPLADS-DEMO-000565_verification_stage.jpg,image/jpeg,221381,518cc141cbd7f508f459cb0d21d454bf48a2a0d685e3cd6ce6046dc3bf2b7713,5e6996ce8add1e25,2023-07-02 15:42:10,11.675641,78.209313,19.6,Realme,Realme 9 Pro,eSAKSHI Mobile App
EV-DEMO-01131,MPLADS-DEMO-000566,PROGRESS_PHOTO,Site Inspection Photograph - Construction Stage - Village-128,MPLADS-DEMO-000566_progress_stage.jpg,image/jpeg,326654,0ee030a766b24757369fa5ce93b85292d2433bfc1ffc1ca75155f44e5479f7f0,00e10c93f2195ec3,2024-04-09 11:24:15,22.995925,72.526221,18.4,OnePlus,Nord CE 2,eSAKSHI Mobile App
EV-DEMO-01132,MPLADS-DEMO-000566,SITE_IMAGE,Geo-tagged Asset Verification Photograph - Village-128,MPLADS-DEMO-000566_verification_stage.jpg,image/jpeg,405673,6edf42c3346fa6fcbce85d7996a3d22f11248a412fc25d353e2f602deb42a157,c244ec708a57cc65,2024-08-01 15:42:10,22.996302,72.526131,26.9,OnePlus,Nord CE 2,eSAKSHI Mobile App
EV-DEMO-01133,MPLADS-DEMO-000567,PROGRESS_PHOTO,Site Inspection Photograph - Construction Stage - Village-134,MPLADS-DEMO-000567_progress_stage.jpg,image/jpeg,401125,ff70b03d0155402cb1960fa26756f1052ffffa43b83fdb443ceb074b67b498c7,73c4027f684eeabf,2024-05-29 11:24:15,18.710583,78.083204,24.5,OnePlus,Nord CE 2,eSAKSHI Mobile App
EV-DEMO-01134,MPLADS-DEMO-000567,SITE_IMAGE,Geo-tagged Asset Verification Photograph - Village-134,MPLADS-DEMO-000567_verification_stage.jpg,image/jpeg,433829,d606db7499429bdcc558c41d2cebc2af1a4b3679446d034ce2f5995c4c91b2d4,0beb3c96feb5bfd5,2024-09-24 15:42:10,18.71065,78.082885,29.1,OnePlus,Nord CE 2,eSAKSHI Mobile App
EV-DEMO-01135,MPLADS-DEMO-000568,PROGRESS_PHOTO,Site Inspection Photograph - Construction Stage - Village-176,MPLADS-DEMO-000568_progress_stage.jpg,image/jpeg,337532,5101818674919062a989fd6140e3afacccdc0bd9d45565f247bae2cbdab3dcfc,751845d18b638697,2024-01-28 11:24:15,19.405429,84.953802,15.5,OnePlus,Nord CE 2,eSAKSHI Mobile App
EV-DEMO-01136,MPLADS-DEMO-000568,COMPLETION_PHOTO,Geo-tagged Asset Verification Photograph - Village-176,MPLADS-DEMO-000568_verification_stage.jpg,image/jpeg,382038,a0bfb1ef5580042d269e7beb8bac531dd4383b9f902cf900a2910b19fc4c4756,0b9400d308732cb2,2024-03-08 15:42:10,19.40572,84.9539,22.8,OnePlus,Nord CE 2,eSAKSHI Mobile App
EV-DEMO-01137,MPLADS-DEMO-000569,PROGRESS_PHOTO,Site Inspection Photograph - Construction Stage - Village-33,MPLADS-DEMO-000569_progress_stage.jpg,image/jpeg,317110,83aecef167b0d3086085024f7ad9d5a3066eb168a39ef59f61e67b15799a2c49,93836e646628a325,2023-11-20 11:24:15,11.611212,78.158163,13.3,Samsung,SM-A525F,eSAKSHI Mobile App
EV-DEMO-01138,MPLADS-DEMO-000569,COMPLETION_PHOTO,Geo-tagged Asset Verification Photograph - Village-33,MPLADS-DEMO-000569_verification_stage.jpg,image/jpeg,388374,d9186442357d525db8b70e7254d320e7668d82d18ff4c52bb763eeb24edc378b,c5fa971249ea5f92,2024-01-23 15:42:10,11.610932,78.158199,37.2,Samsung,SM-A525F,eSAKSHI Mobile App
EV-DEMO-01139,MPLADS-DEMO-000570,PROGRESS_PHOTO,Site Inspection Photograph - Construction Stage - Village-46,MPLADS-DEMO-000570_progress_stage.jpg,image/jpeg,235644,d482002b821d76d3d8691bbdb038cbb5e51d463c856d84c9025ad204a9b9976c,1d26a85be52da9ac,2024-06-06 11:24:15,25.331381,82.948483,18.2,Vivo,Vivo V23 5G,eSAKSHI Mobile App
EV-DEMO-01140,MPLADS-DEMO-000570,COMPLETION_PHOTO,Geo-tagged Asset Verification Photograph - Village-46,MPLADS-DEMO-000570_verification_stage.jpg,image/jpeg,420745,699b4609fcf53bad47d548a93cc57dc9628d4a6675022ac5f058358cb5eab378,5cdad549f0a99050,2024-08-27 15:42:10,25.331653,82.948447,35.5,Vivo,Vivo V23 5G,eSAKSHI Mobile App
EV-DEMO-01141,MPLADS-DEMO-000571,PROGRESS_PHOTO,Site Inspection Photograph - Construction Stage - Village-109,MPLADS-DEMO-000571_progress_stage.jpg,image/jpeg,297957,5be9bfb7a29dffd300c959581406c0185f63ac48c961908110c7a3cf94e60355,2407480d672abab6,2023-04-12 11:24:15,19.998195,73.820314,2.9,Apple,iPhone 13,eSAKSHI Mobile App
EV-DEMO-01142,MPLADS-DEMO-000571,COMPLETION_PHOTO,Geo-tagged Asset Verification Photograph - Village-109,MPLADS-DEMO-000571_verification_stage.jpg,image/jpeg,449591,135d74999224bc3df5dead8751ad38a32500d73e34db1f01fad2463f193c117b,e78eb85d1124d5de,2023-07-27 15:42:10,19.998211,73.820389,5.6,Apple,iPhone 13,eSAKSHI Mobile App
EV-DEMO-01143,MPLADS-DEMO-000572,PROGRESS_PHOTO,Site Inspection Photograph - Construction Stage - Village-45,MPLADS-DEMO-000572_progress_stage.jpg,image/jpeg,403701,5b7f156d3b514a2e77080c8ecf99d9e5b0288da49bc6ff5235b42ed41724c3b1,a521b4d2aa8c82eb,2023-11-16 11:24:15,18.488928,73.851958,9.1,Samsung,SM-A525F,eSAKSHI Mobile App
EV-DEMO-01144,MPLADS-DEMO-000572,SITE_IMAGE,Geo-tagged Asset Verification Photograph - Village-45,MPLADS-DEMO-000572_verification_stage.jpg,image/jpeg,437137,bcf9b76760e52243297236ac7150ffdeb271d52d92e802d42225b8f133da811c,dce31b1782ada391,2024-04-02 15:42:10,18.488933,73.852198,25.3,Samsung,SM-A525F,eSAKSHI Mobile App
EV-DEMO-01145,MPLADS-DEMO-000573,PROGRESS_PHOTO,Site Inspection Photograph - Construction Stage - Village-4,MPLADS-DEMO-000573_progress_stage.jpg,image/jpeg,295425,2502871f8835c895b8d48a7243820295f9c57502e3891046662ee915e9d8f556,9740d4d432007302,2024-07-06 11:24:15,18.567249,73.886552,21.1,OnePlus,Nord CE 2,eSAKSHI Mobile App
EV-DEMO-01146,MPLADS-DEMO-000573,SITE_IMAGE,Geo-tagged Asset Verification Photograph - Village-4,MPLADS-DEMO-000573_verification_stage.jpg,image/jpeg,322665,b39b6e53581d9d4766236e0fa3ddabacb84dc167c019985d0f46c1f90f083150,71d4064ab720754a,2024-09-06 15:42:10,18.567163,73.886926,40.5,OnePlus,Nord CE 2,eSAKSHI Mobile App
EV-DEMO-01147,MPLADS-DEMO-000574,PROGRESS_PHOTO,Site Inspection Photograph - Construction Stage - Village-10,MPLADS-DEMO-000574_progress_stage.jpg,image/jpeg,297448,81934bcda50ee565e107b01dcf2ef74074fb7d964bd44e5ad7e006f598f24497,25ee29fae24fa16d,2023-07-31 11:24:15,11.080939,76.907162,23.6,OnePlus,Nord CE 2,eSAKSHI Mobile App
EV-DEMO-01148,MPLADS-DEMO-000574,COMPLETION_PHOTO,Geo-tagged Asset Verification Photograph - Village-10,MPLADS-DEMO-000574_verification_stage.jpg,image/jpeg,397955,3b452f766f8d4e468f3edee01fd5d8059ef74745fb0b4207eb44c37e1ee797e0,5a35696f700de617,2023-09-21 15:42:10,11.080723,76.90697,11.0,OnePlus,Nord CE 2,eSAKSHI Mobile App
EV-DEMO-01149,MPLADS-DEMO-000575,PROGRESS_PHOTO,Site Inspection Photograph - Construction Stage - Village-189,MPLADS-DEMO-000575_progress_stage.jpg,image/jpeg,268789,9fee2d6305590e437cec333a9d0312589fa69231f26538174a22b9056c761f43,3afc2bdb9223f753,2024-03-12 11:24:15,11.631474,78.142904,24.0,Realme,Realme 9 Pro,eSAKSHI Mobile App
EV-DEMO-01150,MPLADS-DEMO-000575,COMPLETION_PHOTO,Geo-tagged Asset Verification Photograph - Village-189,MPLADS-DEMO-000575_verification_stage.jpg,image/jpeg,220487,217215d3de26d211d98d83fe3a0f3f435d08d71946170ec552a6f05d54acca86,6b7140e52342b95f,2024-04-18 15:42:10,11.631409,78.143107,2.9,Realme,Realme 9 Pro,eSAKSHI Mobile App
EV-DEMO-01151,MPLADS-DEMO-000576,PROGRESS_PHOTO,Site Inspection Photograph - Construction Stage - Village-42,MPLADS-DEMO-000576_progress_stage.jpg,image/jpeg,248356,93194a693a297ab75640ba6b16a47bdb0c1376c8e9625b24e7ec0bbbed2f0896,9bb3db5b239b1442,2024-02-20 11:24:15,9.861758,78.155091,8.8,Apple,iPhone 13,eSAKSHI Mobile App
EV-DEMO-01152,MPLADS-DEMO-000576,COMPLETION_PHOTO,Geo-tagged Asset Verification Photograph - Village-42,MPLADS-DEMO-000576_verification_stage.jpg,image/jpeg,317169,cab98b0b92cf7ee567cee5c9c0f987e1b73542d5cf4f77476207860450521410,9338b16b901f8089,2024-06-20 15:42:10,9.862036,78.155136,28.5,Apple,iPhone 13,eSAKSHI Mobile App
EV-DEMO-01153,MPLADS-DEMO-000577,PROGRESS_PHOTO,Site Inspection Photograph - Construction Stage - Village-129,MPLADS-DEMO-000577_progress_stage.jpg,image/jpeg,340090,650461f4ece6e51b30965d8b031fd421510be6eaba9198d57df43e2aa9af6e14,6aebffcf105e16f3,2024-04-22 11:24:15,26.821282,83.393989,22.6,Vivo,Vivo V23 5G,eSAKSHI Mobile App
EV-DEMO-01154,MPLADS-DEMO-000577,COMPLETION_PHOTO,Geo-tagged Asset Verification Photograph - Village-129,MPLADS-DEMO-000577_verification_stage.jpg,image/jpeg,381791,aab0d202e820e3efd3e3328b4ce318a4f1d88008e7efc26b8fed9980c6847ef4,ec8223dcf8c36414,2024-07-23 15:42:10,26.821689,83.393848,32.6,Vivo,Vivo V23 5G,eSAKSHI Mobile App
EV-DEMO-01155,MPLADS-DEMO-000578,PROGRESS_PHOTO,Site Inspection Photograph - Construction Stage - Village-179,MPLADS-DEMO-000578_progress_stage.jpg,image/jpeg,349269,3befef2814584cc5e9696f2965df1331d94f65f1b15733a2bf7716fb253448eb,ce843870304dfa4b,2024-03-18 11:24:15,11.233783,75.843877,19.5,Samsung,SM-A525F,eSAKSHI Mobile App
EV-DEMO-01156,MPLADS-DEMO-000578,COMPLETION_PHOTO,Geo-tagged Asset Verification Photograph - Village-179,MPLADS-DEMO-000578_verification_stage.jpg,image/jpeg,330232,5dc9e09b07864a001a5211311c645795c71173e301b50fa1a060e558af7420b8,1bd2f3789baa7c0c,2024-06-06 15:42:10,11.234022,75.843658,19.7,Samsung,SM-A525F,eSAKSHI Mobile App
EV-DEMO-01157,MPLADS-DEMO-000579,PROGRESS_PHOTO,Site Inspection Photograph - Construction Stage - Village-48,MPLADS-DEMO-000579_progress_stage.jpg,image/jpeg,366628,be2546539821ce08a857f7e50b2cb50abf7f3a91cfd4a6744e30b6d14173dcf8,c6454856928c0521,2024-01-03 11:24:15,20.02395,73.750397,17.4,Realme,Realme 9 Pro,eSAKSHI Mobile App
EV-DEMO-01158,MPLADS-DEMO-000579,SITE_IMAGE,Geo-tagged Asset Verification Photograph - Village-48,MPLADS-DEMO-000579_verification_stage.jpg,image/jpeg,437873,4de47b6350293c43afd766850c4bab4c97055ef9e12fb3d3046fd771fb18090e,4827cab4c1d8848b,2024-05-11 15:42:10,20.024267,73.750784,36.8,Realme,Realme 9 Pro,eSAKSHI Mobile App
EV-DEMO-01159,MPLADS-DEMO-000580,PROGRESS_PHOTO,Site Inspection Photograph - Construction Stage - Village-67,MPLADS-DEMO-000580_progress_stage.jpg,image/jpeg,223992,5864e586a7f57f73e844bea8322b60d28bffd013a4ea0f66057387cb837290dd,66e08223303d3936,2024-06-11 11:24:15,18.735416,78.142425,14.9,Samsung,SM-A525F,eSAKSHI Mobile App
EV-DEMO-01160,MPLADS-DEMO-000580,COMPLETION_PHOTO,Geo-tagged Asset Verification Photograph - Village-67,MPLADS-DEMO-000580_verification_stage.jpg,image/jpeg,227454,1227ebd02c9f7292a6e348b0670f93f17efc0a65a74e9986fddb61741b127005,d5688e2971a43cb3,2024-08-17 15:42:10,18.735464,78.142185,31.1,Samsung,SM-A525F,eSAKSHI Mobile App
EV-DEMO-01161,MPLADS-DEMO-000581,PROGRESS_PHOTO,Site Inspection Photograph - Construction Stage - Village-150,MPLADS-DEMO-000581_progress_stage.jpg,image/jpeg,405251,e4ac44d43e2e0fb0346c94ab3187594341e2f4ce97c484995b145d7518e904c8,f66eb65ff696812e,2024-03-24 11:24:15,21.135543,72.82932,24.9,Xiaomi,Redmi Note 11,eSAKSHI Mobile App
EV-DEMO-01162,MPLADS-DEMO-000581,SITE_IMAGE,Geo-tagged Asset Verification Photograph - Village-150,MPLADS-DEMO-000581_verification_stage.jpg,image/jpeg,467164,9cce9768e0afaa4f009ede4ce54f2073c3b89ac3a912b35d7f7f0672dddd0f8c,e7e888fe78ef89dd,2024-05-27 15:42:10,21.135744,72.829398,23.3,Xiaomi,Redmi Note 11,eSAKSHI Mobile App
EV-DEMO-01163,MPLADS-DEMO-000582,PROGRESS_PHOTO,Site Inspection Photograph - Construction Stage - Village-195,MPLADS-DEMO-000582_progress_stage.jpg,image/jpeg,258867,05ce6884d2ad42ed4cfede45e8f226ab318d682b459e783fe290fe7a6c73a6c0,2ca19e680ff06ba1,2023-09-22 11:24:15,22.689261,75.85602,19.1,Realme,Realme 9 Pro,eSAKSHI Mobile App
EV-DEMO-01164,MPLADS-DEMO-000582,COMPLETION_PHOTO,Geo-tagged Asset Verification Photograph - Village-195,MPLADS-DEMO-000582_verification_stage.jpg,image/jpeg,425625,d22e4fad5b0fd76cc1a8bf6bbb30dcf8ef0e80d7806ffd15c17961709c2a6091,38f1f0142a9f16df,2024-01-09 15:42:10,22.689455,75.855613,42.2,Realme,Realme 9 Pro,eSAKSHI Mobile App
EV-DEMO-01165,MPLADS-DEMO-000583,PROGRESS_PHOTO,Site Inspection Photograph - Construction Stage - Village-92,MPLADS-DEMO-000583_progress_stage.jpg,image/jpeg,378899,e73ec31b8f4036bcb8510e46ed8896f7ffe7b2708013207887d9b7170d549cd0,f06428a8d1445083,2024-03-31 11:24:15,22.768159,75.897544,7.2,Xiaomi,Redmi Note 11,eSAKSHI Mobile App
EV-DEMO-01166,MPLADS-DEMO-000583,COMPLETION_PHOTO,Geo-tagged Asset Verification Photograph - Village-92,MPLADS-DEMO-000583_verification_stage.jpg,image/jpeg,237142,e0dda9d63b87864bd05d46013e0ab73df4281889d1e3e16eef0c766a4f7a3fb5,0e46fe5aa7600419,2024-07-26 15:42:10,22.768044,75.897551,7.2,Xiaomi,Redmi Note 11,eSAKSHI Mobile App
EV-DEMO-01167,MPLADS-DEMO-000584,PROGRESS_PHOTO,Site Inspection Photograph - Construction Stage - Village-95,MPLADS-DEMO-000584_progress_stage.jpg,image/jpeg,237864,0b37cc52096ad6d0b5f624863c2e9063815e361a6f9c95f70578cc09bf95907b,fff3fdedcfcd89e6,2023-03-30 11:24:15,17.962527,79.618309,13.6,Apple,iPhone 13,eSAKSHI Mobile App
EV-DEMO-01168,MPLADS-DEMO-000584,COMPLETION_PHOTO,Geo-tagged Asset Verification Photograph - Village-95,MPLADS-DEMO-000584_verification_stage.jpg,image/jpeg,251663,7e4d48f11194d8ed848ffe7d2cc69d73a673902c2af5e2abf1754a5cd4d50fbb,f8b2b97a9baada6b,2023-05-02 15:42:10,17.962781,79.618055,30.2,Apple,iPhone 13,eSAKSHI Mobile App
EV-DEMO-01169,MPLADS-DEMO-000585,PROGRESS_PHOTO,Site Inspection Photograph - Construction Stage - Village-156,MPLADS-DEMO-000585_progress_stage.jpg,image/jpeg,267415,ad5c35da28613b3cb9f5e396389d5507eb067bcd7ab7d9d39d2b1ca91a192161,04728f08d930ab35,2024-08-06 11:24:15,11.68341,76.163048,5.8,Xiaomi,Redmi Note 11,eSAKSHI Mobile App
EV-DEMO-01170,MPLADS-DEMO-000585,SITE_IMAGE,Geo-tagged Asset Verification Photograph - Village-156,MPLADS-DEMO-000585_verification_stage.jpg,image/jpeg,319259,b7fde567f69858c339bf0bef38b256dd23c129fcbbdddb8c07402f409799f6ce,2b1a4f230bb47836,2024-09-12 15:42:10,11.68367,76.163163,32.0,Xiaomi,Redmi Note 11,eSAKSHI Mobile App
EV-DEMO-01171,MPLADS-DEMO-000586,PROGRESS_PHOTO,Site Inspection Photograph - Construction Stage - Village-134,MPLADS-DEMO-000586_progress_stage.jpg,image/jpeg,276697,91e2fe60b6e64c6a1deaef576da8f147980ae8c11f16f53c77c425b9688c5a0f,657e8bbdb9521c01,2023-05-05 11:24:15,25.366567,83.010933,6.3,Samsung,SM-A525F,eSAKSHI Mobile App
EV-DEMO-01172,MPLADS-DEMO-000586,COMPLETION_PHOTO,Geo-tagged Asset Verification Photograph - Village-134,MPLADS-DEMO-000586_verification_stage.jpg,image/jpeg,466757,6cbe1b6b8090a9c6496695fac6e74052d2fdad67e40d729f2cc3050420daf4f4,c06634338c08f503,2023-06-29 15:42:10,25.366754,83.011174,36.4,Samsung,SM-A525F,eSAKSHI Mobile App
EV-DEMO-01173,MPLADS-DEMO-000587,PROGRESS_PHOTO,Site Inspection Photograph - Construction Stage - Village-63,MPLADS-DEMO-000587_progress_stage.jpg,image/jpeg,192785,bbaff6035bdea8cd7d3b9a4530eba0a3e6c611a8515dddc637c37ad7c14f6021,db4931c36acd5cbf,2023-03-31 11:24:15,21.108323,79.121227,10.8,Realme,Realme 9 Pro,eSAKSHI Mobile App
EV-DEMO-01174,MPLADS-DEMO-000587,COMPLETION_PHOTO,Geo-tagged Asset Verification Photograph - Village-63,MPLADS-DEMO-000587_verification_stage.jpg,image/jpeg,237056,7551390c767b6a4b2e7f64596270785ee9573787dcc9d35a767a452ba29e33ed,6988998b384b0017,2023-05-30 15:42:10,21.108245,79.121072,9.2,Realme,Realme 9 Pro,eSAKSHI Mobile App
EV-DEMO-01175,MPLADS-DEMO-000588,PROGRESS_PHOTO,Site Inspection Photograph - Construction Stage - Village-172,MPLADS-DEMO-000588_progress_stage.jpg,image/jpeg,253730,893d4719fe6f57bb022f117c4ab0070c9f61f5418f8d7444965423d1eb9f465f,977323786f47d569,2024-05-13 11:24:15,26.711489,83.32577,14.9,Xiaomi,Redmi Note 11,eSAKSHI Mobile App
EV-DEMO-01176,MPLADS-DEMO-000588,COMPLETION_PHOTO,Geo-tagged Asset Verification Photograph - Village-172,MPLADS-DEMO-000588_verification_stage.jpg,image/jpeg,476689,b3b747b001a2ed4d4a259ef6fd7f1f3ba386d7260d7a888320910b588e4011dd,911d1cbac849b34a,2024-07-07 15:42:10,26.71168,83.325703,16.8,Xiaomi,Redmi Note 11,eSAKSHI Mobile App
EV-DEMO-01177,MPLADS-DEMO-000589,PROGRESS_PHOTO,Site Inspection Photograph - Construction Stage - Village-189,MPLADS-DEMO-000589_progress_stage.jpg,image/jpeg,240982,71bd5b060cab8202199a0b4ad62cdb68fc394a642edd9e9f9f847787dc31c6bd,46f8cf256485c155,2024-05-09 11:24:15,22.748953,75.877797,14.2,OnePlus,Nord CE 2,eSAKSHI Mobile App
EV-DEMO-01178,MPLADS-DEMO-000589,SITE_IMAGE,Geo-tagged Asset Verification Photograph - Village-189,MPLADS-DEMO-000589_verification_stage.jpg,image/jpeg,288925,d31258b0fdb76da2e10bf8cd44969eba2a44ade1488d52b66417fdce42faf20f,7e48944b982a0053,2024-06-22 15:42:10,22.748876,75.877815,11.0,OnePlus,Nord CE 2,eSAKSHI Mobile App
EV-DEMO-01179,MPLADS-DEMO-000590,PROGRESS_PHOTO,Site Inspection Photograph - Construction Stage - Village-190,MPLADS-DEMO-000590_progress_stage.jpg,image/jpeg,203272,98cef06c3dbcc51d09d64033f083de0d0010dc95dcb35aad2c749b82474ceaf9,0b09929c91d5a309,2023-08-30 11:24:15,21.157734,79.047732,9.4,Xiaomi,Redmi Note 11,eSAKSHI Mobile App
EV-DEMO-01180,MPLADS-DEMO-000590,COMPLETION_PHOTO,Geo-tagged Asset Verification Photograph - Village-190,MPLADS-DEMO-000590_verification_stage.jpg,image/jpeg,235069,cd84c1ccff7bae3585dfab46cd679c83fbf69f3fa3eafee20e93e025fa2db74e,ad5b5f3962992cfe,2023-12-10 15:42:10,21.157914,79.047806,20.8,Xiaomi,Redmi Note 11,eSAKSHI Mobile App
EV-DEMO-01181,MPLADS-DEMO-000591,PROGRESS_PHOTO,Site Inspection Photograph - Construction Stage - Village-174,MPLADS-DEMO-000591_progress_stage.jpg,image/jpeg,259024,ee56322942b34195e0201ba7c069c263ac8526b02d3bce362dc3972bc9bcf846,16b5e9b25cd72ee1,2024-06-06 11:24:15,23.316445,77.364174,21.7,Realme,Realme 9 Pro,eSAKSHI Mobile App
EV-DEMO-01182,MPLADS-DEMO-000591,SITE_IMAGE,Geo-tagged Asset Verification Photograph - Village-174,MPLADS-DEMO-000591_verification_stage.jpg,image/jpeg,434399,7139452cc65441554a735b0e3e2ac17194929187876120397edcc949592546e9,eb9075f2acae3b6a,2024-08-21 15:42:10,23.31653,77.363997,24.6,Realme,Realme 9 Pro,eSAKSHI Mobile App
EV-DEMO-01183,MPLADS-DEMO-000592,PROGRESS_PHOTO,Site Inspection Photograph - Construction Stage - Village-38,MPLADS-DEMO-000592_progress_stage.jpg,image/jpeg,244226,58685c88c3d0cff5dd8819ca696be985f85c8602e68b1ef26fe4247772179b68,bf023a895f544a77,2023-05-04 11:24:15,13.077656,77.521617,16.3,Xiaomi,Redmi Note 11,eSAKSHI Mobile App
EV-DEMO-01184,MPLADS-DEMO-000592,COMPLETION_PHOTO,Geo-tagged Asset Verification Photograph - Village-38,MPLADS-DEMO-000592_verification_stage.jpg,image/jpeg,231569,67e27523ec9566fe66beb28a3a53773adab8ef1cb484be8eb47015e691601c07,2b16a70982ff1151,2023-07-05 15:42:10,13.077658,77.521651,12.7,Xiaomi,Redmi Note 11,eSAKSHI Mobile App
EV-DEMO-01185,MPLADS-DEMO-000593,PROGRESS_PHOTO,Site Inspection Photograph - Construction Stage - Village-127,MPLADS-DEMO-000593_progress_stage.jpg,image/jpeg,412384,8379f256b7a58d69daaf46a960fcaff26fd3f1a4f3e214d3827f021dd739d3b7,0f808ea741c70e42,2024-06-02 11:24:15,10.989855,77.016466,18.1,OnePlus,Nord CE 2,eSAKSHI Mobile App
EV-DEMO-01186,MPLADS-DEMO-000593,COMPLETION_PHOTO,Geo-tagged Asset Verification Photograph - Village-127,MPLADS-DEMO-000593_verification_stage.jpg,image/jpeg,469939,3afbb864e30f041e2096f94858c8f90b37f43e085e25b938bb650dabd7b5aea5,44e4ac44437f8d6e,2024-09-03 15:42:10,10.989687,77.016442,0.8,OnePlus,Nord CE 2,eSAKSHI Mobile App
EV-DEMO-01187,MPLADS-DEMO-000594,PROGRESS_PHOTO,Site Inspection Photograph - Construction Stage - Village-169,MPLADS-DEMO-000594_progress_stage.jpg,image/jpeg,242764,68cca6d1276835af851ac7224c9d8eee9d30d6c927b89eee234cb24f32cd2fed,532c16b3b9e56636,2024-04-04 11:24:15,11.312318,75.73601,13.7,Vivo,Vivo V23 5G,eSAKSHI Mobile App
EV-DEMO-01188,MPLADS-DEMO-000594,COMPLETION_PHOTO,Geo-tagged Asset Verification Photograph - Village-169,MPLADS-DEMO-000594_verification_stage.jpg,image/jpeg,282528,724dbb2d120abae256746ea8e76453c0929dac4cc57bd4309eb36d5bc6f75544,8377a621952c62b8,2024-05-26 15:42:10,11.312613,75.736223,26.6,Vivo,Vivo V23 5G,eSAKSHI Mobile App
EV-DEMO-01189,MPLADS-DEMO-000595,PROGRESS_PHOTO,Site Inspection Photograph - Construction Stage - Village-179,MPLADS-DEMO-000595_progress_stage.jpg,image/jpeg,300506,050c76e064d02275eabfe0e43a3ac9baf4405cbc688acd086401fcf0bd45c8b9,a3559a38912c68b7,2024-04-18 11:24:15,11.313937,75.806522,15.6,OnePlus,Nord CE 2,eSAKSHI Mobile App
EV-DEMO-01190,MPLADS-DEMO-000595,COMPLETION_PHOTO,Geo-tagged Asset Verification Photograph - Village-179,MPLADS-DEMO-000595_verification_stage.jpg,image/jpeg,224416,dddade26ddd637248963d04bca9a8f4dce88d51782aa252fe52a2dbef77f65fd,82575c7d735001f8,2024-08-29 15:42:10,11.31365,75.806739,26.9,OnePlus,Nord CE 2,eSAKSHI Mobile App
EV-DEMO-01191,MPLADS-DEMO-000596,PROGRESS_PHOTO,Site Inspection Photograph - Construction Stage - Village-75,MPLADS-DEMO-000596_progress_stage.jpg,image/jpeg,304602,76d6121ad32ed790fdd60be2451b41f57af3734db38d6c15d17e2f71e6952432,e9ceaeec69fb246b,2023-09-22 11:24:15,23.233094,79.948638,5.9,Xiaomi,Redmi Note 11,eSAKSHI Mobile App
EV-DEMO-01192,MPLADS-DEMO-000596,COMPLETION_PHOTO,Geo-tagged Asset Verification Photograph - Village-75,MPLADS-DEMO-000596_verification_stage.jpg,image/jpeg,221810,c45aaecbd3ae41e87f7490bd3f7b4bad1c29a4b3140511f761f3649bcf8f22e4,bfbb48aebeaceac7,2023-11-22 15:42:10,23.232853,79.948893,39.0,Xiaomi,Redmi Note 11,eSAKSHI Mobile App
EV-DEMO-01193,MPLADS-DEMO-000597,PROGRESS_PHOTO,Site Inspection Photograph - Construction Stage - Village-92,MPLADS-DEMO-000597_progress_stage.jpg,image/jpeg,336440,3a73d8acd62af1bcd835fc1ecf41d1406ffb166d2a5fe627b2d83be5d1c9e49d,9c40902f4ee8ec02,2023-09-27 11:24:15,19.441628,84.948184,17.7,Realme,Realme 9 Pro,eSAKSHI Mobile App
EV-DEMO-01194,MPLADS-DEMO-000597,COMPLETION_PHOTO,Geo-tagged Asset Verification Photograph - Village-92,MPLADS-DEMO-000597_verification_stage.jpg,image/jpeg,249862,2395bd40734a84e2dd17eb79a2c69416f3be7fa4f4db1292f080ca9135e52373,518436cca032d392,2023-12-21 15:42:10,19.441551,84.948231,16.2,Realme,Realme 9 Pro,eSAKSHI Mobile App
EV-DEMO-01195,MPLADS-DEMO-000598,PROGRESS_PHOTO,Site Inspection Photograph - Construction Stage - Village-126,MPLADS-DEMO-000598_progress_stage.jpg,image/jpeg,234515,9db9aeaa80899fb438e3ef9fb2cbe303cf9d29a96716e5a86ab049fa451749e4,78aaae6f4e1af149,2024-03-08 11:24:15,21.120257,79.100761,13.5,Vivo,Vivo V23 5G,eSAKSHI Mobile App
EV-DEMO-01196,MPLADS-DEMO-000598,COMPLETION_PHOTO,Geo-tagged Asset Verification Photograph - Village-126,MPLADS-DEMO-000598_verification_stage.jpg,image/jpeg,226944,c813383212400a101d55f4f0c8f3a63036bfc16252c4eaa9d597c38996c1e580,404fb0fa2aae762b,2024-04-09 15:42:10,21.120223,79.100435,28.7,Vivo,Vivo V23 5G,eSAKSHI Mobile App
EV-DEMO-01197,MPLADS-DEMO-000599,PROGRESS_PHOTO,Site Inspection Photograph - Construction Stage - Village-3,MPLADS-DEMO-000599_progress_stage.jpg,image/jpeg,373586,ef53cbe1c10d8e06dd14628427e300f50863bebbfa4a0b02747d017d8bebcc26,a87a09c4ec099ac1,2023-07-24 11:24:15,11.614719,78.091883,25.3,Apple,iPhone 13,eSAKSHI Mobile App
EV-DEMO-01198,MPLADS-DEMO-000599,SITE_IMAGE,Geo-tagged Asset Verification Photograph - Village-3,MPLADS-DEMO-000599_verification_stage.jpg,image/jpeg,397206,35d130de18d846dadc4a56860afaf9028f52492894ba794423f8a88e34607ae9,9cdbb50f510f1b06,2023-08-07 15:42:10,11.615078,78.091667,21.5,Apple,iPhone 13,eSAKSHI Mobile App
EV-DEMO-01199,MPLADS-DEMO-000600,PROGRESS_PHOTO,Site Inspection Photograph - Construction Stage - Village-99,MPLADS-DEMO-000600_progress_stage.jpg,image/jpeg,369360,b6c402f1bb9abde36660468731285cac0e98dc28ccf11ca7b2973d159a878c4d,bf9b0556ecd4a063,2023-09-03 11:24:15,18.670305,78.112996,18.7,Apple,iPhone 13,eSAKSHI Mobile App
EV-DEMO-01200,MPLADS-DEMO-000600,SITE_IMAGE,Geo-tagged Asset Verification Photograph - Village-99,MPLADS-DEMO-000600_verification_stage.jpg,image/jpeg,384866,a91d9a00a16361e94fc81ac78a4e542939b2ab7e13d1a9438fbce6c755002410,4ea6046cf446659d,2023-10-29 15:42:10,18.670351,78.112913,10.6,Apple,iPhone 13,eSAKSHI Mobile App
EV-DEMO-01201,MPLADS-DEMO-000601,PROGRESS_PHOTO,Site Inspection Photograph - Construction Stage - Village-136,MPLADS-DEMO-000601_progress_stage.jpg,image/jpeg,227262,81e2017f5870b116c3ef3f2d235f18bea81165a1869aa4294d5a0b469def7fde,2f273edf319e70c3,2024-03-01 11:24:15,22.718082,75.860055,11.0,Apple,iPhone 13,eSAKSHI Mobile App
EV-DEMO-01202,MPLADS-DEMO-000601,COMPLETION_PHOTO,Geo-tagged Asset Verification Photograph - Village-136,MPLADS-DEMO-000601_verification_stage.jpg,image/jpeg,425806,4d443d22ce0c63f1789dc1293d440edd9d388b4be53fa5cb37debc1ac2b35a27,f8a0b86a4f8e68e2,2024-04-08 15:42:10,22.718332,75.859935,33.3,Apple,iPhone 13,eSAKSHI Mobile App
EV-DEMO-01203,MPLADS-DEMO-000602,PROGRESS_PHOTO,Site Inspection Photograph - Construction Stage - Village-143,MPLADS-DEMO-000602_progress_stage.jpg,image/jpeg,355926,98266d5d62877a587738e204baed847815da4e268b408daaf215f9a74c259ddd,fd6a4d0fd05ada15,2023-05-13 11:24:15,9.974793,76.275924,19.1,Realme,Realme 9 Pro,eSAKSHI Mobile App
EV-DEMO-01204,MPLADS-DEMO-000602,SITE_IMAGE,Geo-tagged Asset Verification Photograph - Village-143,MPLADS-DEMO-000602_verification_stage.jpg,image/jpeg,425806,4d443d22ce0c63f1789dc1293d440edd9d388b4be53fa5cb37debc1ac2b35a27,f8a0b86a4f8e68e2,2023-10-10 15:42:10,9.974448,76.276033,44.3,Realme,Realme 9 Pro,eSAKSHI Mobile App
EV-DEMO-01205,MPLADS-DEMO-000603,PROGRESS_PHOTO,Site Inspection Photograph - Construction Stage - Village-94,MPLADS-DEMO-000603_progress_stage.jpg,image/jpeg,200625,1f000a02682d0e66d592ebae4cda005f667e6ea8a53670ff4adbeb8003d778d4,68741d57a71f7d48,2024-06-30 11:24:15,21.230958,72.788436,16.1,Realme,Realme 9 Pro,eSAKSHI Mobile App
EV-DEMO-01206,MPLADS-DEMO-000603,SITE_IMAGE,Geo-tagged Asset Verification Photograph - Village-94,MPLADS-DEMO-000603_verification_stage.jpg,image/jpeg,371305,3c1dd7d2ed458a19a703d3b985bf5ba8f70fb2aef643845b262c398fa434458b,c7c1ff4d558ca980,2024-08-31 15:42:10,21.230552,72.788255,33.4,Realme,Realme 9 Pro,eSAKSHI Mobile App
EV-DEMO-01207,MPLADS-DEMO-000604,PROGRESS_PHOTO,Site Inspection Photograph - Construction Stage - Village-156,MPLADS-DEMO-000604_progress_stage.jpg,image/jpeg,200621,bc260f6f29a580ef9996773f4cf658d261dd9bb37b2dce46163ed85c7bab1bbe,a06fff60b68d77e0,2023-04-26 11:24:15,9.986512,76.262148,7.0,OnePlus,Nord CE 2,eSAKSHI Mobile App
EV-DEMO-01208,MPLADS-DEMO-000604,COMPLETION_PHOTO,Geo-tagged Asset Verification Photograph - Village-156,MPLADS-DEMO-000604_verification_stage.jpg,image/jpeg,371305,3c1dd7d2ed458a19a703d3b985bf5ba8f70fb2aef643845b262c398fa434458b,c7c1ff4d558ca980,2023-07-24 15:42:10,9.986681,76.262238,14.2,OnePlus,Nord CE 2,eSAKSHI Mobile App
EV-DEMO-01209,MPLADS-DEMO-000605,PROGRESS_PHOTO,Site Inspection Photograph - Construction Stage - Village-72,MPLADS-DEMO-000605_progress_stage.jpg,image/jpeg,412451,c8b7e7ee2c5c5ab94570a0029d727dc33262381b558ef81050619222a2607dc4,8a0fc281d40025ed,2024-01-26 11:24:15,15.410439,75.023542,25.0,Vivo,Vivo V23 5G,eSAKSHI Mobile App
EV-DEMO-01210,MPLADS-DEMO-000605,COMPLETION_PHOTO,Geo-tagged Asset Verification Photograph - Village-72,MPLADS-DEMO-000605_verification_stage.jpg,image/jpeg,444787,806334d5aeca118c3eddf38c732c015d4f1ca03acd20ee1fd8ab4e1a592ffeb3,8081b21812ce4a55,2024-04-25 15:42:10,15.410605,75.02385,16.0,Vivo,Vivo V23 5G,eSAKSHI Mobile App
EV-DEMO-01211,MPLADS-DEMO-000606,PROGRESS_PHOTO,Site Inspection Photograph - Construction Stage - Village-19,MPLADS-DEMO-000606_progress_stage.jpg,image/jpeg,260324,7ba8205db202762301556208b82c3796e4e3f25fc30c9066ef1e2a9f6a36c689,ee6d4b5d4abf1b54,2023-09-26 11:24:15,9.998415,76.269847,8.8,Vivo,Vivo V23 5G,eSAKSHI Mobile App
EV-DEMO-01212,MPLADS-DEMO-000606,COMPLETION_PHOTO,Geo-tagged Asset Verification Photograph - Village-19,MPLADS-DEMO-000606_verification_stage.jpg,image/jpeg,444787,806334d5aeca118c3eddf38c732c015d4f1ca03acd20ee1fd8ab4e1a592ffeb3,8081b21812ce4a55,2023-12-25 15:42:10,9.998413,76.270176,28.0,Vivo,Vivo V23 5G,eSAKSHI Mobile App
EV-DEMO-01213,MPLADS-DEMO-000607,PROGRESS_PHOTO,Site Inspection Photograph - Construction Stage - Village-20,MPLADS-DEMO-000607_progress_stage.jpg,image/jpeg,180015,6a8b8ba755fa954b7005d7c801ab6e8f73e7b058788118b5f8e1d7361927ba6b,db8ae9f483ab2f20,2023-06-02 11:24:15,22.273979,70.806286,4.1,Apple,iPhone 13,eSAKSHI Mobile App
EV-DEMO-01214,MPLADS-DEMO-000607,COMPLETION_PHOTO,Geo-tagged Asset Verification Photograph - Village-20,MPLADS-DEMO-000607_verification_stage.jpg,image/jpeg,425801,c3f9cf01372c3f04e6a264cc92983d4befd74998b6734c7ba945ad8c12ee95c9,46ffab3bfde17903,2023-07-21 15:42:10,22.274148,70.806431,20.6,Apple,iPhone 13,eSAKSHI Mobile App
EV-DEMO-01215,MPLADS-DEMO-000608,PROGRESS_PHOTO,Site Inspection Photograph - Construction Stage - Village-57,MPLADS-DEMO-000608_progress_stage.jpg,image/jpeg,280505,10b4339e43b61135fa6c5ab215ab1875582f12bac54f92910456774d64421f68,aee40a5570e38382,2023-09-30 11:24:15,22.288182,70.750963,13.4,Realme,Realme 9 Pro,eSAKSHI Mobile App
EV-DEMO-01216,MPLADS-DEMO-000608,COMPLETION_PHOTO,Geo-tagged Asset Verification Photograph - Village-57,MPLADS-DEMO-000608_verification_stage.jpg,image/jpeg,425801,c3f9cf01372c3f04e6a264cc92983d4befd74998b6734c7ba945ad8c12ee95c9,46ffab3bfde17903,2023-12-22 15:42:10,22.288353,70.750975,28.7,Realme,Realme 9 Pro,eSAKSHI Mobile App
EV-DEMO-01217,MPLADS-DEMO-000609,PROGRESS_PHOTO,Site Inspection Photograph - Construction Stage - Village-44,MPLADS-DEMO-000609_progress_stage.jpg,image/jpeg,269939,6d5e1a07488c5538a64a961355bd6e868b0f70a1b435552e60b0664eb92c2884,e1f8202ff5ca8f55,2024-08-09 11:24:15,9.901625,78.152491,11.0,Apple,iPhone 13,eSAKSHI Mobile App
EV-DEMO-01218,MPLADS-DEMO-000609,SITE_IMAGE,Geo-tagged Asset Verification Photograph - Village-44,MPLADS-DEMO-000609_verification_stage.jpg,image/jpeg,245546,1d6bc49bf8a0d51cfd4ab72e34c91e625264de2a5a817f1e978669d2880747cc,243e821a8b0172a6,2024-11-25 15:42:10,9.901592,78.152253,32.3,Apple,iPhone 13,eSAKSHI Mobile App
EV-DEMO-01219,MPLADS-DEMO-000610,PROGRESS_PHOTO,Site Inspection Photograph - Construction Stage - Village-40,MPLADS-DEMO-000610_progress_stage.jpg,image/jpeg,240701,793d1bf39dbed5b11ab334fab21895022f871c78e280ce47b0d4ea84db706dd9,f090c066dbf08f64,2024-04-27 11:24:15,11.705749,76.08544,18.9,Vivo,Vivo V23 5G,eSAKSHI Mobile App
EV-DEMO-01220,MPLADS-DEMO-000610,COMPLETION_PHOTO,Geo-tagged Asset Verification Photograph - Village-40,MPLADS-DEMO-000610_verification_stage.jpg,image/jpeg,245546,1d6bc49bf8a0d51cfd4ab72e34c91e625264de2a5a817f1e978669d2880747cc,243e821a8b0172a6,2024-05-07 15:42:10,11.706021,76.085592,16.1,Vivo,Vivo V23 5G,eSAKSHI Mobile App
EV-DEMO-01221,MPLADS-DEMO-000611,PROGRESS_PHOTO,Site Inspection Photograph - Construction Stage - Village-120,MPLADS-DEMO-000611_progress_stage.jpg,image/jpeg,262718,82673a7cc4a43980c2a6e98008569324762fa259d70fc0dc1a4667b6b92accd4,f96cfac20f2e5777,2024-07-10 11:24:15,19.997953,73.760799,23.4,Realme,Realme 9 Pro,eSAKSHI Mobile App
EV-DEMO-01222,MPLADS-DEMO-000611,SITE_IMAGE,Geo-tagged Asset Verification Photograph - Village-120,MPLADS-DEMO-000611_verification_stage.jpg,image/jpeg,431423,57b5596c6395bc9ac95d9244cb32284ea6a44ecb9b556614d1d4d7770c4f0063,7dacb6c091af8420,2024-09-11 15:42:10,19.997993,73.760765,25.2,Realme,Realme 9 Pro,eSAKSHI Mobile App
EV-DEMO-01223,MPLADS-DEMO-000612,PROGRESS_PHOTO,Site Inspection Photograph - Construction Stage - Village-24,MPLADS-DEMO-000612_progress_stage.jpg,image/jpeg,197624,236798dd8cd013b1597aacac71ba61baccefd0f8750a8b231af7ac8675f25c5b,be9b8079f2efb16b,2023-03-28 11:24:15,23.277235,77.357392,26.5,Xiaomi,Redmi Note 11,eSAKSHI Mobile App
EV-DEMO-01224,MPLADS-DEMO-000612,COMPLETION_PHOTO,Geo-tagged Asset Verification Photograph - Village-24,MPLADS-DEMO-000612_verification_stage.jpg,image/jpeg,431423,57b5596c6395bc9ac95d9244cb32284ea6a44ecb9b556614d1d4d7770c4f0063,7dacb6c091af8420,2023-06-09 15:42:10,23.277633,77.357589,25.1,Xiaomi,Redmi Note 11,eSAKSHI Mobile App
EV-DEMO-01225,MPLADS-DEMO-000613,PROGRESS_PHOTO,Site Inspection Photograph - Construction Stage - Village-35,MPLADS-DEMO-000613_progress_stage.jpg,image/jpeg,243867,c8614b15e6e0250cd4146b65643e476478c4119c0b4450a33e54451f089f2266,a6a271de60401138,2023-09-27 11:24:15,11.682749,76.133931,2.3,Samsung,SM-A525F,eSAKSHI Mobile App
EV-DEMO-01226,MPLADS-DEMO-000613,COMPLETION_PHOTO,Geo-tagged Asset Verification Photograph - Village-35,MPLADS-DEMO-000613_verification_stage.jpg,image/jpeg,342818,5434eff5365272f7f5584a0a8291b5c83e32fe4e0ddcbe674b99a1a4a559b065,c03380ad74ef1e88,2023-11-29 15:42:10,11.682786,76.134154,22.4,Samsung,SM-A525F,eSAKSHI Mobile App
EV-DEMO-01227,MPLADS-DEMO-000614,PROGRESS_PHOTO,Site Inspection Photograph - Construction Stage - Village-89,MPLADS-DEMO-000614_progress_stage.jpg,image/jpeg,258441,91d978531de662b491fbf13fa9d9fc89af18e276f26b508d458f4d084fcd92b6,ddfe8d409d35fece,2023-11-11 11:24:15,9.948285,76.330872,12.7,Realme,Realme 9 Pro,eSAKSHI Mobile App
EV-DEMO-01228,MPLADS-DEMO-000614,COMPLETION_PHOTO,Geo-tagged Asset Verification Photograph - Village-89,MPLADS-DEMO-000614_verification_stage.jpg,image/jpeg,342818,5434eff5365272f7f5584a0a8291b5c83e32fe4e0ddcbe674b99a1a4a559b065,c03380ad74ef1e88,2024-03-23 15:42:10,9.94823,76.330745,27.8,Realme,Realme 9 Pro,eSAKSHI Mobile App
EV-DEMO-01229,MPLADS-DEMO-000615,PROGRESS_PHOTO,Site Inspection Photograph - Construction Stage - Village-14,MPLADS-DEMO-000615_progress_stage.jpg,image/jpeg,415193,eb9adc706a810406857e1d6c17153773ab3f93e475ffe7733588b7bba4f39963,6e93e6da20910cda,2024-03-19 11:24:15,18.428459,79.112923,19.8,Vivo,Vivo V23 5G,eSAKSHI Mobile App
EV-DEMO-01230,MPLADS-DEMO-000615,COMPLETION_PHOTO,Geo-tagged Asset Verification Photograph - Village-14,MPLADS-DEMO-000615_verification_stage.jpg,image/jpeg,328452,581c23c2bb0366ed264cf690f6d34c0ff545c09e3827bfca428fcab047f79d00,cd0fac818da8f754,2024-07-09 15:42:10,18.428778,79.112882,32.6,Vivo,Vivo V23 5G,eSAKSHI Mobile App
EV-DEMO-01231,MPLADS-DEMO-000616,PROGRESS_PHOTO,Site Inspection Photograph - Construction Stage - Village-55,MPLADS-DEMO-000616_progress_stage.jpg,image/jpeg,201518,a97c02c45e2e3179945ba9496372ab8f3ae259b35615742f296e3114f3c9c906,9333734460f7cd31,2024-07-06 11:24:15,12.999848,77.584988,16.0,OnePlus,Nord CE 2,eSAKSHI Mobile App
EV-DEMO-01232,MPLADS-DEMO-000616,SITE_IMAGE,Geo-tagged Asset Verification Photograph - Village-55,MPLADS-DEMO-000616_verification_stage.jpg,image/jpeg,328452,581c23c2bb0366ed264cf690f6d34c0ff545c09e3827bfca428fcab047f79d00,cd0fac818da8f754,2024-10-07 15:42:10,13.000039,77.584962,30.1,OnePlus,Nord CE 2,eSAKSHI Mobile App
EV-DEMO-01233,MPLADS-DEMO-000617,PROGRESS_PHOTO,Site Inspection Photograph - Construction Stage - Village-85,MPLADS-DEMO-000617_progress_stage.jpg,image/jpeg,305584,563684a8ee7e0fc97e91545bd5225d8dfba74c61b7f8bf0a4751f8e423e8359f,4d1101a85070cf1a,2023-09-01 11:24:15,24.559356,73.661577,24.0,Realme,Realme 9 Pro,eSAKSHI Mobile App
EV-DEMO-01234,MPLADS-DEMO-000617,COMPLETION_PHOTO,Geo-tagged Asset Verification Photograph - Village-85,MPLADS-DEMO-000617_verification_stage.jpg,image/jpeg,316721,47c1abd93fff819105c51852b29e65b6e8fb32e8b58b25ef6f846c2318e8064b,c735df5ef7697fb9,2023-11-14 15:42:10,24.558943,73.661185,36.7,Realme,Realme 9 Pro,eSAKSHI Mobile App
EV-DEMO-01235,MPLADS-DEMO-000618,PROGRESS_PHOTO,Site Inspection Photograph - Construction Stage - Village-32,MPLADS-DEMO-000618_progress_stage.jpg,image/jpeg,217055,c74a88a1a56b791889c942b20f118a16ddef6442e17434bc38609340b2aa2471,b075e352e896c710,2023-08-12 11:24:15,12.349506,76.575173,13.6,Vivo,Vivo V23 5G,eSAKSHI Mobile App
EV-DEMO-01236,MPLADS-DEMO-000618,COMPLETION_PHOTO,Geo-tagged Asset Verification Photograph - Village-32,MPLADS-DEMO-000618_verification_stage.jpg,image/jpeg,429366,f80c9d326490a84a1bba678606bcb03a2cda0008ba482b0bd02f5946f74b0ad4,7a3e3d50888af88e,2023-11-16 15:42:10,12.349512,76.575115,19.9,Vivo,Vivo V23 5G,eSAKSHI Mobile App
EV-DEMO-01237,MPLADS-DEMO-000619,PROGRESS_PHOTO,Site Inspection Photograph - Construction Stage - Village-42,MPLADS-DEMO-000619_progress_stage.jpg,image/jpeg,343053,a88fbbf31cd30603809eda854b12029f44a35574dbffaec2501fad087658f7a3,e3059858260ff43a,2023-07-05 11:24:15,23.13481,80.018462,15.3,Vivo,Vivo V23 5G,eSAKSHI Mobile App
EV-DEMO-01238,MPLADS-DEMO-000619,COMPLETION_PHOTO,Geo-tagged Asset Verification Photograph - Village-42,MPLADS-DEMO-000619_verification_stage.jpg,image/jpeg,297968,e1ca28f4345cfe807715464d29d974b6de7cc21909dbe924a33b2a6eaeb67bb3,7e0589cf06b0cb7d,2023-10-01 15:42:10,23.134849,80.018441,20.1,Vivo,Vivo V23 5G,eSAKSHI Mobile App
EV-DEMO-01239,MPLADS-DEMO-000620,PROGRESS_PHOTO,Site Inspection Photograph - Construction Stage - Village-42,MPLADS-DEMO-000620_progress_stage.jpg,image/jpeg,270106,759a128dc0ef1863bc44d0007a81b06eb599d6c480b59d23b419f41691c0df68,47429d44131eba0b,2023-11-28 11:24:15,11.280403,75.83873,4.5,Apple,iPhone 13,eSAKSHI Mobile App
EV-DEMO-01240,MPLADS-DEMO-000620,COMPLETION_PHOTO,Geo-tagged Asset Verification Photograph - Village-42,MPLADS-DEMO-000620_verification_stage.jpg,image/jpeg,369167,aa6750a72f16ca0b2a9f2e97de87457040561f06ff7dd1c6b6f09a63a4258a7a,767cdd9ba5dc1a8c,2024-04-03 15:42:10,11.280591,75.838424,35.4,Apple,iPhone 13,eSAKSHI Mobile App
EV-DEMO-01241,MPLADS-DEMO-000621,PROGRESS_PHOTO,Site Inspection Photograph - Construction Stage - Village-34,MPLADS-DEMO-000621_progress_stage.jpg,image/jpeg,224776,574f662244229e42be9a828f2247aea27c747cb1b8d7aba8e6f91f1e03a57e92,9a72818c9a0ee69a,2023-04-18 11:24:15,19.329382,84.938854,22.1,Apple,iPhone 13,eSAKSHI Mobile App
EV-DEMO-01242,MPLADS-DEMO-000621,COMPLETION_PHOTO,Geo-tagged Asset Verification Photograph - Village-34,MPLADS-DEMO-000621_verification_stage.jpg,image/jpeg,267987,7bd4e4e4f56fcb925365d330e694d37ee3990f2ce38eb9478d17418e260937d5,8912dbce14440113,2023-07-09 15:42:10,19.329553,84.938922,33.8,Apple,iPhone 13,eSAKSHI Mobile App
EV-DEMO-01243,MPLADS-DEMO-000622,PROGRESS_PHOTO,Site Inspection Photograph - Construction Stage - Village-123,MPLADS-DEMO-000622_progress_stage.jpg,image/jpeg,236395,2a893ee19450f04cc6a666a9526304a9a8a1bdbcefd508ebed3daa790415e99f,851ef58cbaaff794,2023-12-11 11:24:15,11.231369,75.778619,8.7,Realme,Realme 9 Pro,eSAKSHI Mobile App
EV-DEMO-01244,MPLADS-DEMO-000622,COMPLETION_PHOTO,Geo-tagged Asset Verification Photograph - Village-123,MPLADS-DEMO-000622_verification_stage.jpg,image/jpeg,325521,6f6a5fc1e5d24fbd62a894c2c4c07950067f66872b873f2d947d59cad1c6b260,8912dbce1444051b,2024-03-14 15:42:10,11.231254,75.778783,30.4,Realme,Realme 9 Pro,eSAKSHI Mobile App
EV-DEMO-01245,MPLADS-DEMO-000623,PROGRESS_PHOTO,Site Inspection Photograph - Construction Stage - Village-51,MPLADS-DEMO-000623_progress_stage.jpg,image/jpeg,323584,1fc4c3daebec20532c2b6c188935226aedb2215f989e98f79cebfa476761b826,86c80a8289c3c250,2023-07-01 11:24:15,26.843411,80.982982,12.0,Vivo,Vivo V23 5G,eSAKSHI Mobile App
EV-DEMO-01246,MPLADS-DEMO-000623,SITE_IMAGE,Geo-tagged Asset Verification Photograph - Village-51,MPLADS-DEMO-000623_verification_stage.jpg,image/jpeg,312801,3003aee133aeada2db85edd314a1a16490ea192d1d74d76b27a54917369e3609,0f6492cb2a9bcd5f,2023-10-21 15:42:10,26.843465,80.983092,22.4,Vivo,Vivo V23 5G,eSAKSHI Mobile App
EV-DEMO-01247,MPLADS-DEMO-000624,PROGRESS_PHOTO,Site Inspection Photograph - Construction Stage - Village-38,MPLADS-DEMO-000624_progress_stage.jpg,image/jpeg,229565,faf431137e2fdde2ec086c4e128b89e78cd8c46abde78eb8f836a9899e32752d,19e6e87bc6217250,2023-12-01 11:24:15,23.013047,72.586687,20.6,OnePlus,Nord CE 2,eSAKSHI Mobile App
EV-DEMO-01248,MPLADS-DEMO-000624,SITE_IMAGE,Geo-tagged Asset Verification Photograph - Village-38,MPLADS-DEMO-000624_verification_stage.jpg,image/jpeg,300727,943d9134f6fd625c912b89bf14115bc1ecae015a6be4ba94b2221f5e19974b4d,0f6492cb2a9bc957,2024-02-23 15:42:10,23.012695,72.586605,25.8,OnePlus,Nord CE 2,eSAKSHI Mobile App
EV-DEMO-01249,MPLADS-DEMO-000625,PROGRESS_PHOTO,Site Inspection Photograph - Construction Stage - Village-165,MPLADS-DEMO-000625_progress_stage.jpg,image/jpeg,276986,da6db10d995a37a3d2ceeccac4e8b3eeb39f9f7e5bd5666c88e5e7f876d5e50e,3aee12198094f694,2023-10-10 11:24:15,22.964056,72.52075,18.2,Vivo,Vivo V23 5G,eSAKSHI Mobile App
EV-DEMO-01250,MPLADS-DEMO-000625,COMPLETION_PHOTO,Geo-tagged Asset Verification Photograph - Village-165,MPLADS-DEMO-000625_verification_stage.jpg,image/jpeg,237274,cf40149bf4a59d23f051e803916db62eedd22717fe3f28844f625efe28f385a7,64ce737525660d46,2024-02-05 15:42:10,22.964193,72.520912,21.1,Vivo,Vivo V23 5G,eSAKSHI Mobile App
EV-DEMO-01251,MPLADS-DEMO-000626,PROGRESS_PHOTO,Site Inspection Photograph - Construction Stage - Village-83,MPLADS-DEMO-000626_progress_stage.jpg,image/jpeg,220563,4aac69e586213c1d70ee65c8259d4fce38fb61e00445b167c43b81aa1c7b5a4b,94914ef7b300e48e,2023-07-29 11:24:15,22.984926,72.567774,14.6,OnePlus,Nord CE 2,eSAKSHI Mobile App
EV-DEMO-01252,MPLADS-DEMO-000626,COMPLETION_PHOTO,Geo-tagged Asset Verification Photograph - Village-83,MPLADS-DEMO-000626_verification_stage.jpg,image/jpeg,255694,802a2eac0f611b5a21b71b0a7a18401d0391de6f7d04c914946d73beb0976be1,64ce73752566094e,2023-11-15 15:42:10,22.9853,72.567645,29.8,OnePlus,Nord CE 2,eSAKSHI Mobile App
EV-DEMO-01253,MPLADS-DEMO-000627,PROGRESS_PHOTO,Site Inspection Photograph - Construction Stage - Village-198,MPLADS-DEMO-000627_progress_stage.jpg,image/jpeg,267120,b424f023ff4d73938a53d3f3b91220e141b88d5e329220b9ab145ff1d18d5a59,35f387b4bb8a821b,2024-01-28 11:24:15,22.350792,70.780158,21.0,Vivo,Vivo V23 5G,eSAKSHI Mobile App
EV-DEMO-01254,MPLADS-DEMO-000627,COMPLETION_PHOTO,Geo-tagged Asset Verification Photograph - Village-198,MPLADS-DEMO-000627_verification_stage.jpg,image/jpeg,238297,1b6f4b5d3c29f778879a2a89606510e06c30602ff8094a6c1f1eeb8f9b0274e8,3c0cc6c76f2f04f7,2024-05-19 15:42:10,22.350871,70.780075,21.1,Vivo,Vivo V23 5G,eSAKSHI Mobile App
EV-DEMO-01255,MPLADS-DEMO-000628,PROGRESS_PHOTO,Site Inspection Photograph - Construction Stage - Village-162,MPLADS-DEMO-000628_progress_stage.jpg,image/jpeg,391934,887ff4616a889c16e43aa9e111ff8c431a744adc6f733df1605ebc79d52304e6,5caadb8f63662b8e,2024-05-08 11:24:15,21.201625,72.781622,17.8,Samsung,SM-A525F,eSAKSHI Mobile App
EV-DEMO-01256,MPLADS-DEMO-000628,COMPLETION_PHOTO,Geo-tagged Asset Verification Photograph - Village-162,MPLADS-DEMO-000628_verification_stage.jpg,image/jpeg,256111,8125a44bd7001e058213f577c5e7afeef75841343cc20dab40c7a4c7f9ebc223,3c0cc6c76f2f00ff,2024-07-21 15:42:10,21.201614,72.781716,13.9,Samsung,SM-A525F,eSAKSHI Mobile App
EV-DEMO-01257,MPLADS-DEMO-000629,PROGRESS_PHOTO,Site Inspection Photograph - Construction Stage - Village-186,MPLADS-DEMO-000629_progress_stage.jpg,image/jpeg,412783,6354a37fee776399138a3e061436d07ba31a125033193897f36e96864cae07e8,656679ac82910f90,2024-01-21 11:24:15,9.921686,78.153547,26.6,Apple,iPhone 13,eSAKSHI Mobile App
EV-DEMO-01258,MPLADS-DEMO-000629,COMPLETION_PHOTO,Geo-tagged Asset Verification Photograph - Village-186,MPLADS-DEMO-000629_verification_stage.jpg,image/jpeg,368900,6ac322333f18d6369f3b79da7d725449f68e65491e5448089bc7eadc13e402bd,e07b1c4d231e619f,2024-05-04 15:42:10,9.92179,78.153796,9.7,Apple,iPhone 13,eSAKSHI Mobile App
EV-DEMO-01259,MPLADS-DEMO-000630,PROGRESS_PHOTO,Site Inspection Photograph - Construction Stage - Village-18,MPLADS-DEMO-000630_progress_stage.jpg,image/jpeg,400046,6675b8d48750e90bed5d09ae4404e4f4b031e2bbd5e54a5828076fb977e35acc,bb38730062beb8cc,2023-07-31 11:24:15,9.979295,76.302952,9.0,Apple,iPhone 13,eSAKSHI Mobile App
EV-DEMO-01260,MPLADS-DEMO-000630,SITE_IMAGE,Geo-tagged Asset Verification Photograph - Village-18,MPLADS-DEMO-000630_verification_stage.jpg,image/jpeg,370131,5a5be207aa3d0e5d135b6fca60dfded834f84beb2d0a53fdaaacce6e10cfacbb,e07b1c4d231e6597,2023-12-03 15:42:10,9.979326,76.303139,17.0,Apple,iPhone 13,eSAKSHI Mobile App
EV-DEMO-01261,MPLADS-DEMO-000631,PROGRESS_PHOTO,Site Inspection Photograph - Construction Stage - Village-190,MPLADS-DEMO-000631_progress_stage.jpg,image/jpeg,228172,bdbee551fa7c73c939e16aaab5f9c47f395d95f90d1290d00c6dbe49cde9f85c,50f9bd0313cf6e58,2023-06-24 11:24:15,18.713237,78.093476,17.1,Vivo,Vivo V23 5G,eSAKSHI Mobile App
EV-DEMO-01262,MPLADS-DEMO-000631,COMPLETION_PHOTO,Geo-tagged Asset Verification Photograph - Village-190,MPLADS-DEMO-000631_verification_stage.jpg,image/jpeg,349932,4762977f0f59aff9e237629aa9e16ed67c652623f4bb238ef4215e9acfa7daa7,54a9c03e3122ff76,2023-10-14 15:42:10,18.713444,78.093238,23.5,Vivo,Vivo V23 5G,eSAKSHI Mobile App
EV-DEMO-01263,MPLADS-DEMO-000632,PROGRESS_PHOTO,Site Inspection Photograph - Construction Stage - Village-1,MPLADS-DEMO-000632_progress_stage.jpg,image/jpeg,201504,976038a74107326ea289063a0ac15edf8644e61f26bbf9bd29a3b199f5af0766,cec0ef2af777411b,2023-12-10 11:24:15,26.716222,83.336438,21.2,Vivo,Vivo V23 5G,eSAKSHI Mobile App
EV-DEMO-01264,MPLADS-DEMO-000632,COMPLETION_PHOTO,Geo-tagged Asset Verification Photograph - Village-1,MPLADS-DEMO-000632_verification_stage.jpg,image/jpeg,222010,a7612fb066bbc14a87fc506d4fa1c2b6072cadcd25f2b968d16170467cbc391d,54a9c03e3122fb7e,2024-04-13 15:42:10,26.71665,83.336697,33.2,Vivo,Vivo V23 5G,eSAKSHI Mobile App
EV-DEMO-01265,MPLADS-DEMO-000633,PROGRESS_PHOTO,Site Inspection Photograph - Construction Stage - Village-182,MPLADS-DEMO-000633_progress_stage.jpg,image/jpeg,347959,feff61a5e4bf81282b720eae62f520bb24d62e45fcbd299b044e11c489a98b8a,1cb8fb0d01908444,2023-03-20 11:24:15,20.150974,85.571782,21.3,Realme,Realme 9 Pro,eSAKSHI Mobile App
EV-DEMO-01266,MPLADS-DEMO-000633,COMPLETION_PHOTO,Geo-tagged Asset Verification Photograph - Village-182,MPLADS-DEMO-000633_verification_stage.jpg,image/jpeg,240866,cdca31d5ca45b61d9f36deec249eac475cd17a1614ebf00556fe6250ff8007b6,b2a03e8ef8dd34fb,2023-06-25 15:42:10,20.150921,85.571439,28.5,Realme,Realme 9 Pro,eSAKSHI Mobile App
EV-DEMO-01267,MPLADS-DEMO-000634,PROGRESS_PHOTO,Site Inspection Photograph - Construction Stage - Village-137,MPLADS-DEMO-000634_progress_stage.jpg,image/jpeg,245551,86e040cddc56c5bc8cbf8cbd8ac062678d0fa2039fd0c1122a70d80209449dd3,808274db10accc34,2023-05-15 11:24:15,26.796859,80.965388,14.8,Apple,iPhone 13,eSAKSHI Mobile App
EV-DEMO-01268,MPLADS-DEMO-000634,COMPLETION_PHOTO,Geo-tagged Asset Verification Photograph - Village-137,MPLADS-DEMO-000634_verification_stage.jpg,image/jpeg,284131,0c9ddd37c322fff1eb6bb375e2da06a4b55dae4a8715f8fc326229472525354d,b9eeae4d157beb65,2023-06-23 15:42:10,26.796984,80.965298,30.1,Apple,iPhone 13,eSAKSHI Mobile App
EV-DEMO-01269,MPLADS-DEMO-000635,PROGRESS_PHOTO,Site Inspection Photograph - Construction Stage - Village-92,MPLADS-DEMO-000635_progress_stage.jpg,image/jpeg,201946,34ff8a64b1e91cae51b8d48f058df045afba77cf656648502cc03dcc4288131e,5e31cd8abd24df49,2024-02-22 11:24:15,11.627976,78.206341,24.2,Realme,Realme 9 Pro,eSAKSHI Mobile App
EV-DEMO-01270,MPLADS-DEMO-000635,COMPLETION_PHOTO,Geo-tagged Asset Verification Photograph - Village-92,MPLADS-DEMO-000635_verification_stage.jpg,image/jpeg,420820,7c1b0aecef73e7183bbd6cbedd4ffcd62c2c9ea11e74571b4cc9d2d1cc24ee17,d56a64cd91ad85b4,2024-06-05 15:42:10,11.627992,78.206394,22.7,Realme,Realme 9 Pro,eSAKSHI Mobile App
EV-DEMO-01271,MPLADS-DEMO-000636,PROGRESS_PHOTO,Site Inspection Photograph - Construction Stage - Village-114,MPLADS-DEMO-000636_progress_stage.jpg,image/jpeg,329023,5422924aade2c766e1cbd2aed5ea7ddbf96345bbcc5cd4959163105e7827f951,19b8131458e7cb3c,2023-10-23 11:24:15,9.888996,78.089877,19.3,Xiaomi,Redmi Note 11,eSAKSHI Mobile App
EV-DEMO-01272,MPLADS-DEMO-000636,SITE_IMAGE,Geo-tagged Asset Verification Photograph - Village-114,MPLADS-DEMO-000636_verification_stage.jpg,image/jpeg,311477,f0b1a3797be168cd693c664064b127c181e77ac617d0da31ebcef762ef5b1695,849e761739fff0d4,2024-02-13 15:42:10,9.888812,78.089531,24.5,Xiaomi,Redmi Note 11,eSAKSHI Mobile App
EV-DEMO-01273,MPLADS-DEMO-000637,PROGRESS_PHOTO,Site Inspection Photograph - Construction Stage - Village-24,MPLADS-DEMO-000637_progress_stage.jpg,image/jpeg,365707,218bf3b4932995dc1675776dcd0101dee4c367a155c5a1d2e25a36922123b09e,a8cb83eeddd50f88,2024-03-20 11:24:15,24.584874,73.707341,12.1,Apple,iPhone 13,eSAKSHI Mobile App
EV-DEMO-01274,MPLADS-DEMO-000637,SITE_IMAGE,Geo-tagged Asset Verification Photograph - Village-24,MPLADS-DEMO-000637_verification_stage.jpg,image/jpeg,330793,daf87d56da0d034ff209a707984914fc0348df91647e59811cf75b23f05b7037,b9d5a5ba1e3c0831,2024-05-08 15:42:10,24.585022,73.706928,33.8,Apple,iPhone 13,eSAKSHI Mobile App
EV-DEMO-01275,MPLADS-DEMO-000638,PROGRESS_PHOTO,Site Inspection Photograph - Construction Stage - Village-18,MPLADS-DEMO-000638_progress_stage.jpg,image/jpeg,346081,957d51f61bac84198b9ebf385913a9fd1cfd4fe0adca22fe64c2b4cf6127ccf2,bca1364aa70932c9,2023-05-25 11:24:15,18.392378,79.119284,14.5,Xiaomi,Redmi Note 11,eSAKSHI Mobile App
EV-DEMO-01276,MPLADS-DEMO-000638,COMPLETION_PHOTO,Geo-tagged Asset Verification Photograph - Village-18,MPLADS-DEMO-000638_verification_stage.jpg,image/jpeg,449004,86b9bd2b918e2a9441723451089dacb44322b87156d014da959ecfa031aca76c,f9c1a1413fbe648c,2023-07-22 15:42:10,18.392253,79.119387,16.5,Xiaomi,Redmi Note 11,eSAKSHI Mobile App
EV-DEMO-01277,MPLADS-DEMO-000639,PROGRESS_PHOTO,Site Inspection Photograph - Construction Stage - Village-196,MPLADS-DEMO-000639_progress_stage.jpg,image/jpeg,192222,883b2b6b06449a3fe00d34fa4ac19efac1f285708e17a670a73ca6d8ad7761f5,a656ac2f38b18c91,2023-06-11 11:24:15,21.188647,79.144566,19.9,Samsung,SM-A525F,eSAKSHI Mobile App
EV-DEMO-01278,MPLADS-DEMO-000639,COMPLETION_PHOTO,Geo-tagged Asset Verification Photograph - Village-196,MPLADS-DEMO-000639_verification_stage.jpg,image/jpeg,350158,b327822fb26c427f43a151bf8c7166402e9ab66ad42f3ab481fe5c50fd2df7fb,a71c9aed0f8082b2,2023-09-11 15:42:10,21.188864,79.144956,27.9,Samsung,SM-A525F,eSAKSHI Mobile App
EV-DEMO-01279,MPLADS-DEMO-000640,PROGRESS_PHOTO,Site Inspection Photograph - Construction Stage - Village-52,MPLADS-DEMO-000640_progress_stage.jpg,image/jpeg,246607,2118e49f68192d028c8ece13b3c16653a315f5dfaa373668ed82c7b6a67a0d48,7cf8b3aabbaffba2,2023-11-15 11:24:15,18.391746,79.162651,11.2,OnePlus,Nord CE 2,eSAKSHI Mobile App
EV-DEMO-01280,MPLADS-DEMO-000640,SITE_IMAGE,Geo-tagged Asset Verification Photograph - Village-52,MPLADS-DEMO-000640_verification_stage.jpg,image/jpeg,274013,22d7b2b2529d6839b664ba086a42bd4e4fb30a3698be2d1f55561c0c1c4da96b,bd1958eee398d5e4,2024-03-31 15:42:10,18.391515,79.162535,20.7,OnePlus,Nord CE 2,eSAKSHI Mobile App
EV-DEMO-01281,MPLADS-DEMO-000641,PROGRESS_PHOTO,Site Inspection Photograph - Construction Stage - Village-6,MPLADS-DEMO-000641_progress_stage.jpg,image/jpeg,228828,4b220b6186aee3891a30b2158f01569250ca2caa8c19bdfe765bd9ed45960ba5,28c3c8b13848c57b,2023-10-31 11:24:15,11.70648,78.094284,11.1,Xiaomi,Redmi Note 11,eSAKSHI Mobile App
EV-DEMO-01282,MPLADS-DEMO-000641,COMPLETION_PHOTO,Geo-tagged Asset Verification Photograph - Village-6,MPLADS-DEMO-000641_verification_stage.jpg,image/jpeg,478288,93e4a729c6d59619f554e66dc0ec0efbdfba960210605370e3001523a1bd6e53,260b61690de20878,2024-02-15 15:42:10,11.891727,78.204265,23801.7,Xiaomi,Redmi Note 11,eSAKSHI Mobile App
EV-DEMO-01283,MPLADS-DEMO-000642,PROGRESS_PHOTO,Site Inspection Photograph - Construction Stage - Village-168,MPLADS-DEMO-000642_progress_stage.jpg,image/jpeg,345610,cf550d0e7e2242351a529f5672ff2f0e5f6f4f3720c18f8aa6dad5ef1fe86e9c,f02320ec53b697a8,2024-04-17 11:24:15,22.691973,75.912379,17.2,Apple,iPhone 13,eSAKSHI Mobile App
EV-DEMO-01284,MPLADS-DEMO-000642,SITE_IMAGE,Geo-tagged Asset Verification Photograph - Village-168,MPLADS-DEMO-000642_verification_stage.jpg,image/jpeg,233025,223f39d54741e1c653210236a4b6808ecde8aa7fb2c0ab7f95c05ffaace8bceb,9a3687ed7f495ffd,2024-08-15 15:42:10,22.87683,76.022704,23459.3,Apple,iPhone 13,eSAKSHI Mobile App
EV-DEMO-01285,MPLADS-DEMO-000643,PROGRESS_PHOTO,Site Inspection Photograph - Construction Stage - Village-20,MPLADS-DEMO-000643_progress_stage.jpg,image/jpeg,398039,49e7af4d738c58083a6dc2dc8e0612a1edf2a0026e91eea0c89bc827f4f7f3e0,b52fd26e407e5eb4,2023-07-16 11:24:15,21.160652,79.038703,24.3,Vivo,Vivo V23 5G,eSAKSHI Mobile App
EV-DEMO-01286,MPLADS-DEMO-000643,COMPLETION_PHOTO,Geo-tagged Asset Verification Photograph - Village-20,MPLADS-DEMO-000643_verification_stage.jpg,image/jpeg,398016,6ac299de8a388c2291e85e275a9fc76ed78dc4e5d53fbdfe4e13f80e49719993,03bd820455af5196,2023-08-28 15:42:10,21.345698,79.148537,23518.5,Vivo,Vivo V23 5G,eSAKSHI Mobile App
EV-DEMO-01287,MPLADS-DEMO-000644,PROGRESS_PHOTO,Site Inspection Photograph - Construction Stage - Village-78,MPLADS-DEMO-000644_progress_stage.jpg,image/jpeg,284631,cc6ffffe5d2db1aa9d9ca9fd41802a4cdaab2d96ff29c6858bf2a139cdb70942,100aac27720387d5,2024-03-10 11:24:15,18.536524,73.829193,21.9,Vivo,Vivo V23 5G,eSAKSHI Mobile App
EV-DEMO-01288,MPLADS-DEMO-000644,COMPLETION_PHOTO,Geo-tagged Asset Verification Photograph - Village-78,MPLADS-DEMO-000644_verification_stage.jpg,image/jpeg,231840,84b06e3217ef99c43e70bd998a7468b3ae472a27b6dfe60a029fc2a1c841ad01,adf35ee0d97a7bbb,2024-07-01 15:42:10,18.721907,73.939291,23611.6,Vivo,Vivo V23 5G,eSAKSHI Mobile App
EV-DEMO-01289,MPLADS-DEMO-000645,PROGRESS_PHOTO,Site Inspection Photograph - Construction Stage - Village-82,MPLADS-DEMO-000645_progress_stage.jpg,image/jpeg,346347,4bf42ea91646e4d555f3e41d6797dcfb53eb7feb47e45e996de6af8498b935bf,7884244c932141b0,2023-11-12 11:24:15,17.92292,79.587318,26.4,Apple,iPhone 13,eSAKSHI Mobile App
EV-DEMO-01290,MPLADS-DEMO-000645,SITE_IMAGE,Geo-tagged Asset Verification Photograph - Village-82,MPLADS-DEMO-000645_verification_stage.jpg,image/jpeg,383267,2fd5cfc828cf9e02176f21742c6bcae2baf6726ab29b124d752cd233438fb23e,5b70c94bd9ef4072,2024-02-02 15:42:10,18.108394,79.697221,23631.9,Apple,iPhone 13,eSAKSHI Mobile App
EV-DEMO-01291,MPLADS-DEMO-000646,PROGRESS_PHOTO,Site Inspection Photograph - Construction Stage - Village-82,MPLADS-DEMO-000646_progress_stage.jpg,image/jpeg,189247,30c274d13f3052a86191ef922f597bf226e16b065440b87b52d808e4d1cb1c66,d6bdfa8592a7e12e,2023-06-03 11:24:15,17.968332,79.591572,22.9,Realme,Realme 9 Pro,eSAKSHI Mobile App
EV-DEMO-01292,MPLADS-DEMO-000646,COMPLETION_PHOTO,Geo-tagged Asset Verification Photograph - Village-82,MPLADS-DEMO-000646_verification_stage.jpg,image/jpeg,395817,e8be8ac48238c7ebfeee620ec5df496c3d888be57668aa5040f1e7378842ce03,ba77dd9069967f70,2023-07-15 15:42:10,18.153387,79.701566,23630.4,Realme,Realme 9 Pro,eSAKSHI Mobile App
EV-DEMO-01293,MPLADS-DEMO-000647,PROGRESS_PHOTO,Site Inspection Photograph - Construction Stage - Village-59,MPLADS-DEMO-000647_progress_stage.jpg,image/jpeg,319157,7590bfb3133f33da30e9011fdd312797d7475c46dabf18aed237bebee46f18c1,bf1ef2de4d521216,2024-04-25 11:24:15,13.04939,77.578349,12.7,Realme,Realme 9 Pro,eSAKSHI Mobile App
EV-DEMO-01294,MPLADS-DEMO-000647,SITE_IMAGE,Geo-tagged Asset Verification Photograph - Village-59,MPLADS-DEMO-000647_verification_stage.jpg,image/jpeg,409710,fe36a31354d9d771d2d8ea35ce46d768d1aad069294f7567c3462d10cc1919ce,fc95150be4ebd188,2024-08-15 15:42:10,13.234758,77.688291,23770.6,Realme,Realme 9 Pro,eSAKSHI Mobile App
EV-DEMO-01295,MPLADS-DEMO-000648,PROGRESS_PHOTO,Site Inspection Photograph - Construction Stage - Village-143,MPLADS-DEMO-000648_progress_stage.jpg,image/jpeg,340784,c0d52a5d77bfd694e34b5c8afaa0b2795f16bd066abb3d138962ce2a29443c87,7c10b7b1189785a2,2024-05-27 11:24:15,20.177589,85.573732,19.3,Vivo,Vivo V23 5G,eSAKSHI Mobile App
EV-DEMO-01296,MPLADS-DEMO-000648,COMPLETION_PHOTO,Geo-tagged Asset Verification Photograph - Village-143,MPLADS-DEMO-000648_verification_stage.jpg,image/jpeg,414133,0ec9dcfd30ca1679d875f0a6b2c3d953b12d56e41d6809ada11a76c939021c1e,cf42c04379873fd0,2024-09-11 15:42:10,20.362708,85.683311,23554.6,Vivo,Vivo V23 5G,eSAKSHI Mobile App
EV-DEMO-01297,MPLADS-DEMO-000649,PROGRESS_PHOTO,Site Inspection Photograph - Construction Stage - Village-15,MPLADS-DEMO-000649_progress_stage.jpg,image/jpeg,216189,680b186e16655f5b2c85a63676c3e74ac76a3d7b0e378d0b3b3adabe319d1426,4d63280a706be6e9,2023-03-28 11:24:15,25.349676,82.923992,15.4,Apple,iPhone 13,eSAKSHI Mobile App
EV-DEMO-01298,MPLADS-DEMO-000649,SITE_IMAGE,Geo-tagged Asset Verification Photograph - Village-15,MPLADS-DEMO-000649_verification_stage.jpg,image/jpeg,261216,bfca47f3eeed3afdab67bd8569837874d7104d6e1f9b503f215b06cd28ed9a42,ec876ea0f4277384,2023-09-03 15:42:10,25.534764,83.034372,23348.8,Apple,iPhone 13,eSAKSHI Mobile App
EV-DEMO-01299,MPLADS-DEMO-000650,PROGRESS_PHOTO,Site Inspection Photograph - Construction Stage - Village-153,MPLADS-DEMO-000650_progress_stage.jpg,image/jpeg,253254,388a929b2d431d9e4e8fba2cc15b63e41f0cca0290c6d7d6cc5fe1215b1db427,74dd0ceb525fea0a,2023-03-29 11:24:15,11.064984,76.894528,21.5,Apple,iPhone 13,eSAKSHI Mobile App
EV-DEMO-01300,MPLADS-DEMO-000650,COMPLETION_PHOTO,Geo-tagged Asset Verification Photograph - Village-153,MPLADS-DEMO-000650_verification_stage.jpg,image/jpeg,444470,ba18c38c659d12dca462074049e099c1ef7653c22581ffdb08385fcffccce335,487a37285c550fd9,2023-07-11 15:42:10,11.25016,77.00459,23815.4,Apple,iPhone 13,eSAKSHI Mobile App
EV-DEMO-01301,MPLADS-DEMO-000651,PROGRESS_PHOTO,Site Inspection Photograph - Construction Stage - Village-77,MPLADS-DEMO-000651_progress_stage.jpg,image/jpeg,184371,a5391c7102b52248838ebba0576ce0c971d38666950261445a344c67cb27b782,6c9f2b36d62fbcbf,2023-08-21 11:24:15,11.25497,75.809218,13.4,Samsung,SM-A525F,eSAKSHI Mobile App
EV-DEMO-01302,MPLADS-DEMO-000651,SITE_IMAGE,Geo-tagged Asset Verification Photograph - Village-77,MPLADS-DEMO-000651_verification_stage.jpg,image/jpeg,344401,5f297c091b7c0ed9c474342e74b4d9b7b0de57f67130a7af3ebeae37efcade9f,7b99d3e7d6a2b3e0,2023-10-05 15:42:10,11.254822,75.809488,20.4,Samsung,SM-A525F,eSAKSHI Mobile App
EV-DEMO-01303,MPLADS-DEMO-000652,PROGRESS_PHOTO,Site Inspection Photograph - Construction Stage - Village-129,MPLADS-DEMO-000652_progress_stage.jpg,image/jpeg,371326,9c30df3b71b4c2d111785a6fed05dc63ac567333df84f17a45f449e40a12b32a,4888bec35dafb656,2024-01-15 11:24:15,9.881164,78.106437,17.6,OnePlus,Nord CE 2,eSAKSHI Mobile App
EV-DEMO-01304,MPLADS-DEMO-000652,COMPLETION_PHOTO,Geo-tagged Asset Verification Photograph - Village-129,MPLADS-DEMO-000652_verification_stage.jpg,image/jpeg,361963,f2f2f4d8fda5276b7c92e4e84fdab62a35ae292aa4d2429b5fabb74ee42cbf10,47230041659b443b,2024-03-04 15:42:10,9.881081,78.106601,29.8,OnePlus,Nord CE 2,eSAKSHI Mobile App
EV-DEMO-01305,MPLADS-DEMO-000653,PROGRESS_PHOTO,Site Inspection Photograph - Construction Stage - Village-33,MPLADS-DEMO-000653_progress_stage.jpg,image/jpeg,248056,2ef7e4fed22c90187cd69d8631e2d9164075e424724ae3fc1322c07c36c581ed,784d9dd32bb0fc4c,2024-03-08 11:24:15,26.792244,83.360353,10.8,Vivo,Vivo V23 5G,eSAKSHI Mobile App
EV-DEMO-01306,MPLADS-DEMO-000653,COMPLETION_PHOTO,Geo-tagged Asset Verification Photograph - Village-33,MPLADS-DEMO-000653_verification_stage.jpg,image/jpeg,399628,715b960c0280745ddb97e697fa832b220caf19df6c6b2b1b0277aba7b127cc21,cbbd14f6c9121a55,2024-06-25 15:42:10,26.792393,83.360391,24.8,Vivo,Vivo V23 5G,eSAKSHI Mobile App
EV-DEMO-01307,MPLADS-DEMO-000654,PROGRESS_PHOTO,Site Inspection Photograph - Construction Stage - Village-166,MPLADS-DEMO-000654_progress_stage.jpg,image/jpeg,334278,7eef3cd29e6a48761483d313b606a4e0ff1b3123bda695b60d54f40fde100014,20b62de69316a11f,2024-05-31 11:24:15,23.012625,72.541514,3.6,Xiaomi,Redmi Note 11,eSAKSHI Mobile App
EV-DEMO-01308,MPLADS-DEMO-000654,SITE_IMAGE,Geo-tagged Asset Verification Photograph - Village-166,MPLADS-DEMO-000654_verification_stage.jpg,image/jpeg,424349,bac44fd3cf176877fceb886f60dd54d449ab0ef6dc07b9a2191a48af98137283,955f89207f6a24cb,2024-08-20 15:42:10,23.012879,72.541764,38.0,Xiaomi,Redmi Note 11,eSAKSHI Mobile App
EV-DEMO-01309,MPLADS-DEMO-000655,PROGRESS_PHOTO,Site Inspection Photograph - Construction Stage - Village-153,MPLADS-DEMO-000655_progress_stage.jpg,image/jpeg,266869,432f824599f974b00e16ef1add506da1c6468dcecbbe5eef0820d5ee0c4b027e,7dde51d07fbcb282,2023-03-29 11:24:15,21.082283,79.141587,14.7,Realme,Realme 9 Pro,eSAKSHI Mobile App
EV-DEMO-01310,MPLADS-DEMO-000655,SITE_IMAGE,Geo-tagged Asset Verification Photograph - Village-153,MPLADS-DEMO-000655_verification_stage.jpg,image/jpeg,416487,f6271fe0d8cf3e0d3359c07370328ab9366d9ffa31af7c2d6d795df19703512c,3dae0518edf80cf4,2023-08-11 15:42:10,21.08206,79.141554,21.0,Realme,Realme 9 Pro,eSAKSHI Mobile App
EV-DEMO-01311,MPLADS-DEMO-000656,PROGRESS_PHOTO,Site Inspection Photograph - Construction Stage - Village-12,MPLADS-DEMO-000656_progress_stage.jpg,image/jpeg,313833,7d8fdfac2df805d196967b25ef06cd98053210e759172a8a8c36fb1cd6ccaeb3,525e90932519ea1c,2023-08-01 11:24:15,22.963869,72.518419,17.0,Realme,Realme 9 Pro,eSAKSHI Mobile App
EV-DEMO-01312,MPLADS-DEMO-000656,SITE_IMAGE,Geo-tagged Asset Verification Photograph - Village-12,MPLADS-DEMO-000656_verification_stage.jpg,image/jpeg,426987,65751e0d4a90fbf015ad7eebcb655b873306af8a8078577da0bfc30d45b02992,db5906f28e7613d5,2023-12-31 15:42:10,22.963756,72.518706,19.4,Realme,Realme 9 Pro,eSAKSHI Mobile App
EV-DEMO-01313,MPLADS-DEMO-000657,PROGRESS_PHOTO,Site Inspection Photograph - Construction Stage - Village-180,MPLADS-DEMO-000657_progress_stage.jpg,image/jpeg,413549,f59d40d0b016bdb02dbc4db5fb29b17bdecdb9788192982365c4ba5bd0ca5e16,9e3b2e77e0b93daf,2024-04-17 11:24:15,11.281585,75.758331,17.4,Vivo,Vivo V23 5G,eSAKSHI Mobile App
EV-DEMO-01314,MPLADS-DEMO-000657,COMPLETION_PHOTO,Geo-tagged Asset Verification Photograph - Village-180,MPLADS-DEMO-000657_verification_stage.jpg,image/jpeg,307292,2cc699650d5a4d1bed9310b492e1b54e21d4bf45d02d8743af125ee83eacac7e,0c7e81a764b48455,2024-06-08 15:42:10,11.28143,75.758569,13.8,Vivo,Vivo V23 5G,eSAKSHI Mobile App
EV-DEMO-01315,MPLADS-DEMO-000658,PROGRESS_PHOTO,Site Inspection Photograph - Construction Stage - Village-75,MPLADS-DEMO-000658_progress_stage.jpg,image/jpeg,416210,3f8660c4bac2c2410ac08623f318e079c9f6957aacd3df2a019a69ac6cb399bb,40ee3fba63fa9416,2024-04-02 11:24:15,20.137021,85.644996,20.2,Xiaomi,Redmi Note 11,eSAKSHI Mobile App
EV-DEMO-01316,MPLADS-DEMO-000658,COMPLETION_PHOTO,Geo-tagged Asset Verification Photograph - Village-75,MPLADS-DEMO-000658_verification_stage.jpg,image/jpeg,324469,de3dcb98c9fd21e1dde01001c9ac6564e2a42d2742d51b0bfe6858a7074b255f,e470317935c9a86e,2024-04-24 15:42:10,20.137015,85.644675,30.0,Xiaomi,Redmi Note 11,eSAKSHI Mobile App
EV-DEMO-01317,MPLADS-DEMO-000659,PROGRESS_PHOTO,Site Inspection Photograph - Construction Stage - Village-187,MPLADS-DEMO-000659_progress_stage.jpg,image/jpeg,415478,b9e0c722993f44dc54a27ebf6697dab194015774c9e016d4d165a5cb824dc6de,50ec18ac9e1e84bc,2023-09-07 11:24:15,20.011585,73.792644,19.9,Xiaomi,Redmi Note 11,eSAKSHI Mobile App
EV-DEMO-01318,MPLADS-DEMO-000659,COMPLETION_PHOTO,Geo-tagged Asset Verification Photograph - Village-187,MPLADS-DEMO-000659_verification_stage.jpg,image/jpeg,366251,fa4ee49983d1abe7cdcd5774d96950f5a9ce5d4d8416a7d7ee98d28fd8851cc4,b9be2338db6082d8,2023-12-21 15:42:10,20.011645,73.792783,4.7,Xiaomi,Redmi Note 11,eSAKSHI Mobile App
EV-DEMO-01319,MPLADS-DEMO-000660,PROGRESS_PHOTO,Site Inspection Photograph - Construction Stage - Village-62,MPLADS-DEMO-000660_progress_stage.jpg,image/jpeg,309816,ed0617bee15453e469742325eec3d495a7e56358680e5a970942b42135e171cb,494d9abd6745b83d,2023-11-27 11:24:15,17.931041,79.608414,3.9,Apple,iPhone 13,eSAKSHI Mobile App
EV-DEMO-01320,MPLADS-DEMO-000660,SITE_IMAGE,Geo-tagged Asset Verification Photograph - Village-62,MPLADS-DEMO-000660_verification_stage.jpg,image/jpeg,356036,4e342e6db438ca058c526b2778b4a658607e5fdb93af5c598d310c451f8dfe0f,273096df256c41b7,2024-02-27 15:42:10,17.930758,79.608719,42.9,Apple,iPhone 13,eSAKSHI Mobile App
EV-DEMO-01321,MPLADS-DEMO-000661,PROGRESS_PHOTO,Site Inspection Photograph - Construction Stage - Village-128,MPLADS-DEMO-000661_progress_stage.jpg,image/jpeg,372431,bd6d17b2ce3fbec5023ff2a8eee234bddebd23bf50dd2b6385be1c525fefa851,f816b8d188a6fe56,2023-10-14 11:24:15,20.128023,85.597172,23.3,Vivo,Vivo V23 5G,eSAKSHI Mobile App
EV-DEMO-01322,MPLADS-DEMO-000661,SITE_IMAGE,Geo-tagged Asset Verification Photograph - Village-128,MPLADS-DEMO-000661_verification_stage.jpg,image/jpeg,459007,6c8b038d401fd2056d7d6715102ad2e5559926e5c3c95a8607ddb729f9b4f8bc,cd2d62f16923caad,2023-12-08 15:42:10,20.12818,85.597182,21.4,Vivo,Vivo V23 5G,eSAKSHI Mobile App
EV-DEMO-01323,MPLADS-DEMO-000662,PROGRESS_PHOTO,Site Inspection Photograph - Construction Stage - Village-196,MPLADS-DEMO-000662_progress_stage.jpg,image/jpeg,232603,da49b92e9c9a1c2434c7e5b4b39506d308c3ec720ee8ed4a1966c7eb717a2048,7adf4720f2694b41,2023-10-31 11:24:15,26.809398,83.392681,19.5,Vivo,Vivo V23 5G,eSAKSHI Mobile App
EV-DEMO-01324,MPLADS-DEMO-000662,COMPLETION_PHOTO,Geo-tagged Asset Verification Photograph - Village-196,MPLADS-DEMO-000662_verification_stage.jpg,image/jpeg,390676,a968bb42d67b8fe2b790ccb5c631e21193c0437cb8a9dd79079014fdf91aa8ab,72015bc8782ef940,2023-12-26 15:42:10,26.809829,83.392631,31.1,Vivo,Vivo V23 5G,eSAKSHI Mobile App
EV-DEMO-01325,MPLADS-DEMO-000663,PROGRESS_PHOTO,Site Inspection Photograph - Construction Stage - Village-113,MPLADS-DEMO-000663_progress_stage.jpg,image/jpeg,311844,bc4d59f933b8e07aed391e7163c231ef775cd016639beeb48cae6f3cebd5e4cc,c1461df6ef87ee70,2024-01-11 11:24:15,19.362607,85.03488,9.3,Apple,iPhone 13,eSAKSHI Mobile App
EV-DEMO-01326,MPLADS-DEMO-000663,COMPLETION_PHOTO,Geo-tagged Asset Verification Photograph - Village-113,MPLADS-DEMO-000663_verification_stage.jpg,image/jpeg,449785,e3b61f97b0e6b87015d224805655029bf9ca6a2549d5f61d0d70457f23120c6b,1a2012f87db727ef,2024-04-19 15:42:10,19.362749,85.034694,16.4,Apple,iPhone 13,eSAKSHI Mobile App
EV-DEMO-01327,MPLADS-DEMO-000664,PROGRESS_PHOTO,Site Inspection Photograph - Construction Stage - Village-180,MPLADS-DEMO-000664_progress_stage.jpg,image/jpeg,346753,f68f5f2500bff4587f470ade8fd4046e5c0cfd6d830c5076d877dd3aec21c303,8b19e77d3b9385ff,2023-09-14 11:24:15,23.064448,72.507259,27.4,Vivo,Vivo V23 5G,eSAKSHI Mobile App
EV-DEMO-01328,MPLADS-DEMO-000664,COMPLETION_PHOTO,Geo-tagged Asset Verification Photograph - Village-180,MPLADS-DEMO-000664_verification_stage.jpg,image/jpeg,292045,1b66b6731338082c1d4ae068022b0e9194ade97acda46a40651467faeffa7ae6,a0e7bf7f24147d93,2023-12-10 15:42:10,23.064543,72.507364,32.1,Vivo,Vivo V23 5G,eSAKSHI Mobile App
EV-DEMO-01329,MPLADS-DEMO-000665,PROGRESS_PHOTO,Site Inspection Photograph - Construction Stage - Village-165,MPLADS-DEMO-000665_progress_stage.jpg,image/jpeg,376134,c9bd5c1a350c9b57a09a09b97daec8bab4cd688a9f3a9a9a048ebbab11910213,7c474cc666e000bb,2024-07-19 11:24:15,24.589894,73.753726,17.3,Realme,Realme 9 Pro,eSAKSHI Mobile App
EV-DEMO-01330,MPLADS-DEMO-000665,SITE_IMAGE,Geo-tagged Asset Verification Photograph - Village-165,MPLADS-DEMO-000665_verification_stage.jpg,image/jpeg,468484,b6764233058dfcb2f141836c47daaec0298ac0687e487805b128057ca31feff5,3f09afee5956384c,2024-11-06 15:42:10,24.589736,73.753948,26.4,Realme,Realme 9 Pro,eSAKSHI Mobile App
EV-DEMO-01331,MPLADS-DEMO-000666,PROGRESS_PHOTO,Site Inspection Photograph - Construction Stage - Village-55,MPLADS-DEMO-000666_progress_stage.jpg,image/jpeg,286498,910d3df88d438fbe3fa2eebcdcc4373da6f191a1ac1e896460fa2d395aa5beba,8758044993bba100,2024-07-28 11:24:15,26.265132,73.021116,11.8,Realme,Realme 9 Pro,eSAKSHI Mobile App
EV-DEMO-01332,MPLADS-DEMO-000666,SITE_IMAGE,Geo-tagged Asset Verification Photograph - Village-55,MPLADS-DEMO-000666_verification_stage.jpg,image/jpeg,397794,08a150d60013709ad06ea5b3912499754efb163958ab21c1226ab5996c1ca0d5,d385bacc0c171820,2024-10-20 15:42:10,26.26537,73.020952,32.0,Realme,Realme 9 Pro,eSAKSHI Mobile App
EV-DEMO-01333,MPLADS-DEMO-000667,PROGRESS_PHOTO,Site Inspection Photograph - Construction Stage - Village-16,MPLADS-DEMO-000667_progress_stage.jpg,image/jpeg,285723,479d985942962d7b56c2ce213100418c1f7fc6bfa4ed9a9ecf73031af4a13007,5bb512847c685573,2023-06-29 11:24:15,23.079164,72.553239,18.0,Apple,iPhone 13,eSAKSHI Mobile App
EV-DEMO-01334,MPLADS-DEMO-000667,SITE_IMAGE,Geo-tagged Asset Verification Photograph - Village-16,MPLADS-DEMO-000667_verification_stage.jpg,image/jpeg,214160,bfc003753f5afb3e91fb8254751da835a3560355e7f41416b87875ab638cc329,75a1a8a8aa6f580d,2023-09-21 15:42:10,23.079258,72.55335,4.9,Apple,iPhone 13,eSAKSHI Mobile App
EV-DEMO-01335,MPLADS-DEMO-000668,PROGRESS_PHOTO,Site Inspection Photograph - Construction Stage - Village-71,MPLADS-DEMO-000668_progress_stage.jpg,image/jpeg,312203,97f484106e4020fe474223cca9d8e209931eb6ff394ce002f98380e2895f71bf,876d5857bc2e1802,2023-07-24 11:24:15,21.158041,72.804824,21.2,Samsung,SM-A525F,eSAKSHI Mobile App
EV-DEMO-01336,MPLADS-DEMO-000668,COMPLETION_PHOTO,Geo-tagged Asset Verification Photograph - Village-71,MPLADS-DEMO-000668_verification_stage.jpg,image/jpeg,417619,271391de5c14e7b24e4f01da0293d3e6125379c4bcba10926af30983193a4cf2,d66b2ddd828e919f,2023-11-24 15:42:10,21.157669,72.805085,29.7,Samsung,SM-A525F,eSAKSHI Mobile App
EV-DEMO-01337,MPLADS-DEMO-000669,PROGRESS_PHOTO,Site Inspection Photograph - Construction Stage - Village-51,MPLADS-DEMO-000669_progress_stage.jpg,image/jpeg,330891,d891fefbc167addbe2f2e7d13a953878afa5259e4e5d9b1f9433996c7afdeafa,ecefe37b9e250d03,2024-07-20 11:24:15,17.94914,79.583678,21.0,Xiaomi,Redmi Note 11,eSAKSHI Mobile App
EV-DEMO-01338,MPLADS-DEMO-000669,SITE_IMAGE,Geo-tagged Asset Verification Photograph - Village-51,MPLADS-DEMO-000669_verification_stage.jpg,image/jpeg,357210,95e87ba017f41b28a81ba39c61e0bf192fccb1b25363fd75f822460656e5560b,c7417959ddf6d3c8,2024-11-10 15:42:10,17.949397,79.583376,24.1,Xiaomi,Redmi Note 11,eSAKSHI Mobile App
EV-DEMO-01339,MPLADS-DEMO-000670,PROGRESS_PHOTO,Site Inspection Photograph - Construction Stage - Village-20,MPLADS-DEMO-000670_progress_stage.jpg,image/jpeg,387586,a86b1744c85f057d0e1da6bcc9f82363b94f7992c5b1c6e0b54234baf1a3c17d,34d98096a0b1babd,2024-07-05 11:24:15,18.467564,79.139108,11.0,Xiaomi,Redmi Note 11,eSAKSHI Mobile App
EV-DEMO-01340,MPLADS-DEMO-000670,SITE_IMAGE,Geo-tagged Asset Verification Photograph - Village-20,MPLADS-DEMO-000670_verification_stage.jpg,image/jpeg,297762,a1aee61c5c297ff88bf3f729b2480da328e469151bc2a9003eeb3f302b8367f0,dc4d1a4a5a308936,2024-11-24 15:42:10,18.467383,79.139167,25.6,Xiaomi,Redmi Note 11,eSAKSHI Mobile App
EV-DEMO-01341,MPLADS-DEMO-000671,PROGRESS_PHOTO,Site Inspection Photograph - Construction Stage - Village-30,MPLADS-DEMO-000671_progress_stage.jpg,image/jpeg,344739,647b1ccef32782ba7b2638ed21b819162496982d1f72abb43b81a6cd506cea4f,5cfb5bb473f6c70f,2023-11-02 11:24:15,13.102426,77.590233,19.9,Realme,Realme 9 Pro,eSAKSHI Mobile App
EV-DEMO-01342,MPLADS-DEMO-000671,COMPLETION_PHOTO,Geo-tagged Asset Verification Photograph - Village-30,MPLADS-DEMO-000671_verification_stage.jpg,image/jpeg,235855,a98d58b324dcccfa0b5ac218e6a501a9a21c46c445bbad5be34336ca82fe3c16,1070990ed777289f,2024-02-07 15:42:10,13.102622,77.590375,18.3,Realme,Realme 9 Pro,eSAKSHI Mobile App
EV-DEMO-01343,MPLADS-DEMO-000672,PROGRESS_PHOTO,Site Inspection Photograph - Construction Stage - Village-179,MPLADS-DEMO-000672_progress_stage.jpg,image/jpeg,251983,f508b337d7f89a2b155786c362163a2c3fe64bcaa206ec9a6e8c90579e0dd2ad,58b8c9df558f12df,2023-06-30 11:24:15,11.264941,75.737181,26.4,Samsung,SM-A525F,eSAKSHI Mobile App
EV-DEMO-01344,MPLADS-DEMO-000672,COMPLETION_PHOTO,Geo-tagged Asset Verification Photograph - Village-179,MPLADS-DEMO-000672_verification_stage.jpg,image/jpeg,367292,8bfbc98b616429f6dae7f504a7e36f54fe88215f289d89dcf69bab9bb21c82e9,7ca299c46ab7318f,2023-07-16 15:42:10,11.264967,75.736811,27.9,Samsung,SM-A525F,eSAKSHI Mobile App
EV-DEMO-01345,MPLADS-DEMO-000673,PROGRESS_PHOTO,Site Inspection Photograph - Construction Stage - Village-180,MPLADS-DEMO-000673_progress_stage.jpg,image/jpeg,408187,16ebb00ae1fc241b19c581110696a09a3a6f34bf5e58273ada4ac450b01843c7,f83164d119676f68,2023-12-14 11:24:15,12.295516,76.704418,24.5,OnePlus,Nord CE 2,eSAKSHI Mobile App
EV-DEMO-01346,MPLADS-DEMO-000673,COMPLETION_PHOTO,Geo-tagged Asset Verification Photograph - Village-180,MPLADS-DEMO-000673_verification_stage.jpg,image/jpeg,419260,caf89af0210ea9d88c2e339f19ffa2ee0dd7845eb05356b861e0de15129abc74,b3672bbc4c9274db,2024-03-06 15:42:10,12.29565,76.704121,17.3,OnePlus,Nord CE 2,eSAKSHI Mobile App
EV-DEMO-01347,MPLADS-DEMO-000674,PROGRESS_PHOTO,Site Inspection Photograph - Construction Stage - Village-46,MPLADS-DEMO-000674_progress_stage.jpg,image/jpeg,248475,95ba75834f7bc29f97bf27075aa327501b652c0604338ea681785eb0541983b1,7ce30a07f975b57d,2024-03-29 11:24:15,23.1882,79.942483,18.7,Realme,Realme 9 Pro,eSAKSHI Mobile App
EV-DEMO-01348,MPLADS-DEMO-000674,COMPLETION_PHOTO,Geo-tagged Asset Verification Photograph - Village-46,MPLADS-DEMO-000674_verification_stage.jpg,image/jpeg,338475,e184c3e566badb2799c5f41e8223a876fff83f130bbbed58aec2d32b6e8fe8f4,f724bf0ffc7047f6,2024-05-26 15:42:10,23.188308,79.942254,30.3,Realme,Realme 9 Pro,eSAKSHI Mobile App
EV-DEMO-01349,MPLADS-DEMO-000675,PROGRESS_PHOTO,Site Inspection Photograph - Construction Stage - Village-158,MPLADS-DEMO-000675_progress_stage.jpg,image/jpeg,413447,4616b903c95e1aec198bd74ee862c5b8bc771925ad440d79636699951adabbda,4b54f4e601638454,2023-12-18 11:24:15,21.226582,72.779394,25.9,OnePlus,Nord CE 2,eSAKSHI Mobile App
EV-DEMO-01350,MPLADS-DEMO-000675,COMPLETION_PHOTO,Geo-tagged Asset Verification Photograph - Village-158,MPLADS-DEMO-000675_verification_stage.jpg,image/jpeg,421235,b6c2b1b99698fd786977bb59988ebfc0205b503b7f9adaba90086733807bd8d1,bc01dc347dd14c92,2024-03-28 15:42:10,21.226416,72.779438,14.5,OnePlus,Nord CE 2,eSAKSHI Mobile App
EV-DEMO-01351,MPLADS-DEMO-000676,PROGRESS_PHOTO,Site Inspection Photograph - Construction Stage - Village-51,MPLADS-DEMO-000676_progress_stage.jpg,image/jpeg,344921,2559c4d1edef30cd7bf4341e435bf40d707dc8f038945bdbfb575e7b76ba9922,1b225f3d2943c2f5,2023-11-20 11:24:15,15.50508,75.066226,22.5,Apple,iPhone 13,eSAKSHI Mobile App
EV-DEMO-01352,MPLADS-DEMO-000676,COMPLETION_PHOTO,Geo-tagged Asset Verification Photograph - Village-51,MPLADS-DEMO-000676_verification_stage.jpg,image/jpeg,366716,f814ac70de2987ea1c9aaa4cedc35729bffed56958544a2d73b7c90d3ac86120,710ab7894c563383,2024-01-12 15:42:10,15.505375,75.066309,18.0,Apple,iPhone 13,eSAKSHI Mobile App
EV-DEMO-01353,MPLADS-DEMO-000677,PROGRESS_PHOTO,Site Inspection Photograph - Construction Stage - Village-79,MPLADS-DEMO-000677_progress_stage.jpg,image/jpeg,220149,a5a1451d947ddce5227fde23d2e82d0dd2f8cf92c39ce526372ce8ead8058496,e3c0a2f43419f41c,2024-07-24 11:24:15,26.804428,83.411608,19.9,OnePlus,Nord CE 2,eSAKSHI Mobile App
EV-DEMO-01354,MPLADS-DEMO-000677,SITE_IMAGE,Geo-tagged Asset Verification Photograph - Village-79,MPLADS-DEMO-000677_verification_stage.jpg,image/jpeg,424312,5e067c6f9709b9c9d69c5d568d814bd859b2f4d3798d2faf4fdabc96fb7f4bea,e085514989bb2931,2024-11-10 15:42:10,26.804621,83.411857,28.8,OnePlus,Nord CE 2,eSAKSHI Mobile App
EV-DEMO-01355,MPLADS-DEMO-000678,PROGRESS_PHOTO,Site Inspection Photograph - Construction Stage - Village-190,MPLADS-DEMO-000678_progress_stage.jpg,image/jpeg,311415,687149d2096b0e3b775ef4e73f4c15a93d69a332769016d4aa56bda3907ff5dc,5e6eca40ad0ba2e9,2024-08-29 11:24:15,18.451763,79.107223,23.9,Realme,Realme 9 Pro,eSAKSHI Mobile App
EV-DEMO-01356,MPLADS-DEMO-000678,SITE_IMAGE,Geo-tagged Asset Verification Photograph - Village-190,MPLADS-DEMO-000678_verification_stage.jpg,image/jpeg,254822,ca908f2b9b0a2e8a8d6f9cd46b7fa6c04d8961c8d28463f5e9dac34828d0c790,c29f89d03fcd79d7,2024-10-29 15:42:10,18.451736,79.107164,26.2,Realme,Realme 9 Pro,eSAKSHI Mobile App
EV-DEMO-01357,MPLADS-DEMO-000679,PROGRESS_PHOTO,Site Inspection Photograph - Construction Stage - Village-33,MPLADS-DEMO-000679_progress_stage.jpg,image/jpeg,350133,6a067c8d22b615ec18faf40b216786b66b47c9e1939197635abb9737a99cc92f,93dbc23dfb772fd2,2023-06-21 11:24:15,18.72971,78.079994,17.8,Vivo,Vivo V23 5G,eSAKSHI Mobile App
EV-DEMO-01358,MPLADS-DEMO-000679,SITE_IMAGE,Geo-tagged Asset Verification Photograph - Village-33,MPLADS-DEMO-000679_verification_stage.jpg,image/jpeg,220281,52a1490e9fa0f951f6bd356e5e51d6e36369094614a34018892b7a2d9f4257f7,afbbf52103658009,2023-11-10 15:42:10,18.729715,78.079888,11.0,Vivo,Vivo V23 5G,eSAKSHI Mobile App
EV-DEMO-01359,MPLADS-DEMO-000680,PROGRESS_PHOTO,Site Inspection Photograph - Construction Stage - Village-101,MPLADS-DEMO-000680_progress_stage.jpg,image/jpeg,323922,8aece1e5a4b1acaaf3fe5968c79182bb6fcf462f9e4dd6fd8a228089e8cd27a9,78f8f24bf2572625,2023-09-10 11:24:15,21.190376,79.104901,15.7,Apple,iPhone 13,eSAKSHI Mobile App
EV-DEMO-01360,MPLADS-DEMO-000680,SITE_IMAGE,Geo-tagged Asset Verification Photograph - Village-101,MPLADS-DEMO-000680_verification_stage.jpg,image/jpeg,305626,6aef2e1e8ac28b019005e8bb5b8b46af4b6da091bef3f8cba11662a87bc55145,a2e8ae3ecd012210,2023-10-21 15:42:10,21.190148,79.104546,34.6,Apple,iPhone 13,eSAKSHI Mobile App
EV-DEMO-01361,MPLADS-DEMO-000681,PROGRESS_PHOTO,Site Inspection Photograph - Construction Stage - Village-40,MPLADS-DEMO-000681_progress_stage.jpg,image/jpeg,284245,8387ebd1bae252e374bea443ddf0483b19bbe61ffc6937e1a5dd9c6946a016d0,41ad5cb31d5e1acb,2024-03-18 11:24:15,11.602803,78.173028,13.4,Realme,Realme 9 Pro,eSAKSHI Mobile App
EV-DEMO-01362,MPLADS-DEMO-000681,COMPLETION_PHOTO,Geo-tagged Asset Verification Photograph - Village-40,MPLADS-DEMO-000681_verification_stage.jpg,image/jpeg,417316,faab3062176b6abe1ee17544bfc1f3289cacfe4ec0e6b4a0450939b6f03c1163,0d2e225cd121ffe2,2024-06-26 15:42:10,11.603001,78.172845,17.9,Realme,Realme 9 Pro,eSAKSHI Mobile App
EV-DEMO-01363,MPLADS-DEMO-000682,PROGRESS_PHOTO,Site Inspection Photograph - Construction Stage - Village-50,MPLADS-DEMO-000682_progress_stage.jpg,image/jpeg,185865,3bf35b071d08828e3932e6f9fca16d7e08ed34c7c0f08934f9211cd891aa6eab,b4b0da453242d67e,2023-07-27 11:24:15,11.668928,78.112994,12.4,Samsung,SM-A525F,eSAKSHI Mobile App
EV-DEMO-01364,MPLADS-DEMO-000682,SITE_IMAGE,Geo-tagged Asset Verification Photograph - Village-50,MPLADS-DEMO-000682_verification_stage.jpg,image/jpeg,262457,d38c13cfd9a5200e8077b80d22009afe5e04f1849aaeebae8dcfa245ed4c6f10,2f4f2892c02ee9fb,2023-12-07 15:42:10,11.668892,78.112789,10.3,Samsung,SM-A525F,eSAKSHI Mobile App
EV-DEMO-01365,MPLADS-DEMO-000683,PROGRESS_PHOTO,Site Inspection Photograph - Construction Stage - Village-27,MPLADS-DEMO-000683_progress_stage.jpg,image/jpeg,277078,87f1e7c973de0ccea5178a49d28eb09b11b5cc6b295675c14e45f1ec522cccd4,7e606819f1219cf4,2024-06-28 11:24:15,22.253147,70.857729,19.4,OnePlus,Nord CE 2,eSAKSHI Mobile App
EV-DEMO-01366,MPLADS-DEMO-000683,SITE_IMAGE,Geo-tagged Asset Verification Photograph - Village-27,MPLADS-DEMO-000683_verification_stage.jpg,image/jpeg,355404,2c930372639aa1620c031f20b9abe6f4b277181d9648595938ad20fb12ffdcb2,3cfbca4084d40b25,2024-07-29 15:42:10,22.253113,70.857843,25.6,OnePlus,Nord CE 2,eSAKSHI Mobile App
EV-DEMO-01367,MPLADS-DEMO-000684,PROGRESS_PHOTO,Site Inspection Photograph - Construction Stage - Village-6,MPLADS-DEMO-000684_progress_stage.jpg,image/jpeg,223309,ebc16adad457a602ef8c0aa614b0f47ff0620ba60bb8a2bfea85d1a5949f1b64,927c4e9969456594,2024-06-08 11:24:15,22.708504,75.855989,13.7,Vivo,Vivo V23 5G,eSAKSHI Mobile App
EV-DEMO-01368,MPLADS-DEMO-000684,COMPLETION_PHOTO,Geo-tagged Asset Verification Photograph - Village-6,MPLADS-DEMO-000684_verification_stage.jpg,image/jpeg,354489,90a6cb109a29fc846bcff71c7dab816620ee6b4b5512ce044e1457548c9a3f43,33d94cf637bf55a9,2024-09-08 15:42:10,22.708211,75.855707,31.4,Vivo,Vivo V23 5G,eSAKSHI Mobile App
EV-DEMO-01369,MPLADS-DEMO-000685,PROGRESS_PHOTO,Site Inspection Photograph - Construction Stage - Village-31,MPLADS-DEMO-000685_progress_stage.jpg,image/jpeg,379217,5cc0019df9ddba24e11fa0c1f88842eadf2dceaea3845af5359164926ea6de37,b2225b9196b1f193,2023-03-31 11:24:15,20.52424,85.94729,18.0,OnePlus,Nord CE 2,eSAKSHI Mobile App
EV-DEMO-01370,MPLADS-DEMO-000685,COMPLETION_PHOTO,Geo-tagged Asset Verification Photograph - Village-31,MPLADS-DEMO-000685_verification_stage.jpg,image/jpeg,459492,0b36d42044bfaa2800aa34c4ce805dbf1bc90d1ed700092860c022e65ff28694,9d9368cea5033ec3,2023-05-22 15:42:10,20.524379,85.947272,9.0,OnePlus,Nord CE 2,eSAKSHI Mobile App
EV-DEMO-01371,MPLADS-DEMO-000686,PROGRESS_PHOTO,Site Inspection Photograph - Construction Stage - Village-133,MPLADS-DEMO-000686_progress_stage.jpg,image/jpeg,384506,84215f40e8ba0050a85f535b258806d9e9672a397beb8d3b6a0e3def40218681,690a39b0ab219bdd,2023-09-04 11:24:15,22.305405,70.756945,6.6,Vivo,Vivo V23 5G,eSAKSHI Mobile App
EV-DEMO-01372,MPLADS-DEMO-000686,SITE_IMAGE,Geo-tagged Asset Verification Photograph - Village-133,MPLADS-DEMO-000686_verification_stage.jpg,image/jpeg,219826,a47c57dc6a160e6147c47bafbd52c5029935185a4276695b2178c0fefbfa9028,f3113425b429ea5b,2023-11-10 15:42:10,22.305476,70.756727,29.1,Vivo,Vivo V23 5G,eSAKSHI Mobile App
EV-DEMO-01373,MPLADS-DEMO-000687,PROGRESS_PHOTO,Site Inspection Photograph - Construction Stage - Village-52,MPLADS-DEMO-000687_progress_stage.jpg,image/jpeg,350037,1e9dc33681e697f3e24c130ec9cdfbed44bb73796be407ba30385156e279def1,e48fd2cb0a3b3355,2023-11-08 11:24:15,26.819441,83.353557,9.9,Vivo,Vivo V23 5G,eSAKSHI Mobile App
EV-DEMO-01374,MPLADS-DEMO-000687,SITE_IMAGE,Geo-tagged Asset Verification Photograph - Village-52,MPLADS-DEMO-000687_verification_stage.jpg,image/jpeg,370388,2305fd1eb60e5e90e83303331e9ed1f845114ebcfa9bc8a7c5a0e3f7c5bab404,a33697fa03290773,2024-03-23 15:42:10,26.819645,83.353595,16.2,Vivo,Vivo V23 5G,eSAKSHI Mobile App
EV-DEMO-01375,MPLADS-DEMO-000688,PROGRESS_PHOTO,Site Inspection Photograph - Construction Stage - Village-101,MPLADS-DEMO-000688_progress_stage.jpg,image/jpeg,206698,17639c49bfca8d2ba47a6abb7d66f5ce3994f7d955c89f9bfe279532abe9e7bb,6a050a210eed530a,2024-08-12 11:24:15,20.129291,85.659373,6.8,Xiaomi,Redmi Note 11,eSAKSHI Mobile App
EV-DEMO-01376,MPLADS-DEMO-000688,SITE_IMAGE,Geo-tagged Asset Verification Photograph - Village-101,MPLADS-DEMO-000688_verification_stage.jpg,image/jpeg,301604,4b7d2183b059a5349607589ddf8b0827184a17fb8f3c794cb108acaedfb7b808,752203e677d39653,2024-10-22 15:42:10,20.129492,85.65949,30.5,Xiaomi,Redmi Note 11,eSAKSHI Mobile App
EV-DEMO-01377,MPLADS-DEMO-000689,PROGRESS_PHOTO,Site Inspection Photograph - Construction Stage - Village-160,MPLADS-DEMO-000689_progress_stage.jpg,image/jpeg,340560,67a4fc89412f22cdc5cf635d7ec18c3b834d169e6a57e0f30b91a3370b734ec0,b75e779325d4b344,2024-01-06 11:24:15,11.207915,75.765102,17.9,Xiaomi,Redmi Note 11,eSAKSHI Mobile App
EV-DEMO-01378,MPLADS-DEMO-000689,SITE_IMAGE,Geo-tagged Asset Verification Photograph - Village-160,MPLADS-DEMO-000689_verification_stage.jpg,image/jpeg,336348,cbe0d76fff511ec17cf004fcd3dc9761d94ba6ab7ae99313485f237510a95e1c,dd4b1187036eaf57,2024-06-18 15:42:10,11.208022,75.765188,26.6,Xiaomi,Redmi Note 11,eSAKSHI Mobile App
EV-DEMO-01379,MPLADS-DEMO-000690,PROGRESS_PHOTO,Site Inspection Photograph - Construction Stage - Village-76,MPLADS-DEMO-000690_progress_stage.jpg,image/jpeg,301585,a5aac26470ca11dbb7ef59e4bebdf79665bcf631d44da75219646ec8e5f27de8,a4aa0db8b778aa9d,2023-06-12 11:24:15,26.774043,83.422187,8.9,Vivo,Vivo V23 5G,eSAKSHI Mobile App
EV-DEMO-01380,MPLADS-DEMO-000690,COMPLETION_PHOTO,Geo-tagged Asset Verification Photograph - Village-76,MPLADS-DEMO-000690_verification_stage.jpg,image/jpeg,235028,4c69360928d9c8ebdcbfe81ec154376303f017c547fed66291ca440b67e96156,97346efda7c94da7,2023-09-27 15:42:10,26.77388,83.421974,36.6,Vivo,Vivo V23 5G,eSAKSHI Mobile App
EV-DEMO-01381,MPLADS-DEMO-000691,PROGRESS_PHOTO,Site Inspection Photograph - Construction Stage - Village-96,MPLADS-DEMO-000691_progress_stage.jpg,image/jpeg,301200,b984aa7eb52266aed7def0f8889476a50722a2b20b58787f167ddd2cc4db26f7,92414168fd6489fc,2023-08-20 11:24:15,25.271635,82.949836,20.8,Samsung,SM-A525F,eSAKSHI Mobile App
EV-DEMO-01382,MPLADS-DEMO-000691,COMPLETION_PHOTO,Geo-tagged Asset Verification Photograph - Village-96,MPLADS-DEMO-000691_verification_stage.jpg,image/jpeg,347798,9d447c017ac5faf770557571de2690995df8384fee65ee1b6a1d5e180aadf506,de77197cab457167,2023-12-04 15:42:10,25.27167,82.949939,28.8,Samsung,SM-A525F,eSAKSHI Mobile App
EV-DEMO-01383,MPLADS-DEMO-000692,PROGRESS_PHOTO,Site Inspection Photograph - Construction Stage - Village-155,MPLADS-DEMO-000692_progress_stage.jpg,image/jpeg,248790,17a145c80fa31cf9539b7b1b49549b01cef96664c3ac9dcac304b6bc11dbbc63,e6166d571e00a3ee,2024-06-25 11:24:15,21.132612,72.794528,25.1,Xiaomi,Redmi Note 11,eSAKSHI Mobile App
EV-DEMO-01384,MPLADS-DEMO-000692,COMPLETION_PHOTO,Geo-tagged Asset Verification Photograph - Village-155,MPLADS-DEMO-000692_verification_stage.jpg,image/jpeg,394757,7224dabe7a7251efddccdcd97d8989a51b887500bab0a3943ab2b1a72199962a,d8678df0f4e4cc0f,2024-10-04 15:42:10,21.132805,72.79415,22.9,Xiaomi,Redmi Note 11,eSAKSHI Mobile App
EV-DEMO-01385,MPLADS-DEMO-000693,PROGRESS_PHOTO,Site Inspection Photograph - Construction Stage - Village-127,MPLADS-DEMO-000693_progress_stage.jpg,image/jpeg,246731,29e58a6a95a5d5dce23fb52b458dccc39df5130aae74da6a35e2e819be430bdb,03b44bef273ba34a,2024-02-04 11:24:15,25.31761,83.037569,21.6,Vivo,Vivo V23 5G,eSAKSHI Mobile App
EV-DEMO-01386,MPLADS-DEMO-000693,SITE_IMAGE,Geo-tagged Asset Verification Photograph - Village-127,MPLADS-DEMO-000693_verification_stage.jpg,image/jpeg,465746,25cf707ea5cec0e5609d399f65978476a6d7773f974778fe9faec4b3716a294b,943488b5df022f6a,2024-03-14 15:42:10,25.317259,83.037496,23.1,Vivo,Vivo V23 5G,eSAKSHI Mobile App
EV-DEMO-01387,MPLADS-DEMO-000694,PROGRESS_PHOTO,Site Inspection Photograph - Construction Stage - Village-2,MPLADS-DEMO-000694_progress_stage.jpg,image/jpeg,350053,f67b37db1f10c7b1d6537f9f89ce0c2629add525c39ee618e4928a1a6192f05a,1257665ed7977f16,2023-11-21 11:24:15,22.357371,70.7741,8.5,Vivo,Vivo V23 5G,eSAKSHI Mobile App
EV-DEMO-01388,MPLADS-DEMO-000694,COMPLETION_PHOTO,Geo-tagged Asset Verification Photograph - Village-2,MPLADS-DEMO-000694_verification_stage.jpg,image/jpeg,374665,d29d974d3027f769dde30f0933386e8b3960a3bd55fc5e5c844549a4dbadf126,c67545a596a90f67,2024-02-25 15:42:10,22.357395,70.77424,7.7,Vivo,Vivo V23 5G,eSAKSHI Mobile App
EV-DEMO-01389,MPLADS-DEMO-000695,PROGRESS_PHOTO,Site Inspection Photograph - Construction Stage - Village-186,MPLADS-DEMO-000695_progress_stage.jpg,image/jpeg,277748,0e051340875bddeda8f1309eff1d02e5cd08acd62ce1b9e3175c62a74de9e8da,c8c84e170c6e55ab,2023-09-07 11:24:15,18.412874,79.10505,16.1,Xiaomi,Redmi Note 11,eSAKSHI Mobile App
EV-DEMO-01390,MPLADS-DEMO-000695,COMPLETION_PHOTO,Geo-tagged Asset Verification Photograph - Village-186,MPLADS-DEMO-000695_verification_stage.jpg,image/jpeg,390360,e8313f73d7937a39006bd96c34896e3ad287718627fd5060df3a9f266ff19e72,1bff3e161646604a,2023-11-30 15:42:10,18.412762,79.105235,21.4,Xiaomi,Redmi Note 11,eSAKSHI Mobile App
EV-DEMO-01391,MPLADS-DEMO-000696,PROGRESS_PHOTO,Site Inspection Photograph - Construction Stage - Village-159,MPLADS-DEMO-000696_progress_stage.jpg,image/jpeg,311487,3f92539d84e5bab8246df30903aaa5f5d75b74dbb8cdaacf26ed0db1bfe3a4eb,812b35d122e98b10,2024-07-03 11:24:15,19.328278,84.954117,8.8,Realme,Realme 9 Pro,eSAKSHI Mobile App
EV-DEMO-01392,MPLADS-DEMO-000696,SITE_IMAGE,Geo-tagged Asset Verification Photograph - Village-159,MPLADS-DEMO-000696_verification_stage.jpg,image/jpeg,291465,697bea87aa442685d06a792e2cf00a0973f55b09fb7ad6f6712f09296333fe74,e634650242d730a9,2024-08-01 15:42:10,19.328449,84.954063,12.0,Realme,Realme 9 Pro,eSAKSHI Mobile App
EV-DEMO-01393,MPLADS-DEMO-000697,PROGRESS_PHOTO,Site Inspection Photograph - Construction Stage - Village-138,MPLADS-DEMO-000697_progress_stage.jpg,image/jpeg,230703,40402b1e8d0acdb87ce4bea9fa1c15466ca6c7a9643316c951dfb04fa4fabb74,c10c233160679941,2023-04-29 11:24:15,20.526194,85.939281,16.9,OnePlus,Nord CE 2,eSAKSHI Mobile App
EV-DEMO-01394,MPLADS-DEMO-000697,SITE_IMAGE,Geo-tagged Asset Verification Photograph - Village-138,MPLADS-DEMO-000697_verification_stage.jpg,image/jpeg,368309,edf0c50c262c2e4dc925a56d2bd68ee5403913e3ec3d49969d76decd17ba34bb,2d0f1bb5658f5cdb,2023-07-29 15:42:10,20.525944,85.939262,28.5,OnePlus,Nord CE 2,eSAKSHI Mobile App
EV-DEMO-01395,MPLADS-DEMO-000698,PROGRESS_PHOTO,Site Inspection Photograph - Construction Stage - Village-70,MPLADS-DEMO-000698_progress_stage.jpg,image/jpeg,245961,e211fa43b0e7db01bb361303cacacf312d5dc6b8b0b26f8d56490a41e9599e5e,1a693faea939374b,2024-05-08 11:24:15,9.950946,78.175018,9.0,Realme,Realme 9 Pro,eSAKSHI Mobile App
EV-DEMO-01396,MPLADS-DEMO-000698,COMPLETION_PHOTO,Geo-tagged Asset Verification Photograph - Village-70,MPLADS-DEMO-000698_verification_stage.jpg,image/jpeg,443092,52ba493f2eec99bcaa9f5f86bee97f4f11826ec4ed93c9bdfc871bcef02f7693,7e4d3a14129bcf1e,2024-08-22 15:42:10,9.95121,78.17533,38.5,Realme,Realme 9 Pro,eSAKSHI Mobile App
EV-DEMO-01397,MPLADS-DEMO-000699,PROGRESS_PHOTO,Site Inspection Photograph - Construction Stage - Village-170,MPLADS-DEMO-000699_progress_stage.jpg,image/jpeg,309158,3f18fd4e231c7557d84512ea6032ba9b2fd13e719584346961a86addc430f31e,50a6f7da12ac47e9,2023-09-02 11:24:15,26.845251,80.917762,20.2,Apple,iPhone 13,eSAKSHI Mobile App
EV-DEMO-01398,MPLADS-DEMO-000699,COMPLETION_PHOTO,Geo-tagged Asset Verification Photograph - Village-170,MPLADS-DEMO-000699_verification_stage.jpg,image/jpeg,338742,8966110ea7ceccafb5e37077db3099caf61dfb91579ad82c685764cbf9e2768f,50919ae256824fda,2023-12-06 15:42:10,26.845467,80.917802,14.4,Apple,iPhone 13,eSAKSHI Mobile App
EV-DEMO-01399,MPLADS-DEMO-000700,PROGRESS_PHOTO,Site Inspection Photograph - Construction Stage - Village-178,MPLADS-DEMO-000700_progress_stage.jpg,image/jpeg,329921,8f960954b65299414fafbe4330ad31455247f56b138fe3c565446773a47974f9,de19f876857a89d4,2023-11-10 11:24:15,11.203964,75.841814,9.6,Vivo,Vivo V23 5G,eSAKSHI Mobile App
EV-DEMO-01400,MPLADS-DEMO-000700,COMPLETION_PHOTO,Geo-tagged Asset Verification Photograph - Village-178,MPLADS-DEMO-000700_verification_stage.jpg,image/jpeg,323640,4a238ae4818910e402647e760fc1eaa87dfcb3014b6c23bdfe95aaefd01d81c1,ac2c0fa52a5d4016,2024-02-09 15:42:10,11.204239,75.84174,33.0,Vivo,Vivo V23 5G,eSAKSHI Mobile App
EV-DEMO-01401,MPLADS-DEMO-000701,PROGRESS_PHOTO,Site Inspection Photograph - Construction Stage - Village-81,MPLADS-DEMO-000701_progress_stage.jpg,image/jpeg,189720,593f5e1e98f04a28e460f64305f46697027dbc98dc2292120457811aaf905195,e3283e5abb4b30c6,2023-05-04 11:24:15,18.002712,79.569744,12.7,Realme,Realme 9 Pro,eSAKSHI Mobile App
EV-DEMO-01402,MPLADS-DEMO-000701,COMPLETION_PHOTO,Geo-tagged Asset Verification Photograph - Village-81,MPLADS-DEMO-000701_verification_stage.jpg,image/jpeg,413583,b1e0c9c4b77d76c2fb49a52a12037aaec00c4e24968d267563afa4ca479fd89c,a62f752e9e2788d2,2023-06-25 15:42:10,18.00274,79.569452,19.7,Realme,Realme 9 Pro,eSAKSHI Mobile App
EV-DEMO-01403,MPLADS-DEMO-000702,PROGRESS_PHOTO,Site Inspection Photograph - Construction Stage - Village-49,MPLADS-DEMO-000702_progress_stage.jpg,image/jpeg,357682,03d3f4f237653ed2d4e9f5f89643ef8c82e0bf80fbe4c39189b3237fd2c6d9d9,72d3cca3515d88f4,2023-04-16 11:24:15,12.239554,76.629341,19.9,Samsung,SM-A525F,eSAKSHI Mobile App
EV-DEMO-01404,MPLADS-DEMO-000702,COMPLETION_PHOTO,Geo-tagged Asset Verification Photograph - Village-49,MPLADS-DEMO-000702_verification_stage.jpg,image/jpeg,264976,80314c0c9e8ad1e944a84190049bc8d87616a87bb2c5f11932b4e5b76f9a84e1,1f1242ebc7b73cb1,2023-06-12 15:42:10,12.239818,76.629126,31.8,Samsung,SM-A525F,eSAKSHI Mobile App
EV-DEMO-01405,MPLADS-DEMO-000703,PROGRESS_PHOTO,Site Inspection Photograph - Construction Stage - Village-69,MPLADS-DEMO-000703_progress_stage.jpg,image/jpeg,387245,3d17dcb401551112e89cb8c98e7c68ef61b73c512d8af875aefc7903219e5e47,d3a4ca896c2bf8d6,2023-11-28 11:24:15,20.401392,85.904029,19.6,Realme,Realme 9 Pro,eSAKSHI Mobile App
EV-DEMO-01406,MPLADS-DEMO-000703,COMPLETION_PHOTO,Geo-tagged Asset Verification Photograph - Village-69,MPLADS-DEMO-000703_verification_stage.jpg,image/jpeg,436742,6db64451285500a1fb22c6e174116d195f6ddc50b1a8883e4b602fcc7ca3c947,2ebb200dee58502e,2024-04-11 15:42:10,20.401078,85.903765,33.0,Realme,Realme 9 Pro,eSAKSHI Mobile App
EV-DEMO-01407,MPLADS-DEMO-000704,PROGRESS_PHOTO,Site Inspection Photograph - Construction Stage - Village-14,MPLADS-DEMO-000704_progress_stage.jpg,image/jpeg,262264,4e47e2644f8f0467ae0cadd0e60d4cb1532a75dda1b84580ecc89de90dd8a920,b24a292916d9d64e,2023-11-06 11:24:15,23.252145,77.395683,14.4,Apple,iPhone 13,eSAKSHI Mobile App
EV-DEMO-01408,MPLADS-DEMO-000704,SITE_IMAGE,Geo-tagged Asset Verification Photograph - Village-14,MPLADS-DEMO-000704_verification_stage.jpg,image/jpeg,291839,aceb18439427fa4dcc295d165f71a3504e56c36dfe9569331e7dfc5a6d4c73db,4645e9b17c1c59e1,2024-02-18 15:42:10,23.252033,77.395913,36.5,Apple,iPhone 13,eSAKSHI Mobile App
EV-DEMO-01409,MPLADS-DEMO-000705,PROGRESS_PHOTO,Site Inspection Photograph - Construction Stage - Village-127,MPLADS-DEMO-000705_progress_stage.jpg,image/jpeg,354216,ab983b5cf5cfb2ff0f9f0def2d3f2611d472c310d1406db0c77cba53ca3b18c5,86073d850959d66b,2023-07-05 11:24:15,26.763051,83.322506,11.6,Samsung,SM-A525F,eSAKSHI Mobile App
EV-DEMO-01410,MPLADS-DEMO-000705,COMPLETION_PHOTO,Geo-tagged Asset Verification Photograph - Village-127,MPLADS-DEMO-000705_verification_stage.jpg,image/jpeg,432413,b6536c5750a8b7860717a147752662589c8cd2ddc57d5cfd0002d4c3df3fbe92,ea2067744bce48a1,2023-10-15 15:42:10,26.763182,83.322648,31.0,Samsung,SM-A525F,eSAKSHI Mobile App
EV-DEMO-01411,MPLADS-DEMO-000706,PROGRESS_PHOTO,Site Inspection Photograph - Construction Stage - Village-58,MPLADS-DEMO-000706_progress_stage.jpg,image/jpeg,231889,f61b8b6cb86f58b90ab1e06c042688de93bfe90968c19a16aeeb7e0144a6f164,1aed959dc3be46c5,2024-04-05 11:24:15,15.508709,75.033678,10.1,Realme,Realme 9 Pro,eSAKSHI Mobile App
EV-DEMO-01412,MPLADS-DEMO-000706,SITE_IMAGE,Geo-tagged Asset Verification Photograph - Village-58,MPLADS-DEMO-000706_verification_stage.jpg,image/jpeg,402945,6481cba12ca4142fc574c352e57ee9a58e52f86f79180e5ffaf1f2bc9c0e7dfc,78cdf8efd330e5b3,2024-08-14 15:42:10,15.508595,75.034037,32.5,Realme,Realme 9 Pro,eSAKSHI Mobile App
EV-DEMO-01413,MPLADS-DEMO-000707,PROGRESS_PHOTO,Site Inspection Photograph - Construction Stage - Village-188,MPLADS-DEMO-000707_progress_stage.jpg,image/jpeg,191921,5971fda83a848b14ad8461f7b2ca30f074e70e73e3d230472e962b25867fb7fd,7825ab3f750d8da6,2024-03-08 11:24:15,11.599785,78.105098,9.9,Apple,iPhone 13,eSAKSHI Mobile App
EV-DEMO-01414,MPLADS-DEMO-000707,COMPLETION_PHOTO,Geo-tagged Asset Verification Photograph - Village-188,MPLADS-DEMO-000707_verification_stage.jpg,image/jpeg,322406,c5fa9bda7d55f9784780984f01b9cde2889e4cd92247d1869830732150bb4517,2396bb48d810f9e0,2024-06-11 15:42:10,11.599439,78.104837,38.2,Apple,iPhone 13,eSAKSHI Mobile App
EV-DEMO-01415,MPLADS-DEMO-000708,PROGRESS_PHOTO,Site Inspection Photograph - Construction Stage - Village-4,MPLADS-DEMO-000708_progress_stage.jpg,image/jpeg,270546,b769d20a1715524b2fac9a0ef4f7110cceff3a7b5b23dd70f4957fe830899738,8b09a027d9ec286d,2023-04-08 11:24:15,26.260671,73.014822,23.4,Vivo,Vivo V23 5G,eSAKSHI Mobile App
EV-DEMO-01416,MPLADS-DEMO-000708,COMPLETION_PHOTO,Geo-tagged Asset Verification Photograph - Village-4,MPLADS-DEMO-000708_verification_stage.jpg,image/jpeg,213828,f573c029c45d17038cdc4bcb0643df1c51ff1eea600d5f5703b9401229577e95,a45c24d218173962,2023-09-09 15:42:10,26.260248,73.014746,32.0,Vivo,Vivo V23 5G,eSAKSHI Mobile App
EV-DEMO-01417,MPLADS-DEMO-000709,PROGRESS_PHOTO,Site Inspection Photograph - Construction Stage - Village-121,MPLADS-DEMO-000709_progress_stage.jpg,image/jpeg,418754,3ca09499f1e00b1b4334750c9a5020123691b079a0991c30ede3e25ef1b0c36b,e9b94f6950234fda,2023-07-06 11:24:15,13.013596,77.609301,14.5,Samsung,SM-A525F,eSAKSHI Mobile App
EV-DEMO-01418,MPLADS-DEMO-000709,COMPLETION_PHOTO,Geo-tagged Asset Verification Photograph - Village-121,MPLADS-DEMO-000709_verification_stage.jpg,image/jpeg,372401,fe99f30f09d2dd65141e54d0ff97f54edab6bc11b9cf2ff871e9544f851e76f0,f7e60240c7bdf738,2023-11-30 15:42:10,13.013606,77.609255,12.7,Samsung,SM-A525F,eSAKSHI Mobile App
EV-DEMO-01419,MPLADS-DEMO-000710,PROGRESS_PHOTO,Site Inspection Photograph - Construction Stage - Village-189,MPLADS-DEMO-000710_progress_stage.jpg,image/jpeg,238986,a103407a522d07caa5ea98f8fb936fcfc2a548f07d9e382c3b618114a99e1f0d,8365c24692576082,2023-03-27 11:24:15,26.219475,73.030383,14.3,OnePlus,Nord CE 2,eSAKSHI Mobile App
EV-DEMO-01420,MPLADS-DEMO-000710,COMPLETION_PHOTO,Geo-tagged Asset Verification Photograph - Village-189,MPLADS-DEMO-000710_verification_stage.jpg,image/jpeg,427079,bdc958e3c3e717d9183cdbf0d96813f918046cea93d278c141003fc8d21075cb,ba524491ed1ce354,2023-06-16 15:42:10,26.21949,73.030406,16.3,OnePlus,Nord CE 2,eSAKSHI Mobile App
EV-DEMO-01421,MPLADS-DEMO-000711,PROGRESS_PHOTO,Site Inspection Photograph - Construction Stage - Village-176,MPLADS-DEMO-000711_progress_stage.jpg,image/jpeg,185858,d2261a87d76b2948076483309a368ed10c25aa62f6c3d366edb772203245a0b0,8ebc791f0f44fd6c,2024-01-29 11:24:15,13.06719,77.585881,22.4,Realme,Realme 9 Pro,eSAKSHI Mobile App
EV-DEMO-01422,MPLADS-DEMO-000711,COMPLETION_PHOTO,Geo-tagged Asset Verification Photograph - Village-176,MPLADS-DEMO-000711_verification_stage.jpg,image/jpeg,215769,2d5e9e91b296542e02808e305c1b7c210a6116a10cf387b9cfa9788cb12077fc,795e5f013680c42e,2024-04-14 15:42:10,13.067132,77.586186,26.7,Realme,Realme 9 Pro,eSAKSHI Mobile App
EV-DEMO-01423,MPLADS-DEMO-000712,PROGRESS_PHOTO,Site Inspection Photograph - Construction Stage - Village-53,MPLADS-DEMO-000712_progress_stage.jpg,image/jpeg,239854,5101407dd24d7fc0f1d23f43a81521530bc3c636bec1faa95acfd73a1140d3bd,723b2916d4cea425,2024-06-07 11:24:15,10.013533,76.260168,19.9,Apple,iPhone 13,eSAKSHI Mobile App
EV-DEMO-01424,MPLADS-DEMO-000712,SITE_IMAGE,Geo-tagged Asset Verification Photograph - Village-53,MPLADS-DEMO-000712_verification_stage.jpg,image/jpeg,401237,685e4368fa96b5c614678a049e214c67069a02186ce653aecf8f7ac33b65b59c,7db9125a0c0bcd0b,2024-11-08 15:42:10,10.013286,76.260176,12.3,Apple,iPhone 13,eSAKSHI Mobile App
EV-DEMO-01425,MPLADS-DEMO-000713,PROGRESS_PHOTO,Site Inspection Photograph - Construction Stage - Village-151,MPLADS-DEMO-000713_progress_stage.jpg,image/jpeg,225640,5b83958c1cbd091a7f2706b96e95ec30039b0eaa56a7cf130185138d6cb3bedb,00cb0ad653b34098,2024-03-08 11:24:15,20.451704,85.947023,20.4,OnePlus,Nord CE 2,eSAKSHI Mobile App
EV-DEMO-01426,MPLADS-DEMO-000713,COMPLETION_PHOTO,Geo-tagged Asset Verification Photograph - Village-151,MPLADS-DEMO-000713_verification_stage.jpg,image/jpeg,427621,1e87d1b113fb308b04868518452cfdb9e600510b546972f047b2bb29c2d51dbc,14d4c805feb2993f,2024-08-09 15:42:10,20.451654,85.947482,29.9,OnePlus,Nord CE 2,eSAKSHI Mobile App
EV-DEMO-01427,MPLADS-DEMO-000714,PROGRESS_PHOTO,Site Inspection Photograph - Construction Stage - Village-128,MPLADS-DEMO-000714_progress_stage.jpg,image/jpeg,365477,8b3ab1720060ac22b47066a69cb49c45ed72b68e260da2a3b18989ec5bebaabc,01adf2eac2503aa4,2024-02-07 11:24:15,26.968064,75.741605,22.4,Xiaomi,Redmi Note 11,eSAKSHI Mobile App
EV-DEMO-01428,MPLADS-DEMO-000714,COMPLETION_PHOTO,Geo-tagged Asset Verification Photograph - Village-128,MPLADS-DEMO-000714_verification_stage.jpg,image/jpeg,475593,01cab76fd07c96af6b498413105f1d7b00a753d168edb034c5eeb083348b63cb,f863b450849bbd17,2024-06-10 15:42:10,26.96812,75.741212,29.2,Xiaomi,Redmi Note 11,eSAKSHI Mobile App
EV-DEMO-01429,MPLADS-DEMO-000715,PROGRESS_PHOTO,Site Inspection Photograph - Construction Stage - Village-73,MPLADS-DEMO-000715_progress_stage.jpg,image/jpeg,203189,4994b8989e4fb5f04df1370f926c46ee2410bfec5c53aa495a64bfde64047b32,82fa3adc1c95d006,2024-02-10 11:24:15,23.223783,79.93748,4.6,OnePlus,Nord CE 2,eSAKSHI Mobile App
EV-DEMO-01430,MPLADS-DEMO-000715,SITE_IMAGE,Geo-tagged Asset Verification Photograph - Village-73,MPLADS-DEMO-000715_verification_stage.jpg,image/jpeg,312825,ab1cd64f107974724e12f20146fbc30551d55af216fe98e743431a9598563fd2,4807bd50ddd32869,2024-06-23 15:42:10,23.223587,79.937224,33.8,OnePlus,Nord CE 2,eSAKSHI Mobile App
EV-DEMO-01431,MPLADS-DEMO-000716,PROGRESS_PHOTO,Site Inspection Photograph - Construction Stage - Village-171,MPLADS-DEMO-000716_progress_stage.jpg,image/jpeg,264481,421a9b5ea7077a8612f2f214ced675e10196d2515c7ad965b7ed0a80e706f976,2ada202086bb0e84,2024-03-10 11:24:15,18.732014,78.10206,12.4,Xiaomi,Redmi Note 11,eSAKSHI Mobile App
EV-DEMO-01432,MPLADS-DEMO-000716,COMPLETION_PHOTO,Geo-tagged Asset Verification Photograph - Village-171,MPLADS-DEMO-000716_verification_stage.jpg,image/jpeg,266730,b87bdf53f981fcc0fa5912de9ff76293aa50b153d9c1e58f97cbc4843528f140,11790bea7a77621a,2024-08-18 15:42:10,18.731903,78.101924,24.1,Xiaomi,Redmi Note 11,eSAKSHI Mobile App
EV-DEMO-01433,MPLADS-DEMO-000717,PROGRESS_PHOTO,Site Inspection Photograph - Construction Stage - Village-64,MPLADS-DEMO-000717_progress_stage.jpg,image/jpeg,391295,2adbf237ffe58cf84048ac90339e2f4a3dde05c0cb5e476d471aaa2b441d5657,ee749a09ba8ad087,2024-07-01 11:24:15,23.063138,72.589235,13.0,OnePlus,Nord CE 2,eSAKSHI Mobile App
EV-DEMO-01434,MPLADS-DEMO-000717,COMPLETION_PHOTO,Geo-tagged Asset Verification Photograph - Village-64,MPLADS-DEMO-000717_verification_stage.jpg,image/jpeg,370502,73dde83a79fcaf2341d1df96ff21b2fcb3b4734cd7d539ffc19c1bba01fda051,78a69cce0078c002,2024-08-12 15:42:10,23.063228,72.589402,29.8,OnePlus,Nord CE 2,eSAKSHI Mobile App
EV-DEMO-01435,MPLADS-DEMO-000718,PROGRESS_PHOTO,Site Inspection Photograph - Construction Stage - Village-175,MPLADS-DEMO-000718_progress_stage.jpg,image/jpeg,344918,8dec8c1a9eb70e91f8e83e4f9c1983d0d827ac36980b1e103b1df90380187631,4ba5a52bfd230146,2023-05-06 11:24:15,11.720177,76.099409,10.5,Realme,Realme 9 Pro,eSAKSHI Mobile App
EV-DEMO-01436,MPLADS-DEMO-000718,COMPLETION_PHOTO,Geo-tagged Asset Verification Photograph - Village-175,MPLADS-DEMO-000718_verification_stage.jpg,image/jpeg,322601,38ae2493c750644d5bfefa24154dcfb805693cc3c6680de1c22769533b4dbd38,50582e46cab3c5d5,2023-07-14 15:42:10,11.720123,76.099426,11.7,Realme,Realme 9 Pro,eSAKSHI Mobile App
EV-DEMO-01437,MPLADS-DEMO-000719,PROGRESS_PHOTO,Site Inspection Photograph - Construction Stage - Village-178,MPLADS-DEMO-000719_progress_stage.jpg,image/jpeg,255080,38d44d913da783410537e899f84ad333775b3ae2ad2629c7e3b638554e9f0745,e0657f9c3775d250,2023-11-27 11:24:15,18.496199,73.913161,11.3,Xiaomi,Redmi Note 11,eSAKSHI Mobile App
EV-DEMO-01438,MPLADS-DEMO-000719,COMPLETION_PHOTO,Geo-tagged Asset Verification Photograph - Village-178,MPLADS-DEMO-000719_verification_stage.jpg,image/jpeg,389625,13834313896f0ef8c3d789d8e01e1328a19b6a0cb9e084272115b9dcd671346c,73ad7852f35a2775,2024-01-07 15:42:10,18.49589,73.912993,36.4,Xiaomi,Redmi Note 11,eSAKSHI Mobile App
EV-DEMO-01439,MPLADS-DEMO-000720,PROGRESS_PHOTO,Site Inspection Photograph - Construction Stage - Village-158,MPLADS-DEMO-000720_progress_stage.jpg,image/jpeg,314010,f4b7859bdadb914876a0532b7c95fee00af35f529f97bfe0b66c7b8ef97a3e1f,da7b51b780b1a7ba,2023-12-19 11:24:15,21.223043,72.868342,5.6,Samsung,SM-A525F,eSAKSHI Mobile App
EV-DEMO-01440,MPLADS-DEMO-000720,COMPLETION_PHOTO,Geo-tagged Asset Verification Photograph - Village-158,MPLADS-DEMO-000720_verification_stage.jpg,image/jpeg,318043,dd716244188db8bf3f34a7629cbfe7c0410ad6696dace6f672f26497864a0fe7,f5c526693c043604,2024-02-01 15:42:10,21.223202,72.868149,25.3,Samsung,SM-A525F,eSAKSHI Mobile App
EV-DEMO-01441,MPLADS-DEMO-000721,PROGRESS_PHOTO,Site Inspection Photograph - Construction Stage - Village-196,MPLADS-DEMO-000721_progress_stage.jpg,image/jpeg,335480,6f55b2cf250db455ed21b1cf03f8a0c249dca5f9e83e30ef025bbb7a8705d16f,9473462fcc9b4b0d,2024-02-27 11:24:15,11.734195,76.126669,18.5,OnePlus,Nord CE 2,eSAKSHI Mobile App
EV-DEMO-01442,MPLADS-DEMO-000721,COMPLETION_PHOTO,Geo-tagged Asset Verification Photograph - Village-196,MPLADS-DEMO-000721_verification_stage.jpg,image/jpeg,434835,13e12eca0c83cd76f8cfa01121bc378550aa0041e482ec7828b9e10ec73a304a,d079eab7b8462e37,2024-04-08 15:42:10,11.734105,76.1271,29.7,OnePlus,Nord CE 2,eSAKSHI Mobile App
EV-DEMO-01443,MPLADS-DEMO-000722,PROGRESS_PHOTO,Site Inspection Photograph - Construction Stage - Village-32,MPLADS-DEMO-000722_progress_stage.jpg,image/jpeg,415355,aa74815623980717fc8a59b5bebe1ba26d3368a4c74d103414962ae024be13e5,0366ae133e01270e,2023-12-02 11:24:15,10.012973,76.322589,12.6,OnePlus,Nord CE 2,eSAKSHI Mobile App
EV-DEMO-01444,MPLADS-DEMO-000722,COMPLETION_PHOTO,Geo-tagged Asset Verification Photograph - Village-32,MPLADS-DEMO-000722_verification_stage.jpg,image/jpeg,346404,a1ada41662188875f31b04221bd78f03875b1116835382fd2afca5fb183e4a0e,22fe0c5aaff2fa84,2024-02-11 15:42:10,10.013078,76.322837,37.6,OnePlus,Nord CE 2,eSAKSHI Mobile App
EV-DEMO-01445,MPLADS-DEMO-000723,PROGRESS_PHOTO,Site Inspection Photograph - Construction Stage - Village-40,MPLADS-DEMO-000723_progress_stage.jpg,image/jpeg,199529,751fcbe67c8ece6510cac775439462550feb3c65c80fabf174918791c1739c81,d8429b573f51ecd0,2024-03-25 11:24:15,20.43647,85.858227,25.5,Realme,Realme 9 Pro,eSAKSHI Mobile App
EV-DEMO-01446,MPLADS-DEMO-000723,SITE_IMAGE,Geo-tagged Asset Verification Photograph - Village-40,MPLADS-DEMO-000723_verification_stage.jpg,image/jpeg,337367,6f6b1dd528d2f1a044ddf0db3aa4ecf4a2573d7b38b4e010cd3a6059aeccf2d8,1f35d0a05628efac,2024-05-10 15:42:10,20.436713,85.858262,19.3,Realme,Realme 9 Pro,eSAKSHI Mobile App
EV-DEMO-01447,MPLADS-DEMO-000724,PROGRESS_PHOTO,Site Inspection Photograph - Construction Stage - Village-64,MPLADS-DEMO-000724_progress_stage.jpg,image/jpeg,209174,46a2359b6478787eb2d3e8ff46ae86505973126c6377ab2abc9c68e8348b83ec,c24db1f0170f43e1,2024-06-25 11:24:15,20.424248,85.879747,26.9,Vivo,Vivo V23 5G,eSAKSHI Mobile App
EV-DEMO-01448,MPLADS-DEMO-000724,COMPLETION_PHOTO,Geo-tagged Asset Verification Photograph - Village-64,MPLADS-DEMO-000724_verification_stage.jpg,image/jpeg,414035,c7b4669432446e437bf4c9d6918910225fde48cea3fc2be6f18884ffd87da4c7,be7b69246fe9fb35,2024-08-25 15:42:10,20.424024,85.879612,4.6,Vivo,Vivo V23 5G,eSAKSHI Mobile App
EV-DEMO-01449,MPLADS-DEMO-000725,PROGRESS_PHOTO,Site Inspection Photograph - Construction Stage - Village-175,MPLADS-DEMO-000725_progress_stage.jpg,image/jpeg,383872,0979488eed779a68e41a83d473f1c7d45c018d350e817b8ec2bf49e95b8120bd,ac1cc402195317d7,2023-06-08 11:24:15,26.752488,83.393754,22.1,Samsung,SM-A525F,eSAKSHI Mobile App
EV-DEMO-01450,MPLADS-DEMO-000725,SITE_IMAGE,Geo-tagged Asset Verification Photograph - Village-175,MPLADS-DEMO-000725_verification_stage.jpg,image/jpeg,463181,8bf144526d6dce3d958bc896ad9aa57de674f668f3d3a23b36334318c66e24b1,6bc31bd98cb99d42,2023-09-09 15:42:10,26.752939,83.393742,28.1,Samsung,SM-A525F,eSAKSHI Mobile App
EV-DEMO-01451,MPLADS-DEMO-000726,PROGRESS_PHOTO,Site Inspection Photograph - Construction Stage - Village-123,MPLADS-DEMO-000726_progress_stage.jpg,image/jpeg,354328,6ee213edf09a796e3077e50fb773bcd3448a5a1577fc8327aad318fab20535e4,523a08905a9cdd80,2023-10-10 11:24:15,15.431409,75.029549,22.0,Samsung,SM-A525F,eSAKSHI Mobile App
EV-DEMO-01452,MPLADS-DEMO-000726,COMPLETION_PHOTO,Geo-tagged Asset Verification Photograph - Village-123,MPLADS-DEMO-000726_verification_stage.jpg,image/jpeg,334381,7634cbec1c92b9d61122daec0bd60951523b6acf9563825bf26ac25e7534cb0a,18573f9f449ab631,2023-12-29 15:42:10,15.431566,75.029863,30.6,Samsung,SM-A525F,eSAKSHI Mobile App
EV-DEMO-01453,MPLADS-DEMO-000727,PROGRESS_PHOTO,Site Inspection Photograph - Construction Stage - Village-145,MPLADS-DEMO-000727_progress_stage.jpg,image/jpeg,180677,f6ee2f7a27059c17edd6f8d06acdf3d5c14cba6616420f3f1a9a9dfea64d9f98,69b614494be2aec3,2024-02-17 11:24:15,26.897884,75.797811,16.3,Realme,Realme 9 Pro,eSAKSHI Mobile App
EV-DEMO-01454,MPLADS-DEMO-000727,COMPLETION_PHOTO,Geo-tagged Asset Verification Photograph - Village-145,MPLADS-DEMO-000727_verification_stage.jpg,image/jpeg,244435,ba5d150a4499466ebb7794ffc6fa5e7a5ab4b0ed644dd773284b86e10e072f66,4cb05db6b84154e9,2024-05-19 15:42:10,26.897979,75.79776,5.3,Realme,Realme 9 Pro,eSAKSHI Mobile App
EV-DEMO-01455,MPLADS-DEMO-000728,PROGRESS_PHOTO,Site Inspection Photograph - Construction Stage - Village-71,MPLADS-DEMO-000728_progress_stage.jpg,image/jpeg,218609,947c34086af4bba3dec7ae9692828216112b819c49f4a5329f95c7e26e696aad,00c01e168b1cce07,2023-09-29 11:24:15,20.39856,85.838419,21.9,Apple,iPhone 13,eSAKSHI Mobile App
EV-DEMO-01456,MPLADS-DEMO-000728,SITE_IMAGE,Geo-tagged Asset Verification Photograph - Village-71,MPLADS-DEMO-000728_verification_stage.jpg,image/jpeg,416963,763676209b24ef1d0fdbec47a3b4001e88f5e88d67cbe89572adbdecf56f6437,f8dc7cf576d7d859,2023-11-02 15:42:10,20.398555,85.838595,14.6,Apple,iPhone 13,eSAKSHI Mobile App
EV-DEMO-01457,MPLADS-DEMO-000729,PROGRESS_PHOTO,Site Inspection Photograph - Construction Stage - Village-145,MPLADS-DEMO-000729_progress_stage.jpg,image/jpeg,282218,5b29e2d080ff731837b89cdf0fcb44ccb33189389f3c39ee84211b08757c1ed7,0a932cec5745d14d,2024-02-07 11:24:15,24.564571,73.740315,17.5,OnePlus,Nord CE 2,eSAKSHI Mobile App
EV-DEMO-01458,MPLADS-DEMO-000729,SITE_IMAGE,Geo-tagged Asset Verification Photograph - Village-145,MPLADS-DEMO-000729_verification_stage.jpg,image/jpeg,294848,e67ed1839e84d92280f5fabee346e34d7cbe5e77d257b5817a2fc905c393335a,280a002c2087ffc0,2024-07-12 15:42:10,24.564553,73.740201,28.1,OnePlus,Nord CE 2,eSAKSHI Mobile App
EV-DEMO-01459,MPLADS-DEMO-000730,PROGRESS_PHOTO,Site Inspection Photograph - Construction Stage - Village-148,MPLADS-DEMO-000730_progress_stage.jpg,image/jpeg,247293,186aad9fddc19535e8c077c286e0d347597b78222fc93d151cff64b09d9e4594,eb2cf1de68ead31b,2024-01-21 11:24:15,22.746767,75.858725,13.9,Realme,Realme 9 Pro,eSAKSHI Mobile App
EV-DEMO-01460,MPLADS-DEMO-000730,SITE_IMAGE,Geo-tagged Asset Verification Photograph - Village-148,MPLADS-DEMO-000730_verification_stage.jpg,image/jpeg,253680,5af9ac846deb077e2e76d0f2d5462ad7bae97977d1d08bff6cb7a5aed20cf96b,620e7836ad2f0cd9,2024-05-14 15:42:10,22.746663,75.858486,13.3,Realme,Realme 9 Pro,eSAKSHI Mobile App
EV-DEMO-01461,MPLADS-DEMO-000731,PROGRESS_PHOTO,Site Inspection Photograph - Construction Stage - Village-171,MPLADS-DEMO-000731_progress_stage.jpg,image/jpeg,377324,652f1a94f567e376f86947d5bc8dc9d07bb1e4354f5c22943b29cc213474144c,a6d61cce0a03ff44,2024-03-31 11:24:15,19.946238,73.846412,18.7,Realme,Realme 9 Pro,eSAKSHI Mobile App
EV-DEMO-01462,MPLADS-DEMO-000731,COMPLETION_PHOTO,Geo-tagged Asset Verification Photograph - Village-171,MPLADS-DEMO-000731_verification_stage.jpg,image/jpeg,341162,cc626da65a1e11b2b40b3258f1a3473adff6ec0a433a72d83716bbb3ec663583,b22eff2342184a6f,2024-06-21 15:42:10,19.946375,73.845962,31.0,Realme,Realme 9 Pro,eSAKSHI Mobile App
EV-DEMO-01463,MPLADS-DEMO-000732,PROGRESS_PHOTO,Site Inspection Photograph - Construction Stage - Village-16,MPLADS-DEMO-000732_progress_stage.jpg,image/jpeg,376788,33c67585c4b7a13d0f6bc9ad6bad06657b5e5bf3aa369bd079a2524162961c69,5efc7183a555ad66,2024-01-05 11:24:15,17.983633,79.54407,22.7,OnePlus,Nord CE 2,eSAKSHI Mobile App
EV-DEMO-01464,MPLADS-DEMO-000732,COMPLETION_PHOTO,Geo-tagged Asset Verification Photograph - Village-16,MPLADS-DEMO-000732_verification_stage.jpg,image/jpeg,278518,797b8818b1580fc45e347ee7dc1256187d3d7db5b08ebac9426d4d9dc0d0226e,74c290d551d4674b,2024-04-29 15:42:10,17.983534,79.54382,19.7,OnePlus,Nord CE 2,eSAKSHI Mobile App
EV-DEMO-01465,MPLADS-DEMO-000733,PROGRESS_PHOTO,Site Inspection Photograph - Construction Stage - Village-52,MPLADS-DEMO-000733_progress_stage.jpg,image/jpeg,336285,3d358daa8412c865e01bf1d6f70757aa28b40f30bf3980f8170a6ea78de7a4ad,26bde73d3db075d8,2023-07-14 11:24:15,11.624942,78.144925,23.9,Vivo,Vivo V23 5G,eSAKSHI Mobile App
EV-DEMO-01466,MPLADS-DEMO-000733,COMPLETION_PHOTO,Geo-tagged Asset Verification Photograph - Village-52,MPLADS-DEMO-000733_verification_stage.jpg,image/jpeg,246255,a9cc4c462ebd2bd5c29a96dd479405dbedac2b2eb8c5ed7f8fbf45997a579d77,5cb449e09d9dc464,2023-09-22 15:42:10,11.624853,78.144617,27.5,Vivo,Vivo V23 5G,eSAKSHI Mobile App
EV-DEMO-01467,MPLADS-DEMO-000734,PROGRESS_PHOTO,Site Inspection Photograph - Construction Stage - Village-25,MPLADS-DEMO-000734_progress_stage.jpg,image/jpeg,284098,ed8122903b9a4ab219e40fe3b652d408e7912d23e35fc88de9bd64c0696ae8e3,54047dbfbc2ba91c,2023-12-27 11:24:15,22.265383,70.842341,16.7,Apple,iPhone 13,eSAKSHI Mobile App
EV-DEMO-01468,MPLADS-DEMO-000734,SITE_IMAGE,Geo-tagged Asset Verification Photograph - Village-25,MPLADS-DEMO-000734_verification_stage.jpg,image/jpeg,215649,efa20c0de8812325395018225149ba5b3f8ee4447ab36b56d044feb7795252b8,dccae385d0e2de83,2024-04-06 15:42:10,22.265145,70.842436,24.8,Apple,iPhone 13,eSAKSHI Mobile App
EV-DEMO-01469,MPLADS-DEMO-000735,PROGRESS_PHOTO,Site Inspection Photograph - Construction Stage - Village-49,MPLADS-DEMO-000735_progress_stage.jpg,image/jpeg,244645,32c5e10e4469aa200b8e6f0a7f2588bf0174a5169404744503845ec040d59ab3,d50bbfa30c07677d,2024-06-12 11:24:15,11.707382,78.155332,24.7,Realme,Realme 9 Pro,eSAKSHI Mobile App
EV-DEMO-01470,MPLADS-DEMO-000735,COMPLETION_PHOTO,Geo-tagged Asset Verification Photograph - Village-49,MPLADS-DEMO-000735_verification_stage.jpg,image/jpeg,418652,83e9185949b174c25d7703911a0e894b9d19aa162549b7462ffb470717e6805c,a745c8d5fe21ccac,2024-07-28 15:42:10,11.707571,78.155231,11.2,Realme,Realme 9 Pro,eSAKSHI Mobile App
EV-DEMO-01471,MPLADS-DEMO-000736,PROGRESS_PHOTO,Site Inspection Photograph - Construction Stage - Village-26,MPLADS-DEMO-000736_progress_stage.jpg,image/jpeg,225055,0de198ac73f5b5afdf08b5fa38af0a937e63a503d05a5a09bfda7637d3e0ac11,ed8d7d18246e95ea,2024-05-04 11:24:15,21.120643,72.796011,14.1,Apple,iPhone 13,eSAKSHI Mobile App
EV-DEMO-01472,MPLADS-DEMO-000736,COMPLETION_PHOTO,Geo-tagged Asset Verification Photograph - Village-26,MPLADS-DEMO-000736_verification_stage.jpg,image/jpeg,269287,930d29d10749055b389d12bab2ae6494b9d8b82d4d30abb899dcbc07b80413b5,19ce28e738d2b835,2024-08-10 15:42:10,21.120709,72.795859,29.9,Apple,iPhone 13,eSAKSHI Mobile App
EV-DEMO-01473,MPLADS-DEMO-000737,PROGRESS_PHOTO,Site Inspection Photograph - Construction Stage - Village-133,MPLADS-DEMO-000737_progress_stage.jpg,image/jpeg,324284,cabe984b0df11aff068e068deda69a7c231f2801710350d08c19d299577bd15b,a76c87ca18f0fd9d,2024-06-26 11:24:15,26.968629,75.787409,14.6,Realme,Realme 9 Pro,eSAKSHI Mobile App
EV-DEMO-01474,MPLADS-DEMO-000737,COMPLETION_PHOTO,Geo-tagged Asset Verification Photograph - Village-133,MPLADS-DEMO-000737_verification_stage.jpg,image/jpeg,354884,2370e0835fcce7d0eb0800bc26670caac81f5d5e3c71caa2300bcab549b73d0f,731f36050e0d1017,2024-10-13 15:42:10,26.968541,75.787226,8.0,Realme,Realme 9 Pro,eSAKSHI Mobile App
EV-DEMO-01475,MPLADS-DEMO-000738,PROGRESS_PHOTO,Site Inspection Photograph - Construction Stage - Village-67,MPLADS-DEMO-000738_progress_stage.jpg,image/jpeg,338199,3a5a46ae8e69e3dfd42b092df03ae9428da54b50fd898148dc1c7bbf2af0746d,f2160f631c9af73a,2024-03-15 11:24:15,22.983423,72.621981,21.2,OnePlus,Nord CE 2,eSAKSHI Mobile App
EV-DEMO-01476,MPLADS-DEMO-000738,SITE_IMAGE,Geo-tagged Asset Verification Photograph - Village-67,MPLADS-DEMO-000738_verification_stage.jpg,image/jpeg,331000,214a45bced5624d8e0b11c096c4da171ed53087e8c4a10be24a15b67e83cec73,0331708a8ddb189e,2024-06-07 15:42:10,22.983385,72.62214,36.4,OnePlus,Nord CE 2,eSAKSHI Mobile App
EV-DEMO-01477,MPLADS-DEMO-000739,PROGRESS_PHOTO,Site Inspection Photograph - Construction Stage - Village-196,MPLADS-DEMO-000739_progress_stage.jpg,image/jpeg,347451,bb5dd008c13f3ac36f7ca619e3a20183e5fd6776f054d9043fa4d1139f175af9,7c840a12b00a9dab,2024-01-16 11:24:15,20.50235,85.863096,19.7,OnePlus,Nord CE 2,eSAKSHI Mobile App
EV-DEMO-01478,MPLADS-DEMO-000739,COMPLETION_PHOTO,Geo-tagged Asset Verification Photograph - Village-196,MPLADS-DEMO-000739_verification_stage.jpg,image/jpeg,335468,3b9b0249e2ef8e098bb4a19b69f2fc2e8c2d3788dc390e023cc263d95a6a9bd8,b86c4f8d95176e8d,2024-03-02 15:42:10,20.502176,85.862877,34.1,OnePlus,Nord CE 2,eSAKSHI Mobile App
EV-DEMO-01479,MPLADS-DEMO-000740,PROGRESS_PHOTO,Site Inspection Photograph - Construction Stage - Village-128,MPLADS-DEMO-000740_progress_stage.jpg,image/jpeg,246511,9d8d925f904716e9c064e9a9285733deea7e8020b68d681f75cb1c22e044b5fe,cc3e77670cabb017,2024-05-25 11:24:15,23.023481,72.590879,6.7,Vivo,Vivo V23 5G,eSAKSHI Mobile App
EV-DEMO-01480,MPLADS-DEMO-000740,COMPLETION_PHOTO,Geo-tagged Asset Verification Photograph - Village-128,MPLADS-DEMO-000740_verification_stage.jpg,image/jpeg,390963,764279f3a816c17e08a2d5caf18371d489d4436694c5e6c946b0664617da5026,b409a299ff5c0d02,2024-08-31 15:42:10,23.023533,72.591107,17.4,Vivo,Vivo V23 5G,eSAKSHI Mobile App
EV-DEMO-01481,MPLADS-DEMO-000741,PROGRESS_PHOTO,Site Inspection Photograph - Construction Stage - Village-175,MPLADS-DEMO-000741_progress_stage.jpg,image/jpeg,259759,ff2f9386a751f115960c3fa8dee6efaf73b6f5655597e8181f93cf5c0400a489,6916b0d50499ed07,2024-02-13 11:24:15,9.949217,78.057246,19.6,Samsung,SM-A525F,eSAKSHI Mobile App
EV-DEMO-01482,MPLADS-DEMO-000741,COMPLETION_PHOTO,Geo-tagged Asset Verification Photograph - Village-175,MPLADS-DEMO-000741_verification_stage.jpg,image/jpeg,288927,872e426a3ec169fc3b3ccb2ed14044f5b7bfd63f12dc24b416c0c62df230f417,a2298bbf146d8a08,2024-04-13 15:42:10,9.949311,78.057311,32.2,Samsung,SM-A525F,eSAKSHI Mobile App
EV-DEMO-01483,MPLADS-DEMO-000742,PROGRESS_PHOTO,Site Inspection Photograph - Construction Stage - Village-91,MPLADS-DEMO-000742_progress_stage.jpg,image/jpeg,276375,6891525804649d4aef7206da0794f1d02d709ab94018fe18fe9557fee15ee211,230975af9f8c8c15,2023-03-19 11:24:15,23.14155,79.978177,14.1,OnePlus,Nord CE 2,eSAKSHI Mobile App
EV-DEMO-01484,MPLADS-DEMO-000742,COMPLETION_PHOTO,Geo-tagged Asset Verification Photograph - Village-91,MPLADS-DEMO-000742_verification_stage.jpg,image/jpeg,462806,3716417af7e4df852fa6a67a9ae488c974324d0682a50278530e9c9a1933e2d0,84974e07247ea75e,2023-07-02 15:42:10,23.141945,79.978198,30.6,OnePlus,Nord CE 2,eSAKSHI Mobile App
EV-DEMO-01485,MPLADS-DEMO-000743,PROGRESS_PHOTO,Site Inspection Photograph - Construction Stage - Village-15,MPLADS-DEMO-000743_progress_stage.jpg,image/jpeg,391819,49e39b3851e4df92a96c78ae40ff45bb83006fc76ce13e2992008a77691af912,9183101e5a6fc068,2024-02-08 11:24:15,18.617265,78.045461,24.7,OnePlus,Nord CE 2,eSAKSHI Mobile App
EV-DEMO-01486,MPLADS-DEMO-000743,SITE_IMAGE,Geo-tagged Asset Verification Photograph - Village-15,MPLADS-DEMO-000743_verification_stage.jpg,image/jpeg,468359,f5fe6d867fa86240cc184db3ff25f6de575734c38deaf4ab63d10ed64eb74d0e,6f457652d0dd5ae0,2024-06-02 15:42:10,18.617677,78.045545,24.3,OnePlus,Nord CE 2,eSAKSHI Mobile App
EV-DEMO-01487,MPLADS-DEMO-000744,PROGRESS_PHOTO,Site Inspection Photograph - Construction Stage - Village-20,MPLADS-DEMO-000744_progress_stage.jpg,image/jpeg,230396,a879c0663b7e79e292f00a67cfc67d81b0d5ce3e16239995d6120ee1fa39355b,2df1b1c2dabb9ddf,2024-06-05 11:24:15,11.653069,76.137754,18.1,Realme,Realme 9 Pro,eSAKSHI Mobile App
EV-DEMO-01488,MPLADS-DEMO-000744,COMPLETION_PHOTO,Geo-tagged Asset Verification Photograph - Village-20,MPLADS-DEMO-000744_verification_stage.jpg,image/jpeg,239875,dad2fd49b1b15303d070067bce4cd0ebf79e1e0dbe1e3b0ef14de1049d669205,a12c5be0466780b9,2024-07-29 15:42:10,11.652833,76.137674,10.3,Realme,Realme 9 Pro,eSAKSHI Mobile App
EV-DEMO-01489,MPLADS-DEMO-000745,PROGRESS_PHOTO,Site Inspection Photograph - Construction Stage - Village-135,MPLADS-DEMO-000745_progress_stage.jpg,image/jpeg,363146,479fbb0423a85942fdb7c7ac0ad2f29c7ea8bab00fc2596bb7348f3270d5197a,7413dd456c442c10,2024-07-03 11:24:15,20.231816,85.597553,21.6,OnePlus,Nord CE 2,eSAKSHI Mobile App
EV-DEMO-01490,MPLADS-DEMO-000745,SITE_IMAGE,Geo-tagged Asset Verification Photograph - Village-135,MPLADS-DEMO-000745_verification_stage.jpg,image/jpeg,415604,a813082a26959980b24016eae216579ae1122d5ae9a14e36f4cebead650424ee,6d52978b8591f8e6,2024-09-25 15:42:10,20.23169,85.597408,41.7,OnePlus,Nord CE 2,eSAKSHI Mobile App
EV-DEMO-01491,MPLADS-DEMO-000746,PROGRESS_PHOTO,Site Inspection Photograph - Construction Stage - Village-79,MPLADS-DEMO-000746_progress_stage.jpg,image/jpeg,345464,bcc85c0953457b46714197cc05be77ac16e2c7a25f96003fe6b6baa31c46d485,01f3b3ce39dfd197,2023-04-21 11:24:15,18.470172,79.091304,17.6,Vivo,Vivo V23 5G,eSAKSHI Mobile App
EV-DEMO-01492,MPLADS-DEMO-000746,COMPLETION_PHOTO,Geo-tagged Asset Verification Photograph - Village-79,MPLADS-DEMO-000746_verification_stage.jpg,image/jpeg,444995,c0da651b6742788c872a86b5a3c0f04e00d21cc0deb36d3544e00d6792861cb8,9dc90355e6a203f4,2023-07-22 15:42:10,18.470102,79.091025,19.4,Vivo,Vivo V23 5G,eSAKSHI Mobile App
EV-DEMO-01493,MPLADS-DEMO-000747,PROGRESS_PHOTO,Site Inspection Photograph - Construction Stage - Village-70,MPLADS-DEMO-000747_progress_stage.jpg,image/jpeg,298894,88e0fc26431b3000b5f51b7fb5bf0f37fa82125cbd055d3907546a199158648f,35b13b7ccf308a5c,2024-06-23 11:24:15,13.03554,77.552845,15.4,Realme,Realme 9 Pro,eSAKSHI Mobile App
EV-DEMO-01494,MPLADS-DEMO-000747,SITE_IMAGE,Geo-tagged Asset Verification Photograph - Village-70,MPLADS-DEMO-000747_verification_stage.jpg,image/jpeg,438371,bb1dbbfe13437708342c029316fb5a7ae0ca85a0a66998afd8b2873016ca930a,09a862522d1cfda6,2024-10-18 15:42:10,13.035836,77.552718,22.4,Realme,Realme 9 Pro,eSAKSHI Mobile App
EV-DEMO-01495,MPLADS-DEMO-000748,PROGRESS_PHOTO,Site Inspection Photograph - Construction Stage - Village-53,MPLADS-DEMO-000748_progress_stage.jpg,image/jpeg,265091,91ddba0024fb32845ab7c969620cfc6073fc6ed253d12b245d6327cba04cd762,a8c71de86d16462c,2023-12-09 11:24:15,23.165768,80.00708,12.3,Samsung,SM-A525F,eSAKSHI Mobile App
EV-DEMO-01496,MPLADS-DEMO-000748,COMPLETION_PHOTO,Geo-tagged Asset Verification Photograph - Village-53,MPLADS-DEMO-000748_verification_stage.jpg,image/jpeg,448575,efa8ab1f6a51ed931485e1a85e71e1652b95e97f2bf281f82cd9b8d1cc4edd1e,fe943b05d0de0d42,2024-04-25 15:42:10,23.166019,80.007449,35.0,Samsung,SM-A525F,eSAKSHI Mobile App
EV-DEMO-01497,MPLADS-DEMO-000749,PROGRESS_PHOTO,Site Inspection Photograph - Construction Stage - Village-88,MPLADS-DEMO-000749_progress_stage.jpg,image/jpeg,200979,55037987b97efb5551a52a7fcb9c3b69dca2c3d3a14bc1c1ac885749f51ddc52,1f3199381511fa36,2024-04-07 11:24:15,25.347019,82.989592,13.1,Apple,iPhone 13,eSAKSHI Mobile App
EV-DEMO-01498,MPLADS-DEMO-000749,COMPLETION_PHOTO,Geo-tagged Asset Verification Photograph - Village-88,MPLADS-DEMO-000749_verification_stage.jpg,image/jpeg,233387,a743b2a8110dd7723466ff12a6f0846dbf32fdebde338b3bf9271fff26ef6c1e,73c6f912260ff157,2024-07-12 15:42:10,25.34711,82.989855,23.5,Apple,iPhone 13,eSAKSHI Mobile App
EV-DEMO-01499,MPLADS-DEMO-000750,PROGRESS_PHOTO,Site Inspection Photograph - Construction Stage - Village-146,MPLADS-DEMO-000750_progress_stage.jpg,image/jpeg,290152,bda918665a8811f8cc29f86f17ef6460ce53fe803f693083043946108a83079c,79faac2a5b394d1a,2023-07-06 11:24:15,23.294743,77.381445,14.7,Xiaomi,Redmi Note 11,eSAKSHI Mobile App
EV-DEMO-01500,MPLADS-DEMO-000750,COMPLETION_PHOTO,Geo-tagged Asset Verification Photograph - Village-146,MPLADS-DEMO-000750_verification_stage.jpg,image/jpeg,384761,09194e65fb41e80d30ef7e4bd105eb23d394e368942dd4f6db47e9f613c51cc0,0e75e2664f71d40b,2023-11-19 15:42:10,23.295069,77.381548,25.9,Xiaomi,Redmi Note 11,eSAKSHI Mobile App
EV-DEMO-01501,MPLADS-DEMO-000751,PROGRESS_PHOTO,Site Inspection Photograph - Construction Stage - Village-87,MPLADS-DEMO-000751_progress_stage.jpg,image/jpeg,384336,9c076832d50a91981fc76a26f15675f1be2ddba3da6afe122597438131c2295f,392882f6a39d1ad4,2024-04-04 11:24:15,17.978339,79.534055,23.0,Realme,Realme 9 Pro,eSAKSHI Mobile App
EV-DEMO-01502,MPLADS-DEMO-000751,COMPLETION_PHOTO,Geo-tagged Asset Verification Photograph - Village-87,MPLADS-DEMO-000751_verification_stage.jpg,image/jpeg,232643,44de6d54de69c48ac9bb7cea4034a3b54687c02587b3993a6359e94a91ed374c,84ae642e2b53f52e,2024-05-13 15:42:10,17.978022,79.533988,19.2,Realme,Realme 9 Pro,eSAKSHI Mobile App
EV-DEMO-01503,MPLADS-DEMO-000752,PROGRESS_PHOTO,Site Inspection Photograph - Construction Stage - Village-113,MPLADS-DEMO-000752_progress_stage.jpg,image/jpeg,370149,e4c61da7958ef5042087e315ac8b985e0ffb4835460bc0d9e4c40f336b4dec59,ee95a7c176cbbdbb,2023-07-19 11:24:15,23.117733,79.926403,21.6,OnePlus,Nord CE 2,eSAKSHI Mobile App
EV-DEMO-01504,MPLADS-DEMO-000752,COMPLETION_PHOTO,Geo-tagged Asset Verification Photograph - Village-113,MPLADS-DEMO-000752_verification_stage.jpg,image/jpeg,258617,07b95826e33822c456841569a6da376c5e93c58865eefbd53e510f433e42e2ec,ed91a213ec3a2e3a,2023-12-04 15:42:10,23.117483,79.92598,30.2,OnePlus,Nord CE 2,eSAKSHI Mobile App
EV-DEMO-01505,MPLADS-DEMO-000753,PROGRESS_PHOTO,Site Inspection Photograph - Construction Stage - Village-113,MPLADS-DEMO-000753_progress_stage.jpg,image/jpeg,255893,2c148aab7b533fb3cd170dce13dd7ef9a60e980e8b9bd155a50c5fac4f54a4dc,a18d1e6e1ea8c55e,2023-07-14 11:24:15,15.417083,75.042313,22.4,Vivo,Vivo V23 5G,eSAKSHI Mobile App
EV-DEMO-01506,MPLADS-DEMO-000753,COMPLETION_PHOTO,Geo-tagged Asset Verification Photograph - Village-113,MPLADS-DEMO-000753_verification_stage.jpg,image/jpeg,398680,e0def72ddfc8f24f77306dd5a8275ecf202851e9f185afe00a3017af5cf015b5,7aedf76f2e3d72a1,2023-09-03 15:42:10,15.417265,75.04235,3.1,Vivo,Vivo V23 5G,eSAKSHI Mobile App
EV-DEMO-01507,MPLADS-DEMO-000754,PROGRESS_PHOTO,Site Inspection Photograph - Construction Stage - Village-176,MPLADS-DEMO-000754_progress_stage.jpg,image/jpeg,288411,a41d6765467803157e1aaa4c62ec6ff696a5972af66f5d6a93b2264b49643bea,b0538e0d0a71698b,2023-05-16 11:24:15,11.665329,78.138361,21.8,OnePlus,Nord CE 2,eSAKSHI Mobile App
EV-DEMO-01508,MPLADS-DEMO-000754,SITE_IMAGE,Geo-tagged Asset Verification Photograph - Village-176,MPLADS-DEMO-000754_verification_stage.jpg,image/jpeg,463816,3fb993fa6c75b9ab14928d6bde0e84819365d78ed62a79c187ba2238ab746602,91ee75cc4ea7a64e,2023-09-09 15:42:10,11.664943,78.138005,36.2,OnePlus,Nord CE 2,eSAKSHI Mobile App
EV-DEMO-01509,MPLADS-DEMO-000755,PROGRESS_PHOTO,Site Inspection Photograph - Construction Stage - Village-90,MPLADS-DEMO-000755_progress_stage.jpg,image/jpeg,274911,bdc2bc1d1d7995c6bc118a514bbedc7ad630e19eeaa3a1cd1a556d4df809f588,4789aeaae18a744f,2023-09-20 11:24:15,9.930748,76.300954,17.3,OnePlus,Nord CE 2,eSAKSHI Mobile App
EV-DEMO-01510,MPLADS-DEMO-000755,SITE_IMAGE,Geo-tagged Asset Verification Photograph - Village-90,MPLADS-DEMO-000755_verification_stage.jpg,image/jpeg,389002,cf5661f8519f1d3c4a4f2f22589aeb4333e7f0f35d34a7a3b555e2baf334be55,78884bbb660366c3,2023-11-21 15:42:10,9.930895,76.300713,15.1,OnePlus,Nord CE 2,eSAKSHI Mobile App
EV-DEMO-01511,MPLADS-DEMO-000756,PROGRESS_PHOTO,Site Inspection Photograph - Construction Stage - Village-156,MPLADS-DEMO-000756_progress_stage.jpg,image/jpeg,219767,608005067a2664c6bdaaadf412d46ec7cb2a5721f1d030c4a3c86693baeb6e1d,ae2f0c262ef97b9b,2024-07-06 11:24:15,18.557866,73.835364,12.2,Realme,Realme 9 Pro,eSAKSHI Mobile App
EV-DEMO-01512,MPLADS-DEMO-000756,SITE_IMAGE,Geo-tagged Asset Verification Photograph - Village-156,MPLADS-DEMO-000756_verification_stage.jpg,image/jpeg,365211,373fd4df64f9dcc03a1fe5082c3442299bcd03b596ca6157e2c146ed08e4949a,943c47277929085b,2024-09-11 15:42:10,18.557793,73.835294,9.0,Realme,Realme 9 Pro,eSAKSHI Mobile App
EV-DEMO-01513,MPLADS-DEMO-000757,PROGRESS_PHOTO,Site Inspection Photograph - Construction Stage - Village-28,MPLADS-DEMO-000757_progress_stage.jpg,image/jpeg,186482,1a22ae2023ad8789fce71623942b4c4ab08781038cd97f134e1242a2512df514,b7bf79db8bb1bb6b,2024-05-02 11:24:15,19.394082,85.03024,23.0,OnePlus,Nord CE 2,eSAKSHI Mobile App
EV-DEMO-01514,MPLADS-DEMO-000757,COMPLETION_PHOTO,Geo-tagged Asset Verification Photograph - Village-28,MPLADS-DEMO-000757_verification_stage.jpg,image/jpeg,476060,46dcbb5da174c4744de501671a66a48a39c0136029f4fdc5ddbafb0bf254d45d,24a31e88001dc90f,2024-09-10 15:42:10,19.393997,85.02975,36.6,OnePlus,Nord CE 2,eSAKSHI Mobile App
EV-DEMO-01515,MPLADS-DEMO-000758,PROGRESS_PHOTO,Site Inspection Photograph - Construction Stage - Village-20,MPLADS-DEMO-000758_progress_stage.jpg,image/jpeg,374417,dd4a3407adfc6531be9fec1799facfd02436f3b722bc592e7095f50130abbd38,d7b5f9b2ce82c086,2024-05-02 11:24:15,18.579973,73.920845,16.0,Vivo,Vivo V23 5G,eSAKSHI Mobile App
EV-DEMO-01516,MPLADS-DEMO-000758,COMPLETION_PHOTO,Geo-tagged Asset Verification Photograph - Village-20,MPLADS-DEMO-000758_verification_stage.jpg,image/jpeg,305418,aaaa8e2420fe830a15ce0f71e5ab0eb2be7fd523459b729712040052f4f6b14f,0bee156c3b0b6ef4,2024-07-06 15:42:10,18.579728,73.920662,32.9,Vivo,Vivo V23 5G,eSAKSHI Mobile App
EV-DEMO-01517,MPLADS-DEMO-000759,PROGRESS_PHOTO,Site Inspection Photograph - Construction Stage - Village-134,MPLADS-DEMO-000759_progress_stage.jpg,image/jpeg,316158,e26617899bfdfa5fd4fba655cafc87d205a6d2953044aa03b21adefcd619e07b,7c98d5e065881212,2023-09-29 11:24:15,13.056977,77.537621,24.7,Apple,iPhone 13,eSAKSHI Mobile App
EV-DEMO-01518,MPLADS-DEMO-000759,SITE_IMAGE,Geo-tagged Asset Verification Photograph - Village-134,MPLADS-DEMO-000759_verification_stage.jpg,image/jpeg,459748,c51bdde4d3ca2ca745660455cfc42d757a26e9340c8b85713148d4e5df025c0c,7f5ce40e338e8451,2023-10-25 15:42:10,13.057091,77.537963,34.1,Apple,iPhone 13,eSAKSHI Mobile App
EV-DEMO-01519,MPLADS-DEMO-000760,PROGRESS_PHOTO,Site Inspection Photograph - Construction Stage - Village-114,MPLADS-DEMO-000760_progress_stage.jpg,image/jpeg,295528,83230612afd426569abf34655679d639aa4b203eeb405f0ded6e11f3b999f0dd,504ccf6d3fd6bc0b,2023-05-25 11:24:15,21.176171,79.137606,12.1,Samsung,SM-A525F,eSAKSHI Mobile App
EV-DEMO-01520,MPLADS-DEMO-000760,COMPLETION_PHOTO,Geo-tagged Asset Verification Photograph - Village-114,MPLADS-DEMO-000760_verification_stage.jpg,image/jpeg,231433,e00403dec080c6294c9750e6ff48aba60c6db319a81c8eb94d83fc5012bb8e4d,eaae28ee69c2851d,2023-08-07 15:42:10,21.176027,79.137554,8.8,Samsung,SM-A525F,eSAKSHI Mobile App
EV-DEMO-01521,MPLADS-DEMO-000761,PROGRESS_PHOTO,Site Inspection Photograph - Construction Stage - Village-138,MPLADS-DEMO-000761_progress_stage.jpg,image/jpeg,286500,bff43313c9c4377050b1141d00dbaa109f2dc72ca2b79e089c92d40645111a9a,5bb7c82201c7c142,2023-07-27 11:24:15,10.983671,77.009162,17.4,Apple,iPhone 13,eSAKSHI Mobile App
EV-DEMO-01522,MPLADS-DEMO-000761,COMPLETION_PHOTO,Geo-tagged Asset Verification Photograph - Village-138,MPLADS-DEMO-000761_verification_stage.jpg,image/jpeg,306331,a6a3b8d018af6401572015d018d6d1888705c2c3cfd4a14c2de6851decb9bae9,2c330b3499e163fb,2023-09-25 15:42:10,10.983569,77.009003,8.2,Apple,iPhone 13,eSAKSHI Mobile App
EV-DEMO-01523,MPLADS-DEMO-000762,PROGRESS_PHOTO,Site Inspection Photograph - Construction Stage - Village-162,MPLADS-DEMO-000762_progress_stage.jpg,image/jpeg,194463,1c1cb8c3bfc740e01dc908d98ee628c532a20c3524cedf97bb195ff067cb2ce1,6f137d612cc7de74,2023-06-08 11:24:15,12.345215,76.600268,22.8,Apple,iPhone 13,eSAKSHI Mobile App
EV-DEMO-01524,MPLADS-DEMO-000762,COMPLETION_PHOTO,Geo-tagged Asset Verification Photograph - Village-162,MPLADS-DEMO-000762_verification_stage.jpg,image/jpeg,274593,ed25874ccb4579c01516d064d5c8d0689e5fe781d59981122edc5a1700e9ff2e,46d69abe0d96e446,2023-08-30 15:42:10,12.345543,76.600447,36.2,Apple,iPhone 13,eSAKSHI Mobile App
EV-DEMO-01525,MPLADS-DEMO-000763,PROGRESS_PHOTO,Site Inspection Photograph - Construction Stage - Village-111,MPLADS-DEMO-000763_progress_stage.jpg,image/jpeg,353195,dbbff1e8a14ff21220e498154f20eb2ed46d3314781911c15e92d4733ff75bad,4cef2d20ce343e34,2024-07-26 11:24:15,18.45855,73.813271,14.5,Xiaomi,Redmi Note 11,eSAKSHI Mobile App
EV-DEMO-01526,MPLADS-DEMO-000763,SITE_IMAGE,Geo-tagged Asset Verification Photograph - Village-111,MPLADS-DEMO-000763_verification_stage.jpg,image/jpeg,298041,5c0efa5ee117cb1fb9d07b093ac96cd98e3447c72ac49c0b258bd7072981b670,904b401e9f37a174,2024-11-24 15:42:10,18.45823,73.813426,31.3,Xiaomi,Redmi Note 11,eSAKSHI Mobile App
EV-DEMO-01527,MPLADS-DEMO-000764,PROGRESS_PHOTO,Site Inspection Photograph - Construction Stage - Village-31,MPLADS-DEMO-000764_progress_stage.jpg,image/jpeg,383506,79aeea69f7b8c6fa16b2bb08e96ecf0eef3557af1552daf117699aadc75f433d,fa10eb5c9f4e843f,2024-03-02 11:24:15,15.437551,75.04989,19.9,Vivo,Vivo V23 5G,eSAKSHI Mobile App
EV-DEMO-01528,MPLADS-DEMO-000764,COMPLETION_PHOTO,Geo-tagged Asset Verification Photograph - Village-31,MPLADS-DEMO-000764_verification_stage.jpg,image/jpeg,330473,d88e9c961a3f7368ccc27d3abc100b0a0bc2c2f5f58e30756a3ce058b358a032,7bf73db75a24bf26,2024-05-14 15:42:10,15.437416,75.049799,37.7,Vivo,Vivo V23 5G,eSAKSHI Mobile App
EV-DEMO-01529,MPLADS-DEMO-000765,PROGRESS_PHOTO,Site Inspection Photograph - Construction Stage - Village-75,MPLADS-DEMO-000765_progress_stage.jpg,image/jpeg,393488,846874fbb2437fe266f02ae10350bb26ce7bd92f9b65b9b09c3fbe357c60d493,1d954b54553abfdb,2024-04-29 11:24:15,11.697748,78.17213,13.6,Vivo,Vivo V23 5G,eSAKSHI Mobile App
EV-DEMO-01530,MPLADS-DEMO-000765,COMPLETION_PHOTO,Geo-tagged Asset Verification Photograph - Village-75,MPLADS-DEMO-000765_verification_stage.jpg,image/jpeg,408100,3e0350137fc4ebcc6de9b76e7e45be63cf00658bb828ff43cbe0e3328f3ca3f6,7759be3509341a4d,2024-09-04 15:42:10,11.69803,78.172216,34.0,Vivo,Vivo V23 5G,eSAKSHI Mobile App
EV-DEMO-01531,MPLADS-DEMO-000766,PROGRESS_PHOTO,Site Inspection Photograph - Construction Stage - Village-113,MPLADS-DEMO-000766_progress_stage.jpg,image/jpeg,180604,99f254f45e9c0cdea3fad57ef647097558714613cbb40080709447cf0d28f501,0952a054b7fa7186,2023-08-31 11:24:15,23.139557,80.015401,11.8,OnePlus,Nord CE 2,eSAKSHI Mobile App
EV-DEMO-01532,MPLADS-DEMO-000766,SITE_IMAGE,Geo-tagged Asset Verification Photograph - Village-113,MPLADS-DEMO-000766_verification_stage.jpg,image/jpeg,309997,1e324ee370fdf4972085871d46fafff4874d0d735e40910d30a26c4d21398d21,f405ca81dd35f709,2023-11-29 15:42:10,23.139541,80.015422,12.1,OnePlus,Nord CE 2,eSAKSHI Mobile App
EV-DEMO-01533,MPLADS-DEMO-000767,PROGRESS_PHOTO,Site Inspection Photograph - Construction Stage - Village-74,MPLADS-DEMO-000767_progress_stage.jpg,image/jpeg,384086,8e3b62a42b7546a3d672354a0072c16bcee6fb7d44000071e19c67cfe6d07835,f378c20ad34e1b34,2024-07-21 11:24:15,10.993779,76.932172,5.0,Vivo,Vivo V23 5G,eSAKSHI Mobile App
EV-DEMO-01534,MPLADS-DEMO-000767,SITE_IMAGE,Geo-tagged Asset Verification Photograph - Village-74,MPLADS-DEMO-000767_verification_stage.jpg,image/jpeg,475210,dc288e549e8323a429530d6dd50d51cab0e8ef58b3e245977f9427a8297004d3,9d1fdd785846c67e,2024-09-03 15:42:10,10.993823,76.931969,27.6,Vivo,Vivo V23 5G,eSAKSHI Mobile App
EV-DEMO-01535,MPLADS-DEMO-000768,PROGRESS_PHOTO,Site Inspection Photograph - Construction Stage - Village-73,MPLADS-DEMO-000768_progress_stage.jpg,image/jpeg,188652,c2794bafea69888982e8a3c55c6d914c3e6eb171279127c00eb56f827cd3682d,ccebde964ea77db0,2023-08-10 11:24:15,26.19542,72.996854,13.4,Vivo,Vivo V23 5G,eSAKSHI Mobile App
EV-DEMO-01536,MPLADS-DEMO-000768,COMPLETION_PHOTO,Geo-tagged Asset Verification Photograph - Village-73,MPLADS-DEMO-000768_verification_stage.jpg,image/jpeg,343068,f7ce6e0185c1dab9c4bdcce83e6c3bb038325a597e6c29154f992315340b84cd,f0b21e58eaa341d3,2023-12-28 15:42:10,26.195357,72.996984,27.5,Vivo,Vivo V23 5G,eSAKSHI Mobile App
EV-DEMO-01537,MPLADS-DEMO-000769,PROGRESS_PHOTO,Site Inspection Photograph - Construction Stage - Village-194,MPLADS-DEMO-000769_progress_stage.jpg,image/jpeg,384438,5caa4ce267362cb800f675d02dc097bf201afd62df5979c7d789aeb8ea36cba2,8102441e58622508,2024-05-14 11:24:15,25.274486,82.986704,7.3,OnePlus,Nord CE 2,eSAKSHI Mobile App
EV-DEMO-01538,MPLADS-DEMO-000769,COMPLETION_PHOTO,Geo-tagged Asset Verification Photograph - Village-194,MPLADS-DEMO-000769_verification_stage.jpg,image/jpeg,215141,741c42c0fb7849559c43990ac267f08f85fb71bd5a5cd5c31e6d623617042b9c,c5525458471155c4,2024-07-16 15:42:10,25.274398,82.986461,28.7,OnePlus,Nord CE 2,eSAKSHI Mobile App
EV-DEMO-01539,MPLADS-DEMO-000770,PROGRESS_PHOTO,Site Inspection Photograph - Construction Stage - Village-188,MPLADS-DEMO-000770_progress_stage.jpg,image/jpeg,417112,e48a3dd4efda26efa9d0189009c19158a6d330dfaafb0360f0341e7f87ffa8f5,d07c34e1045e6471,2024-02-26 11:24:15,26.905172,75.738888,19.3,Vivo,Vivo V23 5G,eSAKSHI Mobile App
EV-DEMO-01540,MPLADS-DEMO-000770,COMPLETION_PHOTO,Geo-tagged Asset Verification Photograph - Village-188,MPLADS-DEMO-000770_verification_stage.jpg,image/jpeg,339803,af2ca7ce3cfa438fa258b93a66c414133a3a4cef463809211d879d3c0ec2a258,5c85ee8e08ba809c,2024-04-29 15:42:10,26.905245,75.738407,29.4,Vivo,Vivo V23 5G,eSAKSHI Mobile App
EV-DEMO-01541,MPLADS-DEMO-000771,PROGRESS_PHOTO,Site Inspection Photograph - Construction Stage - Village-188,MPLADS-DEMO-000771_progress_stage.jpg,image/jpeg,214606,555135172c19e3cbe06ca93e183f2414de1535d5cf712f3b7fa3a8bbfc04bcbb,95b95d5653aa5455,2023-05-08 11:24:15,20.202937,85.682018,14.2,Realme,Realme 9 Pro,eSAKSHI Mobile App
EV-DEMO-01542,MPLADS-DEMO-000771,COMPLETION_PHOTO,Geo-tagged Asset Verification Photograph - Village-188,MPLADS-DEMO-000771_verification_stage.jpg,image/jpeg,432443,aac0849d485e6f3d062422db40bd784814adfcc99d6e7437e2b8863f56106832,b52914485ef89959,2023-07-22 15:42:10,20.202733,85.681815,31.5,Realme,Realme 9 Pro,eSAKSHI Mobile App
EV-DEMO-01543,MPLADS-DEMO-000772,PROGRESS_PHOTO,Site Inspection Photograph - Construction Stage - Village-199,MPLADS-DEMO-000772_progress_stage.jpg,image/jpeg,284041,f54f90c4f41dd4c699e8642cb224cd59160306c5218c58bae43b2bd7f8753a90,63fa872618b4cd87,2024-05-17 11:24:15,11.203487,75.804811,6.5,OnePlus,Nord CE 2,eSAKSHI Mobile App
EV-DEMO-01544,MPLADS-DEMO-000772,COMPLETION_PHOTO,Geo-tagged Asset Verification Photograph - Village-199,MPLADS-DEMO-000772_verification_stage.jpg,image/jpeg,278189,5feae256cdd3f05fd72779380c0309165f5f4e1719acc4ef2fa350df1eefa88c,b17d08a4317053ae,2024-06-11 15:42:10,11.203539,75.804557,32.3,OnePlus,Nord CE 2,eSAKSHI Mobile App
EV-DEMO-01545,MPLADS-DEMO-000773,PROGRESS_PHOTO,Site Inspection Photograph - Construction Stage - Village-151,MPLADS-DEMO-000773_progress_stage.jpg,image/jpeg,305969,22124a905ade1aed904ad1f80baf01a6d184eed9600610117d44a6c348e4c89a,572a1c6032c5b3f1,2023-11-06 11:24:15,22.287707,70.859641,20.7,Xiaomi,Redmi Note 11,eSAKSHI Mobile App
EV-DEMO-01546,MPLADS-DEMO-000773,COMPLETION_PHOTO,Geo-tagged Asset Verification Photograph - Village-151,MPLADS-DEMO-000773_verification_stage.jpg,image/jpeg,380932,1d1f49e939da426bf2106b289aa1f9f401f99ea20773b1b7ae4926b876e89693,6df735d7226d8096,2023-12-28 15:42:10,22.288048,70.859567,36.7,Xiaomi,Redmi Note 11,eSAKSHI Mobile App
EV-DEMO-01547,MPLADS-DEMO-000774,PROGRESS_PHOTO,Site Inspection Photograph - Construction Stage - Village-192,MPLADS-DEMO-000774_progress_stage.jpg,image/jpeg,335154,357f304ce2e227bfd81adf507414390db804eb9ad8160b9cc885721ff208eb9a,fe868790debb19a4,2023-06-11 11:24:15,12.258831,76.63103,27.7,OnePlus,Nord CE 2,eSAKSHI Mobile App
EV-DEMO-01548,MPLADS-DEMO-000774,COMPLETION_PHOTO,Geo-tagged Asset Verification Photograph - Village-192,MPLADS-DEMO-000774_verification_stage.jpg,image/jpeg,457451,32cb75c4eadfa3cea0681f11c61ef01042ab79080dfc5fc36cabc63044a49e2b,d2abff5c29511fb1,2023-10-18 15:42:10,12.258691,76.63064,24.6,OnePlus,Nord CE 2,eSAKSHI Mobile App
EV-DEMO-01549,MPLADS-DEMO-000775,PROGRESS_PHOTO,Site Inspection Photograph - Construction Stage - Village-124,MPLADS-DEMO-000775_progress_stage.jpg,image/jpeg,412141,e59439d192c60e6b884ea1e0f402828f70ebad155d5b73c172eabd186faca0f9,bc14d6958202f0e4,2024-03-25 11:24:15,26.850771,81.005128,18.3,OnePlus,Nord CE 2,eSAKSHI Mobile App
EV-DEMO-01550,MPLADS-DEMO-000775,COMPLETION_PHOTO,Geo-tagged Asset Verification Photograph - Village-124,MPLADS-DEMO-000775_verification_stage.jpg,image/jpeg,249997,1427232ff7abc5748643922ee1e45e3c4bc76e92ae0790a4482e0483b6f92bc5,1354015e9b6ed7dd,2024-06-21 15:42:10,26.850658,81.00546,19.4,OnePlus,Nord CE 2,eSAKSHI Mobile App
EV-DEMO-01551,MPLADS-DEMO-000776,PROGRESS_PHOTO,Site Inspection Photograph - Construction Stage - Village-25,MPLADS-DEMO-000776_progress_stage.jpg,image/jpeg,388982,0df119a5b6d61c5ac83d2c83c408572433193b19a50fa2c6bb02cf6a33c99520,8d96a48ac4cffd17,2023-07-26 11:24:15,15.422483,75.068006,13.9,Vivo,Vivo V23 5G,eSAKSHI Mobile App
EV-DEMO-01552,MPLADS-DEMO-000776,SITE_IMAGE,Geo-tagged Asset Verification Photograph - Village-25,MPLADS-DEMO-000776_verification_stage.jpg,image/jpeg,458454,c96d6b3e178d9b2b941a7052fd11728739d8766f679ad4afcc02113726e5f45c,66f21a932bd4f49a,2023-10-31 15:42:10,15.422165,75.068169,29.8,Vivo,Vivo V23 5G,eSAKSHI Mobile App
EV-DEMO-01553,MPLADS-DEMO-000777,PROGRESS_PHOTO,Site Inspection Photograph - Construction Stage - Village-181,MPLADS-DEMO-000777_progress_stage.jpg,image/jpeg,291964,ad2e53d413e1c1b82b5496fc1248af707fd54ebb066a155d34a00feec323bfd5,4db1215f9e3a3988,2023-04-22 11:24:15,21.097405,79.137802,9.6,Apple,iPhone 13,eSAKSHI Mobile App
EV-DEMO-01554,MPLADS-DEMO-000777,COMPLETION_PHOTO,Geo-tagged Asset Verification Photograph - Village-181,MPLADS-DEMO-000777_verification_stage.jpg,image/jpeg,475582,e06a2fef2d6ad4b3dbd751271ae3e57c5382c2c0ca17a6821344b6812762f68e,f4cd77ff6bc35f43,2023-05-12 15:42:10,21.097289,79.138038,24.0,Apple,iPhone 13,eSAKSHI Mobile App
EV-DEMO-01555,MPLADS-DEMO-000778,PROGRESS_PHOTO,Site Inspection Photograph - Construction Stage - Village-173,MPLADS-DEMO-000778_progress_stage.jpg,image/jpeg,363915,30488cf65f54f66d8288771201978a7f4afd46870b4af2f1f9817d942f71f1eb,be6db92558dd75e4,2023-04-28 11:24:15,17.944992,79.579909,23.2,Samsung,SM-A525F,eSAKSHI Mobile App
EV-DEMO-01556,MPLADS-DEMO-000778,COMPLETION_PHOTO,Geo-tagged Asset Verification Photograph - Village-173,MPLADS-DEMO-000778_verification_stage.jpg,image/jpeg,387458,5f41e20dcfb3162949dd43d7c7e6f8648d36cdb2d9baf838cc8d9a57ec8135c6,9cc35d1d59aa5aa1,2023-05-28 15:42:10,17.944997,79.579972,21.5,Samsung,SM-A525F,eSAKSHI Mobile App
EV-DEMO-01557,MPLADS-DEMO-000779,PROGRESS_PHOTO,Site Inspection Photograph - Construction Stage - Village-57,MPLADS-DEMO-000779_progress_stage.jpg,image/jpeg,358547,309358710613b792d3813b45193776f5609fae91299fc3354d8e520c46c75092,9a7089651248e948,2024-07-18 11:24:15,26.921686,75.743758,24.6,Apple,iPhone 13,eSAKSHI Mobile App
EV-DEMO-01558,MPLADS-DEMO-000779,SITE_IMAGE,Geo-tagged Asset Verification Photograph - Village-57,MPLADS-DEMO-000779_verification_stage.jpg,image/jpeg,211901,120c80e45cbde7f625378006b31eaa6e12aa4394cb7a5d9c723f204c8405d1f1,26a6ba00e16bb0cc,2024-09-26 15:42:10,26.921964,75.744044,18.0,Apple,iPhone 13,eSAKSHI Mobile App
EV-DEMO-01559,MPLADS-DEMO-000780,PROGRESS_PHOTO,Site Inspection Photograph - Construction Stage - Village-24,MPLADS-DEMO-000780_progress_stage.jpg,image/jpeg,251195,d0e7de1cd3b52e1390f0848e6f00639e1492c9a0d844e8c8f1e712efad69185f,bce6d424c9db55d3,2024-02-17 11:24:15,22.3403,70.780474,8.3,Samsung,SM-A525F,eSAKSHI Mobile App
EV-DEMO-01560,MPLADS-DEMO-000780,SITE_IMAGE,Geo-tagged Asset Verification Photograph - Village-24,MPLADS-DEMO-000780_verification_stage.jpg,image/jpeg,282083,fb1a4d5cc80b7ed65e98158518a83e3656c7ef85be659dae41d64685ffd3f034,b89c7542efe67b75,2024-03-20 15:42:10,22.340295,70.780545,7.0,Samsung,SM-A525F,eSAKSHI Mobile App
EV-DEMO-01561,MPLADS-DEMO-000781,PROGRESS_PHOTO,Site Inspection Photograph - Construction Stage - Village-102,MPLADS-DEMO-000781_progress_stage.jpg,image/jpeg,250532,defa306739a6975b70171486860d72b05295913ca1076fdfd36292684855f67d,3fca2542c09bc865,2023-08-01 11:24:15,20.044091,73.75476,24.6,Apple,iPhone 13,eSAKSHI Mobile App
EV-DEMO-01562,MPLADS-DEMO-000781,SITE_IMAGE,Geo-tagged Asset Verification Photograph - Village-102,MPLADS-DEMO-000781_verification_stage.jpg,image/jpeg,377529,803228b0aa16d956ce9378e3f3386422b47044b861c59d24d828305b7d97fb4e,4ae2458b5876e75e,2023-10-02 15:42:10,20.044213,73.754838,24.2,Apple,iPhone 13,eSAKSHI Mobile App
EV-DEMO-01563,MPLADS-DEMO-000782,PROGRESS_PHOTO,Site Inspection Photograph - Construction Stage - Village-125,MPLADS-DEMO-000782_progress_stage.jpg,image/jpeg,286365,9c948629bdc09e33d50bf8c60e620634baab7ceef692a55db3d9dd427cc48f54,959dea82e826b6f3,2023-06-22 11:24:15,21.086409,79.059944,13.8,Apple,iPhone 13,eSAKSHI Mobile App
EV-DEMO-01564,MPLADS-DEMO-000782,COMPLETION_PHOTO,Geo-tagged Asset Verification Photograph - Village-125,MPLADS-DEMO-000782_verification_stage.jpg,image/jpeg,354585,0f6cc80495e4300da76550b8f8f1327bf9bf32c7440723b8b7cf09ad599dde1d,f38ab8ba19917236,2023-11-10 15:42:10,21.086405,79.05997,12.5,Apple,iPhone 13,eSAKSHI Mobile App
EV-DEMO-01565,MPLADS-DEMO-000783,PROGRESS_PHOTO,Site Inspection Photograph - Construction Stage - Village-70,MPLADS-DEMO-000783_progress_stage.jpg,image/jpeg,194523,a10496b97bf05803994e7ecc9bb8e7cb286b220265bc27d97a81e3ec0ae32040,d0ae9b9bff90a280,2023-09-17 11:24:15,18.56735,73.801738,15.2,Xiaomi,Redmi Note 11,eSAKSHI Mobile App
EV-DEMO-01566,MPLADS-DEMO-000783,COMPLETION_PHOTO,Geo-tagged Asset Verification Photograph - Village-70,MPLADS-DEMO-000783_verification_stage.jpg,image/jpeg,363278,97eb3cea75d6e3f1ed407989de0d07fcf12544a260d01aa06656571fdebbfddc,96207ddb118f4b26,2024-01-08 15:42:10,18.567479,73.801809,17.0,Xiaomi,Redmi Note 11,eSAKSHI Mobile App
EV-DEMO-01567,MPLADS-DEMO-000784,PROGRESS_PHOTO,Site Inspection Photograph - Construction Stage - Village-101,MPLADS-DEMO-000784_progress_stage.jpg,image/jpeg,232864,ac3e66e16d4840247440978ba1ee72782a42e6fa5f18f54421c81d766e3dfe5d,1e0b7b8a97800bbd,2024-04-03 11:24:15,21.10623,79.102062,23.0,Apple,iPhone 13,eSAKSHI Mobile App
EV-DEMO-01568,MPLADS-DEMO-000784,SITE_IMAGE,Geo-tagged Asset Verification Photograph - Village-101,MPLADS-DEMO-000784_verification_stage.jpg,image/jpeg,468689,09f14309268644fd42773babbf7cf8b892bcfe14a37157b5068e20dac09b96ae,744ea2f2e6337585,2024-04-25 15:42:10,21.106101,79.101863,9.4,Apple,iPhone 13,eSAKSHI Mobile App
EV-DEMO-01569,MPLADS-DEMO-000785,PROGRESS_PHOTO,Site Inspection Photograph - Construction Stage - Village-121,MPLADS-DEMO-000785_progress_stage.jpg,image/jpeg,320223,1f8f92efa7930122527553d19c56d3e545ebcfeb17654597e65ec8832e0303c1,63db1079b68190cb,2023-11-20 11:24:15,26.744631,83.363925,14.1,Xiaomi,Redmi Note 11,eSAKSHI Mobile App
EV-DEMO-01570,MPLADS-DEMO-000785,COMPLETION_PHOTO,Geo-tagged Asset Verification Photograph - Village-121,MPLADS-DEMO-000785_verification_stage.jpg,image/jpeg,256097,26c59b5adec5401f505f6b60dfc7d78f9b8375cacf053c7373c91e04701b0759,0eecba3213f95789,2024-03-29 15:42:10,26.744642,83.363995,10.6,Xiaomi,Redmi Note 11,eSAKSHI Mobile App
EV-DEMO-01571,MPLADS-DEMO-000786,PROGRESS_PHOTO,Site Inspection Photograph - Construction Stage - Village-196,MPLADS-DEMO-000786_progress_stage.jpg,image/jpeg,240062,04b9554b6f8f706cb26c98e18fcd674dab92fb498118f614249dee9cb933100e,6f3b1e632d29a54f,2024-04-17 11:24:15,11.264834,75.729518,4.8,Vivo,Vivo V23 5G,eSAKSHI Mobile App
EV-DEMO-01572,MPLADS-DEMO-000786,COMPLETION_PHOTO,Geo-tagged Asset Verification Photograph - Village-196,MPLADS-DEMO-000786_verification_stage.jpg,image/jpeg,389432,2803248aa1175e522758584b26f5b50289def0e1eece3c5a07c8a3d90fbad62a,ac74a5bda07d0da6,2024-06-07 15:42:10,11.264797,75.729225,28.6,Vivo,Vivo V23 5G,eSAKSHI Mobile App
EV-DEMO-01573,MPLADS-DEMO-000787,PROGRESS_PHOTO,Site Inspection Photograph - Construction Stage - Village-162,MPLADS-DEMO-000787_progress_stage.jpg,image/jpeg,181826,1b67aa6d2cff79fa3579d394094e22db4f6294d20e14fb29119338d6fd1ba51b,636b22e3a7c0c1fd,2024-02-11 11:24:15,26.974096,75.734755,18.6,OnePlus,Nord CE 2,eSAKSHI Mobile App
EV-DEMO-01574,MPLADS-DEMO-000787,SITE_IMAGE,Geo-tagged Asset Verification Photograph - Village-162,MPLADS-DEMO-000787_verification_stage.jpg,image/jpeg,436642,d949065bfdbbe318142a612491fe3378a451cda52a3d8746441c83f43d22c771,233977b67bcc0017,2024-03-04 15:42:10,26.974175,75.734834,16.0,OnePlus,Nord CE 2,eSAKSHI Mobile App
EV-DEMO-01575,MPLADS-DEMO-000788,PROGRESS_PHOTO,Site Inspection Photograph - Construction Stage - Village-195,MPLADS-DEMO-000788_progress_stage.jpg,image/jpeg,355455,0e50346abb5aefea54e7be5cb67994e240343464c11257ab21619c89ee1b92c5,382ef90ef3fff6c8,2024-06-01 11:24:15,12.261208,76.674353,29.7,Realme,Realme 9 Pro,eSAKSHI Mobile App
EV-DEMO-01576,MPLADS-DEMO-000788,COMPLETION_PHOTO,Geo-tagged Asset Verification Photograph - Village-195,MPLADS-DEMO-000788_verification_stage.jpg,image/jpeg,248594,c4a92db6ddcd896253c2e5c52e30a0445a545c4fc25b5770d316806cfd128f6c,4f0405a8b247d62c,2024-07-04 15:42:10,12.260733,76.67394,39.7,Realme,Realme 9 Pro,eSAKSHI Mobile App
EV-DEMO-01577,MPLADS-DEMO-000789,PROGRESS_PHOTO,Site Inspection Photograph - Construction Stage - Village-177,MPLADS-DEMO-000789_progress_stage.jpg,image/jpeg,220563,297957aa5cbd17ae9ee9ac668386bcf96bff4b50e52859bdbf4fff1ce765729b,4aa9d161c86da52d,2024-02-04 11:24:15,20.142917,85.629452,24.9,OnePlus,Nord CE 2,eSAKSHI Mobile App
EV-DEMO-01578,MPLADS-DEMO-000789,COMPLETION_PHOTO,Geo-tagged Asset Verification Photograph - Village-177,MPLADS-DEMO-000789_verification_stage.jpg,image/jpeg,334924,816c560bc8d09cf4728f308ae9371f99294c7196158fd54bdaa1c3289ec4c91b,5d142c3772ef91de,2024-05-31 15:42:10,20.143233,85.629225,17.5,OnePlus,Nord CE 2,eSAKSHI Mobile App
EV-DEMO-01579,MPLADS-DEMO-000790,PROGRESS_PHOTO,Site Inspection Photograph - Construction Stage - Village-21,MPLADS-DEMO-000790_progress_stage.jpg,image/jpeg,400666,2ec6133450490dbdc302d78cf48a01995040c363a39e5cabed3277a67099eefa,1fe15229f6b72f0c,2023-06-27 11:24:15,20.23552,85.611567,15.8,Xiaomi,Redmi Note 11,eSAKSHI Mobile App
EV-DEMO-01580,MPLADS-DEMO-000790,SITE_IMAGE,Geo-tagged Asset Verification Photograph - Village-21,MPLADS-DEMO-000790_verification_stage.jpg,image/jpeg,313653,a359a021d0873253cd8848edba7787078a2312ad0c383cf2d8876daf045e76e9,21b903e3cc4f34a0,2023-07-07 15:42:10,20.235859,85.611586,22.6,Xiaomi,Redmi Note 11,eSAKSHI Mobile App
EV-DEMO-01581,MPLADS-DEMO-000791,PROGRESS_PHOTO,Site Inspection Photograph - Construction Stage - Village-44,MPLADS-DEMO-000791_progress_stage.jpg,image/jpeg,418417,4e5211b37c5ce253ad54ead4ec1b78976e3e50c67196e69eb34544b79d4ecb98,5bd5191da8d47be2,2023-10-12 11:24:15,20.478837,85.886062,15.8,Realme,Realme 9 Pro,eSAKSHI Mobile App
EV-DEMO-01582,MPLADS-DEMO-000791,SITE_IMAGE,Geo-tagged Asset Verification Photograph - Village-44,MPLADS-DEMO-000791_verification_stage.jpg,image/jpeg,405011,b653d130b7b7b56b01d83e95573465ee20dbae9a432568ea4817642597980b98,fa81293834938458,2023-11-12 15:42:10,20.478807,85.886476,30.9,Realme,Realme 9 Pro,eSAKSHI Mobile App
EV-DEMO-01583,MPLADS-DEMO-000792,PROGRESS_PHOTO,Site Inspection Photograph - Construction Stage - Village-134,MPLADS-DEMO-000792_progress_stage.jpg,image/jpeg,390258,8184df8b584437d6ebe141c35e9eb3caf3c51ab078ef3b21c74a81e541aba5e2,33d4f2926c463038,2023-11-27 11:24:15,19.356741,85.040778,23.7,Vivo,Vivo V23 5G,eSAKSHI Mobile App
EV-DEMO-01584,MPLADS-DEMO-000792,COMPLETION_PHOTO,Geo-tagged Asset Verification Photograph - Village-134,MPLADS-DEMO-000792_verification_stage.jpg,image/jpeg,296441,3ba7217e89e19920de38039a0e158a9850dd19c01f0d60df5f03f368f790a285,ec5e6573d0007b32,2024-03-31 15:42:10,19.356998,85.040391,28.0,Vivo,Vivo V23 5G,eSAKSHI Mobile App
EV-DEMO-01585,MPLADS-DEMO-000793,PROGRESS_PHOTO,Site Inspection Photograph - Construction Stage - Village-43,MPLADS-DEMO-000793_progress_stage.jpg,image/jpeg,259352,bf226714216eb453eef235233e63bb6b82d6ba924c3a5a9bf24ac3e837e1dd1c,511d2f42997e44f4,2023-11-13 11:24:15,25.320703,83.016898,19.1,Samsung,SM-A525F,eSAKSHI Mobile App
EV-DEMO-01586,MPLADS-DEMO-000793,COMPLETION_PHOTO,Geo-tagged Asset Verification Photograph - Village-43,MPLADS-DEMO-000793_verification_stage.jpg,image/jpeg,372410,f67cc2fff77878d78960f1dfc00912cbb79d5c4cac4b52d06368224eee440bc1,d0c7429e5f2668ea,2024-03-07 15:42:10,25.320985,83.01702,38.3,Samsung,SM-A525F,eSAKSHI Mobile App
EV-DEMO-01587,MPLADS-DEMO-000794,PROGRESS_PHOTO,Site Inspection Photograph - Construction Stage - Village-85,MPLADS-DEMO-000794_progress_stage.jpg,image/jpeg,242448,f401d38498532b4e263ef53e906723e17bf70691f3589fd5c61535529023450d,2f72a14d146de919,2023-12-29 11:24:15,21.093138,79.104433,3.1,Xiaomi,Redmi Note 11,eSAKSHI Mobile App
EV-DEMO-01588,MPLADS-DEMO-000794,COMPLETION_PHOTO,Geo-tagged Asset Verification Photograph - Village-85,MPLADS-DEMO-000794_verification_stage.jpg,image/jpeg,391312,aa3120132d73d79425e3c2e85aa29422be094fe00da7a3ee108d076485c782d4,25cb40a899c5c1a4,2024-04-17 15:42:10,21.09306,79.104377,9.3,Xiaomi,Redmi Note 11,eSAKSHI Mobile App
EV-DEMO-01589,MPLADS-DEMO-000795,PROGRESS_PHOTO,Site Inspection Photograph - Construction Stage - Village-150,MPLADS-DEMO-000795_progress_stage.jpg,image/jpeg,361692,c55363d96231d980906d9898808c2512401999fe6adcfd8c8fc4c0ddbb12ddf9,9a8f09d30dac4342,2024-01-24 11:24:15,18.468419,79.111564,2.1,OnePlus,Nord CE 2,eSAKSHI Mobile App
EV-DEMO-01590,MPLADS-DEMO-000795,COMPLETION_PHOTO,Geo-tagged Asset Verification Photograph - Village-150,MPLADS-DEMO-000795_verification_stage.jpg,image/jpeg,456324,42e7fcc6bb9f112c60faed8ce42a81b09d109872206de449753ca0442998ae1a,eccce43e0bf9e812,2024-03-22 15:42:10,18.468219,79.111638,23.6,OnePlus,Nord CE 2,eSAKSHI Mobile App
EV-DEMO-01591,MPLADS-DEMO-000796,PROGRESS_PHOTO,Site Inspection Photograph - Construction Stage - Village-145,MPLADS-DEMO-000796_progress_stage.jpg,image/jpeg,293834,ba149d9701080635812c3c6899256d077607e8cfc8a4388ab98b393d016d30fd,ba2688668e88baf0,2024-01-18 11:24:15,26.708796,83.411965,20.6,Apple,iPhone 13,eSAKSHI Mobile App
EV-DEMO-01592,MPLADS-DEMO-000796,SITE_IMAGE,Geo-tagged Asset Verification Photograph - Village-145,MPLADS-DEMO-000796_verification_stage.jpg,image/jpeg,345204,ffc307c89faee80d31ae5f63cf55122bd891676a50cf8cfef79d3df2c5b602bd,d14c2a8c5f025115,2024-05-14 15:42:10,26.709076,83.411783,19.4,Apple,iPhone 13,eSAKSHI Mobile App
EV-DEMO-01593,MPLADS-DEMO-000797,PROGRESS_PHOTO,Site Inspection Photograph - Construction Stage - Village-37,MPLADS-DEMO-000797_progress_stage.jpg,image/jpeg,411562,8cb7377b61a094c5b0bbf1c06c4fbf2ae73920070b0bb69f8f116742ee3300a2,1b2b2a676e0c26fa,2023-06-03 11:24:15,25.27408,83.022479,13.6,Vivo,Vivo V23 5G,eSAKSHI Mobile App
EV-DEMO-01594,MPLADS-DEMO-000797,COMPLETION_PHOTO,Geo-tagged Asset Verification Photograph - Village-37,MPLADS-DEMO-000797_verification_stage.jpg,image/jpeg,452451,2d3c2ea185eabcb39ef1be33bcd81011f480cb305b1d9c83fa96107b30726a42,8b91e19be1df01ae,2023-08-28 15:42:10,25.274242,83.022674,25.1,Vivo,Vivo V23 5G,eSAKSHI Mobile App
EV-DEMO-01595,MPLADS-DEMO-000798,PROGRESS_PHOTO,Site Inspection Photograph - Construction Stage - Village-144,MPLADS-DEMO-000798_progress_stage.jpg,image/jpeg,278668,b76b773c4a0424996869978f990c111d4cadafcd8b4b4ebf0198bc3e7418a1da,3e2f756ff4d66783,2023-12-28 11:24:15,17.954888,79.6299,25.0,OnePlus,Nord CE 2,eSAKSHI Mobile App
EV-DEMO-01596,MPLADS-DEMO-000798,SITE_IMAGE,Geo-tagged Asset Verification Photograph - Village-144,MPLADS-DEMO-000798_verification_stage.jpg,image/jpeg,422913,4d82dfd29a702246fb39c75b5d577a3a752a5e018db820742561a82a30c10188,40d51d181c7494e3,2024-03-07 15:42:10,17.955008,79.629613,10.4,OnePlus,Nord CE 2,eSAKSHI Mobile App
EV-DEMO-01597,MPLADS-DEMO-000799,PROGRESS_PHOTO,Site Inspection Photograph - Construction Stage - Village-183,MPLADS-DEMO-000799_progress_stage.jpg,image/jpeg,357300,1b81e5d6a2524c4e944ee860f0e92302f0c314fcc41a5fb0f08588fafd066ad3,816bf896ca24acb6,2024-02-24 11:24:15,19.950964,73.781649,12.4,Apple,iPhone 13,eSAKSHI Mobile App
EV-DEMO-01598,MPLADS-DEMO-000799,COMPLETION_PHOTO,Geo-tagged Asset Verification Photograph - Village-183,MPLADS-DEMO-000799_verification_stage.jpg,image/jpeg,234576,c675f3890f9bbb91ea03df84a87016ebadd785441f02b5ed04d62fa5844d48de,7877ad56fe1f68ec,2024-06-21 15:42:10,19.950801,73.781436,37.3,Apple,iPhone 13,eSAKSHI Mobile App
EV-DEMO-01599,MPLADS-DEMO-000800,PROGRESS_PHOTO,Site Inspection Photograph - Construction Stage - Village-198,MPLADS-DEMO-000800_progress_stage.jpg,image/jpeg,347957,daff49fe74afd6be8cbfdce9df5b29e9ebd1cfd4cad7fdee8c6452c8008029b1,784e28e189e4f11b,2024-06-27 11:24:15,20.203176,85.650963,20.0,Xiaomi,Redmi Note 11,eSAKSHI Mobile App
EV-DEMO-01600,MPLADS-DEMO-000800,SITE_IMAGE,Geo-tagged Asset Verification Photograph - Village-198,MPLADS-DEMO-000800_verification_stage.jpg,image/jpeg,429551,d5f3539ed66db65b7b7870244671eb2afa61ba55bb0bb2722de5ae519c8e33f7,5a4b5a1603a445f4,2024-09-10 15:42:10,20.20278,85.650887,25.1,Xiaomi,Redmi Note 11,eSAKSHI Mobile App
EV-DEMO-01601,MPLADS-DEMO-000801,PROGRESS_PHOTO,Site Inspection Photograph - Construction Stage - Village-135,MPLADS-DEMO-000801_progress_stage.jpg,image/jpeg,255256,c363849a2dca934095fbf6559b771ef55399a8868117bb0ba6cef7f4de528dde,7dc26a4f64a070a2,2023-08-01 11:24:15,25.277748,82.984924,27.7,Samsung,SM-A525F,eSAKSHI Mobile App
EV-DEMO-01602,MPLADS-DEMO-000801,SITE_IMAGE,Geo-tagged Asset Verification Photograph - Village-135,MPLADS-DEMO-000801_verification_stage.jpg,image/jpeg,395774,fee106142301cd7df1068afd9d2f69126304466dd8092c12cc02f9637ce6bf21,44ce6c08cecf8806,2023-08-17 15:42:10,25.277997,82.985055,8.4,Samsung,SM-A525F,eSAKSHI Mobile App
EV-DEMO-01603,MPLADS-DEMO-000802,PROGRESS_PHOTO,Site Inspection Photograph - Construction Stage - Village-179,MPLADS-DEMO-000802_progress_stage.jpg,image/jpeg,410419,5eca6ec794c0a33cfe3ceb12aaf64f24a9d7d9622bc939254fac5aacf923182c,d065b81984382e52,2024-06-12 11:24:15,13.091045,77.538294,16.2,Realme,Realme 9 Pro,eSAKSHI Mobile App
EV-DEMO-01604,MPLADS-DEMO-000802,COMPLETION_PHOTO,Geo-tagged Asset Verification Photograph - Village-179,MPLADS-DEMO-000802_verification_stage.jpg,image/jpeg,282572,b5505289f7de889092ad75cddf62fd359bc9c97d29c02c6f879ee60f812d5faf,473edc0e062f1bbf,2024-08-13 15:42:10,13.090997,77.53856,14.2,Realme,Realme 9 Pro,eSAKSHI Mobile App
EV-DEMO-01605,MPLADS-DEMO-000803,PROGRESS_PHOTO,Site Inspection Photograph - Construction Stage - Village-10,MPLADS-DEMO-000803_progress_stage.jpg,image/jpeg,188664,b824a691ad3d937114763ebe14e511108e1ce651d4cf0d0d5e2789de77c38bb8,1521a296229b7a97,2024-05-24 11:24:15,17.951844,79.608642,18.0,Xiaomi,Redmi Note 11,eSAKSHI Mobile App
EV-DEMO-01606,MPLADS-DEMO-000803,COMPLETION_PHOTO,Geo-tagged Asset Verification Photograph - Village-10,MPLADS-DEMO-000803_verification_stage.jpg,image/jpeg,237814,6105929bf3f1cb62469d507f164a52792e32d5e71470f22b4933d751ce355db8,8bc6fec5842106e2,2024-07-23 15:42:10,17.951887,79.60884,8.6,Xiaomi,Redmi Note 11,eSAKSHI Mobile App
EV-DEMO-01607,MPLADS-DEMO-000804,PROGRESS_PHOTO,Site Inspection Photograph - Construction Stage - Village-81,MPLADS-DEMO-000804_progress_stage.jpg,image/jpeg,397627,36764b13e707fe2c4ef2ce82f6853377b3d27b5c1b06ec5a38be2781cfa0a608,f84d0e79e771f79e,2023-08-27 11:24:15,11.612059,78.151638,14.0,OnePlus,Nord CE 2,eSAKSHI Mobile App
EV-DEMO-01608,MPLADS-DEMO-000804,COMPLETION_PHOTO,Geo-tagged Asset Verification Photograph - Village-81,MPLADS-DEMO-000804_verification_stage.jpg,image/jpeg,384109,dfaee39034d4855c7ba85c28970e64fcb00d25936bf5b1bc18b0e7b448f00972,e46c216d2e032975,2024-01-04 15:42:10,11.612257,78.151978,41.6,OnePlus,Nord CE 2,eSAKSHI Mobile App
EV-DEMO-01609,MPLADS-DEMO-000805,PROGRESS_PHOTO,Site Inspection Photograph - Construction Stage - Village-171,MPLADS-DEMO-000805_progress_stage.jpg,image/jpeg,209792,1e04714b87783bf1232726193c8669c2dd06ac2b87705bba4e763070cea64256,e3e64e3df881cf92,2023-07-08 11:24:15,11.70735,76.075622,22.5,Xiaomi,Redmi Note 11,eSAKSHI Mobile App
EV-DEMO-01610,MPLADS-DEMO-000805,SITE_IMAGE,Geo-tagged Asset Verification Photograph - Village-171,MPLADS-DEMO-000805_verification_stage.jpg,image/jpeg,417619,8071ec19ff1c3ba6b6a3c83f4ce5d74f1e841b4d0ed7b926c7f5aa3a7c2ceb45,f5221d914af7a6a8,2023-11-07 15:42:10,11.707429,76.075636,21.1,Xiaomi,Redmi Note 11,eSAKSHI Mobile App
EV-DEMO-01611,MPLADS-DEMO-000806,PROGRESS_PHOTO,Site Inspection Photograph - Construction Stage - Village-163,MPLADS-DEMO-000806_progress_stage.jpg,image/jpeg,266051,7774eb7f3710fdbd794ed36f0e267c43bf10e7278bdef3ba8e9dcfb18aad961a,485a2b6ef2051525,2023-05-09 11:24:15,12.327791,76.683506,22.7,Vivo,Vivo V23 5G,eSAKSHI Mobile App
EV-DEMO-01612,MPLADS-DEMO-000806,COMPLETION_PHOTO,Geo-tagged Asset Verification Photograph - Village-163,MPLADS-DEMO-000806_verification_stage.jpg,image/jpeg,216042,b9b8699c5210d578bbfe8e0a72ca8d03975b56583046dc4b31bdaa3999dec5b8,76ed099926aa326b,2023-08-21 15:42:10,12.327931,76.683495,19.4,Vivo,Vivo V23 5G,eSAKSHI Mobile App
EV-DEMO-01613,MPLADS-DEMO-000807,PROGRESS_PHOTO,Site Inspection Photograph - Construction Stage - Village-47,MPLADS-DEMO-000807_progress_stage.jpg,image/jpeg,340006,f3ccd214fdb67ec8265dc9ddd091390225df302b15c34fb84a3810289141b02c,bfe528845677d3ca,2023-05-14 11:24:15,21.200051,72.790086,15.6,Apple,iPhone 13,eSAKSHI Mobile App
EV-DEMO-01614,MPLADS-DEMO-000807,COMPLETION_PHOTO,Geo-tagged Asset Verification Photograph - Village-47,MPLADS-DEMO-000807_verification_stage.jpg,image/jpeg,353076,608af6f8b4588509ad7e857901f1e21ebaee0719da0c8c752f94e5a3746a12fd,2321733933b376b9,2023-10-14 15:42:10,21.199876,72.790523,35.0,Apple,iPhone 13,eSAKSHI Mobile App
EV-DEMO-01615,MPLADS-DEMO-000808,PROGRESS_PHOTO,Site Inspection Photograph - Construction Stage - Village-192,MPLADS-DEMO-000808_progress_stage.jpg,image/jpeg,347083,947bd2a2f28c2a9fd3ae306739491eb15fe71bfb606dcc2bbb279e32e0e48f1a,a44b8afb5a78c772,2023-08-01 11:24:15,26.879823,80.898486,15.3,Realme,Realme 9 Pro,eSAKSHI Mobile App
EV-DEMO-01616,MPLADS-DEMO-000808,COMPLETION_PHOTO,Geo-tagged Asset Verification Photograph - Village-192,MPLADS-DEMO-000808_verification_stage.jpg,image/jpeg,379367,4841bc045c403526b7178b5f70c361d27c95de4ceea5de6fc82eaa023f636347,5d7a1208900fce69,2023-10-07 15:42:10,26.880158,80.898734,35.4,Realme,Realme 9 Pro,eSAKSHI Mobile App
EV-DEMO-01617,MPLADS-DEMO-000809,PROGRESS_PHOTO,Site Inspection Photograph - Construction Stage - Village-179,MPLADS-DEMO-000809_progress_stage.jpg,image/jpeg,306169,4873f05050a5efa3f489977715f4d0007a3f968ba4af383a6a3f5a38de7d28a3,7de9b89dd7793eae,2024-03-01 11:24:15,19.989722,73.736979,19.1,OnePlus,Nord CE 2,eSAKSHI Mobile App
EV-DEMO-01618,MPLADS-DEMO-000809,SITE_IMAGE,Geo-tagged Asset Verification Photograph - Village-179,MPLADS-DEMO-000809_verification_stage.jpg,image/jpeg,395027,bbebe88ca0b6da6181bea32c816d4228007daf0be2eba67ed339f138e8732a3b,ef45305db10cdb08,2024-07-08 15:42:10,19.989634,73.737075,27.3,OnePlus,Nord CE 2,eSAKSHI Mobile App
EV-DEMO-01619,MPLADS-DEMO-000810,PROGRESS_PHOTO,Site Inspection Photograph - Construction Stage - Village-54,MPLADS-DEMO-000810_progress_stage.jpg,image/jpeg,293056,3aa27805d0dccb4f62ae98d1cc6eb18e32afd3451bd17694a66ba76a2f96ae2f,374e83b10ce5375b,2023-07-28 11:24:15,18.584396,73.847969,25.5,Xiaomi,Redmi Note 11,eSAKSHI Mobile App
EV-DEMO-01620,MPLADS-DEMO-000810,COMPLETION_PHOTO,Geo-tagged Asset Verification Photograph - Village-54,MPLADS-DEMO-000810_verification_stage.jpg,image/jpeg,453779,aac9d746a7850f6b71dd07781828b43e79132acd4b3e249a05891bf9553ed0b4,15b4d54be87e485c,2023-11-20 15:42:10,18.584836,73.848246,31.5,Xiaomi,Redmi Note 11,eSAKSHI Mobile App
EV-DEMO-01621,MPLADS-DEMO-000811,PROGRESS_PHOTO,Site Inspection Photograph - Construction Stage - Village-56,MPLADS-DEMO-000811_progress_stage.jpg,image/jpeg,368665,1513464d5195018895f1e3b0fb8e8416b364cc9c0facdc7955508e2f62f59a6c,aa377a3029a34eff,2023-11-06 11:24:15,17.96466,79.532992,21.2,Apple,iPhone 13,eSAKSHI Mobile App
EV-DEMO-01622,MPLADS-DEMO-000811,COMPLETION_PHOTO,Geo-tagged Asset Verification Photograph - Village-56,MPLADS-DEMO-000811_verification_stage.jpg,image/jpeg,229889,90e6e25059ffd7441caedd1229494470e00572edfad0c31eec913ae0af9ca5cd,7146f129728234b1,2024-01-10 15:42:10,17.964485,79.533226,24.1,Apple,iPhone 13,eSAKSHI Mobile App
EV-DEMO-01623,MPLADS-DEMO-000812,PROGRESS_PHOTO,Site Inspection Photograph - Construction Stage - Village-83,MPLADS-DEMO-000812_progress_stage.jpg,image/jpeg,298825,8b179af041af55c75a4d65d21cc92a48a8b9984ca1c14e0f49ca885f30f2a9b9,b15d07d7e249c951,2023-09-19 11:24:15,11.711389,76.148751,21.6,Apple,iPhone 13,eSAKSHI Mobile App
EV-DEMO-01624,MPLADS-DEMO-000812,COMPLETION_PHOTO,Geo-tagged Asset Verification Photograph - Village-83,MPLADS-DEMO-000812_verification_stage.jpg,image/jpeg,373454,9c73482d5827e1044cfb6981fcd27ac2e98b3447a5339b2f7ff46daa5b96fd65,f8ef52e83f46c84c,2023-11-25 15:42:10,11.711308,76.149035,36.4,Apple,iPhone 13,eSAKSHI Mobile App
EV-DEMO-01625,MPLADS-DEMO-000813,PROGRESS_PHOTO,Site Inspection Photograph - Construction Stage - Village-113,MPLADS-DEMO-000813_progress_stage.jpg,image/jpeg,400734,bcd477e87eede81ef05e57817ed93b74c07f1d6048aaa00d70b9c5e297ebdfdd,4087b62f53b85d60,2023-11-06 11:24:15,15.49908,75.002134,2.2,Vivo,Vivo V23 5G,eSAKSHI Mobile App
EV-DEMO-01626,MPLADS-DEMO-000813,COMPLETION_PHOTO,Geo-tagged Asset Verification Photograph - Village-113,MPLADS-DEMO-000813_verification_stage.jpg,image/jpeg,237523,a7874f3ee6df4063695faf1d9f5aaee133d892724c98f119999154a879faae70,2a4a067251397fa0,2024-03-25 15:42:10,15.499222,75.002029,18.0,Vivo,Vivo V23 5G,eSAKSHI Mobile App
EV-DEMO-01627,MPLADS-DEMO-000814,PROGRESS_PHOTO,Site Inspection Photograph - Construction Stage - Village-60,MPLADS-DEMO-000814_progress_stage.jpg,image/jpeg,285002,4203057fd13e301ca279390667afe0b9e0f81a1f5e9730d2850842a07eebc2e0,f061a6325a60ddb7,2023-08-12 11:24:15,22.753682,75.909712,17.8,Apple,iPhone 13,eSAKSHI Mobile App
EV-DEMO-01628,MPLADS-DEMO-000814,SITE_IMAGE,Geo-tagged Asset Verification Photograph - Village-60,MPLADS-DEMO-000814_verification_stage.jpg,image/jpeg,242068,483051d6dbe0cb12a1db490e90917a7bb3e8830947e1987c66d11a821e1c0231,9501c77e1a194cee,2023-12-06 15:42:10,22.753808,75.909599,21.9,Apple,iPhone 13,eSAKSHI Mobile App
EV-DEMO-01629,MPLADS-DEMO-000815,PROGRESS_PHOTO,Site Inspection Photograph - Construction Stage - Village-135,MPLADS-DEMO-000815_progress_stage.jpg,image/jpeg,406251,009e0c817264eccb3ead476df50b6e2e0730fcd980d8d3079acbdd98c9d687ba,7317a5b99e134534,2024-04-21 11:24:15,20.423277,85.944361,6.3,Apple,iPhone 13,eSAKSHI Mobile App
EV-DEMO-01630,MPLADS-DEMO-000815,COMPLETION_PHOTO,Geo-tagged Asset Verification Photograph - Village-135,MPLADS-DEMO-000815_verification_stage.jpg,image/jpeg,312997,171ecf4e1f301f1d6dc43fe4b2072526d6289884de24635c27222b8ebe62d502,f435d7b30cd3243c,2024-06-22 15:42:10,20.423568,85.944251,34.4,Apple,iPhone 13,eSAKSHI Mobile App
EV-DEMO-01631,MPLADS-DEMO-000816,PROGRESS_PHOTO,Site Inspection Photograph - Construction Stage - Village-1,MPLADS-DEMO-000816_progress_stage.jpg,image/jpeg,185039,22f6e996929e6b3833c95ca53d3d9914544e384fcd11d6a487dafab63578a675,0e361a16eac8a6b5,2023-07-10 11:24:15,22.740293,75.818713,9.2,Vivo,Vivo V23 5G,eSAKSHI Mobile App
EV-DEMO-01632,MPLADS-DEMO-000816,SITE_IMAGE,Geo-tagged Asset Verification Photograph - Village-1,MPLADS-DEMO-000816_verification_stage.jpg,image/jpeg,306062,89482f8d6614b73a63868ff7f17487e7a0c45afadc37aa96a8386242b946fc86,f467e44132fcb577,2023-09-24 15:42:10,22.740111,75.81858,21.4,Vivo,Vivo V23 5G,eSAKSHI Mobile App
EV-DEMO-01633,MPLADS-DEMO-000817,PROGRESS_PHOTO,Site Inspection Photograph - Construction Stage - Village-2,MPLADS-DEMO-000817_progress_stage.jpg,image/jpeg,361905,95f0c93bc6e2f92f3b733811fa9bf93b505648ef90dab8539d161a2323b5fb8c,654f07a08af59c92,2023-07-23 11:24:15,11.682325,76.111801,14.5,Apple,iPhone 13,eSAKSHI Mobile App
EV-DEMO-01634,MPLADS-DEMO-000817,COMPLETION_PHOTO,Geo-tagged Asset Verification Photograph - Village-2,MPLADS-DEMO-000817_verification_stage.jpg,image/jpeg,477880,34c205e2d17afd67ff28a70c775d51edb3a879cd9bb2d00ec23fb347bd8d829c,198c7377c1ff2ac7,2023-09-22 15:42:10,11.682356,76.111632,22.6,Apple,iPhone 13,eSAKSHI Mobile App
EV-DEMO-01635,MPLADS-DEMO-000818,PROGRESS_PHOTO,Site Inspection Photograph - Construction Stage - Village-196,MPLADS-DEMO-000818_progress_stage.jpg,image/jpeg,240933,0a013758edce1f7d4a9ef8786ba875f14bc0a27002a0e244bdd9db56e7675045,11f36f9cce2e8811,2024-04-02 11:24:15,22.776083,75.844859,21.1,Samsung,SM-A525F,eSAKSHI Mobile App
EV-DEMO-01636,MPLADS-DEMO-000818,COMPLETION_PHOTO,Geo-tagged Asset Verification Photograph - Village-196,MPLADS-DEMO-000818_verification_stage.jpg,image/jpeg,319152,2c19d24e19a2bcb1a8659abc1d225f29248aa02cc687fa5d93251ba12368e587,2095354de1af17b5,2024-06-17 15:42:10,22.776088,75.844762,13.3,Samsung,SM-A525F,eSAKSHI Mobile App
EV-DEMO-01637,MPLADS-DEMO-000819,PROGRESS_PHOTO,Site Inspection Photograph - Construction Stage - Village-57,MPLADS-DEMO-000819_progress_stage.jpg,image/jpeg,206599,1c3410838c408c154954d948d8b468b804b6939e891900e55dc6fcbf4d5ea3da,ceaadaf6eabfaeac,2024-04-20 11:24:15,11.30912,75.73853,21.8,Samsung,SM-A525F,eSAKSHI Mobile App
EV-DEMO-01638,MPLADS-DEMO-000819,COMPLETION_PHOTO,Geo-tagged Asset Verification Photograph - Village-57,MPLADS-DEMO-000819_verification_stage.jpg,image/jpeg,459379,02aebb1e7c9ff1319071476a7ba8c4047284f2bdf6f69ae8e68d604a71c9f3ed,75a191d5bdac9382,2024-09-19 15:42:10,11.308733,75.738437,25.4,Samsung,SM-A525F,eSAKSHI Mobile App
EV-DEMO-01639,MPLADS-DEMO-000820,PROGRESS_PHOTO,Site Inspection Photograph - Construction Stage - Village-78,MPLADS-DEMO-000820_progress_stage.jpg,image/jpeg,230037,b48b377199a3272d99aaac1a61863a960b2660bda4f64d8358a3031c58c37c7d,b0e83ee61206ae82,2023-08-16 11:24:15,25.309255,82.953061,6.1,Vivo,Vivo V23 5G,eSAKSHI Mobile App
EV-DEMO-01640,MPLADS-DEMO-000820,SITE_IMAGE,Geo-tagged Asset Verification Photograph - Village-78,MPLADS-DEMO-000820_verification_stage.jpg,image/jpeg,336734,c52531c180299c5a1df58b9d7282a4b49414b3763ab4d3d15bac01ec61263d25,82bd804bcb048a98,2024-01-08 15:42:10,25.309393,82.95284,29.7,Vivo,Vivo V23 5G,eSAKSHI Mobile App
EV-DEMO-01641,MPLADS-DEMO-000821,PROGRESS_PHOTO,Site Inspection Photograph - Construction Stage - Village-120,MPLADS-DEMO-000821_progress_stage.jpg,image/jpeg,284794,cd5edb7a9308a08688e725364c8b6d42639b058ad578feaa10a5fae89739ac30,5f658833cb20f9e7,2024-04-23 11:24:15,20.037128,73.769983,26.7,Xiaomi,Redmi Note 11,eSAKSHI Mobile App
EV-DEMO-01642,MPLADS-DEMO-000821,COMPLETION_PHOTO,Geo-tagged Asset Verification Photograph - Village-120,MPLADS-DEMO-000821_verification_stage.jpg,image/jpeg,381260,fe7359a9f32e0e8b9945153e513608abc03e57a0439b7d109660856edd894e4b,b8dcf703f15722b5,2024-06-01 15:42:10,20.037085,73.77001,32.1,Xiaomi,Redmi Note 11,eSAKSHI Mobile App
EV-DEMO-01643,MPLADS-DEMO-000822,PROGRESS_PHOTO,Site Inspection Photograph - Construction Stage - Village-168,MPLADS-DEMO-000822_progress_stage.jpg,image/jpeg,273452,588d76bb1dc1fa5ecd4e3d341bf85fc2670ed2875759e3d22f11b4a2c326e452,d58c06aaec488569,2024-01-11 11:24:15,23.241285,79.973457,16.8,Samsung,SM-A525F,eSAKSHI Mobile App
EV-DEMO-01644,MPLADS-DEMO-000822,COMPLETION_PHOTO,Geo-tagged Asset Verification Photograph - Village-168,MPLADS-DEMO-000822_verification_stage.jpg,image/jpeg,349865,4c3b57375ba9ce4b59a44e3c273a32a953ace4229b5e1ceab8821712c5c385f7,a71cc52d73bb0a01,2024-04-15 15:42:10,23.241311,79.97362,2.3,Samsung,SM-A525F,eSAKSHI Mobile App
EV-DEMO-01645,MPLADS-DEMO-000823,PROGRESS_PHOTO,Site Inspection Photograph - Construction Stage - Village-29,MPLADS-DEMO-000823_progress_stage.jpg,image/jpeg,414713,379b49808debe0295ff16d6c63e328e14269c7e663353ed8a196990e38b6de22,41e84b77b1c41162,2023-05-17 11:24:15,20.217835,85.683556,24.6,Apple,iPhone 13,eSAKSHI Mobile App
EV-DEMO-01646,MPLADS-DEMO-000823,COMPLETION_PHOTO,Geo-tagged Asset Verification Photograph - Village-29,MPLADS-DEMO-000823_verification_stage.jpg,image/jpeg,388723,bc357fc104a7fde03523ca9675df54b77743815c04c07d6461d341c9e905ab56,e7d5f0f26995d65d,2023-08-18 15:42:10,20.218205,85.6838,23.9,Apple,iPhone 13,eSAKSHI Mobile App
EV-DEMO-01647,MPLADS-DEMO-000824,PROGRESS_PHOTO,Site Inspection Photograph - Construction Stage - Village-117,MPLADS-DEMO-000824_progress_stage.jpg,image/jpeg,220965,3378d1a262bd461221f3a2e67e4f75c5323d7894dda20234daddc4cc4b9bf164,77ef6dfd72141881,2023-09-10 11:24:15,18.429963,79.124256,19.5,Realme,Realme 9 Pro,eSAKSHI Mobile App
EV-DEMO-01648,MPLADS-DEMO-000824,SITE_IMAGE,Geo-tagged Asset Verification Photograph - Village-117,MPLADS-DEMO-000824_verification_stage.jpg,image/jpeg,278994,4d1da2af3b9a1d1aabe46b8ccf5a77ba71c4329cfb82b48ffbeb0c192b4638bb,c6dab05b03d73186,2023-12-02 15:42:10,18.430323,79.124433,30.8,Realme,Realme 9 Pro,eSAKSHI Mobile App
EV-DEMO-01649,MPLADS-DEMO-000825,PROGRESS_PHOTO,Site Inspection Photograph - Construction Stage - Village-139,MPLADS-DEMO-000825_progress_stage.jpg,image/jpeg,307484,0c6e5e25a17e89fa8b93cfedff4784720e9321c49afdfe8473c6324681b12090,9e5ed0b2ecc0fa48,2024-01-20 11:24:15,26.882145,75.760546,12.4,Vivo,Vivo V23 5G,eSAKSHI Mobile App
EV-DEMO-01650,MPLADS-DEMO-000825,COMPLETION_PHOTO,Geo-tagged Asset Verification Photograph - Village-139,MPLADS-DEMO-000825_verification_stage.jpg,image/jpeg,340792,23e2211d2c6f06ce8c52b8558af597a1e4c682f774ca829035d5618bc3353ea6,0ffcff597adfd36c,2024-06-07 15:42:10,26.882151,75.760473,5.3,Vivo,Vivo V23 5G,eSAKSHI Mobile App
EV-DEMO-01651,MPLADS-DEMO-000826,PROGRESS_PHOTO,Site Inspection Photograph - Construction Stage - Village-22,MPLADS-DEMO-000826_progress_stage.jpg,image/jpeg,374752,0ce048e3f0bc17cda72c399e72b27fdaec415b5d5d65c28dcf0cea4c44dc5b90,b59a48480011f514,2023-08-16 11:24:15,22.724309,75.809027,18.9,Apple,iPhone 13,eSAKSHI Mobile App
EV-DEMO-01652,MPLADS-DEMO-000826,COMPLETION_PHOTO,Geo-tagged Asset Verification Photograph - Village-22,MPLADS-DEMO-000826_verification_stage.jpg,image/jpeg,343131,cbee15a1f413787cc6016e30ca4315d17784a42a44d6c4ad5981bc22ba3f2c57,9203da975aaded6e,2023-10-16 15:42:10,22.724286,75.808973,19.3,Apple,iPhone 13,eSAKSHI Mobile App
EV-DEMO-01653,MPLADS-DEMO-000827,PROGRESS_PHOTO,Site Inspection Photograph - Construction Stage - Village-20,MPLADS-DEMO-000827_progress_stage.jpg,image/jpeg,267341,71e14040917ca2e994d17aca745eba88b2e5ac747446e36a2e2eb6be9f97f668,0c0152cbdc96253b,2023-05-24 11:24:15,10.994342,76.895765,9.5,Samsung,SM-A525F,eSAKSHI Mobile App
EV-DEMO-01654,MPLADS-DEMO-000827,COMPLETION_PHOTO,Geo-tagged Asset Verification Photograph - Village-20,MPLADS-DEMO-000827_verification_stage.jpg,image/jpeg,397664,3ef721e91ad7f2dd189316d667b03b5c7c3fb57fae8b1a2f6f149bed096fc355,050537863e6e2e93,2023-09-05 15:42:10,10.994255,76.895931,16.8,Samsung,SM-A525F,eSAKSHI Mobile App
EV-DEMO-01655,MPLADS-DEMO-000828,PROGRESS_PHOTO,Site Inspection Photograph - Construction Stage - Village-191,MPLADS-DEMO-000828_progress_stage.jpg,image/jpeg,389070,c933b29f83f6d1c42227e3eefc3f946e78fcfce93fc792ecc8600d563c927070,1b19bc028118c602,2023-12-25 11:24:15,26.810538,83.416948,18.1,Realme,Realme 9 Pro,eSAKSHI Mobile App
EV-DEMO-01656,MPLADS-DEMO-000828,COMPLETION_PHOTO,Geo-tagged Asset Verification Photograph - Village-191,MPLADS-DEMO-000828_verification_stage.jpg,image/jpeg,278923,979434e38a819c3b2e481a0a07fae982027dafc081b59a4e3060c61002c60494,ba9761f1f7fbada7,2024-03-11 15:42:10,26.810184,83.417,21.8,Realme,Realme 9 Pro,eSAKSHI Mobile App
EV-DEMO-01657,MPLADS-DEMO-000829,PROGRESS_PHOTO,Site Inspection Photograph - Construction Stage - Village-147,MPLADS-DEMO-000829_progress_stage.jpg,image/jpeg,292874,9670953a45eee3cb116a147ba97b4701b694bcd2ae872000441add220c1d3b87,f3dda46bb5ad5a57,2023-07-01 11:24:15,18.668877,78.128129,18.3,Vivo,Vivo V23 5G,eSAKSHI Mobile App
EV-DEMO-01658,MPLADS-DEMO-000829,COMPLETION_PHOTO,Geo-tagged Asset Verification Photograph - Village-147,MPLADS-DEMO-000829_verification_stage.jpg,image/jpeg,249024,a0ca396326577d6cace7718a773754a330d0a236bfa8e8933da7b7322f855a6c,b5a617ffce26c5be,2023-08-14 15:42:10,18.669126,78.127773,28.4,Vivo,Vivo V23 5G,eSAKSHI Mobile App
EV-DEMO-01659,MPLADS-DEMO-000830,PROGRESS_PHOTO,Site Inspection Photograph - Construction Stage - Village-105,MPLADS-DEMO-000830_progress_stage.jpg,image/jpeg,413774,36003c1ecfef73c1f9571bfc94770b3a16aa735ac45d06bd06af3800043a0539,43182cc371ef3680,2024-02-16 11:24:15,26.874477,75.82403,17.7,Apple,iPhone 13,eSAKSHI Mobile App
EV-DEMO-01660,MPLADS-DEMO-000830,SITE_IMAGE,Geo-tagged Asset Verification Photograph - Village-105,MPLADS-DEMO-000830_verification_stage.jpg,image/jpeg,214853,a53bc89e42f1a3923feb998de3f5e7a133ccda6bc9cea28d523a5dac9629e613,1f6a8d2fc30f2075,2024-05-30 15:42:10,26.874288,75.823857,11.8,Apple,iPhone 13,eSAKSHI Mobile App
EV-DEMO-01661,MPLADS-DEMO-000831,PROGRESS_PHOTO,Site Inspection Photograph - Construction Stage - Village-157,MPLADS-DEMO-000831_progress_stage.jpg,image/jpeg,190888,144342b9daeea27175299404527a0f1ccef61d59f00112ec8b94e1253c6d0acb,7af85a01e08d8d7d,2023-09-22 11:24:15,26.211292,73.051693,17.3,Samsung,SM-A525F,eSAKSHI Mobile App
EV-DEMO-01662,MPLADS-DEMO-000831,COMPLETION_PHOTO,Geo-tagged Asset Verification Photograph - Village-157,MPLADS-DEMO-000831_verification_stage.jpg,image/jpeg,412067,d4fc9bba994ad23ce5cab3afed0188ae78301e20554bd0694f79505bbcdc8d71,df9e3863b3a0d71c,2023-11-24 15:42:10,26.21111,73.051753,25.6,Samsung,SM-A525F,eSAKSHI Mobile App
EV-DEMO-01663,MPLADS-DEMO-000832,PROGRESS_PHOTO,Site Inspection Photograph - Construction Stage - Village-39,MPLADS-DEMO-000832_progress_stage.jpg,image/jpeg,296756,bc88434f98f43395e1d504a8bf47d0c91e69d7fac6887b0320ae8ae3844b8088,1f256c80a5a77414,2023-10-08 11:24:15,26.23402,73.055802,8.1,OnePlus,Nord CE 2,eSAKSHI Mobile App
EV-DEMO-01664,MPLADS-DEMO-000832,SITE_IMAGE,Geo-tagged Asset Verification Photograph - Village-39,MPLADS-DEMO-000832_verification_stage.jpg,image/jpeg,323126,976e0f843dd21abeac271d3d88cffeec743c2986dd063976ae4c15b8f0daa665,6642b3efbf9fcd6c,2024-01-07 15:42:10,26.234179,73.055718,27.7,OnePlus,Nord CE 2,eSAKSHI Mobile App
EV-DEMO-01665,MPLADS-DEMO-000833,PROGRESS_PHOTO,Site Inspection Photograph - Construction Stage - Village-22,MPLADS-DEMO-000833_progress_stage.jpg,image/jpeg,191018,b99fada5d5f9ac58abbe042ddbcd3b4db5ea0c5f463ab409af78ae396fcb1f58,735ae5ca89b1c6fe,2023-11-27 11:24:15,11.626092,78.209206,28.3,Apple,iPhone 13,eSAKSHI Mobile App
EV-DEMO-01666,MPLADS-DEMO-000833,SITE_IMAGE,Geo-tagged Asset Verification Photograph - Village-22,MPLADS-DEMO-000833_verification_stage.jpg,image/jpeg,233137,3b0925fb32dc4459ab3a1d27e337c030c2aede2f870eafbc184b9cfba4f3f054,dc5fe7928e02b249,2024-03-29 15:42:10,11.626441,78.208756,35.0,Apple,iPhone 13,eSAKSHI Mobile App
EV-DEMO-01667,MPLADS-DEMO-000834,PROGRESS_PHOTO,Site Inspection Photograph - Construction Stage - Village-107,MPLADS-DEMO-000834_progress_stage.jpg,image/jpeg,205178,05d5247dce277b7b40480fff0099c6d568f2947bb1ac05aa4e6e5bcae83548fa,7f8e5ac0d88f0443,2023-07-25 11:24:15,9.989763,78.05781,12.3,Samsung,SM-A525F,eSAKSHI Mobile App
EV-DEMO-01668,MPLADS-DEMO-000834,SITE_IMAGE,Geo-tagged Asset Verification Photograph - Village-107,MPLADS-DEMO-000834_verification_stage.jpg,image/jpeg,288013,07772ce8e3b10a2135e87e1212cbb0be45934c12662449772b3699deb82c0bb0,c8916b9594ad6182,2023-12-17 15:42:10,9.989387,78.057673,35.3,Samsung,SM-A525F,eSAKSHI Mobile App
EV-DEMO-01669,MPLADS-DEMO-000835,PROGRESS_PHOTO,Site Inspection Photograph - Construction Stage - Village-55,MPLADS-DEMO-000835_progress_stage.jpg,image/jpeg,321019,477015ad4a68e790c5638fabb156ed11d73b7fc556a65c794abdd60f75f9d2ee,3a0a8f99dc575e71,2024-04-21 11:24:15,21.209787,79.09742,2.6,Realme,Realme 9 Pro,eSAKSHI Mobile App
EV-DEMO-01670,MPLADS-DEMO-000835,COMPLETION_PHOTO,Geo-tagged Asset Verification Photograph - Village-55,MPLADS-DEMO-000835_verification_stage.jpg,image/jpeg,414859,d04b4771447fbbf86cff00e218f6008747678b9e91154c05c6034c43646cf56e,dcf0eceec9b648f8,2024-07-29 15:42:10,21.209601,79.097266,23.8,Realme,Realme 9 Pro,eSAKSHI Mobile App
EV-DEMO-01671,MPLADS-DEMO-000836,PROGRESS_PHOTO,Site Inspection Photograph - Construction Stage - Village-162,MPLADS-DEMO-000836_progress_stage.jpg,image/jpeg,317102,e165f22d62f08dd57077ee9e063b72886e16de7b5598a3b8f269a80d6a7cc211,cdec7eb6493b7eea,2023-07-10 11:24:15,26.709287,83.423116,11.4,Apple,iPhone 13,eSAKSHI Mobile App
EV-DEMO-01672,MPLADS-DEMO-000836,COMPLETION_PHOTO,Geo-tagged Asset Verification Photograph - Village-162,MPLADS-DEMO-000836_verification_stage.jpg,image/jpeg,394714,191483968923c37d6392dd17656d8499919c5e1f8031866e44bd6888287309e1,483082f889a01128,2023-09-10 15:42:10,26.709278,83.423224,6.1,Apple,iPhone 13,eSAKSHI Mobile App
EV-DEMO-01673,MPLADS-DEMO-000837,PROGRESS_PHOTO,Site Inspection Photograph - Construction Stage - Village-103,MPLADS-DEMO-000837_progress_stage.jpg,image/jpeg,290222,e07661692f9d8edbaab0433c074ff78a7d31b32f5d3c88b62ba50c197c3e7de0,14e4246e4db73e0e,2024-03-07 11:24:15,19.35262,84.994188,15.4,Samsung,SM-A525F,eSAKSHI Mobile App
EV-DEMO-01674,MPLADS-DEMO-000837,COMPLETION_PHOTO,Geo-tagged Asset Verification Photograph - Village-103,MPLADS-DEMO-000837_verification_stage.jpg,image/jpeg,228446,b8068e0cb3417a06c14f2f723811426304abf93fcad41dffe67632f518be6fb1,d30a5586d4135a0c,2024-06-13 15:42:10,19.35222,84.994157,31.8,Samsung,SM-A525F,eSAKSHI Mobile App
EV-DEMO-01675,MPLADS-DEMO-000838,PROGRESS_PHOTO,Site Inspection Photograph - Construction Stage - Village-159,MPLADS-DEMO-000838_progress_stage.jpg,image/jpeg,378900,408d87ff55338bcaf2784664a453ed8bb79dabb5a80d53718af5ec2234b76be0,6f53a530426eeabc,2024-04-25 11:24:15,25.281698,82.988359,20.5,Apple,iPhone 13,eSAKSHI Mobile App
EV-DEMO-01676,MPLADS-DEMO-000838,COMPLETION_PHOTO,Geo-tagged Asset Verification Photograph - Village-159,MPLADS-DEMO-000838_verification_stage.jpg,image/jpeg,460941,96aaa7f0fb11b270363bb17d5c02ec31f235867afda2c2ce6367b3cb7d45b5c8,d1ae4b21070e1bf6,2024-07-23 15:42:10,25.281767,82.987958,20.7,Apple,iPhone 13,eSAKSHI Mobile App
EV-DEMO-01677,MPLADS-DEMO-000839,PROGRESS_PHOTO,Site Inspection Photograph - Construction Stage - Village-95,MPLADS-DEMO-000839_progress_stage.jpg,image/jpeg,220916,12657806bbc8fee38d546c92de1d89568ced4dd787f0f86d22d98d57fcdb252a,9c863eedb2773150,2024-06-05 11:24:15,11.602068,78.159167,20.7,Xiaomi,Redmi Note 11,eSAKSHI Mobile App
EV-DEMO-01678,MPLADS-DEMO-000839,COMPLETION_PHOTO,Geo-tagged Asset Verification Photograph - Village-95,MPLADS-DEMO-000839_verification_stage.jpg,image/jpeg,268856,0e084175194241f1d41b0a17e9b026b59e18f737541f10e67473897c594f3cd0,d496eb1a434f5975,2024-09-26 15:42:10,11.602247,78.159369,21.1,Xiaomi,Redmi Note 11,eSAKSHI Mobile App
EV-DEMO-01679,MPLADS-DEMO-000840,PROGRESS_PHOTO,Site Inspection Photograph - Construction Stage - Village-83,MPLADS-DEMO-000840_progress_stage.jpg,image/jpeg,220458,4f4f3458404c658d377f04407c14c2f16e3539099aa57e37ef34e1fe7349e1ff,d9a304d8177abbaa,2023-08-27 11:24:15,19.332422,84.933342,21.6,Apple,iPhone 13,eSAKSHI Mobile App
EV-DEMO-01680,MPLADS-DEMO-000840,COMPLETION_PHOTO,Geo-tagged Asset Verification Photograph - Village-83,MPLADS-DEMO-000840_verification_stage.jpg,image/jpeg,430187,fafc336b317a8c69a43d11ce9747d7fa8516d4bf60cfcf2274918796d49ac17f,3bcb1df74b8a3a15,2023-11-28 15:42:10,19.332061,84.933252,27.4,Apple,iPhone 13,eSAKSHI Mobile App
EV-DEMO-01681,MPLADS-DEMO-000841,PROGRESS_PHOTO,Site Inspection Photograph - Construction Stage - Village-85,MPLADS-DEMO-000841_progress_stage.jpg,image/jpeg,369904,4cba5c3c6f10ed63a6e36b92dafafff6654985c3174c2ada06f33de5abc2ce1d,eb8c403c452c3813,2023-02-19 11:24:15,21.194157,79.141243,11.6,Vivo,Vivo V23 5G,eSAKSHI Mobile App
EV-DEMO-01682,MPLADS-DEMO-000841,COMPLETION_PHOTO,Geo-tagged Asset Verification Photograph - Village-85,MPLADS-DEMO-000841_verification_stage.jpg,image/jpeg,326363,497ae09470d8dce7463e2fc47436361c6d1883001820bc576af97baae5d9f899,cbae55315b752b86,2023-07-14 15:42:10,21.19434,79.14163,34.2,Vivo,Vivo V23 5G,eSAKSHI Mobile App
EV-DEMO-01683,MPLADS-DEMO-000842,PROGRESS_PHOTO,Site Inspection Photograph - Construction Stage - Village-184,MPLADS-DEMO-000842_progress_stage.jpg,image/jpeg,316427,f812d0a0c7bcb2c784fa16892de62bf15542194106748ed25fac31dfdb5bdc7a,d4d79aa2ed80835e,2023-04-19 11:24:15,18.677395,78.122334,19.6,Samsung,SM-A525F,eSAKSHI Mobile App
EV-DEMO-01684,MPLADS-DEMO-000842,COMPLETION_PHOTO,Geo-tagged Asset Verification Photograph - Village-184,MPLADS-DEMO-000842_verification_stage.jpg,image/jpeg,404630,a13815df2518ceb2189e7a59232a14e34b5e52a0bd46b6ebdbd66e588eac44ed,03a5bfed7b410518,2023-08-24 15:42:10,18.677413,78.12223,10.4,Samsung,SM-A525F,eSAKSHI Mobile App
EV-DEMO-01685,MPLADS-DEMO-000843,PROGRESS_PHOTO,Site Inspection Photograph - Construction Stage - Village-197,MPLADS-DEMO-000843_progress_stage.jpg,image/jpeg,339269,d938cdf8a138d1053e0f03ef7aa6f86829d8b654435b7a547cad7251eac7fdef,2602d6368df0bd22,2024-05-09 11:24:15,18.37869,79.115917,22.9,Samsung,SM-A525F,eSAKSHI Mobile App
EV-DEMO-01686,MPLADS-DEMO-000843,SITE_IMAGE,Geo-tagged Asset Verification Photograph - Village-197,MPLADS-DEMO-000843_verification_stage.jpg,image/jpeg,251644,6283bb1727b2f8a1b5516d11facd0db9ab6e72d6559a810ae1155f3b1c860447,10ace4b4365a2319,2024-08-01 15:42:10,18.378611,79.115703,19.8,Samsung,SM-A525F,eSAKSHI Mobile App
EV-DEMO-01687,MPLADS-DEMO-000844,PROGRESS_PHOTO,Site Inspection Photograph - Construction Stage - Village-185,MPLADS-DEMO-000844_progress_stage.jpg,image/jpeg,293975,12d980173dbdea66c50037e6304167d0713e0dd786d84aee6b73bc780c640179,6b378ac5a8449855,2023-11-24 11:24:15,17.925856,79.582802,2.9,Vivo,Vivo V23 5G,eSAKSHI Mobile App
EV-DEMO-01688,MPLADS-DEMO-000844,SITE_IMAGE,Geo-tagged Asset Verification Photograph - Village-185,MPLADS-DEMO-000844_verification_stage.jpg,image/jpeg,445636,d3ec4a9fb4994be08eb505c85e0556eb2551d77324903970756e8ddf53624f99,4c76457dba885c1c,2024-02-11 15:42:10,17.92588,79.58291,14.3,Vivo,Vivo V23 5G,eSAKSHI Mobile App
EV-DEMO-01689,MPLADS-DEMO-000845,PROGRESS_PHOTO,Site Inspection Photograph - Construction Stage - Village-193,MPLADS-DEMO-000845_progress_stage.jpg,image/jpeg,308823,a46055c940cd9046a431dba54921d83f77b7dfe0894aff2a2e652467ab096492,bb3b33bf91f4fc62,2023-10-21 11:24:15,21.137162,72.799835,17.7,Vivo,Vivo V23 5G,eSAKSHI Mobile App
EV-DEMO-01690,MPLADS-DEMO-000845,COMPLETION_PHOTO,Geo-tagged Asset Verification Photograph - Village-193,MPLADS-DEMO-000845_verification_stage.jpg,image/jpeg,436024,bfe63c65cf33a4a6a6c703aa95115be87d6b6217b1f523ca8a61a27ffa82d5fc,8094dd6c1185a56d,2023-12-23 15:42:10,21.136765,72.799783,30.3,Vivo,Vivo V23 5G,eSAKSHI Mobile App
EV-DEMO-01691,MPLADS-DEMO-000846,PROGRESS_PHOTO,Site Inspection Photograph - Construction Stage - Village-95,MPLADS-DEMO-000846_progress_stage.jpg,image/jpeg,395227,10125a8afafb2bbc827e365fd9ee9241dc9c6c33dcfcd0920f213405b9c15cd3,729e4e044097498d,2024-02-13 11:24:15,26.920728,75.815212,13.9,Samsung,SM-A525F,eSAKSHI Mobile App
EV-DEMO-01692,MPLADS-DEMO-000846,COMPLETION_PHOTO,Geo-tagged Asset Verification Photograph - Village-95,MPLADS-DEMO-000846_verification_stage.jpg,image/jpeg,256873,fa529b5f9a55909eda1ad94c054da307122f7a3a67144fd7dd9417f722e4a8cd,282cd5cbc9ca7e09,2024-05-07 15:42:10,26.920484,75.814976,22.8,Samsung,SM-A525F,eSAKSHI Mobile App
EV-DEMO-01693,MPLADS-DEMO-000847,PROGRESS_PHOTO,Site Inspection Photograph - Construction Stage - Village-38,MPLADS-DEMO-000847_progress_stage.jpg,image/jpeg,234921,fb582e55891e1cafc678cd83094dc7824255a7feb688cf4ac717c3ba1a6aae62,b9bb1d0beaafb9c7,2023-06-23 11:24:15,18.686634,78.140851,19.6,OnePlus,Nord CE 2,eSAKSHI Mobile App
EV-DEMO-01694,MPLADS-DEMO-000847,COMPLETION_PHOTO,Geo-tagged Asset Verification Photograph - Village-38,MPLADS-DEMO-000847_verification_stage.jpg,image/jpeg,226972,47477277024da59cf11a0ef35dd900794e808fab964dd14e4edafbb620b6b7a9,09c43245a0ca9c4e,2023-10-28 15:42:10,18.686727,78.140499,42.0,OnePlus,Nord CE 2,eSAKSHI Mobile App
EV-DEMO-01695,MPLADS-DEMO-000848,PROGRESS_PHOTO,Site Inspection Photograph - Construction Stage - Village-104,MPLADS-DEMO-000848_progress_stage.jpg,image/jpeg,292334,94cc091d41d4664184f5284590dbeda7cd63e7b4f3d3b6e4dc353077184eaf0c,f0af26fc17daf665,2023-12-08 11:24:15,12.292819,76.691586,20.1,Xiaomi,Redmi Note 11,eSAKSHI Mobile App
EV-DEMO-01696,MPLADS-DEMO-000848,COMPLETION_PHOTO,Geo-tagged Asset Verification Photograph - Village-104,MPLADS-DEMO-000848_verification_stage.jpg,image/jpeg,456271,3e107c2e11715d83a4727557455bceecf8ca9085c7f48393ca5705bee74d23b2,aeafd829075f75c2,2024-02-21 15:42:10,12.292962,76.691229,25.4,Xiaomi,Redmi Note 11,eSAKSHI Mobile App
EV-DEMO-01697,MPLADS-DEMO-000849,PROGRESS_PHOTO,Site Inspection Photograph - Construction Stage - Village-45,MPLADS-DEMO-000849_progress_stage.jpg,image/jpeg,357473,2f0fef08343df10130f7af4003614755b666f6b24d7ed12adc1acb3d614e9498,f01cb71eb524dee9,2023-09-02 11:24:15,20.178813,85.60548,10.8,Apple,iPhone 13,eSAKSHI Mobile App
EV-DEMO-01698,MPLADS-DEMO-000849,SITE_IMAGE,Geo-tagged Asset Verification Photograph - Village-45,MPLADS-DEMO-000849_verification_stage.jpg,image/jpeg,462198,9fa562b432b7ec6b4e3e082fa5ebfe8e4521d73faf92dd51572a518ef644ccc5,28fd93dc6ab36bf4,2023-10-22 15:42:10,20.17858,85.60558,26.7,Apple,iPhone 13,eSAKSHI Mobile App
EV-DEMO-01699,MPLADS-DEMO-000850,PROGRESS_PHOTO,Site Inspection Photograph - Construction Stage - Village-92,MPLADS-DEMO-000850_progress_stage.jpg,image/jpeg,208241,022509a9b091ea8f925813c3ef3fccd3521ddefb51afeb00234d6f312aaaf2ac,e12f2103cc189cac,2024-06-11 11:24:15,18.672456,78.103259,19.1,Samsung,SM-A525F,eSAKSHI Mobile App
EV-DEMO-01700,MPLADS-DEMO-000850,COMPLETION_PHOTO,Geo-tagged Asset Verification Photograph - Village-92,MPLADS-DEMO-000850_verification_stage.jpg,image/jpeg,290582,8b2168d0c381a43a3fc2a1a477ecd51e2218edb639a78f184192b2a33b8181f3,271d80d16eaf572a,2024-08-15 15:42:10,18.672213,78.103111,14.5,Samsung,SM-A525F,eSAKSHI Mobile App
EV-DEMO-01701,MPLADS-DEMO-000851,PROGRESS_PHOTO,Site Inspection Photograph - Construction Stage - Village-70,MPLADS-DEMO-000851_progress_stage.jpg,image/jpeg,216305,3dd11db2865193422eb86428758ae99fd2d2d1d1f58e66836bd1faf6ded2573d,605e50b67def9ca3,2024-04-05 11:24:15,21.152584,79.092784,17.3,Samsung,SM-A525F,eSAKSHI Mobile App
EV-DEMO-01702,MPLADS-DEMO-000851,COMPLETION_PHOTO,Geo-tagged Asset Verification Photograph - Village-70,MPLADS-DEMO-000851_verification_stage.jpg,image/jpeg,378427,d9c49eee442708567acd09f39b777fa65779dcede529d9ff9949ffee288e9d58,317c7d726b643353,2024-07-10 15:42:10,21.153,79.092592,33.0,Samsung,SM-A525F,eSAKSHI Mobile App
EV-DEMO-01703,MPLADS-DEMO-000852,PROGRESS_PHOTO,Site Inspection Photograph - Construction Stage - Village-177,MPLADS-DEMO-000852_progress_stage.jpg,image/jpeg,334626,6160415a055e3fbe9c660903f131492932c8f008773b5d43339b6608878d6bc5,6643ddad857848d0,2023-05-03 11:24:15,18.729046,78.140515,20.8,Samsung,SM-A525F,eSAKSHI Mobile App
EV-DEMO-01704,MPLADS-DEMO-000852,SITE_IMAGE,Geo-tagged Asset Verification Photograph - Village-177,MPLADS-DEMO-000852_verification_stage.jpg,image/jpeg,229124,e876d7d8ca521898cac3e9c18753610b7edb5384b0adca4aaa0ddb91bb4602bf,a918db18869425a0,2023-05-20 15:42:10,18.729227,78.140725,15.5,Samsung,SM-A525F,eSAKSHI Mobile App
EV-DEMO-01705,MPLADS-DEMO-000853,PROGRESS_PHOTO,Site Inspection Photograph - Construction Stage - Village-34,MPLADS-DEMO-000853_progress_stage.jpg,image/jpeg,234730,8aebb484a493bf864f8c4984a3c3baf23b93375e468f7e24d3bc7b92f4692ce3,9b0ae3f3be976aea,2023-12-19 11:24:15,11.261767,75.723332,4.4,Apple,iPhone 13,eSAKSHI Mobile App
EV-DEMO-01706,MPLADS-DEMO-000853,COMPLETION_PHOTO,Geo-tagged Asset Verification Photograph - Village-34,MPLADS-DEMO-000853_verification_stage.jpg,image/jpeg,450253,4a4ac8dc64017621e0a992772d8dca92a0286cefee78fb77eb065de8fa6fe23e,96bb7e27737576ea,2024-03-19 15:42:10,11.261941,75.723253,24.0,Apple,iPhone 13,eSAKSHI Mobile App
EV-DEMO-01707,MPLADS-DEMO-000854,PROGRESS_PHOTO,Site Inspection Photograph - Construction Stage - Village-30,MPLADS-DEMO-000854_progress_stage.jpg,image/jpeg,278961,942fbe9ff9e90d870ac8a36b4953f31a2cf4ffda50e240ee61d4e0300df5a198,bdbf71a72e34a113,2023-12-11 11:24:15,21.162651,72.827839,15.1,Xiaomi,Redmi Note 11,eSAKSHI Mobile App
EV-DEMO-01708,MPLADS-DEMO-000854,COMPLETION_PHOTO,Geo-tagged Asset Verification Photograph - Village-30,MPLADS-DEMO-000854_verification_stage.jpg,image/jpeg,357900,398e290c789fa2e5c91f64641e917dcd5ccc0e77e63ab0b71cff322027bf0e19,1d0d3ac05087b18d,2024-01-14 15:42:10,21.162582,72.827693,31.1,Xiaomi,Redmi Note 11,eSAKSHI Mobile App
EV-DEMO-01709,MPLADS-DEMO-000855,PROGRESS_PHOTO,Site Inspection Photograph - Construction Stage - Village-151,MPLADS-DEMO-000855_progress_stage.jpg,image/jpeg,187208,91071616e1e61a6bd7e48f94c8b6e7edab0ee9ac14eb4c59c837b0289f64e784,9e74656fdbf85ef6,2023-10-29 11:24:15,18.008538,79.609043,14.4,Xiaomi,Redmi Note 11,eSAKSHI Mobile App
EV-DEMO-01710,MPLADS-DEMO-000855,COMPLETION_PHOTO,Geo-tagged Asset Verification Photograph - Village-151,MPLADS-DEMO-000855_verification_stage.jpg,image/jpeg,374034,fb97fd0295c22bcb1c561fd69ee801365e766f94836df87e62566966f3a54006,f227f384fb1daeb3,2023-11-23 15:42:10,18.008698,79.608849,14.3,Xiaomi,Redmi Note 11,eSAKSHI Mobile App
EV-DEMO-01711,MPLADS-DEMO-000856,PROGRESS_PHOTO,Site Inspection Photograph - Construction Stage - Village-68,MPLADS-DEMO-000856_progress_stage.jpg,image/jpeg,184655,6bac1db8413a042b3b6b31b905fb907a8f689894082fde0bf4dd0dbaceb6b26b,7d161cc6c51f19f8,2024-03-06 11:24:15,12.343467,76.606948,20.8,Xiaomi,Redmi Note 11,eSAKSHI Mobile App
EV-DEMO-01712,MPLADS-DEMO-000856,COMPLETION_PHOTO,Geo-tagged Asset Verification Photograph - Village-68,MPLADS-DEMO-000856_verification_stage.jpg,image/jpeg,265761,3902c7ea228f308a281a928b4e80108a02a06baa19b61ba2c557a1f272a80d4d,84b4230bbb65da1c,2024-05-23 15:42:10,12.343659,76.606901,18.9,Xiaomi,Redmi Note 11,eSAKSHI Mobile App
EV-DEMO-01713,MPLADS-DEMO-000857,PROGRESS_PHOTO,Site Inspection Photograph - Construction Stage - Village-127,MPLADS-DEMO-000857_progress_stage.jpg,image/jpeg,262337,1a9832a44dfef7252078d1fbb738aa5e4247523c7ba6c1b38e0a9e7a45ddd530,daf65f2ab4bd28aa,2024-07-02 11:24:15,26.195134,72.967881,6.5,Realme,Realme 9 Pro,eSAKSHI Mobile App
EV-DEMO-01714,MPLADS-DEMO-000857,COMPLETION_PHOTO,Geo-tagged Asset Verification Photograph - Village-127,MPLADS-DEMO-000857_verification_stage.jpg,image/jpeg,478427,4e960031f4bf12fc927e0daa2b3b7cd5a8e77d981a2f18aaa39103703a9a242f,6ab0f4f7e1c21ce8,2024-08-24 15:42:10,26.195055,72.967755,8.9,Realme,Realme 9 Pro,eSAKSHI Mobile App
EV-DEMO-01715,MPLADS-DEMO-000858,PROGRESS_PHOTO,Site Inspection Photograph - Construction Stage - Village-55,MPLADS-DEMO-000858_progress_stage.jpg,image/jpeg,316804,068ccb1f79a44a2f3df3cccddc34d52d442f6bf252bb598ec64119331b73e356,cd7226ed82ba0058,2024-07-15 11:24:15,17.943913,79.568744,10.4,OnePlus,Nord CE 2,eSAKSHI Mobile App
EV-DEMO-01716,MPLADS-DEMO-000858,COMPLETION_PHOTO,Geo-tagged Asset Verification Photograph - Village-55,MPLADS-DEMO-000858_verification_stage.jpg,image/jpeg,386592,86a380bbe4b17ee9d51658e8995962db7d36df1729fd0e37c92d15cfd3889b04,b95a836e0264b8c5,2024-10-24 15:42:10,17.944015,79.568594,29.5,OnePlus,Nord CE 2,eSAKSHI Mobile App
EV-DEMO-01717,MPLADS-DEMO-000859,PROGRESS_PHOTO,Site Inspection Photograph - Construction Stage - Village-157,MPLADS-DEMO-000859_progress_stage.jpg,image/jpeg,194597,7a09aabdc70f88421680d2934f0a1d5ddfc6f907ab3f045e9831d9ead4a691d2,2c22337ac7852b1c,2024-05-15 11:24:15,18.693748,78.071492,13.5,Xiaomi,Redmi Note 11,eSAKSHI Mobile App
EV-DEMO-01718,MPLADS-DEMO-000859,SITE_IMAGE,Geo-tagged Asset Verification Photograph - Village-157,MPLADS-DEMO-000859_verification_stage.jpg,image/jpeg,277968,58ee62787dbdb178713346699599acff2938a8bec5f74ff94f66937ea0822771,cbf4dec2688f57bb,2024-06-11 15:42:10,18.693437,78.071289,27.3,Xiaomi,Redmi Note 11,eSAKSHI Mobile App
EV-DEMO-01719,MPLADS-DEMO-000860,PROGRESS_PHOTO,Site Inspection Photograph - Construction Stage - Village-95,MPLADS-DEMO-000860_progress_stage.jpg,image/jpeg,302709,c00ad5b94b3cb9cd176370537c24f96d040e7cd1b89362bbe6ce76555c94f306,65ba60b481db4ddf,2023-09-03 11:24:15,19.333664,84.968337,21.0,Xiaomi,Redmi Note 11,eSAKSHI Mobile App
EV-DEMO-01720,MPLADS-DEMO-000860,COMPLETION_PHOTO,Geo-tagged Asset Verification Photograph - Village-95,MPLADS-DEMO-000860_verification_stage.jpg,image/jpeg,263521,cce94586abc58da49e43db85428deaef1176c741497ce60894c7c3ae61e5f8b6,7755c0164dd604e9,2023-12-06 15:42:10,19.33406,84.968669,38.1,Xiaomi,Redmi Note 11,eSAKSHI Mobile App
EV-DEMO-01721,MPLADS-DEMO-000861,PROGRESS_PHOTO,Site Inspection Photograph - Construction Stage - Village-166,MPLADS-DEMO-000861_progress_stage.jpg,image/jpeg,327813,42593b78cad013a44ff33c1cb5ec1aff944245e6e6baf6324e5e69ff30313d62,21ee09e5d0847e49,2023-07-08 11:24:15,23.06203,72.633096,19.4,Xiaomi,Redmi Note 11,eSAKSHI Mobile App
EV-DEMO-01722,MPLADS-DEMO-000861,COMPLETION_PHOTO,Geo-tagged Asset Verification Photograph - Village-166,MPLADS-DEMO-000861_verification_stage.jpg,image/jpeg,297032,dce3025c061ac1d7922be41c7790026575234476c892dac1027a61043cab018a,7ab381ffdf21accd,2023-11-11 15:42:10,23.061924,72.633005,33.8,Xiaomi,Redmi Note 11,eSAKSHI Mobile App
EV-DEMO-01723,MPLADS-DEMO-000862,PROGRESS_PHOTO,Site Inspection Photograph - Construction Stage - Village-143,MPLADS-DEMO-000862_progress_stage.jpg,image/jpeg,293077,b6f005bc2c6e288bc13954d83f10d4354bee6e52c9db0e255598fc21c30ccc4b,b835534346e90e6c,2023-07-09 11:24:15,18.680231,78.054994,8.1,OnePlus,Nord CE 2,eSAKSHI Mobile App
EV-DEMO-01724,MPLADS-DEMO-000862,SITE_IMAGE,Geo-tagged Asset Verification Photograph - Village-143,MPLADS-DEMO-000862_verification_stage.jpg,image/jpeg,304210,d4ba325ee946b58879a2d0b1cf81881f3aed76e4513ec99c46d32c29ae8f45fe,7405c04217977a46,2023-09-07 15:42:10,18.680422,78.05521,23.7,OnePlus,Nord CE 2,eSAKSHI Mobile App
EV-DEMO-01725,MPLADS-DEMO-000863,PROGRESS_PHOTO,Site Inspection Photograph - Construction Stage - Village-121,MPLADS-DEMO-000863_progress_stage.jpg,image/jpeg,257047,cb7e9acc6fb18378ffaf86d466c83e1ed4e25ed6ed61f13515f9dcbbf93bbbcd,b27d805d499c4110,2024-07-30 11:24:15,13.123117,77.625883,16.6,Xiaomi,Redmi Note 11,eSAKSHI Mobile App
EV-DEMO-01726,MPLADS-DEMO-000863,SITE_IMAGE,Geo-tagged Asset Verification Photograph - Village-121,MPLADS-DEMO-000863_verification_stage.jpg,image/jpeg,227639,6b63c7ba4b484fa609b1b5c56663d82eeca7d5e64d4865c7ab1eefcc09f027c2,55b525cb297c217b,2024-11-23 15:42:10,13.123131,77.625953,17.4,Xiaomi,Redmi Note 11,eSAKSHI Mobile App
EV-DEMO-01727,MPLADS-DEMO-000864,PROGRESS_PHOTO,Site Inspection Photograph - Construction Stage - Village-15,MPLADS-DEMO-000864_progress_stage.jpg,image/jpeg,201731,47a79592199f8b3bfc141aa4c5c5e52329f9ed75f16665574c2812752ad2430d,107ebed0af7607c9,2023-11-24 11:24:15,22.737705,75.828463,13.7,OnePlus,Nord CE 2,eSAKSHI Mobile App
EV-DEMO-01728,MPLADS-DEMO-000864,COMPLETION_PHOTO,Geo-tagged Asset Verification Photograph - Village-15,MPLADS-DEMO-000864_verification_stage.jpg,image/jpeg,379323,4c92fbf8ca4b1c75d4795f298dc8e733c173fac1a71300fb573c7e853242b89b,0cb97e2b601de235,2024-01-24 15:42:10,22.737536,75.828521,24.9,OnePlus,Nord CE 2,eSAKSHI Mobile App
EV-DEMO-01729,MPLADS-DEMO-000865,PROGRESS_PHOTO,Site Inspection Photograph - Construction Stage - Village-144,MPLADS-DEMO-000865_progress_stage.jpg,image/jpeg,217944,e998a2382c74b8df51452ddace7930df729a0c0ff12913af860c6bd95ac7f31a,a75bb258ff124298,2023-12-31 11:24:15,10.963162,76.922541,17.4,OnePlus,Nord CE 2,eSAKSHI Mobile App
EV-DEMO-01730,MPLADS-DEMO-000865,SITE_IMAGE,Geo-tagged Asset Verification Photograph - Village-144,MPLADS-DEMO-000865_verification_stage.jpg,image/jpeg,288210,03c0d524fb2e33f055ac4ee1eea5fbbefedd5b33ca1c72cd6c498e05e5f18285,db7b580d300b7512,2024-02-26 15:42:10,10.963421,76.922535,25.5,OnePlus,Nord CE 2,eSAKSHI Mobile App
EV-DEMO-01731,MPLADS-DEMO-000866,PROGRESS_PHOTO,Site Inspection Photograph - Construction Stage - Village-93,MPLADS-DEMO-000866_progress_stage.jpg,image/jpeg,369841,0b2d46ed79b3e1402f2a9448603300fc201e306e0c1e03cd7143c672c7ed1696,d5895eab7b6e226e,2023-12-02 11:24:15,10.034281,76.292816,5.1,Vivo,Vivo V23 5G,eSAKSHI Mobile App
EV-DEMO-01732,MPLADS-DEMO-000866,SITE_IMAGE,Geo-tagged Asset Verification Photograph - Village-93,MPLADS-DEMO-000866_verification_stage.jpg,image/jpeg,452233,ba1fdeceed1c9b95b9c31cadbe3a2e6a29f514ce220c6e9a95ed8e6e3836d1c5,1e484b483f59a27a,2024-01-01 15:42:10,10.03411,76.292836,17.2,Vivo,Vivo V23 5G,eSAKSHI Mobile App
EV-DEMO-01733,MPLADS-DEMO-000867,PROGRESS_PHOTO,Site Inspection Photograph - Construction Stage - Village-6,MPLADS-DEMO-000867_progress_stage.jpg,image/jpeg,199313,b860f5040f1c52d676b56811ddaa6e272066dfc65411795900bf76c9594b2379,878530df233fc624,2023-03-31 11:24:15,26.713782,83.391582,12.3,Samsung,SM-A525F,eSAKSHI Mobile App
EV-DEMO-01734,MPLADS-DEMO-000867,COMPLETION_PHOTO,Geo-tagged Asset Verification Photograph - Village-6,MPLADS-DEMO-000867_verification_stage.jpg,image/jpeg,226549,0b28770ac2843996ad401ca94c1bc23e89e9ff6a476d7a3d7bf79d294e16d0d8,6024429f1e0bf24b,2023-08-21 15:42:10,26.714036,83.391457,32.2,Samsung,SM-A525F,eSAKSHI Mobile App
EV-DEMO-01735,MPLADS-DEMO-000868,PROGRESS_PHOTO,Site Inspection Photograph - Construction Stage - Village-138,MPLADS-DEMO-000868_progress_stage.jpg,image/jpeg,333920,0bb16c97cf17820029d6a223f6d5ffd85fa3389a7561313948fa7b2ae1bf118a,6dfef76dd735a7ee,2023-04-17 11:24:15,12.294713,76.649078,7.5,Apple,iPhone 13,eSAKSHI Mobile App
EV-DEMO-01736,MPLADS-DEMO-000868,SITE_IMAGE,Geo-tagged Asset Verification Photograph - Village-138,MPLADS-DEMO-000868_verification_stage.jpg,image/jpeg,273712,04079d7645352d03b344751c882076152521f68a17b76a04a276dc48c7e9295f,b19814480463a801,2023-09-13 15:42:10,12.294534,76.648984,29.6,Apple,iPhone 13,eSAKSHI Mobile App
EV-DEMO-01737,MPLADS-DEMO-000869,PROGRESS_PHOTO,Site Inspection Photograph - Construction Stage - Village-193,MPLADS-DEMO-000869_progress_stage.jpg,image/jpeg,280462,412d443f088b32cca5c6010c8013b4fe5d937ab249efb5f6d5f6ccc8906dd807,e1e40a9a2864f659,2024-03-21 11:24:15,10.961369,76.979678,8.5,OnePlus,Nord CE 2,eSAKSHI Mobile App
EV-DEMO-01738,MPLADS-DEMO-000869,SITE_IMAGE,Geo-tagged Asset Verification Photograph - Village-193,MPLADS-DEMO-000869_verification_stage.jpg,image/jpeg,258504,6374f5939ca03ecbe727cce252abc67ffa90481eda4d32f78d70e14de87b9963,1f54aa858402a6c7,2024-05-10 15:42:10,10.961016,76.979687,31.8,OnePlus,Nord CE 2,eSAKSHI Mobile App
EV-DEMO-01739,MPLADS-DEMO-000870,PROGRESS_PHOTO,Site Inspection Photograph - Construction Stage - Village-6,MPLADS-DEMO-000870_progress_stage.jpg,image/jpeg,206721,5d68f21a7d22769f6b19f57ff612d17cd0423bbff66e60ff3190adc1774080ee,453bfe343d359947,2023-08-03 11:24:15,26.226224,72.997346,21.0,OnePlus,Nord CE 2,eSAKSHI Mobile App
EV-DEMO-01740,MPLADS-DEMO-000870,SITE_IMAGE,Geo-tagged Asset Verification Photograph - Village-6,MPLADS-DEMO-000870_verification_stage.jpg,image/jpeg,275638,582ca004beb1318de962bda99c333cb361464601626295dbcea0a862eb59b630,3ccefbe6b8bde8f4,2023-12-04 15:42:10,26.226139,72.997676,18.7,OnePlus,Nord CE 2,eSAKSHI Mobile App
EV-DEMO-01741,MPLADS-DEMO-000871,PROGRESS_PHOTO,Site Inspection Photograph - Construction Stage - Village-137,MPLADS-DEMO-000871_progress_stage.jpg,image/jpeg,352432,41732fd96680f566b02f9fd97e5ae799e20c5a31af5af228ca9d5dca37cd4f9f,c3f6081db5387c21,2024-03-14 11:24:15,11.680047,76.153453,16.4,Apple,iPhone 13,eSAKSHI Mobile App
EV-DEMO-01742,MPLADS-DEMO-000871,COMPLETION_PHOTO,Geo-tagged Asset Verification Photograph - Village-137,MPLADS-DEMO-000871_verification_stage.jpg,image/jpeg,464909,cf0b4e02a4651ec17dc14c69e1b46dd851d4ade6f8e3ed7515a634b741207423,79466c6c08aad5f4,2024-07-13 15:42:10,11.679968,76.153735,26.2,Apple,iPhone 13,eSAKSHI Mobile App
EV-DEMO-01743,MPLADS-DEMO-000872,PROGRESS_PHOTO,Site Inspection Photograph - Construction Stage - Village-200,MPLADS-DEMO-000872_progress_stage.jpg,image/jpeg,255881,7fd241d887d0f915e5e65c50e744039cc44a04a4572f4ed3fbddd5a5c6c4cef7,dfdb898fa91f1170,2023-07-28 11:24:15,21.097373,79.068619,11.7,Realme,Realme 9 Pro,eSAKSHI Mobile App
EV-DEMO-01744,MPLADS-DEMO-000872,COMPLETION_PHOTO,Geo-tagged Asset Verification Photograph - Village-200,MPLADS-DEMO-000872_verification_stage.jpg,image/jpeg,251152,b2f61acf8f13eddd30452964ecf98bad3ff17807d161bf302b0c0cb6eb91b3a8,71d023304fffe445,2023-08-25 15:42:10,21.097633,79.06834,35.8,Realme,Realme 9 Pro,eSAKSHI Mobile App
EV-DEMO-01745,MPLADS-DEMO-000873,PROGRESS_PHOTO,Site Inspection Photograph - Construction Stage - Village-7,MPLADS-DEMO-000873_progress_stage.jpg,image/jpeg,207169,2315d49277c9ca06fc29dff17650dc93d987ace94b7f356c95a2e3e773427f7f,4c644296fc9178b0,2023-03-31 11:24:15,19.33273,85.041682,22.5,Vivo,Vivo V23 5G,eSAKSHI Mobile App
EV-DEMO-01746,MPLADS-DEMO-000873,COMPLETION_PHOTO,Geo-tagged Asset Verification Photograph - Village-7,MPLADS-DEMO-000873_verification_stage.jpg,image/jpeg,264299,c7b3bb2767f621e4149a6d441a3bb1cb950bb7b36111828d496ec07ee84d33be,34b54ca03ab62ce9,2023-06-03 15:42:10,19.333117,85.042154,43.2,Vivo,Vivo V23 5G,eSAKSHI Mobile App
EV-DEMO-01747,MPLADS-DEMO-000874,PROGRESS_PHOTO,Site Inspection Photograph - Construction Stage - Village-152,MPLADS-DEMO-000874_progress_stage.jpg,image/jpeg,202524,0741d3786fb2323880002ce296c03dabbbfda7eda1eb3f43c94690923a974498,5f634a2b766d7118,2023-11-11 11:24:15,25.358665,82.920908,21.0,Vivo,Vivo V23 5G,eSAKSHI Mobile App
EV-DEMO-01748,MPLADS-DEMO-000874,COMPLETION_PHOTO,Geo-tagged Asset Verification Photograph - Village-152,MPLADS-DEMO-000874_verification_stage.jpg,image/jpeg,270735,e3020afe353524bd604387f0c9307a10acc7fb6c4b550737ac65df830fa3441c,941226c6f41fd1b7,2024-04-03 15:42:10,25.358607,82.920765,24.7,Vivo,Vivo V23 5G,eSAKSHI Mobile App
EV-DEMO-01749,MPLADS-DEMO-000875,PROGRESS_PHOTO,Site Inspection Photograph - Construction Stage - Village-107,MPLADS-DEMO-000875_progress_stage.jpg,image/jpeg,298079,dbfc9af2ffd6967ae5533bfe47635e49f903dcc9cb464e18b634774097e3d53c,f7087b1bc7ccfb8c,2023-06-16 11:24:15,9.885095,78.182794,11.2,Realme,Realme 9 Pro,eSAKSHI Mobile App
EV-DEMO-01750,MPLADS-DEMO-000875,SITE_IMAGE,Geo-tagged Asset Verification Photograph - Village-107,MPLADS-DEMO-000875_verification_stage.jpg,image/jpeg,354121,1397cf14345d7867ae7f387f88456b52ef91b2d1f3d53f9dddfbfe54ee241f7f,4d8740985e9da2c4,2023-07-08 15:42:10,9.885029,78.182818,5.7,Realme,Realme 9 Pro,eSAKSHI Mobile App
EV-DEMO-01751,MPLADS-DEMO-000876,PROGRESS_PHOTO,Site Inspection Photograph - Construction Stage - Village-93,MPLADS-DEMO-000876_progress_stage.jpg,image/jpeg,394310,afce8e33a6d2f0f1e391bb96f2d32366da1f6075f7e3c06a9dd009c3c420afe3,e24a86f101b1a106,2023-07-09 11:24:15,20.238826,85.664868,8.8,Samsung,SM-A525F,eSAKSHI Mobile App
EV-DEMO-01752,MPLADS-DEMO-000876,COMPLETION_PHOTO,Geo-tagged Asset Verification Photograph - Village-93,MPLADS-DEMO-000876_verification_stage.jpg,image/jpeg,221419,7a13d0fefd9dba2988674218af1db8864de4152f41eb14cf7bc4128d9cec116c,0a26c09a37636409,2023-10-12 15:42:10,20.23882,85.664778,18.2,Samsung,SM-A525F,eSAKSHI Mobile App
EV-DEMO-01753,MPLADS-DEMO-000877,PROGRESS_PHOTO,Site Inspection Photograph - Construction Stage - Village-37,MPLADS-DEMO-000877_progress_stage.jpg,image/jpeg,379996,d3c82868aabb8d2ee2c00672c0eee79ce681a627b5e549300dbc6e9a868ed3e4,0db1f331f51c1483,2024-03-10 11:24:15,11.709369,78.10418,17.1,Xiaomi,Redmi Note 11,eSAKSHI Mobile App
EV-DEMO-01754,MPLADS-DEMO-000877,SITE_IMAGE,Geo-tagged Asset Verification Photograph - Village-37,MPLADS-DEMO-000877_verification_stage.jpg,image/jpeg,289936,4f77a993538a0b5541d6257057a84c7039b35dfb8f524af4d49d009e246071bc,ae07af603050b540,2024-06-16 15:42:10,11.709327,78.104041,15.3,Xiaomi,Redmi Note 11,eSAKSHI Mobile App
EV-DEMO-01755,MPLADS-DEMO-000878,PROGRESS_PHOTO,Site Inspection Photograph - Construction Stage - Village-159,MPLADS-DEMO-000878_progress_stage.jpg,image/jpeg,250462,9a8f756fc8e3aa10c470b91c402869e8bcf5a651e7fb4775180d5ef69a4243d0,5cfb7923c10f2efa,2023-06-01 11:24:15,11.674399,76.087462,7.3,Realme,Realme 9 Pro,eSAKSHI Mobile App
EV-DEMO-01756,MPLADS-DEMO-000878,COMPLETION_PHOTO,Geo-tagged Asset Verification Photograph - Village-159,MPLADS-DEMO-000878_verification_stage.jpg,image/jpeg,224324,3154d98da113284d5700a75f28ae606ac2187502e94a5089a76acd2c2f6b1490,4939374dc27b492e,2023-10-15 15:42:10,11.674067,76.087608,33.1,Realme,Realme 9 Pro,eSAKSHI Mobile App
EV-DEMO-01757,MPLADS-DEMO-000879,PROGRESS_PHOTO,Site Inspection Photograph - Construction Stage - Village-104,MPLADS-DEMO-000879_progress_stage.jpg,image/jpeg,249605,81fd3d189f9e671b269f14f75f1a843ce1dfc472e8ce0c28772050c374214e85,aeddbeecf2700158,2023-04-01 11:24:15,13.080934,77.621143,24.7,Xiaomi,Redmi Note 11,eSAKSHI Mobile App
EV-DEMO-01758,MPLADS-DEMO-000879,COMPLETION_PHOTO,Geo-tagged Asset Verification Photograph - Village-104,MPLADS-DEMO-000879_verification_stage.jpg,image/jpeg,445812,e8315e45b44dc2df9d330e07c3362b1bbda94ada4f67d1d9b464a3601e3e9839,4501391e24bb9ee0,2023-06-15 15:42:10,13.080862,77.621016,9.5,Xiaomi,Redmi Note 11,eSAKSHI Mobile App
EV-DEMO-01759,MPLADS-DEMO-000880,PROGRESS_PHOTO,Site Inspection Photograph - Construction Stage - Village-139,MPLADS-DEMO-000880_progress_stage.jpg,image/jpeg,207929,75e403ad319b3180cebcb3451a774bca6a3f9536e8722f502fb2a375a54ea3db,7129be87c34b9e50,2023-10-01 11:24:15,19.364192,85.002705,22.4,Samsung,SM-A525F,eSAKSHI Mobile App
EV-DEMO-01760,MPLADS-DEMO-000880,COMPLETION_PHOTO,Geo-tagged Asset Verification Photograph - Village-139,MPLADS-DEMO-000880_verification_stage.jpg,image/jpeg,361482,ccf06ad8eefaf7105fb0fe65b66a03b07b76758c930781287687616c8ffafc56,dfaacb8a81d2d815,2024-01-16 15:42:10,19.363852,85.002955,23.9,Samsung,SM-A525F,eSAKSHI Mobile App
EV-DEMO-01761,MPLADS-DEMO-000881,PROGRESS_PHOTO,Site Inspection Photograph - Construction Stage - Village-35,MPLADS-DEMO-000881_progress_stage.jpg,image/jpeg,258763,ac8011564cac6d9a72f66f5775faafed5956b5fd0cd14225152bbf6f42c76176,c96a8c1516c48fc5,2024-06-16 11:24:15,23.228025,80.026587,14.5,Samsung,SM-A525F,eSAKSHI Mobile App
EV-DEMO-01762,MPLADS-DEMO-000881,COMPLETION_PHOTO,Geo-tagged Asset Verification Photograph - Village-35,MPLADS-DEMO-000881_verification_stage.jpg,image/jpeg,327517,3e144ae93b1ded4ed9c4f731589431241547ac90ddda7bdc8d02f9e7c3b48301,8cfdcb46417163c5,2024-08-08 15:42:10,23.227602,80.026556,33.8,Samsung,SM-A525F,eSAKSHI Mobile App
EV-DEMO-01763,MPLADS-DEMO-000882,PROGRESS_PHOTO,Site Inspection Photograph - Construction Stage - Village-123,MPLADS-DEMO-000882_progress_stage.jpg,image/jpeg,241274,fbc3146c7f5c90eb9f3c577e8739bdfcb98c3f28a0a6270f09c7125632ec823a,f916592fb61ee46f,2024-05-06 11:24:15,11.684568,76.175022,11.8,Xiaomi,Redmi Note 11,eSAKSHI Mobile App
EV-DEMO-01764,MPLADS-DEMO-000882,COMPLETION_PHOTO,Geo-tagged Asset Verification Photograph - Village-123,MPLADS-DEMO-000882_verification_stage.jpg,image/jpeg,392285,60b2bbda4f8a8b839efda467c8191bedf3c9df91fd8ca7b7b0b726cf9a67b85c,326b66e9e4a03cad,2024-06-11 15:42:10,11.684586,76.175076,14.1,Xiaomi,Redmi Note 11,eSAKSHI Mobile App
EV-DEMO-01765,MPLADS-DEMO-000883,PROGRESS_PHOTO,Site Inspection Photograph - Construction Stage - Village-64,MPLADS-DEMO-000883_progress_stage.jpg,image/jpeg,189491,4b642aee5ec69eea4a9d117c5e836c051cfe2159c4c8d6ffbfb6970701cf98d4,bc3a586f36b5c8b5,2024-03-03 11:24:15,26.876706,75.746375,13.6,Realme,Realme 9 Pro,eSAKSHI Mobile App
EV-DEMO-01766,MPLADS-DEMO-000883,COMPLETION_PHOTO,Geo-tagged Asset Verification Photograph - Village-64,MPLADS-DEMO-000883_verification_stage.jpg,image/jpeg,422885,5935d14246f531fdb3ca7df29259a131f9e00a86a58c7101099d65ad252abe44,4c5fc2b033bc2a84,2024-04-12 15:42:10,26.876525,75.746321,31.6,Realme,Realme 9 Pro,eSAKSHI Mobile App
EV-DEMO-01767,MPLADS-DEMO-000884,PROGRESS_PHOTO,Site Inspection Photograph - Construction Stage - Village-192,MPLADS-DEMO-000884_progress_stage.jpg,image/jpeg,223448,3abece8cc5eada679a7bc60910e14424498975ea1442008143ec04a8a1535600,8327904fb8a57eaa,2023-03-22 11:24:15,11.0695,76.940969,15.5,Apple,iPhone 13,eSAKSHI Mobile App
EV-DEMO-01768,MPLADS-DEMO-000884,COMPLETION_PHOTO,Geo-tagged Asset Verification Photograph - Village-192,MPLADS-DEMO-000884_verification_stage.jpg,image/jpeg,361320,ed22699843032d530a2031bcc10421cfc69a307775d9b0abd8d933e458d441f3,13240046d36452e3,2023-06-05 15:42:10,11.069418,76.940576,35.4,Apple,iPhone 13,eSAKSHI Mobile App
EV-DEMO-01769,MPLADS-DEMO-000885,PROGRESS_PHOTO,Site Inspection Photograph - Construction Stage - Village-124,MPLADS-DEMO-000885_progress_stage.jpg,image/jpeg,316591,933c5613e5897fdefc63be2b02f2b785de8e6212f896ffbd24ba3e889ccd1bf7,73bafe24064d5818,2024-01-16 11:24:15,26.28531,72.983623,12.9,Samsung,SM-A525F,eSAKSHI Mobile App
EV-DEMO-01770,MPLADS-DEMO-000885,COMPLETION_PHOTO,Geo-tagged Asset Verification Photograph - Village-124,MPLADS-DEMO-000885_verification_stage.jpg,image/jpeg,408480,46a265eced55545c8eae9e4403bc59379d34a2a3cbb9613f292dc454ff718b27,6cc13c27570b57da,2024-04-28 15:42:10,26.285376,72.983587,12.2,Samsung,SM-A525F,eSAKSHI Mobile App
EV-DEMO-01771,MPLADS-DEMO-000886,PROGRESS_PHOTO,Site Inspection Photograph - Construction Stage - Village-48,MPLADS-DEMO-000886_progress_stage.jpg,image/jpeg,251204,261fae823a65f1ee2340eb8b029634594aa603ecee94a25985293d25b98f01fb,b99ad0512bfd1355,2023-06-03 11:24:15,19.348221,85.029917,3.9,Apple,iPhone 13,eSAKSHI Mobile App
EV-DEMO-01772,MPLADS-DEMO-000886,SITE_IMAGE,Geo-tagged Asset Verification Photograph - Village-48,MPLADS-DEMO-000886_verification_stage.jpg,image/jpeg,216352,ce9ef4e2189ba5c9cb2764af87af866c4261cd2afca0ca2e7d919caaf24aa6ba,de1bc92133b866fb,2023-08-22 15:42:10,19.348038,85.029651,31.7,Apple,iPhone 13,eSAKSHI Mobile App
EV-DEMO-01773,MPLADS-DEMO-000887,PROGRESS_PHOTO,Site Inspection Photograph - Construction Stage - Village-25,MPLADS-DEMO-000887_progress_stage.jpg,image/jpeg,194039,7412f573413805f738b2dcc5dadd199e57fe60f4faf3cedd9c34c89133971c37,36390be06ab9cc84,2023-05-25 11:24:15,11.628788,78.140309,17.6,Apple,iPhone 13,eSAKSHI Mobile App
EV-DEMO-01774,MPLADS-DEMO-000887,COMPLETION_PHOTO,Geo-tagged Asset Verification Photograph - Village-25,MPLADS-DEMO-000887_verification_stage.jpg,image/jpeg,247652,56ce50436465a95a4f5eb2f0e4ba6c7a0132bc89717ea1352fbca7979dcc90ac,8d611f3055833d07,2023-08-31 15:42:10,11.629005,78.140168,38.1,Apple,iPhone 13,eSAKSHI Mobile App
EV-DEMO-01775,MPLADS-DEMO-000888,PROGRESS_PHOTO,Site Inspection Photograph - Construction Stage - Village-37,MPLADS-DEMO-000888_progress_stage.jpg,image/jpeg,238175,a1e93e5a9e9ba281919a44649e9217721bcaf0b00cc6c2218f0de92017c8ea0e,cf12e2446040bbdd,2023-12-19 11:24:15,20.041882,73.753747,22.9,Realme,Realme 9 Pro,eSAKSHI Mobile App
EV-DEMO-01776,MPLADS-DEMO-000888,COMPLETION_PHOTO,Geo-tagged Asset Verification Photograph - Village-37,MPLADS-DEMO-000888_verification_stage.jpg,image/jpeg,372499,7e35c8cd9b403068cd516a4a82c1f3427f5d9a38a5706272abc91e65f54c0469,954fe9f79ea0ca1a,2024-04-04 15:42:10,20.04169,73.753685,4.8,Realme,Realme 9 Pro,eSAKSHI Mobile App
EV-DEMO-01777,MPLADS-DEMO-000889,PROGRESS_PHOTO,Site Inspection Photograph - Construction Stage - Village-43,MPLADS-DEMO-000889_progress_stage.jpg,image/jpeg,189692,f131e1a12eb3730308dedf084d21db5ea081b61ec13689d2e925b94b741067fa,5c497c9c969650ec,2023-06-29 11:24:15,26.830505,80.894344,18.6,OnePlus,Nord CE 2,eSAKSHI Mobile App
EV-DEMO-01778,MPLADS-DEMO-000889,COMPLETION_PHOTO,Geo-tagged Asset Verification Photograph - Village-43,MPLADS-DEMO-000889_verification_stage.jpg,image/jpeg,248736,d1715189fb997a1acafff487deccd5698d7b73d6417202d76c4d9e25dddd0bcd,0e4b4581d78ae0d6,2023-10-06 15:42:10,26.830398,80.893984,23.3,OnePlus,Nord CE 2,eSAKSHI Mobile App
EV-DEMO-01779,MPLADS-DEMO-000890,PROGRESS_PHOTO,Site Inspection Photograph - Construction Stage - Village-100,MPLADS-DEMO-000890_progress_stage.jpg,image/jpeg,398142,c33fff68b3e1496a0c9541ed4d0275497097c80e8f7db4a17085872f112664f8,452b6b16805930c3,2024-07-02 11:24:15,23.074653,72.632865,11.1,Realme,Realme 9 Pro,eSAKSHI Mobile App
EV-DEMO-01780,MPLADS-DEMO-000890,SITE_IMAGE,Geo-tagged Asset Verification Photograph - Village-100,MPLADS-DEMO-000890_verification_stage.jpg,image/jpeg,222386,9523108181a1941593cc419fb73ef221598d87eb18720cf85816a9848c4e4b2b,0083773a8454da90,2024-08-26 15:42:10,23.07492,72.632628,35.6,Realme,Realme 9 Pro,eSAKSHI Mobile App
EV-DEMO-01781,MPLADS-DEMO-000891,PROGRESS_PHOTO,Site Inspection Photograph - Construction Stage - Village-188,MPLADS-DEMO-000891_progress_stage.jpg,image/jpeg,392376,7265f026c9aa2c512f62f68537f029fe1924eae6d48ecc796d3eb50f2a115e19,7791994d1542106d,2023-11-01 11:24:15,11.700012,76.191623,13.7,Xiaomi,Redmi Note 11,eSAKSHI Mobile App
EV-DEMO-01782,MPLADS-DEMO-000891,COMPLETION_PHOTO,Geo-tagged Asset Verification Photograph - Village-188,MPLADS-DEMO-000891_verification_stage.jpg,image/jpeg,444744,a1a0e69c50278bc9efbba073e6b9a18f114768339809b18d133f5d62129bae65,1d4ef5c77e5f7fc7,2024-02-04 15:42:10,11.700006,76.191761,12.5,Xiaomi,Redmi Note 11,eSAKSHI Mobile App
EV-DEMO-01783,MPLADS-DEMO-000892,PROGRESS_PHOTO,Site Inspection Photograph - Construction Stage - Village-64,MPLADS-DEMO-000892_progress_stage.jpg,image/jpeg,316048,7f0c7e1952bd1c5399719f74505ee1c86bb83beec3855137013837a6c84844cd,62c75b437c5afbdd,2024-03-13 11:24:15,22.762956,75.801935,13.7,Vivo,Vivo V23 5G,eSAKSHI Mobile App
EV-DEMO-01784,MPLADS-DEMO-000892,COMPLETION_PHOTO,Geo-tagged Asset Verification Photograph - Village-64,MPLADS-DEMO-000892_verification_stage.jpg,image/jpeg,389538,66c954dbbf74b93271f1967cc9fbc071d586032a9978392625b551f01119fe22,0a02a4f30d1bd591,2024-05-31 15:42:10,22.763161,75.802007,17.9,Vivo,Vivo V23 5G,eSAKSHI Mobile App
EV-DEMO-01785,MPLADS-DEMO-000893,PROGRESS_PHOTO,Site Inspection Photograph - Construction Stage - Village-134,MPLADS-DEMO-000893_progress_stage.jpg,image/jpeg,305840,a8256b0795e2ccd2e7290a82c0af932ef0c16eb1e7b0c78cf6f228d883db4c88,941afc78caedb0cc,2024-04-25 11:24:15,22.279243,70.750734,23.3,Vivo,Vivo V23 5G,eSAKSHI Mobile App
EV-DEMO-01786,MPLADS-DEMO-000893,COMPLETION_PHOTO,Geo-tagged Asset Verification Photograph - Village-134,MPLADS-DEMO-000893_verification_stage.jpg,image/jpeg,332755,51a65b2cb5542b98ddfa5a3862891d0a27dd284a39de6313b047dffc3ab02430,c6f4cad7859e5456,2024-09-16 15:42:10,22.279459,70.750731,23.0,Vivo,Vivo V23 5G,eSAKSHI Mobile App
EV-DEMO-01787,MPLADS-DEMO-000894,PROGRESS_PHOTO,Site Inspection Photograph - Construction Stage - Village-88,MPLADS-DEMO-000894_progress_stage.jpg,image/jpeg,378477,20520ccd52804dcef6c957f70eda54c3f344364d63a16be146a2526a9236e620,48f4834e29c02ba3,2023-05-25 11:24:15,20.511444,85.941584,24.0,Vivo,Vivo V23 5G,eSAKSHI Mobile App
EV-DEMO-01788,MPLADS-DEMO-000894,COMPLETION_PHOTO,Geo-tagged Asset Verification Photograph - Village-88,MPLADS-DEMO-000894_verification_stage.jpg,image/jpeg,304430,d0f9e7ab27f94f4cb395e2c40cb8fc1564d992550655e25e39bbdb3af1216a36,f5954d84cf2fedb0,2023-07-11 15:42:10,20.511168,85.94155,17.5,Vivo,Vivo V23 5G,eSAKSHI Mobile App
EV-DEMO-01789,MPLADS-DEMO-000895,PROGRESS_PHOTO,Site Inspection Photograph - Construction Stage - Village-23,MPLADS-DEMO-000895_progress_stage.jpg,image/jpeg,368570,866432ec4cd83e0ac986904cf3692bb0a6076c3239f77d83869d4fdfea089cf2,e22d22c9be0780f3,2024-07-03 11:24:15,26.911351,80.95957,7.4,Realme,Realme 9 Pro,eSAKSHI Mobile App
EV-DEMO-01790,MPLADS-DEMO-000895,COMPLETION_PHOTO,Geo-tagged Asset Verification Photograph - Village-23,MPLADS-DEMO-000895_verification_stage.jpg,image/jpeg,460411,4b818b59d228563421c317ec307054081ca4731e8be64400c8bd57a745ed6e9a,d97546692aeace05,2024-09-05 15:42:10,26.91152,80.959905,30.8,Realme,Realme 9 Pro,eSAKSHI Mobile App
EV-DEMO-01791,MPLADS-DEMO-000896,PROGRESS_PHOTO,Site Inspection Photograph - Construction Stage - Village-164,MPLADS-DEMO-000896_progress_stage.jpg,image/jpeg,236742,36864abacb04b61b82c58b2793660424051da73a40f36cb439cee7f7b5518d9c,d395b153ce9f960e,2023-06-04 11:24:15,11.259711,75.770152,24.6,Apple,iPhone 13,eSAKSHI Mobile App
EV-DEMO-01792,MPLADS-DEMO-000896,COMPLETION_PHOTO,Geo-tagged Asset Verification Photograph - Village-164,MPLADS-DEMO-000896_verification_stage.jpg,image/jpeg,291144,134f9b2ee96362c39b30b6aff020501f9bb0829cac4a0ff2120e14ae5d902755,7643a725bc6a5c4a,2023-09-10 15:42:10,11.260038,75.770112,30.0,Apple,iPhone 13,eSAKSHI Mobile App
EV-DEMO-01793,MPLADS-DEMO-000897,PROGRESS_PHOTO,Site Inspection Photograph - Construction Stage - Village-200,MPLADS-DEMO-000897_progress_stage.jpg,image/jpeg,231400,dde40551375c7dbef4781cdd2739910bb80fa43fea6f23b1b07260cac84b1a7b,830a036d06b74549,2023-12-31 11:24:15,11.727812,76.130511,9.7,Vivo,Vivo V23 5G,eSAKSHI Mobile App
EV-DEMO-01794,MPLADS-DEMO-000897,COMPLETION_PHOTO,Geo-tagged Asset Verification Photograph - Village-200,MPLADS-DEMO-000897_verification_stage.jpg,image/jpeg,392974,18a5568b51b9b181cf175f3d721a7a7cf891460e9d6b6cbad2e65f152bb679cb,67f2607050c07078,2024-05-03 15:42:10,11.727962,76.130458,16.9,Vivo,Vivo V23 5G,eSAKSHI Mobile App
EV-DEMO-01795,MPLADS-DEMO-000898,PROGRESS_PHOTO,Site Inspection Photograph - Construction Stage - Village-93,MPLADS-DEMO-000898_progress_stage.jpg,image/jpeg,243858,9249e27e0e3837074c275cc61430e5bbddea47adb692b9a5efc7ea806839d595,1be60de9e4aa89aa,2024-03-26 11:24:15,21.156359,79.115598,25.2,OnePlus,Nord CE 2,eSAKSHI Mobile App
EV-DEMO-01796,MPLADS-DEMO-000898,COMPLETION_PHOTO,Geo-tagged Asset Verification Photograph - Village-93,MPLADS-DEMO-000898_verification_stage.jpg,image/jpeg,413434,91d5c261cd033576cd4943d1c77c49a5475128ccd5cdd271e679fd69c8606fe7,78b3de46f4cc379c,2024-08-10 15:42:10,21.156289,79.115629,24.1,OnePlus,Nord CE 2,eSAKSHI Mobile App
EV-DEMO-01797,MPLADS-DEMO-000899,PROGRESS_PHOTO,Site Inspection Photograph - Construction Stage - Village-103,MPLADS-DEMO-000899_progress_stage.jpg,image/jpeg,200510,a023f5c6fc0a151e60fabe14be324318e130b5d8931ddb6df62b210739298ffa,50bfddec4bcf5707,2024-01-09 11:24:15,20.221677,85.637759,12.4,OnePlus,Nord CE 2,eSAKSHI Mobile App
EV-DEMO-01798,MPLADS-DEMO-000899,COMPLETION_PHOTO,Geo-tagged Asset Verification Photograph - Village-103,MPLADS-DEMO-000899_verification_stage.jpg,image/jpeg,275204,a419f4dfb070cd2338f6cfc029d3942e4cb89481f3b34d9ee7c1e59177abd9eb,c44e966a7adae781,2024-03-05 15:42:10,20.221475,85.637675,24.1,OnePlus,Nord CE 2,eSAKSHI Mobile App
EV-DEMO-01799,MPLADS-DEMO-000900,PROGRESS_PHOTO,Site Inspection Photograph - Construction Stage - Village-187,MPLADS-DEMO-000900_progress_stage.jpg,image/jpeg,292832,7064933907085245b4d82691b0e16e741136f6fad8008bc9f2250c9a15ae3c09,c6aa0c083f434d3d,2024-08-17 11:24:15,19.374317,85.040998,19.0,Realme,Realme 9 Pro,eSAKSHI Mobile App
EV-DEMO-01800,MPLADS-DEMO-000900,SITE_IMAGE,Geo-tagged Asset Verification Photograph - Village-187,MPLADS-DEMO-000900_verification_stage.jpg,image/jpeg,263093,2bbf7ce79232775a740fa42f804efaf7d77fb596cf2aa57a82a02b8503cdf275,9960f82d5ccaa161,2024-09-03 15:42:10,19.37428,85.040859,9.8,Realme,Realme 9 Pro,eSAKSHI Mobile App
EV-DEMO-01801,MPLADS-DEMO-000901,PROGRESS_PHOTO,Site Inspection Photograph - Construction Stage - Village-68,MPLADS-DEMO-000901_progress_stage.jpg,image/jpeg,212845,0a86bef8edda8313fb4c1ca6123cfea8570397544e239909d8e47dd443791f92,a76b080d1ba47ab1,2023-09-04 11:24:15,23.216549,79.942262,14.5,Realme,Realme 9 Pro,eSAKSHI Mobile App
EV-DEMO-01802,MPLADS-DEMO-000901,COMPLETION_PHOTO,Geo-tagged Asset Verification Photograph - Village-68,MPLADS-DEMO-000901_verification_stage.jpg,image/jpeg,281432,d003c0d10f6d7d97fd0f990d9a1453b83835fc4cee4d2391f455ef66ef6a620b,8a950d43aa9c72a5,2023-10-30 15:42:10,23.216648,79.94205,34.4,Realme,Realme 9 Pro,eSAKSHI Mobile App
EV-DEMO-01803,MPLADS-DEMO-000902,PROGRESS_PHOTO,Site Inspection Photograph - Construction Stage - Village-82,MPLADS-DEMO-000902_progress_stage.jpg,image/jpeg,326090,dc5db59465901fc099d8dce7352cc25b42a9ff5ba9a0b5a3b6ffaa24fc6ae2b2,d870d715841faf52,2024-01-29 11:24:15,26.281586,72.972594,13.3,Vivo,Vivo V23 5G,eSAKSHI Mobile App
EV-DEMO-01804,MPLADS-DEMO-000902,COMPLETION_PHOTO,Geo-tagged Asset Verification Photograph - Village-82,MPLADS-DEMO-000902_verification_stage.jpg,image/jpeg,347873,c0efea682990938545cfaadf93382a478fa10fb556a3fcea32c854330b893f3e,f94fada9a28a4102,2024-06-09 15:42:10,26.281442,72.972695,30.7,Vivo,Vivo V23 5G,eSAKSHI Mobile App
EV-DEMO-01805,MPLADS-DEMO-000903,PROGRESS_PHOTO,Site Inspection Photograph - Construction Stage - Village-113,MPLADS-DEMO-000903_progress_stage.jpg,image/jpeg,320277,060d2dc966e308a369027abb602c107cbb4bda9a99689d64e6a1fc6afa1864ca,54835bfbd0d8d9d2,2024-01-14 11:24:15,13.115911,77.601048,14.6,Realme,Realme 9 Pro,eSAKSHI Mobile App
EV-DEMO-01806,MPLADS-DEMO-000903,COMPLETION_PHOTO,Geo-tagged Asset Verification Photograph - Village-113,MPLADS-DEMO-000903_verification_stage.jpg,image/jpeg,365173,47616f3d1f075d602bf8b404acbd22d122b69643e38136fb75a9edb7eb52cd6a,823b90f710aded22,2024-05-17 15:42:10,13.116009,77.600629,32.2,Realme,Realme 9 Pro,eSAKSHI Mobile App
EV-DEMO-01807,MPLADS-DEMO-000904,PROGRESS_PHOTO,Site Inspection Photograph - Construction Stage - Village-159,MPLADS-DEMO-000904_progress_stage.jpg,image/jpeg,181285,5e6a727b3a20c954eda795e22fafbf98d4f9dc38f1142ed2c95de46343fe69a3,2a3f2c5a8cc73e4f,2024-03-23 11:24:15,15.484391,74.968565,8.8,Apple,iPhone 13,eSAKSHI Mobile App
EV-DEMO-01808,MPLADS-DEMO-000904,SITE_IMAGE,Geo-tagged Asset Verification Photograph - Village-159,MPLADS-DEMO-000904_verification_stage.jpg,image/jpeg,334432,4cb196551749b01c4dc267e87f300fae82dcbfc5a05dafc0b7dd47c8e3b3e63d,0ec3c600020b6bd4,2024-07-24 15:42:10,15.484557,74.968681,25.7,Apple,iPhone 13,eSAKSHI Mobile App
EV-DEMO-01809,MPLADS-DEMO-000905,PROGRESS_PHOTO,Site Inspection Photograph - Construction Stage - Village-99,MPLADS-DEMO-000905_progress_stage.jpg,image/jpeg,205967,ad0f61c462c060c6fc197dfb51e955fb8ae9b16c8c2cc469429a57c7c2738134,c01620f7c11ba9d1,2023-09-22 11:24:15,24.533724,73.771868,18.2,Vivo,Vivo V23 5G,eSAKSHI Mobile App
EV-DEMO-01810,MPLADS-DEMO-000905,COMPLETION_PHOTO,Geo-tagged Asset Verification Photograph - Village-99,MPLADS-DEMO-000905_verification_stage.jpg,image/jpeg,289123,d37114af8fa83b6851ff2ad40c710481cbf6b5b130a1b627d43990430ee06d4c,b468315813e32659,2024-01-05 15:42:10,24.533896,73.771727,7.0,Vivo,Vivo V23 5G,eSAKSHI Mobile App
EV-DEMO-01811,MPLADS-DEMO-000906,PROGRESS_PHOTO,Site Inspection Photograph - Construction Stage - Village-127,MPLADS-DEMO-000906_progress_stage.jpg,image/jpeg,349986,52336f772f7518c8199a0fe36b77dcfdc2614270e341d2240ead87f906e8b600,510b2f6f8dbbc2ef,2024-02-12 11:24:15,11.649431,76.157494,22.2,Vivo,Vivo V23 5G,eSAKSHI Mobile App
EV-DEMO-01812,MPLADS-DEMO-000906,SITE_IMAGE,Geo-tagged Asset Verification Photograph - Village-127,MPLADS-DEMO-000906_verification_stage.jpg,image/jpeg,301034,147b85f481babbcf7fe5c7fb89af5becf16b05c820c397d3d83c35174cafe4ef,b64549b78e94577b,2024-03-25 15:42:10,11.649479,76.157433,13.9,Vivo,Vivo V23 5G,eSAKSHI Mobile App
EV-DEMO-01813,MPLADS-DEMO-000907,PROGRESS_PHOTO,Site Inspection Photograph - Construction Stage - Village-113,MPLADS-DEMO-000907_progress_stage.jpg,image/jpeg,385461,6297cabaebb582323846eb54d7b882693f7827f1546d3c1111202a2fa989e8ec,b0c3ca977a40e86a,2023-12-03 11:24:15,20.169591,85.627926,23.0,Realme,Realme 9 Pro,eSAKSHI Mobile App
EV-DEMO-01814,MPLADS-DEMO-000907,COMPLETION_PHOTO,Geo-tagged Asset Verification Photograph - Village-113,MPLADS-DEMO-000907_verification_stage.jpg,image/jpeg,239036,ffce1b0037869d25a216c3922b3e7f813a67ea57d5ba96ba9bcb4643124a9f0f,f14c4a07ea2e6a6f,2024-05-04 15:42:10,20.169979,85.627959,23.7,Realme,Realme 9 Pro,eSAKSHI Mobile App
EV-DEMO-01815,MPLADS-DEMO-000908,PROGRESS_PHOTO,Site Inspection Photograph - Construction Stage - Village-82,MPLADS-DEMO-000908_progress_stage.jpg,image/jpeg,401796,c23644171e153e8a8f0203ad81cfbd6a8ceb3fc32232ba844004cfa74543e44f,2116fe190eff847a,2024-03-13 11:24:15,24.590618,73.657481,4.8,Samsung,SM-A525F,eSAKSHI Mobile App
EV-DEMO-01816,MPLADS-DEMO-000908,COMPLETION_PHOTO,Geo-tagged Asset Verification Photograph - Village-82,MPLADS-DEMO-000908_verification_stage.jpg,image/jpeg,342319,6ce95d52451394fa87555ea6e3e32345c13115b91893eced9c02893aece50e8f,27cef5bb4aef0a7e,2024-06-30 15:42:10,24.590624,73.657552,4.6,Samsung,SM-A525F,eSAKSHI Mobile App
EV-DEMO-01817,MPLADS-DEMO-000909,PROGRESS_PHOTO,Site Inspection Photograph - Construction Stage - Village-27,MPLADS-DEMO-000909_progress_stage.jpg,image/jpeg,202995,37c1d06bf41db4a3307123a7684ce8655c4037099574a7feb2b602345048825c,9e37b2288a186049,2024-01-15 11:24:15,13.104494,77.581165,19.0,Apple,iPhone 13,eSAKSHI Mobile App
EV-DEMO-01818,MPLADS-DEMO-000909,SITE_IMAGE,Geo-tagged Asset Verification Photograph - Village-27,MPLADS-DEMO-000909_verification_stage.jpg,image/jpeg,478432,6bcf03c1398b8ece60e73fd3d48824332f579a20c347d18084cb2c1ec07c12de,c72990232a261166,2024-05-19 15:42:10,13.104282,77.58106,34.5,Apple,iPhone 13,eSAKSHI Mobile App
EV-DEMO-01819,MPLADS-DEMO-000910,PROGRESS_PHOTO,Site Inspection Photograph - Construction Stage - Village-152,MPLADS-DEMO-000910_progress_stage.jpg,image/jpeg,259417,40042725d6c66057d581b64c7d65dc58ae23b172e6a2fe4ca9ec4c4cfff88712,73537e8de24842e3,2024-02-24 11:24:15,9.91701,78.178723,11.9,Xiaomi,Redmi Note 11,eSAKSHI Mobile App
EV-DEMO-01820,MPLADS-DEMO-000910,COMPLETION_PHOTO,Geo-tagged Asset Verification Photograph - Village-152,MPLADS-DEMO-000910_verification_stage.jpg,image/jpeg,236861,7df07723c052c367dfc40bc3fb36dda8f2fe6b15d05ba3b99c828bc9619057fd,393ddc8c2654b156,2024-06-02 15:42:10,9.917187,78.17891,38.3,Xiaomi,Redmi Note 11,eSAKSHI Mobile App
EV-DEMO-01821,MPLADS-DEMO-000911,PROGRESS_PHOTO,Site Inspection Photograph - Construction Stage - Village-146,MPLADS-DEMO-000911_progress_stage.jpg,image/jpeg,394936,9c856997eaf6350890e1db423246a702ba480e10e17ffd4a8137d75551d9efab,9338ef1a5a229a6c,2024-03-30 11:24:15,24.553342,73.764214,26.1,Apple,iPhone 13,eSAKSHI Mobile App
EV-DEMO-01822,MPLADS-DEMO-000911,SITE_IMAGE,Geo-tagged Asset Verification Photograph - Village-146,MPLADS-DEMO-000911_verification_stage.jpg,image/jpeg,313097,e89a73f06377f7b235b9ad3955674211c854f94c69112c5cf67095f5ab405e79,918fa90bc914bc7d,2024-06-21 15:42:10,24.553374,73.764036,23.6,Apple,iPhone 13,eSAKSHI Mobile App
EV-DEMO-01823,MPLADS-DEMO-000912,PROGRESS_PHOTO,Site Inspection Photograph - Construction Stage - Village-78,MPLADS-DEMO-000912_progress_stage.jpg,image/jpeg,248786,8f8b5bec82c48fc6cfe6bad3b65551584986a76de2e1c231cda229f46fed870a,54a8bb3847e12ed1,2024-04-13 11:24:15,15.436698,75.016786,21.6,Apple,iPhone 13,eSAKSHI Mobile App
EV-DEMO-01824,MPLADS-DEMO-000912,COMPLETION_PHOTO,Geo-tagged Asset Verification Photograph - Village-78,MPLADS-DEMO-000912_verification_stage.jpg,image/jpeg,454425,ed18481772746071c32c523d9ad08b55391c9f7a50f957e48eb4c5cbdb6fe4c9,f73fa10a3a85c032,2024-07-31 15:42:10,15.436644,75.016987,27.5,Apple,iPhone 13,eSAKSHI Mobile App
EV-DEMO-01825,MPLADS-DEMO-000913,PROGRESS_PHOTO,Site Inspection Photograph - Construction Stage - Village-158,MPLADS-DEMO-000913_progress_stage.jpg,image/jpeg,416203,edb77ce837c93019f33a22a933d82da33f6902605e9d3308dcb150c686ff5e7d,07580b45de3e6988,2024-01-12 11:24:15,10.960123,76.944547,6.8,Apple,iPhone 13,eSAKSHI Mobile App
EV-DEMO-01826,MPLADS-DEMO-000913,SITE_IMAGE,Geo-tagged Asset Verification Photograph - Village-158,MPLADS-DEMO-000913_verification_stage.jpg,image/jpeg,246808,c14fac143d5f6e5f4945661fa3f1517314eafcc0cfa151ba9e46b55d5fc7078f,c96ef963c2d56fe6,2024-04-07 15:42:10,10.960354,76.944717,34.6,Apple,iPhone 13,eSAKSHI Mobile App
EV-DEMO-01827,MPLADS-DEMO-000914,PROGRESS_PHOTO,Site Inspection Photograph - Construction Stage - Village-25,MPLADS-DEMO-000914_progress_stage.jpg,image/jpeg,319016,f3f92d18e3ca628aa0646211f32dbf397c7297f4bacc996e260a9b88b3b03abd,d24fb63947c216ee,2024-03-13 11:24:15,21.20365,79.097649,24.3,OnePlus,Nord CE 2,eSAKSHI Mobile App
EV-DEMO-01828,MPLADS-DEMO-000914,COMPLETION_PHOTO,Geo-tagged Asset Verification Photograph - Village-25,MPLADS-DEMO-000914_verification_stage.jpg,image/jpeg,425304,f90b313524137871922681deb266d376583c415f66ef9a3a46b17f881bcea7ec,e130c955a7f12c7b,2024-07-08 15:42:10,21.203581,79.097604,33.0,OnePlus,Nord CE 2,eSAKSHI Mobile App
EV-DEMO-01829,MPLADS-DEMO-000915,PROGRESS_PHOTO,Site Inspection Photograph - Construction Stage - Village-65,MPLADS-DEMO-000915_progress_stage.jpg,image/jpeg,395468,235e5ac39c742dc78a281d656a7fac5f824e3d0256a10dab56a9af07843d429e,b487d72e5a8809bd,2024-01-20 11:24:15,24.58537,73.671688,19.7,Xiaomi,Redmi Note 11,eSAKSHI Mobile App
EV-DEMO-01830,MPLADS-DEMO-000915,COMPLETION_PHOTO,Geo-tagged Asset Verification Photograph - Village-65,MPLADS-DEMO-000915_verification_stage.jpg,image/jpeg,327096,5863d834308bd1050d376eb4c1b787fe6b89b57efc88ae8abb0af8c46c9b7eaa,d95a88249eb7812f,2024-04-15 15:42:10,24.585132,73.671425,26.2,Xiaomi,Redmi Note 11,eSAKSHI Mobile App
EV-DEMO-01831,MPLADS-DEMO-000916,PROGRESS_PHOTO,Site Inspection Photograph - Construction Stage - Village-143,MPLADS-DEMO-000916_progress_stage.jpg,image/jpeg,210505,1c9722f4bf13a240786753894cf11167102c7338893f21c99318c214c1789f50,b74920f5807cb53a,2023-02-28 11:24:15,22.246465,70.785614,16.9,Samsung,SM-A525F,eSAKSHI Mobile App
EV-DEMO-01832,MPLADS-DEMO-000916,COMPLETION_PHOTO,Geo-tagged Asset Verification Photograph - Village-143,MPLADS-DEMO-000916_verification_stage.jpg,image/jpeg,432067,fb683e85f9ce93f93160afbfd5e82393892e1268a91bb7e380ecb788dda92d87,b9fd137f7ec407f8,2023-07-12 15:42:10,22.246666,70.785774,10.9,Samsung,SM-A525F,eSAKSHI Mobile App
EV-DEMO-01833,MPLADS-DEMO-000917,PROGRESS_PHOTO,Site Inspection Photograph - Construction Stage - Village-45,MPLADS-DEMO-000917_progress_stage.jpg,image/jpeg,334941,518539cc0b2e29072ff7c7b42c3e6c3ce102adc5970038b0e004f740654f50c3,98bd09bcdbb10398,2023-04-24 11:24:15,24.54483,73.728263,9.6,OnePlus,Nord CE 2,eSAKSHI Mobile App
EV-DEMO-01834,MPLADS-DEMO-000917,COMPLETION_PHOTO,Geo-tagged Asset Verification Photograph - Village-45,MPLADS-DEMO-000917_verification_stage.jpg,image/jpeg,353610,9d541814f8805286ea10767314646f40dd46a67fdf9b9e29484fdcf175ee6f58,4c70d80462ffd3dc,2023-06-14 15:42:10,24.544851,73.72819,6.2,OnePlus,Nord CE 2,eSAKSHI Mobile App
EV-DEMO-01835,MPLADS-DEMO-000918,PROGRESS_PHOTO,Site Inspection Photograph - Construction Stage - Village-8,MPLADS-DEMO-000918_progress_stage.jpg,image/jpeg,354699,4d0af0e24b9e2c5bf0e8d7b671aba1ad085f39c16c12daedfd55ea3a917a3174,a893f9b9ca3cc206,2023-08-02 11:24:15,12.31153,76.696101,19.9,Samsung,SM-A525F,eSAKSHI Mobile App
EV-DEMO-01836,MPLADS-DEMO-000918,COMPLETION_PHOTO,Geo-tagged Asset Verification Photograph - Village-8,MPLADS-DEMO-000918_verification_stage.jpg,image/jpeg,304206,4f81e7734880478e23fd7a1dee1f98374d0778b9e01e69a2427ae38151a69b0c,cc2b837635dac41b,2023-09-19 15:42:10,12.311799,76.696129,20.9,Samsung,SM-A525F,eSAKSHI Mobile App
EV-DEMO-01837,MPLADS-DEMO-000919,PROGRESS_PHOTO,Site Inspection Photograph - Construction Stage - Village-157,MPLADS-DEMO-000919_progress_stage.jpg,image/jpeg,412131,0103c58f3f0b16f3dce954461c67f40dd3de3f19026bf90b210490d02a61683f,dc9aeb6f821a1c42,2024-04-25 11:24:15,13.119215,77.624729,12.9,Vivo,Vivo V23 5G,eSAKSHI Mobile App
EV-DEMO-01838,MPLADS-DEMO-000919,COMPLETION_PHOTO,Geo-tagged Asset Verification Photograph - Village-157,MPLADS-DEMO-000919_verification_stage.jpg,image/jpeg,263319,2d298d9bc5376701c73d4946d94b34a19bf0e25a0609b5a7e492d21db929315f,76bf525d2ba15723,2024-08-31 15:42:10,13.119283,77.624899,28.4,Vivo,Vivo V23 5G,eSAKSHI Mobile App
EV-DEMO-01839,MPLADS-DEMO-000920,PROGRESS_PHOTO,Site Inspection Photograph - Construction Stage - Village-126,MPLADS-DEMO-000920_progress_stage.jpg,image/jpeg,332875,8b6435ca1c3d2e762cf90673ea7f755cc11167236ffad0836995cd4be0f1590e,b29fccf40cde61ab,2023-11-15 11:24:15,24.545039,73.699953,20.2,Xiaomi,Redmi Note 11,eSAKSHI Mobile App
EV-DEMO-01840,MPLADS-DEMO-000920,SITE_IMAGE,Geo-tagged Asset Verification Photograph - Village-126,MPLADS-DEMO-000920_verification_stage.jpg,image/jpeg,378232,1bb99fc1be7fb5c8caf9523350208bf8ad45c7e5054540d56069bf6e2ab85705,7778b390cea2e316,2024-01-18 15:42:10,24.544947,73.700132,10.3,Xiaomi,Redmi Note 11,eSAKSHI Mobile App
EV-DEMO-01841,MPLADS-DEMO-000921,PROGRESS_PHOTO,Site Inspection Photograph - Construction Stage - Village-148,MPLADS-DEMO-000921_progress_stage.jpg,image/jpeg,288651,107a13c89ca8fb57fcf82cad3d5a0b9c3cc3693d00b76f7661f3d334f0d4ee42,e03bf731a48a2603,2023-08-15 11:24:15,19.406212,84.99298,19.0,Xiaomi,Redmi Note 11,eSAKSHI Mobile App
EV-DEMO-01842,MPLADS-DEMO-000921,COMPLETION_PHOTO,Geo-tagged Asset Verification Photograph - Village-148,MPLADS-DEMO-000921_verification_stage.jpg,image/jpeg,355972,bd702c3f224e0e64f2f20455ca6701a67370328c70bce5a5c900fe6ba07f0d80,2187fab02ad0210b,2024-01-03 15:42:10,19.406141,84.992698,20.5,Xiaomi,Redmi Note 11,eSAKSHI Mobile App
EV-DEMO-01843,MPLADS-DEMO-000922,PROGRESS_PHOTO,Site Inspection Photograph - Construction Stage - Village-22,MPLADS-DEMO-000922_progress_stage.jpg,image/jpeg,322115,7cb6fd0e2e75f885bb075703c33b52046e2145f8eab1106cb5d29fbe9177f018,e06fdbfd652d0dcb,2023-09-28 11:24:15,22.718332,75.856642,8.9,Xiaomi,Redmi Note 11,eSAKSHI Mobile App
EV-DEMO-01844,MPLADS-DEMO-000922,COMPLETION_PHOTO,Geo-tagged Asset Verification Photograph - Village-22,MPLADS-DEMO-000922_verification_stage.jpg,image/jpeg,270894,44ffca4056f2575e9d3aee5e7e57777b396d54d824ab2e24f2d049e1fe5099ec,1e53bbb6854278c9,2023-12-07 15:42:10,22.718364,75.856784,22.9,Xiaomi,Redmi Note 11,eSAKSHI Mobile App
EV-DEMO-01845,MPLADS-DEMO-000923,PROGRESS_PHOTO,Site Inspection Photograph - Construction Stage - Village-151,MPLADS-DEMO-000923_progress_stage.jpg,image/jpeg,192145,e665fef6c0b6fc3057e5bc5ba6f54c1c07c958a59e7339dafa58fb5641f88c83,c053a330178638be,2023-12-03 11:24:15,25.349934,82.983055,16.8,Samsung,SM-A525F,eSAKSHI Mobile App
EV-DEMO-01846,MPLADS-DEMO-000923,COMPLETION_PHOTO,Geo-tagged Asset Verification Photograph - Village-151,MPLADS-DEMO-000923_verification_stage.jpg,image/jpeg,222856,57ca6622427047eac18b276e3e66d1b864f31f4c4748356eff52b2a89f5fc55f,cd17159fc9126dd4,2024-03-02 15:42:10,25.349676,82.983229,17.3,Samsung,SM-A525F,eSAKSHI Mobile App
EV-DEMO-01847,MPLADS-DEMO-000924,PROGRESS_PHOTO,Site Inspection Photograph - Construction Stage - Village-190,MPLADS-DEMO-000924_progress_stage.jpg,image/jpeg,267541,0afd14b78e16d7a009c0606e15d305610b12a4f33b9a47f956ab204bbd6fb88a,d36d48250c07b752,2024-07-11 11:24:15,15.459989,75.053033,17.8,Vivo,Vivo V23 5G,eSAKSHI Mobile App
EV-DEMO-01848,MPLADS-DEMO-000924,COMPLETION_PHOTO,Geo-tagged Asset Verification Photograph - Village-190,MPLADS-DEMO-000924_verification_stage.jpg,image/jpeg,239248,732db72e75b00918eb1ce136d31e9ba55224a3932714b7127941d737f9aac2d8,d3d0e83ee1f893d4,2024-09-09 15:42:10,15.46011,75.053255,14.7,Vivo,Vivo V23 5G,eSAKSHI Mobile App
EV-DEMO-01849,MPLADS-DEMO-000925,PROGRESS_PHOTO,Site Inspection Photograph - Construction Stage - Village-127,MPLADS-DEMO-000925_progress_stage.jpg,image/jpeg,306217,d4cacf279178c11494438c34d4eb120c7f8cd1afb92d2bea32722850a61e664c,12bb46ac4a37a8c4,2024-06-18 11:24:15,26.200855,73.042422,15.9,Apple,iPhone 13,eSAKSHI Mobile App
EV-DEMO-01850,MPLADS-DEMO-000925,SITE_IMAGE,Geo-tagged Asset Verification Photograph - Village-127,MPLADS-DEMO-000925_verification_stage.jpg,image/jpeg,300036,7eeeaa96c944f7510c5e1e06699a11576ff79e2a77292132b0b49a98b01462e4,e15c87c4b89bc01c,2024-09-24 15:42:10,26.200763,73.042621,6.7,Apple,iPhone 13,eSAKSHI Mobile App
EV-DEMO-01851,MPLADS-DEMO-000926,PROGRESS_PHOTO,Site Inspection Photograph - Construction Stage - Village-46,MPLADS-DEMO-000926_progress_stage.jpg,image/jpeg,366971,4c2b8c289711d3f556fd14c6d3fb07e227a75e68a5c137e0cc37de0878d3c96b,1eb58689643b1896,2023-06-17 11:24:15,18.50176,79.171115,23.1,Vivo,Vivo V23 5G,eSAKSHI Mobile App
EV-DEMO-01852,MPLADS-DEMO-000926,COMPLETION_PHOTO,Geo-tagged Asset Verification Photograph - Village-46,MPLADS-DEMO-000926_verification_stage.jpg,image/jpeg,333407,00e25c865d9fdaec238cdd4744488991a6632663f382ab10a53a55edb74d1e42,a083943413c8fc3b,2023-10-07 15:42:10,18.501781,79.171188,17.1,Vivo,Vivo V23 5G,eSAKSHI Mobile App
EV-DEMO-01853,MPLADS-DEMO-000927,PROGRESS_PHOTO,Site Inspection Photograph - Construction Stage - Village-80,MPLADS-DEMO-000927_progress_stage.jpg,image/jpeg,369917,338453e64ac18bedc03575cfdd724ce3450e9c02ead6d08827ba9a873e6f9a8f,b63e18693dd72b4e,2023-03-26 11:24:15,10.97828,77.0049,22.2,Realme,Realme 9 Pro,eSAKSHI Mobile App
EV-DEMO-01854,MPLADS-DEMO-000927,COMPLETION_PHOTO,Geo-tagged Asset Verification Photograph - Village-80,MPLADS-DEMO-000927_verification_stage.jpg,image/jpeg,286417,ac4826872413a2fff6e10818ad26712ee166d8e925991ebe0b25aa4bd9c20b2d,d92b114a55552a92,2023-06-29 15:42:10,10.978371,77.004742,32.1,Realme,Realme 9 Pro,eSAKSHI Mobile App
EV-DEMO-01855,MPLADS-DEMO-000928,PROGRESS_PHOTO,Site Inspection Photograph - Construction Stage - Village-11,MPLADS-DEMO-000928_progress_stage.jpg,image/jpeg,388746,80cfd4281e5ab17d7cfc1ed688773944ecb5bac06cfc8ee4340b2d66bdcc46d5,657e00544a74f285,2023-06-25 11:24:15,9.950683,78.113016,18.7,Xiaomi,Redmi Note 11,eSAKSHI Mobile App
EV-DEMO-01856,MPLADS-DEMO-000928,SITE_IMAGE,Geo-tagged Asset Verification Photograph - Village-11,MPLADS-DEMO-000928_verification_stage.jpg,image/jpeg,466746,52b310e1d32fc31153da0ef85efa3df311392ee399ffd0a30252257d0142087c,ad319296eb3b7269,2023-07-30 15:42:10,9.950485,78.113079,24.7,Xiaomi,Redmi Note 11,eSAKSHI Mobile App
EV-DEMO-01857,MPLADS-DEMO-000929,PROGRESS_PHOTO,Site Inspection Photograph - Construction Stage - Village-73,MPLADS-DEMO-000929_progress_stage.jpg,image/jpeg,388838,619aa9b3661f8718b142a58bf3b60b07ea2b5ed3163476699df095406da023e4,30618275f19ba063,2024-05-05 11:24:15,11.263603,75.7526,22.8,Realme,Realme 9 Pro,eSAKSHI Mobile App
EV-DEMO-01858,MPLADS-DEMO-000929,COMPLETION_PHOTO,Geo-tagged Asset Verification Photograph - Village-73,MPLADS-DEMO-000929_verification_stage.jpg,image/jpeg,466305,bd1b9a07d7444de96db79d07ee44c7a22071090d33a9bf47d814267c825ab6aa,8f6f92ce9237a016,2024-08-27 15:42:10,11.263331,75.75261,29.7,Realme,Realme 9 Pro,eSAKSHI Mobile App
EV-DEMO-01859,MPLADS-DEMO-000930,PROGRESS_PHOTO,Site Inspection Photograph - Construction Stage - Village-123,MPLADS-DEMO-000930_progress_stage.jpg,image/jpeg,348689,fefe68157b4b2258df06876a29fbe561206c11388156a0d96c5ca39f69a49752,5fcafeffbce3d361,2024-04-24 11:24:15,12.24512,76.603951,22.1,OnePlus,Nord CE 2,eSAKSHI Mobile App
EV-DEMO-01860,MPLADS-DEMO-000930,COMPLETION_PHOTO,Geo-tagged Asset Verification Photograph - Village-123,MPLADS-DEMO-000930_verification_stage.jpg,image/jpeg,351260,6a1fc1f7c4888fd8387a3bc39322e7f0d7ca1756c283e4e76dda8ec674579b58,9e73d19ad379e51e,2024-09-10 15:42:10,12.244803,76.604256,27.6,OnePlus,Nord CE 2,eSAKSHI Mobile App
EV-DEMO-01861,MPLADS-DEMO-000931,PROGRESS_PHOTO,Site Inspection Photograph - Construction Stage - Village-170,MPLADS-DEMO-000931_progress_stage.jpg,image/jpeg,236772,e99a7aa6c3554deaa2d25b1271bd04b753670e319d68516ae7c906e428278b98,9811d23ccb65e798,2023-03-12 11:24:15,18.576599,73.891375,19.0,Apple,iPhone 13,eSAKSHI Mobile App
EV-DEMO-01862,MPLADS-DEMO-000931,COMPLETION_PHOTO,Geo-tagged Asset Verification Photograph - Village-170,MPLADS-DEMO-000931_verification_stage.jpg,image/jpeg,324513,990fb7fde4adf21e2a965544ff3b6210d10f0402bfd45d1633ab04ba1055c541,45668e8de99c552d,2023-06-20 15:42:10,18.577048,73.891357,31.0,Apple,iPhone 13,eSAKSHI Mobile App
EV-DEMO-01863,MPLADS-DEMO-000932,PROGRESS_PHOTO,Site Inspection Photograph - Construction Stage - Village-101,MPLADS-DEMO-000932_progress_stage.jpg,image/jpeg,283008,02cdbc0c647aec25f109dfbfb140adb2484488dd454381d710e2d00c4d3f23a2,d7cfacc5638788fa,2023-07-16 11:24:15,23.165874,80.044672,19.2,Apple,iPhone 13,eSAKSHI Mobile App
EV-DEMO-01864,MPLADS-DEMO-000932,SITE_IMAGE,Geo-tagged Asset Verification Photograph - Village-101,MPLADS-DEMO-000932_verification_stage.jpg,image/jpeg,264216,29fe31d1daaed86c2a55c353267580ad71003316709b5330009e4a245d32bb81,ab83363a109bd374,2023-10-29 15:42:10,23.165882,80.044446,4.9,Apple,iPhone 13,eSAKSHI Mobile App
EV-DEMO-01865,MPLADS-DEMO-000933,PROGRESS_PHOTO,Site Inspection Photograph - Construction Stage - Village-143,MPLADS-DEMO-000933_progress_stage.jpg,image/jpeg,402864,62455d7f9b5785ab905e6fe163a07ee4e91e69c89e750f77f026ccf8c9fa4361,b0be1d02ee080945,2023-10-04 11:24:15,18.394722,79.134843,21.7,Xiaomi,Redmi Note 11,eSAKSHI Mobile App
EV-DEMO-01866,MPLADS-DEMO-000933,COMPLETION_PHOTO,Geo-tagged Asset Verification Photograph - Village-143,MPLADS-DEMO-000933_verification_stage.jpg,image/jpeg,217556,d357e1ac77b341cdfa654977ee697e7c5b9d5eb87ddec49892326e52b8b51e1d,789042e4958c97a4,2023-11-25 15:42:10,18.394366,79.134644,35.7,Xiaomi,Redmi Note 11,eSAKSHI Mobile App
EV-DEMO-01867,MPLADS-DEMO-000934,PROGRESS_PHOTO,Site Inspection Photograph - Construction Stage - Village-2,MPLADS-DEMO-000934_progress_stage.jpg,image/jpeg,188407,8ccd266fc4da18544652f96c8389dd3ceaa82f929635f5f36a9a3d87c6072d25,3e5a137a973318fb,2023-06-11 11:24:15,18.504903,73.865035,20.1,OnePlus,Nord CE 2,eSAKSHI Mobile App
EV-DEMO-01868,MPLADS-DEMO-000934,SITE_IMAGE,Geo-tagged Asset Verification Photograph - Village-2,MPLADS-DEMO-000934_verification_stage.jpg,image/jpeg,297099,37e1b6de2f883b9bae79dc3b13aeeddf7f7210235048b36d14aaf1ab578112e3,77912ed09aed6e9e,2023-11-06 15:42:10,18.505227,73.864973,32.5,OnePlus,Nord CE 2,eSAKSHI Mobile App
EV-DEMO-01869,MPLADS-DEMO-000935,PROGRESS_PHOTO,Site Inspection Photograph - Construction Stage - Village-99,MPLADS-DEMO-000935_progress_stage.jpg,image/jpeg,314028,ed550f9ca27a712d9868e0d31d6fec40d6328fcee07296cc9dd95246ee26c09e,39c077b0c701ff52,2023-11-23 11:24:15,19.351919,85.005109,22.1,Apple,iPhone 13,eSAKSHI Mobile App
EV-DEMO-01870,MPLADS-DEMO-000935,COMPLETION_PHOTO,Geo-tagged Asset Verification Photograph - Village-99,MPLADS-DEMO-000935_verification_stage.jpg,image/jpeg,299801,dc6c7d456bef1976d15b3e48eb1810920b8c574c362286b4b08614ef8a0f3639,1fb5c43b547bbb2b,2024-02-29 15:42:10,19.351555,85.005331,31.6,Apple,iPhone 13,eSAKSHI Mobile App
EV-DEMO-01871,MPLADS-DEMO-000936,PROGRESS_PHOTO,Site Inspection Photograph - Construction Stage - Village-58,MPLADS-DEMO-000936_progress_stage.jpg,image/jpeg,316761,40b4864775baf5c27b0dd0f39a24ae8a0dcbc04ce98bb8e2072eed3443d7b95b,d90038d37b6e4156,2023-07-06 11:24:15,23.135428,80.004295,18.8,Samsung,SM-A525F,eSAKSHI Mobile App
EV-DEMO-01872,MPLADS-DEMO-000936,COMPLETION_PHOTO,Geo-tagged Asset Verification Photograph - Village-58,MPLADS-DEMO-000936_verification_stage.jpg,image/jpeg,441408,21ed1420ac41c5f4fe1ceeff1b05d778e484f65ddbe5fed259e41579966f5e66,4c7dc080459fa4f5,2023-11-03 15:42:10,23.135095,80.004025,28.2,Samsung,SM-A525F,eSAKSHI Mobile App
EV-DEMO-01873,MPLADS-DEMO-000937,PROGRESS_PHOTO,Site Inspection Photograph - Construction Stage - Village-182,MPLADS-DEMO-000937_progress_stage.jpg,image/jpeg,256181,acf10d2f990e75c93681ac507abf178fbec4618fc378d8d4287668544607197b,cf70f37ec8987140,2023-08-08 11:24:15,23.071846,72.61706,6.8,Xiaomi,Redmi Note 11,eSAKSHI Mobile App
EV-DEMO-01874,MPLADS-DEMO-000937,COMPLETION_PHOTO,Geo-tagged Asset Verification Photograph - Village-182,MPLADS-DEMO-000937_verification_stage.jpg,image/jpeg,457430,25529f2bc12becaf47b4ba7dc2eaf872b83429953eab41f2e3b0403a3c043d9b,d78864a49e1cfedd,2023-10-26 15:42:10,23.071784,72.616929,21.9,Xiaomi,Redmi Note 11,eSAKSHI Mobile App
EV-DEMO-01875,MPLADS-DEMO-000938,PROGRESS_PHOTO,Site Inspection Photograph - Construction Stage - Village-94,MPLADS-DEMO-000938_progress_stage.jpg,image/jpeg,185899,9a9b02c33952925f935aef6f0397e389692d9938439158140973ac497605e1f3,4bb4cc733de5c4cb,2023-06-16 11:24:15,23.16024,80.007879,19.5,Xiaomi,Redmi Note 11,eSAKSHI Mobile App
EV-DEMO-01876,MPLADS-DEMO-000938,COMPLETION_PHOTO,Geo-tagged Asset Verification Photograph - Village-94,MPLADS-DEMO-000938_verification_stage.jpg,image/jpeg,342846,561b85f1c25779cc0d512d693d8f6f15682266a0e641af5ae598df85d4d9375e,d2c9417dd8ec6615,2023-10-19 15:42:10,23.160291,80.007926,14.0,Xiaomi,Redmi Note 11,eSAKSHI Mobile App
EV-DEMO-01877,MPLADS-DEMO-000939,PROGRESS_PHOTO,Site Inspection Photograph - Construction Stage - Village-96,MPLADS-DEMO-000939_progress_stage.jpg,image/jpeg,308465,0940eaee7221f40eafbf7f6f5f951c2f4fea2ff1d5a721731dff5e585c2c00f8,ae8b4f01278ffcb1,2023-10-25 11:24:15,20.199595,85.584044,9.5,Apple,iPhone 13,eSAKSHI Mobile App
EV-DEMO-01878,MPLADS-DEMO-000939,SITE_IMAGE,Geo-tagged Asset Verification Photograph - Village-96,MPLADS-DEMO-000939_verification_stage.jpg,image/jpeg,319754,23c24fdf30b332642de674828ad9b847a6bf0e37ab17d35e9a9a578b64712564,4f73600e8baa2661,2024-03-02 15:42:10,20.199739,85.584114,21.1,Apple,iPhone 13,eSAKSHI Mobile App
EV-DEMO-01879,MPLADS-DEMO-000940,PROGRESS_PHOTO,Site Inspection Photograph - Construction Stage - Village-133,MPLADS-DEMO-000940_progress_stage.jpg,image/jpeg,371723,3aac08f337611af9843f6e0c687009a4ac0597157f807e1269505cf9af6945ba,c11f3250eab98022,2024-02-25 11:24:15,15.449962,75.065279,16.6,Apple,iPhone 13,eSAKSHI Mobile App
EV-DEMO-01880,MPLADS-DEMO-000940,COMPLETION_PHOTO,Geo-tagged Asset Verification Photograph - Village-133,MPLADS-DEMO-000940_verification_stage.jpg,image/jpeg,220215,c74bc9ffb620245cf4324739f2eb36a248b637bd220e6e02a53a90fd0cf617da,c3cacb26c7d163d2,2024-06-27 15:42:10,15.449928,75.065315,15.8,Apple,iPhone 13,eSAKSHI Mobile App
EV-DEMO-01881,MPLADS-DEMO-000941,PROGRESS_PHOTO,Site Inspection Photograph - Construction Stage - Village-39,MPLADS-DEMO-000941_progress_stage.jpg,image/jpeg,210100,d65143a44e2761cf9a96007e34410971489a8709a2eab4be3e990c158cc5a6a9,5c70cd1b4ec1692a,2024-01-16 11:24:15,11.652922,78.141728,26.6,Samsung,SM-A525F,eSAKSHI Mobile App
EV-DEMO-01882,MPLADS-DEMO-000941,COMPLETION_PHOTO,Geo-tagged Asset Verification Photograph - Village-39,MPLADS-DEMO-000941_verification_stage.jpg,image/jpeg,344182,347c5f99abb7014803b5ccf9754a877618b26a2189326be6037bea934c26bd9f,c4fbebd4701ce69a,2024-05-06 15:42:10,11.65265,78.141938,13.4,Samsung,SM-A525F,eSAKSHI Mobile App
EV-DEMO-01883,MPLADS-DEMO-000942,PROGRESS_PHOTO,Site Inspection Photograph - Construction Stage - Village-85,MPLADS-DEMO-000942_progress_stage.jpg,image/jpeg,234523,c3abe7c48248d40447609242f6892ecbe898235bd15a88398145180bb397853c,94b225c4ae25e466,2023-06-29 11:24:15,19.42569,84.965879,22.8,Apple,iPhone 13,eSAKSHI Mobile App
EV-DEMO-01884,MPLADS-DEMO-000942,COMPLETION_PHOTO,Geo-tagged Asset Verification Photograph - Village-85,MPLADS-DEMO-000942_verification_stage.jpg,image/jpeg,215628,004b3c5da8930963a7b9e81700e4be1ccb5b056caa343bf382b607b5d7a36d96,1eb607c2d34ea4ce,2023-11-11 15:42:10,19.425567,84.965554,35.2,Apple,iPhone 13,eSAKSHI Mobile App
EV-DEMO-01885,MPLADS-DEMO-000943,PROGRESS_PHOTO,Site Inspection Photograph - Construction Stage - Village-75,MPLADS-DEMO-000943_progress_stage.jpg,image/jpeg,220249,382745dd3dc31fda37fab75d37250c436ba547a8bd2b1bf317da0c9e689bff3a,656e7e6fa8f6efbb,2023-09-28 11:24:15,13.038773,77.607033,18.2,Realme,Realme 9 Pro,eSAKSHI Mobile App
EV-DEMO-01886,MPLADS-DEMO-000943,COMPLETION_PHOTO,Geo-tagged Asset Verification Photograph - Village-75,MPLADS-DEMO-000943_verification_stage.jpg,image/jpeg,309824,cf54e33a291e3e1d05f56deb0b58fe098c46aa1eefab79c0ed51f4680421c07b,cd9030bc08b8d8a7,2024-02-17 15:42:10,13.039014,77.606943,20.3,Realme,Realme 9 Pro,eSAKSHI Mobile App
EV-DEMO-01887,MPLADS-DEMO-000944,PROGRESS_PHOTO,Site Inspection Photograph - Construction Stage - Village-180,MPLADS-DEMO-000944_progress_stage.jpg,image/jpeg,347705,2a0466798b5b8917bd3726567b5254e05fdde0a923bdeb7ac9a6c3f1107985a5,ad970dd558fd279a,2023-06-13 11:24:15,15.521802,75.032646,18.1,Apple,iPhone 13,eSAKSHI Mobile App
EV-DEMO-01888,MPLADS-DEMO-000944,COMPLETION_PHOTO,Geo-tagged Asset Verification Photograph - Village-180,MPLADS-DEMO-000944_verification_stage.jpg,image/jpeg,317327,2b1e34f454d7c3eeea25a859f4d7fb60990b779934693c913e07709fede6fb9b,b274ce1e9bb66351,2023-08-25 15:42:10,15.521547,75.032469,20.4,Apple,iPhone 13,eSAKSHI Mobile App
EV-DEMO-01889,MPLADS-DEMO-000945,PROGRESS_PHOTO,Site Inspection Photograph - Construction Stage - Village-197,MPLADS-DEMO-000945_progress_stage.jpg,image/jpeg,217105,c691e58e8adecf0399569027a75a16ae0c739b4c820d2045e351a40a0175c6ac,91dc57364dd32c04,2023-06-21 11:24:15,22.657386,75.882263,24.0,OnePlus,Nord CE 2,eSAKSHI Mobile App
EV-DEMO-01890,MPLADS-DEMO-000945,COMPLETION_PHOTO,Geo-tagged Asset Verification Photograph - Village-197,MPLADS-DEMO-000945_verification_stage.jpg,image/jpeg,268645,17f542bc480fd96b66de6b8fa5b61ebc667d9e8eb9f46286683f03a486bfe4e1,ed5dc170614eeb11,2023-11-24 15:42:10,22.657468,75.881874,42.0,OnePlus,Nord CE 2,eSAKSHI Mobile App
EV-DEMO-01891,MPLADS-DEMO-000946,PROGRESS_PHOTO,Site Inspection Photograph - Construction Stage - Village-46,MPLADS-DEMO-000946_progress_stage.jpg,image/jpeg,400262,92547463906ee0debe753865b119d128f213f2060e8779b4007f8efb2d0735c3,ecfd72a7b7cdd38d,2024-08-01 11:24:15,21.122702,72.804964,16.2,Realme,Realme 9 Pro,eSAKSHI Mobile App
EV-DEMO-01892,MPLADS-DEMO-000946,SITE_IMAGE,Geo-tagged Asset Verification Photograph - Village-46,MPLADS-DEMO-000946_verification_stage.jpg,image/jpeg,457068,29729515518bf745e2cd8206474ff3b9d54bdbff5949f498391264aab77d3490,a0d9003efb891967,2024-11-19 15:42:10,21.122699,72.805045,8.7,Realme,Realme 9 Pro,eSAKSHI Mobile App
EV-DEMO-01893,MPLADS-DEMO-000947,PROGRESS_PHOTO,Site Inspection Photograph - Construction Stage - Village-5,MPLADS-DEMO-000947_progress_stage.jpg,image/jpeg,404953,310a2d02b08c00da86a587f1f9d0cd734cc2d021c865b5f8657b1bdc2727a4d9,d8e1e861bdfd93bb,2024-01-01 11:24:15,9.940964,78.131441,14.1,Apple,iPhone 13,eSAKSHI Mobile App
EV-DEMO-01894,MPLADS-DEMO-000947,COMPLETION_PHOTO,Geo-tagged Asset Verification Photograph - Village-5,MPLADS-DEMO-000947_verification_stage.jpg,image/jpeg,342498,b6979f43fe773f0e04f50110a7c0f59bc5d8ec71b1892312308882aa56c85a6d,c633e7a7fa81bfcf,2024-01-13 15:42:10,9.940895,78.131409,21.9,Apple,iPhone 13,eSAKSHI Mobile App
EV-DEMO-01895,MPLADS-DEMO-000948,PROGRESS_PHOTO,Site Inspection Photograph - Construction Stage - Village-167,MPLADS-DEMO-000948_progress_stage.jpg,image/jpeg,249180,f7e787a968754d2e2245ff1a64c06bd0f29f56c5339c62761e76d244e28d316e,4cc612cbdeb23cc6,2023-08-01 11:24:15,20.428501,85.857837,5.6,Samsung,SM-A525F,eSAKSHI Mobile App
EV-DEMO-01896,MPLADS-DEMO-000948,COMPLETION_PHOTO,Geo-tagged Asset Verification Photograph - Village-167,MPLADS-DEMO-000948_verification_stage.jpg,image/jpeg,360677,98530e94aaff3b2dd51e368ab09b5eaae06047591ca6bd2e1b39b34de7095f73,1a38a0fcae70cf12,2023-12-07 15:42:10,20.428524,85.857581,29.5,Samsung,SM-A525F,eSAKSHI Mobile App
EV-DEMO-01897,MPLADS-DEMO-000949,PROGRESS_PHOTO,Site Inspection Photograph - Construction Stage - Village-5,MPLADS-DEMO-000949_progress_stage.jpg,image/jpeg,371068,45e40bceb6c9f7d4d27fc03264e327697652fd23b7bb9afb755e9a848077bbd2,7e29ba7de75bcddb,2024-03-01 11:24:15,22.278273,70.762994,16.6,Vivo,Vivo V23 5G,eSAKSHI Mobile App
EV-DEMO-01898,MPLADS-DEMO-000949,COMPLETION_PHOTO,Geo-tagged Asset Verification Photograph - Village-5,MPLADS-DEMO-000949_verification_stage.jpg,image/jpeg,284816,436ee04bff736390c4c2433a798a4580d1af03f7f90ee326f10098efed7f0d68,f53592c44efd432f,2024-06-26 15:42:10,22.278009,70.763098,27.6,Vivo,Vivo V23 5G,eSAKSHI Mobile App
EV-DEMO-01899,MPLADS-DEMO-000950,PROGRESS_PHOTO,Site Inspection Photograph - Construction Stage - Village-89,MPLADS-DEMO-000950_progress_stage.jpg,image/jpeg,180941,f42056a226e58930baf92ff39815399eb43440ea4691188d91a5c642eefd52dd,0b757284262e6ca5,2023-11-01 11:24:15,10.010217,76.306578,20.6,OnePlus,Nord CE 2,eSAKSHI Mobile App
EV-DEMO-01900,MPLADS-DEMO-000950,COMPLETION_PHOTO,Geo-tagged Asset Verification Photograph - Village-89,MPLADS-DEMO-000950_verification_stage.jpg,image/jpeg,398043,55b01d98cd084c223594f7669099162774bc704aa3e9a806d125e88c9f84467f,5e001c570b51e70c,2024-02-13 15:42:10,10.009863,76.306468,36.2,OnePlus,Nord CE 2,eSAKSHI Mobile App
EV-DEMO-01901,MPLADS-DEMO-000951,PROGRESS_PHOTO,Site Inspection Photograph - Construction Stage - Village-63,MPLADS-DEMO-000951_progress_stage.jpg,image/jpeg,391302,866d7701b0044cb729a7303f35ee3910ede5cb7450059c80226fa2351b6d1975,b5a6e34e865ae923,2023-04-22 11:24:15,18.617301,78.077702,15.6,Samsung,SM-A525F,eSAKSHI Mobile App
EV-DEMO-01902,MPLADS-DEMO-000951,COMPLETION_PHOTO,Geo-tagged Asset Verification Photograph - Village-63,MPLADS-DEMO-000951_verification_stage.jpg,image/jpeg,427947,f379c5a3f0a20c2a490eef20c355270cbbb9c1e0305b343b38c8d1c7d83e50ae,0f30783f0789416a,2023-07-18 15:42:10,18.617243,78.077927,31.2,Samsung,SM-A525F,eSAKSHI Mobile App
EV-DEMO-01903,MPLADS-DEMO-000952,PROGRESS_PHOTO,Site Inspection Photograph - Construction Stage - Village-118,MPLADS-DEMO-000952_progress_stage.jpg,image/jpeg,365689,014bab58c76eda5a731d47ce87ea6c8cfd205c69336db653ff0824bf973013ba,bb29c456b100ef34,2024-02-28 11:24:15,18.537279,73.834852,22.0,Samsung,SM-A525F,eSAKSHI Mobile App
EV-DEMO-01904,MPLADS-DEMO-000952,COMPLETION_PHOTO,Geo-tagged Asset Verification Photograph - Village-118,MPLADS-DEMO-000952_verification_stage.jpg,image/jpeg,295272,22f76fa4b4c4799bb01c99f0e09ae0c7ce060b1e2fce39ade59c6fcbcbb64ec0,6c4b0e587b8e9e09,2024-05-23 15:42:10,18.537353,73.834836,15.2,Samsung,SM-A525F,eSAKSHI Mobile App
EV-DEMO-01905,MPLADS-DEMO-000953,PROGRESS_PHOTO,Site Inspection Photograph - Construction Stage - Village-111,MPLADS-DEMO-000953_progress_stage.jpg,image/jpeg,192581,ebba9462fe28d8145ae3f79fb317f6e975b3ab4c0e433b1cdf50393e42a60f34,c87449d41aca374f,2024-02-22 11:24:15,10.019624,76.265221,13.2,Xiaomi,Redmi Note 11,eSAKSHI Mobile App
EV-DEMO-01906,MPLADS-DEMO-000953,COMPLETION_PHOTO,Geo-tagged Asset Verification Photograph - Village-111,MPLADS-DEMO-000953_verification_stage.jpg,image/jpeg,449090,f36f507769a16eab5e160a2bd0b32c25b340321fde956a0933d1263ef5543ed6,6a3fe459373d5a49,2024-04-16 15:42:10,10.019509,76.265229,3.2,Xiaomi,Redmi Note 11,eSAKSHI Mobile App
EV-DEMO-01907,MPLADS-DEMO-000954,PROGRESS_PHOTO,Site Inspection Photograph - Construction Stage - Village-188,MPLADS-DEMO-000954_progress_stage.jpg,image/jpeg,251044,97197bae4c26ef2110c1ee48405eba3072f1e238148d88c7fbaee3a1fec1c22d,2d8641a13d3f449c,2023-05-03 11:24:15,20.020455,73.837145,12.6,Apple,iPhone 13,eSAKSHI Mobile App
EV-DEMO-01908,MPLADS-DEMO-000954,SITE_IMAGE,Geo-tagged Asset Verification Photograph - Village-188,MPLADS-DEMO-000954_verification_stage.jpg,image/jpeg,370464,6f90babaf7d86d71c0ad41c5d31ff10f3c644755063541c4b3f82a6188dada79,d66ca9b43604ca0b,2023-09-01 15:42:10,20.020135,73.837371,32.1,Apple,iPhone 13,eSAKSHI Mobile App
EV-DEMO-01909,MPLADS-DEMO-000955,PROGRESS_PHOTO,Site Inspection Photograph - Construction Stage - Village-180,MPLADS-DEMO-000955_progress_stage.jpg,image/jpeg,408161,11228a76eaf3bca5cc558f1b06a4348b45de6debe787a00cb84d46233966976d,23268fae44f2f227,2023-10-16 11:24:15,25.351487,82.933302,15.8,Realme,Realme 9 Pro,eSAKSHI Mobile App
EV-DEMO-01910,MPLADS-DEMO-000955,COMPLETION_PHOTO,Geo-tagged Asset Verification Photograph - Village-180,MPLADS-DEMO-000955_verification_stage.jpg,image/jpeg,265840,309d80ae917221518f5732f8393512ca2bc47b35f514206baa3235571d643bed,f5f4e5900ff68d04,2024-02-09 15:42:10,25.351436,82.933284,21.7,Realme,Realme 9 Pro,eSAKSHI Mobile App
EV-DEMO-01911,MPLADS-DEMO-000956,PROGRESS_PHOTO,Site Inspection Photograph - Construction Stage - Village-189,MPLADS-DEMO-000956_progress_stage.jpg,image/jpeg,394190,3229903f72b8c5691404cd991477f7ac961f388e5e544c095e61dad07aff56a6,a9e3f6c159a82968,2023-03-28 11:24:15,26.727066,83.309219,21.5,Samsung,SM-A525F,eSAKSHI Mobile App
EV-DEMO-01912,MPLADS-DEMO-000956,COMPLETION_PHOTO,Geo-tagged Asset Verification Photograph - Village-189,MPLADS-DEMO-000956_verification_stage.jpg,image/jpeg,305198,8263c7a1bac221765fc00f294d29190d6e063f9ac37e9ebacd674b18d2f8a779,bada60960c4674fe,2023-06-25 15:42:10,26.726792,83.309219,16.3,Samsung,SM-A525F,eSAKSHI Mobile App
EV-DEMO-01913,MPLADS-DEMO-000957,PROGRESS_PHOTO,Site Inspection Photograph - Construction Stage - Village-115,MPLADS-DEMO-000957_progress_stage.jpg,image/jpeg,226443,9a36266d1a69de321748dcb8dafae7d4ab79aeb9ec719756ee0d4adce3bca750,680775a280c5fb2e,2024-07-16 11:24:15,21.106842,72.862876,9.4,Realme,Realme 9 Pro,eSAKSHI Mobile App
EV-DEMO-01914,MPLADS-DEMO-000957,COMPLETION_PHOTO,Geo-tagged Asset Verification Photograph - Village-115,MPLADS-DEMO-000957_verification_stage.jpg,image/jpeg,443382,cc682c89f4d9f78e362e20c77aebfd6897c71750d3fc8e27386ceba1c8afcddd,f8c0546a019f04e4,2024-10-02 15:42:10,21.106484,72.862604,40.2,Realme,Realme 9 Pro,eSAKSHI Mobile App
EV-DEMO-01915,MPLADS-DEMO-000958,PROGRESS_PHOTO,Site Inspection Photograph - Construction Stage - Village-95,MPLADS-DEMO-000958_progress_stage.jpg,image/jpeg,185209,59d7c9d93bb3f85ca3d05f8f078ed51176c3ca18d6173ace50607d0f1d9fd88a,0f3ffc768427f56a,2023-07-23 11:24:15,11.258795,75.814832,20.9,Vivo,Vivo V23 5G,eSAKSHI Mobile App
EV-DEMO-01916,MPLADS-DEMO-000958,COMPLETION_PHOTO,Geo-tagged Asset Verification Photograph - Village-95,MPLADS-DEMO-000958_verification_stage.jpg,image/jpeg,476075,58bebf4d12d315f02561371663621d0d4bfb7d001e7e4a37a6ea407f1d2f4427,0054f3f90bda3016,2023-09-14 15:42:10,11.259005,75.814559,28.8,Vivo,Vivo V23 5G,eSAKSHI Mobile App
EV-DEMO-01917,MPLADS-DEMO-000959,PROGRESS_PHOTO,Site Inspection Photograph - Construction Stage - Village-119,MPLADS-DEMO-000959_progress_stage.jpg,image/jpeg,399354,4f78f92243015e9dc48fea49f5281945dd45a95f095d38bbb2e2d8b6ccd7f608,12b2c6753b318294,2023-10-31 11:24:15,26.286933,73.019659,11.6,Samsung,SM-A525F,eSAKSHI Mobile App
EV-DEMO-01918,MPLADS-DEMO-000959,COMPLETION_PHOTO,Geo-tagged Asset Verification Photograph - Village-119,MPLADS-DEMO-000959_verification_stage.jpg,image/jpeg,372266,de905ef7a0d06aaca64ba4c62d454bcb1ad7d088a940f463b00c2a462d6e37ca,946876d612de9819,2024-01-18 15:42:10,26.286788,73.019851,18.5,Samsung,SM-A525F,eSAKSHI Mobile App
EV-DEMO-01919,MPLADS-DEMO-000960,PROGRESS_PHOTO,Site Inspection Photograph - Construction Stage - Village-112,MPLADS-DEMO-000960_progress_stage.jpg,image/jpeg,276462,286168e6b1dfc2d0eec7a46bedb62c334f819e0660383c34d9e19272da892dc1,18c84d1f56963330,2023-06-21 11:24:15,22.757523,75.878887,16.8,Xiaomi,Redmi Note 11,eSAKSHI Mobile App
EV-DEMO-01920,MPLADS-DEMO-000960,COMPLETION_PHOTO,Geo-tagged Asset Verification Photograph - Village-112,MPLADS-DEMO-000960_verification_stage.jpg,image/jpeg,364673,54e33a87682223141bc326b602a0e81cccc967e9cdb0fac042e475e8753e03f1,e140b9d17e3f62de,2023-11-01 15:42:10,22.757376,75.878845,16.4,Xiaomi,Redmi Note 11,eSAKSHI Mobile App
EV-DEMO-01921,MPLADS-DEMO-000961,PROGRESS_PHOTO,Site Inspection Photograph - Construction Stage - Village-101,MPLADS-DEMO-000961_progress_stage.jpg,image/jpeg,265455,6a664223f22b4780fddef7d60b41a08a0faa433937bca7ee989d9dcf9c5e2ee8,ad3dc2789f45d71d,2024-02-12 11:24:15,25.27322,83.016643,13.6,Apple,iPhone 13,eSAKSHI Mobile App
EV-DEMO-01922,MPLADS-DEMO-000961,COMPLETION_PHOTO,Geo-tagged Asset Verification Photograph - Village-101,MPLADS-DEMO-000961_verification_stage.jpg,image/jpeg,442235,61c7c7c28be4151015811897c59bf22e304e4f41fedf0fbb76cf0c031dd7d248,168a38550863d3f3,2024-06-17 15:42:10,25.273357,83.016809,19.9,Apple,iPhone 13,eSAKSHI Mobile App
EV-DEMO-01923,MPLADS-DEMO-000962,PROGRESS_PHOTO,Site Inspection Photograph - Construction Stage - Village-18,MPLADS-DEMO-000962_progress_stage.jpg,image/jpeg,403501,59a6da29f5f4d1f19473d99b0bc9d740074282d78af10751aecc47695cace2fd,f451130d7c2e633a,2024-08-07 11:24:15,23.081382,72.598226,4.4,Vivo,Vivo V23 5G,eSAKSHI Mobile App
EV-DEMO-01924,MPLADS-DEMO-000962,SITE_IMAGE,Geo-tagged Asset Verification Photograph - Village-18,MPLADS-DEMO-000962_verification_stage.jpg,image/jpeg,445516,9a959dcbe5036e90587b1721dd870c345c4756289cbeafeaa473a9278e4574e2,483be827e851c2fd,2024-09-14 15:42:10,23.081148,72.597996,32.5,Vivo,Vivo V23 5G,eSAKSHI Mobile App
EV-DEMO-01925,MPLADS-DEMO-000963,PROGRESS_PHOTO,Site Inspection Photograph - Construction Stage - Village-162,MPLADS-DEMO-000963_progress_stage.jpg,image/jpeg,378861,1c30e2bbd5e35c8e9c38aa404efeadebba06c73d6374d95fd8c71ede42426513,295f08f025a58db7,2023-09-01 11:24:15,11.639569,78.161485,15.3,OnePlus,Nord CE 2,eSAKSHI Mobile App
EV-DEMO-01926,MPLADS-DEMO-000963,COMPLETION_PHOTO,Geo-tagged Asset Verification Photograph - Village-162,MPLADS-DEMO-000963_verification_stage.jpg,image/jpeg,441814,261e3d4f868074c8a2148b1d5ee8c49ffa67b77436cf90614d15e8d7b323e9d9,d5cf11c6c371f55d,2023-11-02 15:42:10,11.639661,78.161685,30.9,OnePlus,Nord CE 2,eSAKSHI Mobile App
EV-DEMO-01927,MPLADS-DEMO-000964,PROGRESS_PHOTO,Site Inspection Photograph - Construction Stage - Village-115,MPLADS-DEMO-000964_progress_stage.jpg,image/jpeg,203006,6653b082ca4c9e4d3eb8d1cd7e2c7161ad813862bf74d32fc34d1f75b7a7aa2a,b3bc88f9a822e8dd,2024-06-13 11:24:15,13.047708,77.534867,14.3,Vivo,Vivo V23 5G,eSAKSHI Mobile App
EV-DEMO-01928,MPLADS-DEMO-000964,COMPLETION_PHOTO,Geo-tagged Asset Verification Photograph - Village-115,MPLADS-DEMO-000964_verification_stage.jpg,image/jpeg,396984,d57f1643a1bf4e0be3ed9f123f14dadee509bfaa414257f053c9c9f40c5aa838,308bb43f22079f69,2024-09-05 15:42:10,13.047301,77.534836,33.7,Vivo,Vivo V23 5G,eSAKSHI Mobile App
EV-DEMO-01929,MPLADS-DEMO-000965,PROGRESS_PHOTO,Site Inspection Photograph - Construction Stage - Village-33,MPLADS-DEMO-000965_progress_stage.jpg,image/jpeg,389188,62c4a1402e22c7c09e4a3412489066348769e7e364066dc98f3b97eba5752825,8fb41616c47bc9b3,2024-02-02 11:24:15,18.732998,78.130886,18.9,OnePlus,Nord CE 2,eSAKSHI Mobile App
EV-DEMO-01930,MPLADS-DEMO-000965,COMPLETION_PHOTO,Geo-tagged Asset Verification Photograph - Village-33,MPLADS-DEMO-000965_verification_stage.jpg,image/jpeg,298021,fafa2438f0bf02e295341c54c8ef9e927e261edd4c1b4cab35cc2e0accbbb60e,e9c96d08c6092011,2024-05-27 15:42:10,18.732777,78.130616,27.8,OnePlus,Nord CE 2,eSAKSHI Mobile App
EV-DEMO-01931,MPLADS-DEMO-000966,PROGRESS_PHOTO,Site Inspection Photograph - Construction Stage - Village-193,MPLADS-DEMO-000966_progress_stage.jpg,image/jpeg,365943,6a3660d0141478d0c01c8761f0eff163231bbac5374c84f71d0ae884336cbbfe,7820834ecb6da56e,2024-06-07 11:24:15,12.250197,76.616096,17.9,Xiaomi,Redmi Note 11,eSAKSHI Mobile App
EV-DEMO-01932,MPLADS-DEMO-000966,COMPLETION_PHOTO,Geo-tagged Asset Verification Photograph - Village-193,MPLADS-DEMO-000966_verification_stage.jpg,image/jpeg,214069,1a9cc0ddb524ee080d627930b09210ae094ef7c5c6df99ec3a7a7876274d1913,09b3414854e6c4b1,2024-09-29 15:42:10,12.250143,76.616141,10.2,Xiaomi,Redmi Note 11,eSAKSHI Mobile App
EV-DEMO-01933,MPLADS-DEMO-000967,PROGRESS_PHOTO,Site Inspection Photograph - Construction Stage - Village-122,MPLADS-DEMO-000967_progress_stage.jpg,image/jpeg,376171,82e21cd172e8e19388f6d4ec08a431843a826b564a057d001b24cbcc61fca60f,438221c35360c01d,2023-12-18 11:24:15,18.487365,73.873972,10.5,OnePlus,Nord CE 2,eSAKSHI Mobile App
EV-DEMO-01934,MPLADS-DEMO-000967,COMPLETION_PHOTO,Geo-tagged Asset Verification Photograph - Village-122,MPLADS-DEMO-000967_verification_stage.jpg,image/jpeg,329160,74f41285c3c4f153d17046ede3c2afb284a32a56d9583fbdd2abb9c3297ea025,225a5a2144f8018a,2024-02-08 15:42:10,18.487234,73.874004,24.7,OnePlus,Nord CE 2,eSAKSHI Mobile App
EV-DEMO-01935,MPLADS-DEMO-000968,PROGRESS_PHOTO,Site Inspection Photograph - Construction Stage - Village-166,MPLADS-DEMO-000968_progress_stage.jpg,image/jpeg,282345,ddf95faa30be71a2274de687dfece2174d7d1e954fafbd129996db8cb1b761bc,a3d763342603c349,2024-04-19 11:24:15,20.42216,85.93808,21.7,Samsung,SM-A525F,eSAKSHI Mobile App
EV-DEMO-01936,MPLADS-DEMO-000968,COMPLETION_PHOTO,Geo-tagged Asset Verification Photograph - Village-166,MPLADS-DEMO-000968_verification_stage.jpg,image/jpeg,461220,17aa1d468a37b9d79c75ab8f81e0e30bdc3e3bf16200ac5e4a90dad8afeaedd9,85d5b37b5e7dbec4,2024-05-14 15:42:10,20.422109,85.938231,22.3,Samsung,SM-A525F,eSAKSHI Mobile App
EV-DEMO-01937,MPLADS-DEMO-000969,PROGRESS_PHOTO,Site Inspection Photograph - Construction Stage - Village-77,MPLADS-DEMO-000969_progress_stage.jpg,image/jpeg,417597,81e1adbb00aac510659421efd9d2b199f5a4823b03100f431c0fe5214dcd7bdb,24159e82974f8147,2023-10-29 11:24:15,23.228679,77.36617,23.1,OnePlus,Nord CE 2,eSAKSHI Mobile App
EV-DEMO-01938,MPLADS-DEMO-000969,COMPLETION_PHOTO,Geo-tagged Asset Verification Photograph - Village-77,MPLADS-DEMO-000969_verification_stage.jpg,image/jpeg,325514,eb3ec41bf0766891e5bbaa681b3339a7594dd882e981d07cace9eb317a3b545b,a61357348471acdc,2023-12-27 15:42:10,23.228946,77.366589,29.7,OnePlus,Nord CE 2,eSAKSHI Mobile App
EV-DEMO-01939,MPLADS-DEMO-000970,PROGRESS_PHOTO,Site Inspection Photograph - Construction Stage - Village-153,MPLADS-DEMO-000970_progress_stage.jpg,image/jpeg,411192,e77b499882f689da97072c27c2c574db2585a02d8b559b2bbb37235366a97b9e,3c3d930493bccacf,2024-02-20 11:24:15,22.712409,75.83363,12.9,Xiaomi,Redmi Note 11,eSAKSHI Mobile App
EV-DEMO-01940,MPLADS-DEMO-000970,SITE_IMAGE,Geo-tagged Asset Verification Photograph - Village-153,MPLADS-DEMO-000970_verification_stage.jpg,image/jpeg,286301,8322e404e613700e1bf704909b632e40237b886f1351c7bcdd02c52d7823dcb4,cdcf6f2fb9d5e01b,2024-05-18 15:42:10,22.712444,75.833761,26.4,Xiaomi,Redmi Note 11,eSAKSHI Mobile App
EV-DEMO-01941,MPLADS-DEMO-000971,PROGRESS_PHOTO,Site Inspection Photograph - Construction Stage - Village-84,MPLADS-DEMO-000971_progress_stage.jpg,image/jpeg,327015,32e17122a277a66545652e69ad7c37c66cf24eec65cc8f946367136ef0ceac4e,44ed1d687db28b2b,2023-04-17 11:24:15,22.310829,70.785332,21.7,OnePlus,Nord CE 2,eSAKSHI Mobile App
EV-DEMO-01942,MPLADS-DEMO-000971,COMPLETION_PHOTO,Geo-tagged Asset Verification Photograph - Village-84,MPLADS-DEMO-000971_verification_stage.jpg,image/jpeg,265004,1b92c643ae86f3bff043a88e62515bee4453d95cb98138c8ac8a9aafa55818a5,48afea12d12d2966,2023-09-06 15:42:10,22.310804,70.785085,10.0,OnePlus,Nord CE 2,eSAKSHI Mobile App
EV-DEMO-01943,MPLADS-DEMO-000972,PROGRESS_PHOTO,Site Inspection Photograph - Construction Stage - Village-145,MPLADS-DEMO-000972_progress_stage.jpg,image/jpeg,302529,cf6bf85d2f8ef6220266a9320fe16e4b22b231f588d1e6b58bf3468de89a1be9,a8028648b1ffee65,2023-11-14 11:24:15,11.697754,78.086308,23.8,OnePlus,Nord CE 2,eSAKSHI Mobile App
EV-DEMO-01944,MPLADS-DEMO-000972,SITE_IMAGE,Geo-tagged Asset Verification Photograph - Village-145,MPLADS-DEMO-000972_verification_stage.jpg,image/jpeg,214484,434695a1b92629dac2b9513cf502921d1896a559b0eb2c94e6bd5b5ac9ed6fae,705931820e8bf93b,2024-02-11 15:42:10,11.697762,78.085851,32.1,OnePlus,Nord CE 2,eSAKSHI Mobile App
EV-DEMO-01945,MPLADS-DEMO-000973,PROGRESS_PHOTO,Site Inspection Photograph - Construction Stage - Village-24,MPLADS-DEMO-000973_progress_stage.jpg,image/jpeg,254597,61986114ac800e7b55734c6d3ca073484028e401c053e184cf3f95a26fdf2ea8,4d3ac88769c3b107,2023-04-20 11:24:15,20.030594,73.851201,1.3,Apple,iPhone 13,eSAKSHI Mobile App
EV-DEMO-01946,MPLADS-DEMO-000973,COMPLETION_PHOTO,Geo-tagged Asset Verification Photograph - Village-24,MPLADS-DEMO-000973_verification_stage.jpg,image/jpeg,365812,964b53a0ad0758b9b4d3f5ec0968285467621f9499ec875eec173593e2a22334,35cd1887e3ba54ed,2023-08-31 15:42:10,20.030655,73.851269,8.9,Apple,iPhone 13,eSAKSHI Mobile App
EV-DEMO-01947,MPLADS-DEMO-000974,PROGRESS_PHOTO,Site Inspection Photograph - Construction Stage - Village-141,MPLADS-DEMO-000974_progress_stage.jpg,image/jpeg,352870,ac64d830acf77077f407a3f6fac090267fd5ae315acfbd3b3e259b6819287f52,ae3e93f9bb388d63,2024-06-07 11:24:15,18.714455,78.135127,16.9,Vivo,Vivo V23 5G,eSAKSHI Mobile App
EV-DEMO-01948,MPLADS-DEMO-000974,SITE_IMAGE,Geo-tagged Asset Verification Photograph - Village-141,MPLADS-DEMO-000974_verification_stage.jpg,image/jpeg,267839,88a0c37b595dbb7c90520272d545fb739bf8b4a637632b8f472b424a5cc104cd,3629c39c6aaa9ed0,2024-08-13 15:42:10,18.714692,78.134853,27.5,Vivo,Vivo V23 5G,eSAKSHI Mobile App
EV-DEMO-01949,MPLADS-DEMO-000975,PROGRESS_PHOTO,Site Inspection Photograph - Construction Stage - Village-165,MPLADS-DEMO-000975_progress_stage.jpg,image/jpeg,224657,c19ee4df79f277145fd7254eb9867fafa7c3ccbb547c45c8c6afd81c87519a2b,bdb9d06a8d1e45cd,2024-07-20 11:24:15,15.503437,74.97228,17.9,Samsung,SM-A525F,eSAKSHI Mobile App
EV-DEMO-01950,MPLADS-DEMO-000975,COMPLETION_PHOTO,Geo-tagged Asset Verification Photograph - Village-165,MPLADS-DEMO-000975_verification_stage.jpg,image/jpeg,390019,e75a69e310ea1a28041c4b9cf04a945a81e0971e148497e7ef39af37c8983296,9b8762423eef058d,2024-11-19 15:42:10,15.503432,74.972049,8.9,Samsung,SM-A525F,eSAKSHI Mobile App
EV-DEMO-01951,MPLADS-DEMO-000976,PROGRESS_PHOTO,Site Inspection Photograph - Construction Stage - Village-131,MPLADS-DEMO-000976_progress_stage.jpg,image/jpeg,397669,3df177f5f55987aff95d29990b19810d2132f7fd40748b6d1d128fc54fb1a516,7a27ae512390e5e0,2024-01-23 11:24:15,11.719813,76.131097,16.7,Vivo,Vivo V23 5G,eSAKSHI Mobile App
EV-DEMO-01952,MPLADS-DEMO-000976,SITE_IMAGE,Geo-tagged Asset Verification Photograph - Village-131,MPLADS-DEMO-000976_verification_stage.jpg,image/jpeg,414996,35ad0920736a325576f1bcd7343655c435f29e449c67808ce08f8cd6152cb04b,58d34040b7c1a6cf,2024-03-22 15:42:10,11.720216,76.130755,41.7,Vivo,Vivo V23 5G,eSAKSHI Mobile App
EV-DEMO-01953,MPLADS-DEMO-000977,PROGRESS_PHOTO,Site Inspection Photograph - Construction Stage - Village-149,MPLADS-DEMO-000977_progress_stage.jpg,image/jpeg,315107,3c21a454b9b09fd3b1f34f0108d1f2073622061c0fd0ca7da702dd5bce1048d8,45c9a34db973a7dd,2023-03-22 11:24:15,24.634914,73.713721,11.6,Samsung,SM-A525F,eSAKSHI Mobile App
EV-DEMO-01954,MPLADS-DEMO-000977,COMPLETION_PHOTO,Geo-tagged Asset Verification Photograph - Village-149,MPLADS-DEMO-000977_verification_stage.jpg,image/jpeg,238411,691ac29f34b0ae7028888f6fedb9b3e5d13fb7a4e7a74029f119ce99ce26bc75,75cc68f5a36a6b2e,2023-05-26 15:42:10,24.635267,73.713698,28.1,Samsung,SM-A525F,eSAKSHI Mobile App
EV-DEMO-01955,MPLADS-DEMO-000978,PROGRESS_PHOTO,Site Inspection Photograph - Construction Stage - Village-86,MPLADS-DEMO-000978_progress_stage.jpg,image/jpeg,292510,1689f3db2a0c6c322ff437a88221015c9a680f547324056b948368214677b33b,29b56f4ebc49f870,2023-05-04 11:24:15,18.399132,79.18056,9.6,Realme,Realme 9 Pro,eSAKSHI Mobile App
EV-DEMO-01956,MPLADS-DEMO-000978,COMPLETION_PHOTO,Geo-tagged Asset Verification Photograph - Village-86,MPLADS-DEMO-000978_verification_stage.jpg,image/jpeg,476014,35dd814f57d4455b68adbdab1873298a41af75bb24758c4dc77158257559d3a8,59ce8bb4b5d40349,2023-07-06 15:42:10,18.399054,79.18042,11.7,Realme,Realme 9 Pro,eSAKSHI Mobile App
EV-DEMO-01957,MPLADS-DEMO-000979,PROGRESS_PHOTO,Site Inspection Photograph - Construction Stage - Village-191,MPLADS-DEMO-000979_progress_stage.jpg,image/jpeg,389025,2f916e7f084c38268dcd6b9179ecc77dfbf49ed8914f1d07946f0d5bed0ad1d2,dc19b3727f65b9bd,2024-07-12 11:24:15,23.0788,72.533093,3.4,Xiaomi,Redmi Note 11,eSAKSHI Mobile App
EV-DEMO-01958,MPLADS-DEMO-000979,COMPLETION_PHOTO,Geo-tagged Asset Verification Photograph - Village-191,MPLADS-DEMO-000979_verification_stage.jpg,image/jpeg,372230,ee483b72f4a5bc293b3251327e54fd6cc5f83d9402f54a12ff4086ecfe79189e,a1eb6c9ea83d6f90,2024-10-02 15:42:10,23.078544,72.533112,28.6,Xiaomi,Redmi Note 11,eSAKSHI Mobile App
EV-DEMO-01959,MPLADS-DEMO-000980,PROGRESS_PHOTO,Site Inspection Photograph - Construction Stage - Village-80,MPLADS-DEMO-000980_progress_stage.jpg,image/jpeg,361776,2bbcbb5478840092688492518f6c82b798281ee8f03f202e541fd79b4311f418,d2cf1e5ca9733448,2023-10-08 11:24:15,25.254278,83.016742,7.9,Xiaomi,Redmi Note 11,eSAKSHI Mobile App
EV-DEMO-01960,MPLADS-DEMO-000980,COMPLETION_PHOTO,Geo-tagged Asset Verification Photograph - Village-80,MPLADS-DEMO-000980_verification_stage.jpg,image/jpeg,261307,6d17e80bd52f5877c3569f027af020db9e1d7a7576946092f271c7f2e75e1963,b71137d045a0b5a8,2023-12-09 15:42:10,25.253941,83.016712,29.8,Xiaomi,Redmi Note 11,eSAKSHI Mobile App
EV-DEMO-01961,MPLADS-DEMO-000981,PROGRESS_PHOTO,Site Inspection Photograph - Construction Stage - Village-171,MPLADS-DEMO-000981_progress_stage.jpg,image/jpeg,410729,06fe1ae369421fa9c0cef6f9af11f814d0ee82689d5da835132a29d315a1a591,a866593efaaf68cf,2023-04-01 11:24:15,15.505343,74.975062,5.1,Apple,iPhone 13,eSAKSHI Mobile App
EV-DEMO-01962,MPLADS-DEMO-000981,COMPLETION_PHOTO,Geo-tagged Asset Verification Photograph - Village-171,MPLADS-DEMO-000981_verification_stage.jpg,image/jpeg,223390,e6f016c013143a0de08740ecc49066cc4fca795ab6e7cfab2ba0e080201953a5,2f5b2153c0fa84d1,2023-07-23 15:42:10,15.505439,74.974923,21.7,Apple,iPhone 13,eSAKSHI Mobile App
EV-DEMO-01963,MPLADS-DEMO-000982,PROGRESS_PHOTO,Site Inspection Photograph - Construction Stage - Village-41,MPLADS-DEMO-000982_progress_stage.jpg,image/jpeg,237124,8dd8ec1b6d111eaa7455f8c2bf08b04723e5f33fcef005c37aef65c0ea4a9c04,c09da83d86d67682,2024-07-08 11:24:15,22.667041,75.840549,22.1,Apple,iPhone 13,eSAKSHI Mobile App
EV-DEMO-01964,MPLADS-DEMO-000982,SITE_IMAGE,Geo-tagged Asset Verification Photograph - Village-41,MPLADS-DEMO-000982_verification_stage.jpg,image/jpeg,313479,8b5f56983ec14f147343580d39c21da3704cecd20cda06fd09db1805e2b4aff0,32f602ada3d46aba,2024-09-10 15:42:10,22.66729,75.840335,22.4,Apple,iPhone 13,eSAKSHI Mobile App
EV-DEMO-01965,MPLADS-DEMO-000983,PROGRESS_PHOTO,Site Inspection Photograph - Construction Stage - Village-31,MPLADS-DEMO-000983_progress_stage.jpg,image/jpeg,241943,b36ce800d96c1dcc34ad1e67f6f4cddbe580b687635917ac3f3da0a9988bf8e6,b1a1cee5a2f51f97,2024-02-19 11:24:15,26.886667,75.756367,8.6,Apple,iPhone 13,eSAKSHI Mobile App
EV-DEMO-01966,MPLADS-DEMO-000983,SITE_IMAGE,Geo-tagged Asset Verification Photograph - Village-31,MPLADS-DEMO-000983_verification_stage.jpg,image/jpeg,388293,354b00792466392d3290b54d0bd800d4e9aed98df0c605220c05c53944c030c3,c5f653f1e3d08698,2024-03-24 15:42:10,26.886612,75.756507,8.1,Apple,iPhone 13,eSAKSHI Mobile App
EV-DEMO-01967,MPLADS-DEMO-000984,PROGRESS_PHOTO,Site Inspection Photograph - Construction Stage - Village-149,MPLADS-DEMO-000984_progress_stage.jpg,image/jpeg,370852,470d1f57d32daf614fa933a35a7e4492d25fc6f4b7970ca8606a9c1ff11da11c,53697f3e938c3bae,2024-04-06 11:24:15,11.284072,75.751013,13.8,Xiaomi,Redmi Note 11,eSAKSHI Mobile App
EV-DEMO-01968,MPLADS-DEMO-000984,SITE_IMAGE,Geo-tagged Asset Verification Photograph - Village-149,MPLADS-DEMO-000984_verification_stage.jpg,image/jpeg,282479,63c4f1b3deed3f7657fc6eba553d36237d909873508f298bad92404b84d2ca0f,25666b81a8191ba1,2024-05-19 15:42:10,11.283974,75.751066,25.2,Xiaomi,Redmi Note 11,eSAKSHI Mobile App
EV-DEMO-01969,MPLADS-DEMO-000985,PROGRESS_PHOTO,Site Inspection Photograph - Construction Stage - Village-111,MPLADS-DEMO-000985_progress_stage.jpg,image/jpeg,242362,fd38fd4bcfac16024d78b3eb852810298abe54adbe14737ca5b5e095a6d16d1f,b0d188f967387f77,2023-04-28 11:24:15,22.346785,70.790678,16.3,Apple,iPhone 13,eSAKSHI Mobile App
EV-DEMO-01970,MPLADS-DEMO-000985,COMPLETION_PHOTO,Geo-tagged Asset Verification Photograph - Village-111,MPLADS-DEMO-000985_verification_stage.jpg,image/jpeg,272327,531779c1c520e3c0749d74b32fbd4a0d4b2b8a50b5bb2ac8cfa136ccd0ffa916,a542ba4d23be2193,2023-07-07 15:42:10,22.346976,70.790942,18.4,Apple,iPhone 13,eSAKSHI Mobile App
EV-DEMO-01971,MPLADS-DEMO-000986,PROGRESS_PHOTO,Site Inspection Photograph - Construction Stage - Village-61,MPLADS-DEMO-000986_progress_stage.jpg,image/jpeg,360872,13d4e4ec3ba14314461e6140b9590902657058bfe5c9e6bce314bd6a1e37c19a,df7c564f32bb537a,2024-07-01 11:24:15,11.710038,76.172251,10.6,Vivo,Vivo V23 5G,eSAKSHI Mobile App
EV-DEMO-01972,MPLADS-DEMO-000986,COMPLETION_PHOTO,Geo-tagged Asset Verification Photograph - Village-61,MPLADS-DEMO-000986_verification_stage.jpg,image/jpeg,338800,311b932419732049812de09ebc191f7ee5e8b29853d3a0ef871e532e7b60c47d,c6a3e38ca1c54f82,2024-07-23 15:42:10,11.709871,76.172627,37.0,Vivo,Vivo V23 5G,eSAKSHI Mobile App
EV-DEMO-01973,MPLADS-DEMO-000987,PROGRESS_PHOTO,Site Inspection Photograph - Construction Stage - Village-74,MPLADS-DEMO-000987_progress_stage.jpg,image/jpeg,387673,888775aad371ae8dd486301d561d928e107ab26afec65ce2abb54ca2c737fd14,55b243322ccc9f4b,2023-10-15 11:24:15,20.16322,85.633863,8.7,Vivo,Vivo V23 5G,eSAKSHI Mobile App
EV-DEMO-01974,MPLADS-DEMO-000987,COMPLETION_PHOTO,Geo-tagged Asset Verification Photograph - Village-74,MPLADS-DEMO-000987_verification_stage.jpg,image/jpeg,337415,d8552df83b8e201d78bedb72221aabc6f7512bc4f6eb947a5de02a290ef69fad,005e3a99f1ef8c8e,2024-01-26 15:42:10,20.163123,85.633666,31.4,Vivo,Vivo V23 5G,eSAKSHI Mobile App
EV-DEMO-01975,MPLADS-DEMO-000988,PROGRESS_PHOTO,Site Inspection Photograph - Construction Stage - Village-149,MPLADS-DEMO-000988_progress_stage.jpg,image/jpeg,298353,e66a199423658d5298d69f80ee5b5b0a2b59c45828842f3f9889d7c0a07263d4,2e9c5b41a043d96e,2024-03-16 11:24:15,24.572557,73.708211,10.3,Apple,iPhone 13,eSAKSHI Mobile App
EV-DEMO-01976,MPLADS-DEMO-000988,COMPLETION_PHOTO,Geo-tagged Asset Verification Photograph - Village-149,MPLADS-DEMO-000988_verification_stage.jpg,image/jpeg,231471,84ba7b3264603c6cd1fc7d2ee7d871a1c2ddcab3655b5f090d88852b906c30b8,ed5306cdda2dab0b,2024-04-23 15:42:10,24.572879,73.708062,34.9,Apple,iPhone 13,eSAKSHI Mobile App
EV-DEMO-01977,MPLADS-DEMO-000989,PROGRESS_PHOTO,Site Inspection Photograph - Construction Stage - Village-92,MPLADS-DEMO-000989_progress_stage.jpg,image/jpeg,289601,3378b79e66da4f97fc5a9736a45136b9fe1a64286adb855371f1eabc74c32df5,3c7d749b75df0853,2023-04-03 11:24:15,26.779498,83.366629,17.0,Realme,Realme 9 Pro,eSAKSHI Mobile App
EV-DEMO-01978,MPLADS-DEMO-000989,COMPLETION_PHOTO,Geo-tagged Asset Verification Photograph - Village-92,MPLADS-DEMO-000989_verification_stage.jpg,image/jpeg,398980,bd7a40d40e0caa32a9e9f08614b1550d4cc7679c24a507d3666e97904f971359,63bcc050105751bc,2023-06-29 15:42:10,26.779369,83.36706,30.2,Realme,Realme 9 Pro,eSAKSHI Mobile App
EV-DEMO-01979,MPLADS-DEMO-000990,PROGRESS_PHOTO,Site Inspection Photograph - Construction Stage - Village-41,MPLADS-DEMO-000990_progress_stage.jpg,image/jpeg,209139,aae9f72bda0bee65ee2dfcabf01627b0a02f8747536c3a9e05e7bcd31eb28c5a,878c8d3f162bb1f0,2023-09-25 11:24:15,15.504663,75.0175,18.5,OnePlus,Nord CE 2,eSAKSHI Mobile App
EV-DEMO-01980,MPLADS-DEMO-000990,COMPLETION_PHOTO,Geo-tagged Asset Verification Photograph - Village-41,MPLADS-DEMO-000990_verification_stage.jpg,image/jpeg,340695,e211c8bda82ac6d51011ec70b6bfd825804cca9b059f1744d237362318761f78,d6e545a90272c83b,2024-02-08 15:42:10,15.504339,75.017411,22.9,OnePlus,Nord CE 2,eSAKSHI Mobile App
EV-DEMO-01981,MPLADS-DEMO-000991,PROGRESS_PHOTO,Site Inspection Photograph - Construction Stage - Village-66,MPLADS-DEMO-000991_progress_stage.jpg,image/jpeg,305202,4dfa8c16e2b6c0e10a191c6efc52a595de4c26dbbfa35b8eefc071f142b2c7b0,19bd564b2d092a20,2024-05-20 11:24:15,12.352123,76.660857,19.1,Apple,iPhone 13,eSAKSHI Mobile App
EV-DEMO-01982,MPLADS-DEMO-000991,SITE_IMAGE,Geo-tagged Asset Verification Photograph - Village-66,MPLADS-DEMO-000991_verification_stage.jpg,image/jpeg,429401,3e0adbbf80ca86f02519eeff493523734ba41a444a32d388abda6d1679b49b8c,cb6dfdabcaf78d3d,2024-08-31 15:42:10,12.352425,76.660974,24.2,Apple,iPhone 13,eSAKSHI Mobile App
EV-DEMO-01983,MPLADS-DEMO-000992,PROGRESS_PHOTO,Site Inspection Photograph - Construction Stage - Village-57,MPLADS-DEMO-000992_progress_stage.jpg,image/jpeg,417535,fa9ab0528bbec443b22ef06ce8fe4d8d07a3f4adf275f9c6a0d7edd75645a46b,f8b42761fac59a03,2024-02-05 11:24:15,15.468888,75.040239,4.9,Vivo,Vivo V23 5G,eSAKSHI Mobile App
EV-DEMO-01984,MPLADS-DEMO-000992,COMPLETION_PHOTO,Geo-tagged Asset Verification Photograph - Village-57,MPLADS-DEMO-000992_verification_stage.jpg,image/jpeg,334180,21d78ee820c9b058a1d36d6f36ba3feaa294028e161b000ed39ecaac485f0a36,fc899f5d5d1031a5,2024-04-18 15:42:10,15.468714,75.040067,31.6,Vivo,Vivo V23 5G,eSAKSHI Mobile App
EV-DEMO-01985,MPLADS-DEMO-000993,PROGRESS_PHOTO,Site Inspection Photograph - Construction Stage - Village-28,MPLADS-DEMO-000993_progress_stage.jpg,image/jpeg,257605,d8dfcacc1d8d79d8832e30c8810cc4eaf743ed70a7a34821430166ea31a4bd48,5c23dbdb674b2dff,2023-11-11 11:24:15,20.461929,85.937006,8.1,Apple,iPhone 13,eSAKSHI Mobile App
EV-DEMO-01986,MPLADS-DEMO-000993,COMPLETION_PHOTO,Geo-tagged Asset Verification Photograph - Village-28,MPLADS-DEMO-000993_verification_stage.jpg,image/jpeg,340197,b19b854fb35f6e365cf588fa84d61c294555788e00b7e5033aabb6f55a3bc254,42cc8320d6d19e5b,2023-12-27 15:42:10,20.461828,85.937177,13.3,Apple,iPhone 13,eSAKSHI Mobile App
EV-DEMO-01987,MPLADS-DEMO-000994,PROGRESS_PHOTO,Site Inspection Photograph - Construction Stage - Village-31,MPLADS-DEMO-000994_progress_stage.jpg,image/jpeg,264893,d8049938d000b014b09f59cb973e8c34c1374734f1ec983469ee02a1b59e1f27,dd0e688ef4281326,2023-05-11 11:24:15,22.265996,70.844743,20.2,Apple,iPhone 13,eSAKSHI Mobile App
EV-DEMO-01988,MPLADS-DEMO-000994,COMPLETION_PHOTO,Geo-tagged Asset Verification Photograph - Village-31,MPLADS-DEMO-000994_verification_stage.jpg,image/jpeg,236767,0d4c3bfc0aab5ecc27411dab439ae66e5f07b7f189a9fc4216bdd2f322b5cd30,8c443250cffbf3f8,2023-10-16 15:42:10,22.266085,70.844843,29.8,Apple,iPhone 13,eSAKSHI Mobile App
EV-DEMO-01989,MPLADS-DEMO-000995,PROGRESS_PHOTO,Site Inspection Photograph - Construction Stage - Village-96,MPLADS-DEMO-000995_progress_stage.jpg,image/jpeg,181734,8c7e6950c3369590fa558b490c4358651b84b1ee01ec6d8744efd7e8f8cdb0f5,2a75b46d915a90f4,2024-03-23 11:24:15,26.874383,75.777941,14.4,Xiaomi,Redmi Note 11,eSAKSHI Mobile App
EV-DEMO-01990,MPLADS-DEMO-000995,COMPLETION_PHOTO,Geo-tagged Asset Verification Photograph - Village-96,MPLADS-DEMO-000995_verification_stage.jpg,image/jpeg,373375,d05179a6e8c4a7509039a903d1bf5dbb2802365010e05a5deadeb64fdb32bb4b,5706629f03497d98,2024-06-23 15:42:10,26.874497,75.778169,16.0,Xiaomi,Redmi Note 11,eSAKSHI Mobile App
EV-DEMO-01991,MPLADS-DEMO-000996,PROGRESS_PHOTO,Site Inspection Photograph - Construction Stage - Village-193,MPLADS-DEMO-000996_progress_stage.jpg,image/jpeg,404873,83a82a562682dd80d9d85be2f297f0c51849cd7d4d5cb9e5b4770e9060ad2170,6d2ef35c92026256,2024-07-27 11:24:15,9.98673,76.247636,6.5,Xiaomi,Redmi Note 11,eSAKSHI Mobile App
EV-DEMO-01992,MPLADS-DEMO-000996,SITE_IMAGE,Geo-tagged Asset Verification Photograph - Village-193,MPLADS-DEMO-000996_verification_stage.jpg,image/jpeg,347810,ae01309daa57e8dd60db5fe2c00016c73c9b484b6b1c54f454bcbc8a508a0475,9f6e5011b6cc602d,2024-09-30 15:42:10,9.986718,76.247701,8.3,Xiaomi,Redmi Note 11,eSAKSHI Mobile App
EV-DEMO-01993,MPLADS-DEMO-000997,PROGRESS_PHOTO,Site Inspection Photograph - Construction Stage - Village-22,MPLADS-DEMO-000997_progress_stage.jpg,image/jpeg,362001,6f566c7332759f962b4722e094d2d2394306489e28dd5ce565bcfae207d4ccee,9eb9ba1a7b0e7b47,2024-04-18 11:24:15,13.031215,77.61079,20.7,Apple,iPhone 13,eSAKSHI Mobile App
EV-DEMO-01994,MPLADS-DEMO-000997,COMPLETION_PHOTO,Geo-tagged Asset Verification Photograph - Village-22,MPLADS-DEMO-000997_verification_stage.jpg,image/jpeg,407672,6f6d95c956edbbec1926f4d42629b267317d86bd356cc168709e3be7a8531627,73041fed7b03e258,2024-08-19 15:42:10,13.031596,77.610722,22.6,Apple,iPhone 13,eSAKSHI Mobile App
EV-DEMO-01995,MPLADS-DEMO-000998,PROGRESS_PHOTO,Site Inspection Photograph - Construction Stage - Village-116,MPLADS-DEMO-000998_progress_stage.jpg,image/jpeg,291172,7449d5de0cd1f252c81bd1ca7ec69eba7e40ae80608581e161de040d449ac2d5,ec37cd30b8d371ad,2024-03-07 11:24:15,26.875745,75.775813,25.2,Apple,iPhone 13,eSAKSHI Mobile App
EV-DEMO-01996,MPLADS-DEMO-000998,COMPLETION_PHOTO,Geo-tagged Asset Verification Photograph - Village-116,MPLADS-DEMO-000998_verification_stage.jpg,image/jpeg,306343,0f0c1834e0e511879b3ce931a9e8f7f372e5ed72566b273e074d4218bc60bcc2,f15832fd91da0448,2024-05-31 15:42:10,26.875262,75.775947,41.8,Apple,iPhone 13,eSAKSHI Mobile App
EV-DEMO-01997,MPLADS-DEMO-000999,PROGRESS_PHOTO,Site Inspection Photograph - Construction Stage - Village-100,MPLADS-DEMO-000999_progress_stage.jpg,image/jpeg,268384,e0c80e7432a451b95b6da90af37bd8eaa514a768d2446d812501201a1a1ca956,e1915f16c448e076,2024-03-10 11:24:15,26.799796,83.377786,5.7,Xiaomi,Redmi Note 11,eSAKSHI Mobile App
EV-DEMO-01998,MPLADS-DEMO-000999,COMPLETION_PHOTO,Geo-tagged Asset Verification Photograph - Village-100,MPLADS-DEMO-000999_verification_stage.jpg,image/jpeg,229464,fe41bea43ea4db0301431a134e5db6e17f6ea9e14fe82672777be18ad56646e6,3382fa0f975ef186,2024-07-26 15:42:10,26.799484,83.377599,39.6,Xiaomi,Redmi Note 11,eSAKSHI Mobile App
EV-DEMO-01999,MPLADS-DEMO-001000,PROGRESS_PHOTO,Site Inspection Photograph - Construction Stage - Village-110,MPLADS-DEMO-001000_progress_stage.jpg,image/jpeg,369085,d597aef898975613af896b621b1fa4ed0b5a30b72916d70ec97c32aaf35d6295,5a9967131defac9d,2023-04-21 11:24:15,26.861833,75.742409,19.5,Realme,Realme 9 Pro,eSAKSHI Mobile App
EV-DEMO-02000,MPLADS-DEMO-001000,COMPLETION_PHOTO,Geo-tagged Asset Verification Photograph - Village-110,MPLADS-DEMO-001000_verification_stage.jpg,image/jpeg,300514,e21bea788f128d748eecfd249c38feb3a0a022c6f1752a28fe87ccf03d53692c,0cb3023072ce1456,2023-05-13 15:42:10,26.861932,75.742531,32.3,Realme,Realme 9 Pro,eSAKSHI Mobile App
