project_id,dataset_version,data_source_type,source_basis,state,district,constituency,mp_name,sector,title,description,block,village,latitude,longitude,has_valid_coords,sanctioned_amount,estimated_cost,expenditure,unspent_balance,recommendation_date,sanction_date,start_date,completion_date,status,contractor_id,contractor_name,implementing_agency
MPLADS-DEMO-000001,DEMO-SYNTHETIC-v1,SYNTHETIC_DEMONSTRATION,MPLADS_STYLE_STRUCTURE,Gujarat,Rajkot,Rajkot,Representative Rajkot (Simulated),Community Infrastructure,Construction of Multipurpose Community Hall at Village-Kalyanpur,"Construction of Multipurpose Community Hall at Village-Kalyanpur with main auditorium, public sanitation block, and electrical wiring.",Block-1,Village-Kalyanpur,22.30392,70.80221,True,6500000.0,6500000.0,820000.0,5680000.0,2023-01-15,2023-02-10,2023-03-15,,In Progress,CONTRACTOR-DEMO-0001,Apex Infrastructure Ltd,Public Works Department (PWD)
MPLADS-DEMO-000002,DEMO-SYNTHETIC-v1,SYNTHETIC_DEMONSTRATION,MPLADS_STYLE_STRUCTURE,Gujarat,Rajkot,Rajkot,Representative Rajkot (Simulated),Community Infrastructure,Development of Community Hall and Boundary Wall in Village-Kalyanpur,"Comprehensive development of community center including boundary wall, RCC framing, and sanitary facilities at Village-Kalyanpur.",Block-1,Village-Kalyanpur,22.30394,70.80222,True,1850000.0,1850000.0,1780000.0,70000.0,2023-04-10,2023-05-05,2023-05-25,2023-11-15,Completed,CONTRACTOR-DEMO-0001,Apex Infrastructure Ltd,Public Works Department (PWD)
MPLADS-DEMO-000003,DEMO-SYNTHETIC-v1,SYNTHETIC_DEMONSTRATION,MPLADS_STYLE_STRUCTURE,Gujarat,Rajkot,Rajkot,Representative Rajkot (Simulated),Community Infrastructure,Construction of Community Center and Peripheral Wall in Village-Kalyanpur,"Comprehensive development of community center including boundary wall, RCC framing, and sanitary facilities at Village-Kalyanpur.",Block-1,Village-Kalyanpur,22.30412,70.80228,True,1900000.0,1900000.0,1820000.0,80000.0,2023-04-12,2023-05-08,2023-05-28,2023-11-20,Completed,CONTRACTOR-DEMO-0002,Shree Ganesh Construction Co,Public Works Department (PWD)
MPLADS-DEMO-000004,DEMO-SYNTHETIC-v1,SYNTHETIC_DEMONSTRATION,MPLADS_STYLE_STRUCTURE,Gujarat,Rajkot,Rajkot,Representative Rajkot (Simulated),Rural Connectivity & Roads,Interlocking Paver Block Road and Drain Channel Part 1 in Village-Sundarpur,Interlocking Paver Block Road and Drain Channel Part 1 in Village-Sundarpur with standardized edge kerbs and stormwater drain.,Block-1,Village-Sundarpur,22.3041,70.8023,True,495000.0,495000.0,495000.0,0.0,2023-08-25,2023-09-12,2023-09-22,2023-12-01,Completed,CONTRACTOR-DEMO-0001,Apex Infrastructure Ltd,Rural Engineering Service (RES)
MPLADS-DEMO-000005,DEMO-SYNTHETIC-v1,SYNTHETIC_DEMONSTRATION,MPLADS_STYLE_STRUCTURE,Gujarat,Rajkot,Rajkot,Representative Rajkot (Simulated),Rural Connectivity & Roads,Interlocking Paver Block Road and Drain Channel Part 2 in Village-Sundarpur,Interlocking Paver Block Road and Drain Channel Part 2 in Village-Sundarpur with standardized edge kerbs and stormwater drain.,Block-1,Village-Sundarpur,22.304139999999997,70.80234,True,492000.0,492000.0,492000.0,0.0,2023-08-26,2023-09-13,2023-09-23,2023-12-02,Completed,CONTRACTOR-DEMO-0001,Apex Infrastructure Ltd,Rural Engineering Service (RES)
MPLADS-DEMO-000006,DEMO-SYNTHETIC-v1,SYNTHETIC_DEMONSTRATION,MPLADS_STYLE_STRUCTURE,Gujarat,Rajkot,Rajkot,Representative Rajkot (Simulated),Rural Connectivity & Roads,Interlocking Paver Block Road and Drain Channel Part 3 in Village-Sundarpur,Interlocking Paver Block Road and Drain Channel Part 3 in Village-Sundarpur with standardized edge kerbs and stormwater drain.,Block-1,Village-Sundarpur,22.30418,70.80238,True,488000.0,488000.0,488000.0,0.0,2023-08-27,2023-09-14,2023-09-24,2023-12-03,Completed,CONTRACTOR-DEMO-0001,Apex Infrastructure Ltd,Rural Engineering Service (RES)
MPLADS-DEMO-000007,DEMO-SYNTHETIC-v1,SYNTHETIC_DEMONSTRATION,MPLADS_STYLE_STRUCTURE,Gujarat,Rajkot,Rajkot,Representative Rajkot (Simulated),Rural Connectivity & Roads,Widening of Rural Link Road connecting Village-Sundarpur,Widening of Rural Link Road connecting Village-Sundarpur to main district arterial corridor with asphalt surfacing.,Block-1,Village-Sundarpur,22.3042,70.8024,True,2400000.0,2400000.0,2400000.0,0.0,2023-06-05,2023-06-25,2023-07-15,2023-12-20,Completed,CONTRACTOR-DEMO-0001,Apex Infrastructure Ltd,Public Works Department (PWD)
MPLADS-DEMO-000008,DEMO-SYNTHETIC-v1,SYNTHETIC_DEMONSTRATION,MPLADS_STYLE_STRUCTURE,Gujarat,Rajkot,Rajkot,Representative Rajkot (Simulated),Rural Connectivity & Roads,Construction of CC Road and Drain in Village-Navagam,Construction of Cement Concrete (CC) Road and peripheral drain in Village-Navagam.,Block-3,Village-Navagam,22.4152,70.8954,True,2200000.0,2200000.0,2200000.0,0.0,2023-07-01,2023-07-20,2023-08-10,2024-01-15,Completed,CONTRACTOR-DEMO-0004,Aditya Buildcon Pvt Ltd,Rural Engineering Service (RES)
MPLADS-DEMO-000009,DEMO-SYNTHETIC-v1,SYNTHETIC_DEMONSTRATION,MPLADS_STYLE_STRUCTURE,Gujarat,Rajkot,Rajkot,Representative Rajkot (Simulated),Drinking Water & Sanitation,Installation of Community RO Water Purification Plant at Village-Sundarpur,Installation of Community RO Water Purification Plant at Village-Sundarpur with 1000 LPH capacity.,Block-1,Village-Sundarpur,22.30405,70.80232,True,750000.0,750000.0,720000.0,30000.0,2023-05-10,2023-06-01,2023-06-20,2023-09-30,Completed,CONTRACTOR-DEMO-0005,Shanti Contractors,Panchayati Raj Engineering Division
MPLADS-DEMO-000010,DEMO-SYNTHETIC-v1,SYNTHETIC_DEMONSTRATION,MPLADS_STYLE_STRUCTURE,Gujarat,Rajkot,Rajkot,Representative Rajkot (Simulated),Community Infrastructure,Construction of Solar-Powered Community Facility and High-Mast Lighting at Village-Sundarpur,"Comprehensive development of community center including boundary wall, RCC framing, and sanitary facilities with integrated solar high-mast illumination.",Block-1,Village-Sundarpur,22.30415,70.80235,True,4850000.0,2400000.0,4850000.0,0.0,2023-09-18,2023-10-02,2023-10-10,2023-10-15,Completed,CONTRACTOR-DEMO-0001,Apex Infrastructure Ltd,Public Works Department (PWD)
MPLADS-DEMO-000011,DEMO-SYNTHETIC-v1,SYNTHETIC_DEMONSTRATION,MPLADS_STYLE_STRUCTURE,Tamil Nadu,Salem,Salem,Representative Salem (Simulated),Healthcare Infrastructure,Supply of Diagnostic Medical Equipment and Patient Beds to Rural Clinic in Village-59,Supply of Diagnostic Medical Equipment and Patient Beds to Rural Clinic in Village-59. Execution by authorized implementing agency following standard technical specifications.,Block-10,Village-59,11.69638,78.137416,True,1120000.0,1143329.12,1021322.28,98677.72,2023-03-07,2023-04-18,2023-05-13,2023-08-03,Completed,CONTRACTOR-DEMO-0015,Maruti Contractors,District Rural Development Agency (DRDA)
MPLADS-DEMO-000012,DEMO-SYNTHETIC-v1,SYNTHETIC_DEMONSTRATION,MPLADS_STYLE_STRUCTURE,Telangana,Nizamabad,Nizamabad,Representative Nizamabad (Simulated),Community Infrastructure,Construction of Open Air Gymnasium and Seating Area at Village-92,Construction of Open Air Gymnasium and Seating Area at Village-92. Execution by authorized implementing agency following standard technical specifications.,Block-3,Village-92,18.656229,78.048024,True,1270000.0,1261064.46,1151653.89,118346.11,2023-04-17,2023-05-11,2023-06-06,,In Progress,CONTRACTOR-DEMO-0101,Bharat Construction Co,Municipal Corporation Public Works
MPLADS-DEMO-000013,DEMO-SYNTHETIC-v1,SYNTHETIC_DEMONSTRATION,MPLADS_STYLE_STRUCTURE,Kerala,Wayanad,Wayanad,Representative Wayanad (Simulated),Drinking Water & Sanitation,Laying of Underground Drinking Water Pipeline Distribution in Village-150,Laying of Underground Drinking Water Pipeline Distribution in Village-150. Execution by authorized implementing agency following standard technical specifications.,Block-1,Village-150,11.639005,76.126949,True,1120000.0,1116377.52,1011778.17,108221.83,2024-04-19,2024-06-01,2024-07-04,,In Progress,CONTRACTOR-DEMO-0044,United Engineering Works,Public Works Department (PWD)
MPLADS-DEMO-000014,DEMO-SYNTHETIC-v1,SYNTHETIC_DEMONSTRATION,MPLADS_STYLE_STRUCTURE,Madhya Pradesh,Jabalpur,Jabalpur,Representative Jabalpur (Simulated),Rural Connectivity & Roads,Upgradation of Rural Link Road connecting Hamlet to Main Highway at Village-164,Upgradation of Rural Link Road connecting Hamlet to Main Highway at Village-164. Execution by authorized implementing agency following standard technical specifications.,Block-5,Village-164,23.241564,80.011141,True,4530000.0,4655138.14,3605064.19,924935.81,2023-07-30,2023-09-12,2023-10-03,,In Progress,CONTRACTOR-DEMO-0150,Reliable Engineering Works,District Rural Development Agency (DRDA)
MPLADS-DEMO-000015,DEMO-SYNTHETIC-v1,SYNTHETIC_DEMONSTRATION,MPLADS_STYLE_STRUCTURE,Tamil Nadu,Coimbatore,Coimbatore,Representative Coimbatore (Simulated),Rural Connectivity & Roads,Upgradation of Rural Link Road connecting Hamlet to Main Highway at Village-6,Upgradation of Rural Link Road connecting Hamlet to Main Highway at Village-6. Execution by authorized implementing agency following standard technical specifications.,Block-7,Village-6,11.078933,76.97637,True,3600000.0,3458332.21,3416275.81,183724.19,2024-02-17,2024-03-05,2024-04-20,2024-09-15,Completed,CONTRACTOR-DEMO-0062,Panchsheel Projects Ltd,Municipal Corporation Public Works
MPLADS-DEMO-000016,DEMO-SYNTHETIC-v1,SYNTHETIC_DEMONSTRATION,MPLADS_STYLE_STRUCTURE,Telangana,Nizamabad,Nizamabad,Representative Nizamabad (Simulated),Rural Connectivity & Roads,Interlocking Paver Block Road Installation along Main Street in Village-163,Interlocking Paver Block Road Installation along Main Street in Village-163. Execution by authorized implementing agency following standard technical specifications.,Block-4,Village-163,18.632217,78.061681,True,1760000.0,1791106.72,1586836.69,173163.31,2024-03-19,2024-04-10,2024-05-01,2024-07-25,Completed,CONTRACTOR-DEMO-0083,Maruti Buildcon Pvt Ltd,Panchayati Raj Engineering Division
MPLADS-DEMO-000017,DEMO-SYNTHETIC-v1,SYNTHETIC_DEMONSTRATION,MPLADS_STYLE_STRUCTURE,Gujarat,Ahmedabad,Ahmedabad West,Representative Ahmedabad (Simulated),Renewable Energy,Supply and Erection of 30 Standalone Solar Street Lights in Village-188,Supply and Erection of 30 Standalone Solar Street Lights in Village-188. Execution by authorized implementing agency following standard technical specifications.,Block-9,Village-188,22.974584,72.624652,True,700000.0,713858.93,553278.05,146721.95,2023-03-23,2023-04-29,2023-06-16,2023-11-07,Completed,CONTRACTOR-DEMO-0046,Classic Projects Ltd,District Rural Development Agency (DRDA)
MPLADS-DEMO-000018,DEMO-SYNTHETIC-v1,SYNTHETIC_DEMONSTRATION,MPLADS_STYLE_STRUCTURE,Odisha,Ganjam,Aska,Representative Ganjam (Simulated),Irrigation & Water Conservation,Desilting and Deepening of Traditional Village Water Reservoir in Village-76,Desilting and Deepening of Traditional Village Water Reservoir in Village-76. Execution by authorized implementing agency following standard technical specifications.,Block-7,Village-76,19.412053,84.969033,True,940000.0,937618.52,721279.72,218720.28,2024-02-05,2024-03-04,2024-04-13,2024-11-16,Completed,CONTRACTOR-DEMO-0097,Surya Shakti Buildcon Pvt Ltd,Public Works Department (PWD)
MPLADS-DEMO-000019,DEMO-SYNTHETIC-v1,SYNTHETIC_DEMONSTRATION,MPLADS_STYLE_STRUCTURE,Telangana,Nizamabad,Nizamabad,Representative Nizamabad (Simulated),Education & Schools,Construction of Additional Classrooms at Govt Senior Secondary School Village-68,Construction of Additional Classrooms at Govt Senior Secondary School Village-68. Execution by authorized implementing agency following standard technical specifications.,Block-9,Village-68,18.677254,78.088222,True,2070000.0,2084003.15,1944052.88,125947.12,2024-05-10,2024-06-16,2024-07-07,,In Progress,CONTRACTOR-DEMO-0124,Samriddhi Construction Co,Public Works Department (PWD)
MPLADS-DEMO-000020,DEMO-SYNTHETIC-v1,SYNTHETIC_DEMONSTRATION,MPLADS_STYLE_STRUCTURE,Tamil Nadu,Madurai,Madurai,Representative Madurai (Simulated),Renewable Energy,Supply and Erection of 30 Standalone Solar Street Lights in Village-157,Supply and Erection of 30 Standalone Solar Street Lights in Village-157. Execution by authorized implementing agency following standard technical specifications.,Block-8,Village-157,9.888978,78.063018,True,790000.0,815873.3,647407.95,142592.05,2023-08-12,2023-09-02,2023-09-25,,In Progress,CONTRACTOR-DEMO-0013,Bharat Engineering Works,District Rural Development Agency (DRDA)
MPLADS-DEMO-000021,DEMO-SYNTHETIC-v1,SYNTHETIC_DEMONSTRATION,MPLADS_STYLE_STRUCTURE,Karnataka,Bengaluru Rural,Bengaluru Rural,Representative Bengaluru Rural (Simulated),Community Infrastructure,Construction of Multipurpose Community Hall at Village Village-61,Construction of Multipurpose Community Hall at Village Village-61. Execution by authorized implementing agency following standard technical specifications.,Block-2,Village-61,13.114844,77.520436,True,1780000.0,1761632.04,1723676.49,56323.51,2024-01-06,2024-02-15,2024-03-10,2024-06-18,Completed,CONTRACTOR-DEMO-0129,Mahalaxmi Engineers & Builders,Municipal Corporation Public Works
MPLADS-DEMO-000022,DEMO-SYNTHETIC-v1,SYNTHETIC_DEMONSTRATION,MPLADS_STYLE_STRUCTURE,Madhya Pradesh,Bhopal,Bhopal,Representative Bhopal (Simulated),Rural Connectivity & Roads,Construction of Cement Concrete (CC) Road and Drain Channel at Village-177,Construction of Cement Concrete (CC) Road and Drain Channel at Village-177. Execution by authorized implementing agency following standard technical specifications.,Block-8,Village-177,23.243069,77.40524,True,2200000.0,2262559.23,1700273.44,499726.56,2024-01-01,2024-02-07,2024-03-27,2024-09-09,Completed,CONTRACTOR-DEMO-0019,Samriddhi Infrastructure Ltd,Panchayati Raj Engineering Division
MPLADS-DEMO-000023,DEMO-SYNTHETIC-v1,SYNTHETIC_DEMONSTRATION,MPLADS_STYLE_STRUCTURE,Uttar Pradesh,Gorakhpur,Gorakhpur,Representative Gorakhpur (Simulated),Drinking Water & Sanitation,Installation of Community RO Water Purification Plant at Village-117,Installation of Community RO Water Purification Plant at Village-117. Execution by authorized implementing agency following standard technical specifications.,Block-8,Village-117,26.707518,83.335774,True,1000000.0,1007771.68,754912.21,245087.79,2024-02-21,2024-03-27,2024-04-26,2024-12-01,Completed,CONTRACTOR-DEMO-0056,Om Construction Co,Public Works Department (PWD)
MPLADS-DEMO-000024,DEMO-SYNTHETIC-v1,SYNTHETIC_DEMONSTRATION,MPLADS_STYLE_STRUCTURE,Telangana,Karimnagar,Karimnagar,Representative Karimnagar (Simulated),Irrigation & Water Conservation,Construction of Reinforced Concrete Irrigation Sluice Gate and Channel in Village-54,Construction of Reinforced Concrete Irrigation Sluice Gate and Channel in Village-54. Execution by authorized implementing agency following standard technical specifications.,Block-5,Village-54,18.44983,79.169497,True,1190000.0,1173678.87,932885.58,257114.42,2024-04-20,2024-05-04,2024-06-05,2024-09-25,Completed,CONTRACTOR-DEMO-0037,Classic Urban Works Pvt Ltd,Municipal Corporation Public Works
MPLADS-DEMO-000025,DEMO-SYNTHETIC-v1,SYNTHETIC_DEMONSTRATION,MPLADS_STYLE_STRUCTURE,Uttar Pradesh,Gorakhpur,Gorakhpur,Representative Gorakhpur (Simulated),Irrigation & Water Conservation,Construction of Check Dam and Water Harvesting Percolation Tank at Village-29,Construction of Check Dam and Water Harvesting Percolation Tank at Village-29. Execution by authorized implementing agency following standard technical specifications.,Block-10,Village-29,26.781537,83.311551,True,1110000.0,1097411.91,1033786.57,76213.43,2023-11-12,2023-12-16,2024-01-01,,In Progress,CONTRACTOR-DEMO-0017,Vikas Engineers & Builders,Rural Engineering Service (RES)
MPLADS-DEMO-000026,DEMO-SYNTHETIC-v1,SYNTHETIC_DEMONSTRATION,MPLADS_STYLE_STRUCTURE,Kerala,Kozhikode,Kozhikode,Representative Kozhikode (Simulated),Education & Schools,Construction of Additional Classrooms at Govt Senior Secondary School Village-191,Construction of Additional Classrooms at Govt Senior Secondary School Village-191. Execution by authorized implementing agency following standard technical specifications.,Block-2,Village-191,11.202063,75.773676,True,2320000.0,2322456.96,1798191.22,521808.78,2023-09-29,2023-10-27,2023-11-13,2024-06-08,Completed,CONTRACTOR-DEMO-0081,Vanguard Urban Works Pvt Ltd,Panchayati Raj Engineering Division
MPLADS-DEMO-000027,DEMO-SYNTHETIC-v1,SYNTHETIC_DEMONSTRATION,MPLADS_STYLE_STRUCTURE,Tamil Nadu,Salem,Salem,Representative Salem (Simulated),Community Infrastructure,Construction of Multipurpose Community Hall at Village Village-123,Construction of Multipurpose Community Hall at Village Village-123. Execution by authorized implementing agency following standard technical specifications.,Block-4,Village-123,11.709449,78.136416,True,1330000.0,1328964.61,1275777.48,54222.52,2023-02-21,2023-03-12,2023-04-16,2023-07-16,Completed,CONTRACTOR-DEMO-0036,Sai Projects Ltd,District Rural Development Agency (DRDA)
MPLADS-DEMO-000028,DEMO-SYNTHETIC-v1,SYNTHETIC_DEMONSTRATION,MPLADS_STYLE_STRUCTURE,Tamil Nadu,Madurai,Madurai,Representative Madurai (Simulated),Healthcare Infrastructure,Development of Emergency Cold Storage and Pharmacy Room at Hospital Village-141,Development of Emergency Cold Storage and Pharmacy Room at Hospital Village-141. Execution by authorized implementing agency following standard technical specifications.,Block-2,Village-141,9.95278,78.104318,True,1960000.0,1964791.31,1674534.91,285465.09,2023-11-20,2023-12-31,2024-01-21,2024-05-04,Completed,CONTRACTOR-DEMO-0171,Golden Contractors,Minor Irrigation Division
MPLADS-DEMO-000029,DEMO-SYNTHETIC-v1,SYNTHETIC_DEMONSTRATION,MPLADS_STYLE_STRUCTURE,Odisha,Cuttack,Cuttack,Representative Cuttack (Simulated),Irrigation & Water Conservation,Construction of Reinforced Concrete Irrigation Sluice Gate and Channel in Village-185,Construction of Reinforced Concrete Irrigation Sluice Gate and Channel in Village-185. Execution by authorized implementing agency following standard technical specifications.,Block-6,Village-185,20.510014,85.873909,True,1190000.0,1181795.05,1118964.64,71035.36,2023-08-07,2023-09-16,2023-10-07,2024-03-10,Completed,CONTRACTOR-DEMO-0174,Maruti Projects Ltd,District Rural Development Agency (DRDA)
MPLADS-DEMO-000030,DEMO-SYNTHETIC-v1,SYNTHETIC_DEMONSTRATION,MPLADS_STYLE_STRUCTURE,Rajasthan,Udaipur,Udaipur,Representative Udaipur (Simulated),Drinking Water & Sanitation,Laying of Underground Drinking Water Pipeline Distribution in Village-18,Laying of Underground Drinking Water Pipeline Distribution in Village-18. Execution by authorized implementing agency following standard technical specifications.,Block-9,Village-18,24.532259,73.658597,True,1350000.0,1306428.96,1241896.16,108103.84,2024-03-05,2024-03-27,2024-05-16,,In Progress,CONTRACTOR-DEMO-0147,Alliance Engineers & Builders,Municipal Corporation Public Works
MPLADS-DEMO-000031,DEMO-SYNTHETIC-v1,SYNTHETIC_DEMONSTRATION,MPLADS_STYLE_STRUCTURE,Rajasthan,Jodhpur,Jodhpur,Representative Jodhpur (Simulated),Healthcare Infrastructure,Construction of Maternity & Child Healthcare Ward at Primary Health Sub-Center Village-106,Construction of Maternity & Child Healthcare Ward at Primary Health Sub-Center Village-106. Execution by authorized implementing agency following standard technical specifications.,Block-7,Village-106,26.219868,73.045794,True,2880000.0,2964808.43,2637630.59,242369.41,2024-05-24,2024-06-25,2024-07-29,,In Progress,CONTRACTOR-DEMO-0151,Modern Projects Ltd,Municipal Corporation Public Works
MPLADS-DEMO-000032,DEMO-SYNTHETIC-v1,SYNTHETIC_DEMONSTRATION,MPLADS_STYLE_STRUCTURE,Uttar Pradesh,Varanasi,Varanasi,Representative Varanasi (Simulated),Drinking Water & Sanitation,Laying of Underground Drinking Water Pipeline Distribution in Village-58,Laying of Underground Drinking Water Pipeline Distribution in Village-58. Execution by authorized implementing agency following standard technical specifications.,Block-9,Village-58,25.362746,82.954415,True,1270000.0,1230872.35,1033869.77,236130.23,2023-05-10,2023-06-20,2023-08-09,2024-03-13,Completed,CONTRACTOR-DEMO-0010,Bharat Contractors,Municipal Corporation Public Works
MPLADS-DEMO-000033,DEMO-SYNTHETIC-v1,SYNTHETIC_DEMONSTRATION,MPLADS_STYLE_STRUCTURE,Odisha,Ganjam,Aska,Representative Ganjam (Simulated),Healthcare Infrastructure,Development of Emergency Cold Storage and Pharmacy Room at Hospital Village-69,Development of Emergency Cold Storage and Pharmacy Room at Hospital Village-69. Execution by authorized implementing agency following standard technical specifications.,Block-10,Village-69,19.318764,84.960525,True,2170000.0,2136839.74,1797106.49,372893.51,2023-01-18,2023-02-12,2023-03-08,2023-09-01,Completed,CONTRACTOR-DEMO-0021,Apex Contractors,Rural Engineering Service (RES)
MPLADS-DEMO-000034,DEMO-SYNTHETIC-v1,SYNTHETIC_DEMONSTRATION,MPLADS_STYLE_STRUCTURE,Kerala,Kozhikode,Kozhikode,Representative Kozhikode (Simulated),Healthcare Infrastructure,Construction of Maternity & Child Healthcare Ward at Primary Health Sub-Center Village-24,Construction of Maternity & Child Healthcare Ward at Primary Health Sub-Center Village-24. Execution by authorized implementing agency following standard technical specifications.,Block-5,Village-24,11.290795,75.743367,True,2870000.0,2859357.07,2256405.86,613594.14,2023-06-23,2023-07-27,2023-08-16,2023-12-08,Completed,CONTRACTOR-DEMO-0044,United Engineering Works,Municipal Corporation Public Works
MPLADS-DEMO-000035,DEMO-SYNTHETIC-v1,SYNTHETIC_DEMONSTRATION,MPLADS_STYLE_STRUCTURE,Gujarat,Ahmedabad,Ahmedabad West,Representative Ahmedabad (Simulated),Healthcare Infrastructure,Construction of Maternity & Child Healthcare Ward at Primary Health Sub-Center Village-70,Construction of Maternity & Child Healthcare Ward at Primary Health Sub-Center Village-70. Execution by authorized implementing agency following standard technical specifications.,Block-1,Village-70,23.015105,72.561522,True,2930000.0,2909884.67,2342771.93,587228.07,2023-10-04,2023-10-25,2023-12-01,2024-04-26,Completed,CONTRACTOR-DEMO-0177,Apex Enterprises,Minor Irrigation Division
MPLADS-DEMO-000036,DEMO-SYNTHETIC-v1,SYNTHETIC_DEMONSTRATION,MPLADS_STYLE_STRUCTURE,Tamil Nadu,Coimbatore,Coimbatore,Representative Coimbatore (Simulated),Education & Schools,Construction of Separate Girls Toilet and Wash Area in Govt High School Village-12,Construction of Separate Girls Toilet and Wash Area in Govt High School Village-12. Execution by authorized implementing agency following standard technical specifications.,Block-3,Village-12,10.980467,77.018778,True,530000.0,509125.93,434243.02,95756.98,2023-05-03,2023-05-25,2023-06-25,2023-10-08,Completed,CONTRACTOR-DEMO-0005,Shanti Contractors,Panchayati Raj Engineering Division
MPLADS-DEMO-000037,DEMO-SYNTHETIC-v1,SYNTHETIC_DEMONSTRATION,MPLADS_STYLE_STRUCTURE,Kerala,Kozhikode,Kozhikode,Representative Kozhikode (Simulated),Education & Schools,Installation of Digital Smart Classroom and Computer Lab Infrastructure at Village-34,Installation of Digital Smart Classroom and Computer Lab Infrastructure at Village-34. Execution by authorized implementing agency following standard technical specifications.,Block-5,Village-34,11.243227,75.806877,True,1340000.0,1346295.17,1210892.45,129107.55,2023-07-15,2023-08-02,2023-09-11,2023-12-05,Completed,CONTRACTOR-DEMO-0115,Reliable Urban Works Pvt Ltd,Public Works Department (PWD)
MPLADS-DEMO-000038,DEMO-SYNTHETIC-v1,SYNTHETIC_DEMONSTRATION,MPLADS_STYLE_STRUCTURE,Madhya Pradesh,Jabalpur,Jabalpur,Representative Jabalpur (Simulated),Community Infrastructure,Construction of Open Air Gymnasium and Seating Area at Village-148,Construction of Open Air Gymnasium and Seating Area at Village-148. Execution by authorized implementing agency following standard technical specifications.,Block-9,Village-148,23.172307,79.973975,True,1130000.0,1110972.17,952767.9,177232.1,2024-05-23,2024-06-26,2024-07-21,,In Progress,CONTRACTOR-DEMO-0162,Reliable Enterprises,Panchayati Raj Engineering Division
MPLADS-DEMO-000039,DEMO-SYNTHETIC-v1,SYNTHETIC_DEMONSTRATION,MPLADS_STYLE_STRUCTURE,Telangana,Karimnagar,Karimnagar,Representative Karimnagar (Simulated),Healthcare Infrastructure,Supply of Diagnostic Medical Equipment and Patient Beds to Rural Clinic in Village-23,Supply of Diagnostic Medical Equipment and Patient Beds to Rural Clinic in Village-23. Execution by authorized implementing agency following standard technical specifications.,Block-4,Village-23,18.430373,79.077562,True,1550000.0,1561020.04,1349292.65,200707.35,2023-08-05,2023-09-07,2023-10-13,,In Progress,CONTRACTOR-DEMO-0047,Golden Civil Projects,Public Works Department (PWD)
MPLADS-DEMO-000040,DEMO-SYNTHETIC-v1,SYNTHETIC_DEMONSTRATION,MPLADS_STYLE_STRUCTURE,Karnataka,Mysuru,Mysuru,Representative Mysuru (Simulated),Healthcare Infrastructure,Construction of Maternity & Child Healthcare Ward at Primary Health Sub-Center Village-136,Construction of Maternity & Child Healthcare Ward at Primary Health Sub-Center Village-136. Execution by authorized implementing agency following standard technical specifications.,Block-7,Village-136,12.297094,76.69217,True,2690000.0,2657956.66,2610352.79,79647.21,2023-12-11,2024-01-03,2024-02-02,,In Progress,CONTRACTOR-DEMO-0069,Samriddhi Infra Solutions,Rural Engineering Service (RES)
MPLADS-DEMO-000041,DEMO-SYNTHETIC-v1,SYNTHETIC_DEMONSTRATION,MPLADS_STYLE_STRUCTURE,Maharashtra,Nashik,Nashik,Representative Nashik (Simulated),Renewable Energy,Installation of Solar LED High-Mast Lighting System at Market Yard Village-195,Installation of Solar LED High-Mast Lighting System at Market Yard Village-195. Execution by authorized implementing agency following standard technical specifications.,Block-6,Village-195,20.03119,73.734596,True,850000.0,849599.96,784994.16,65005.84,2024-02-08,2024-03-21,2024-04-25,2024-09-27,Completed,CONTRACTOR-DEMO-0042,Balaji Construction Co,Panchayati Raj Engineering Division
MPLADS-DEMO-000042,DEMO-SYNTHETIC-v1,SYNTHETIC_DEMONSTRATION,MPLADS_STYLE_STRUCTURE,Gujarat,Surat,Surat,Representative Surat (Simulated),Education & Schools,Setup of Science Laboratory and Learning Resource Center in Village-162,Setup of Science Laboratory and Learning Resource Center in Village-162. Execution by authorized implementing agency following standard technical specifications.,Block-3,Village-162,21.144567,72.801808,True,970000.0,958510.72,744051.94,225948.06,2023-09-08,2023-10-20,2023-11-06,,In Progress,CONTRACTOR-DEMO-0077,Aditya Construction Co,Public Works Department (PWD)
MPLADS-DEMO-000043,DEMO-SYNTHETIC-v1,SYNTHETIC_DEMONSTRATION,MPLADS_STYLE_STRUCTURE,Tamil Nadu,Salem,Salem,Representative Salem (Simulated),Irrigation & Water Conservation,Construction of Check Dam and Water Harvesting Percolation Tank at Village-158,Construction of Check Dam and Water Harvesting Percolation Tank at Village-158. Execution by authorized implementing agency following standard technical specifications.,Block-9,Village-158,11.67653,78.130983,True,1840000.0,1847995.37,1715097.29,124902.71,2024-04-17,2024-05-03,2024-06-15,2024-10-16,Completed,CONTRACTOR-DEMO-0086,Swastik Buildcon Pvt Ltd,Municipal Corporation Public Works
MPLADS-DEMO-000044,DEMO-SYNTHETIC-v1,SYNTHETIC_DEMONSTRATION,MPLADS_STYLE_STRUCTURE,Karnataka,Bengaluru Rural,Bengaluru Rural,Representative Bengaluru Rural (Simulated),Renewable Energy,Installation of Solar LED High-Mast Lighting System at Market Yard Village-16,Installation of Solar LED High-Mast Lighting System at Market Yard Village-16. Execution by authorized implementing agency following standard technical specifications.,Block-7,Village-16,13.058068,77.608226,True,660000.0,685469.96,507801.16,152198.84,2023-12-11,2024-01-05,2024-01-22,,In Progress,CONTRACTOR-DEMO-0116,Samriddhi Projects Ltd,Panchayati Raj Engineering Division
MPLADS-DEMO-000045,DEMO-SYNTHETIC-v1,SYNTHETIC_DEMONSTRATION,MPLADS_STYLE_STRUCTURE,Karnataka,Mysuru,Mysuru,Representative Mysuru (Simulated),Renewable Energy,Installation of 10kW Rooftop Solar Power System at Primary Health Center Village-41,Installation of 10kW Rooftop Solar Power System at Primary Health Center Village-41. Execution by authorized implementing agency following standard technical specifications.,Block-2,Village-41,12.278107,76.693732,True,840000.0,833869.3,695372.53,144627.47,2023-11-17,2023-12-04,2024-01-09,,In Progress,CONTRACTOR-DEMO-0028,Siddhartha Buildcon Pvt Ltd,Municipal Corporation Public Works
MPLADS-DEMO-000046,DEMO-SYNTHETIC-v1,SYNTHETIC_DEMONSTRATION,MPLADS_STYLE_STRUCTURE,Kerala,Wayanad,Wayanad,Representative Wayanad (Simulated),Education & Schools,Construction of Separate Girls Toilet and Wash Area in Govt High School Village-65,Construction of Separate Girls Toilet and Wash Area in Govt High School Village-65. Execution by authorized implementing agency following standard technical specifications.,Block-6,Village-65,11.714485,76.152353,True,880000.0,906278.89,727472.48,152527.52,2023-11-09,2023-12-02,2024-01-08,2024-07-01,Completed,CONTRACTOR-DEMO-0037,Classic Urban Works Pvt Ltd,Municipal Corporation Public Works
MPLADS-DEMO-000047,DEMO-SYNTHETIC-v1,SYNTHETIC_DEMONSTRATION,MPLADS_STYLE_STRUCTURE,Kerala,Ernakulam,Ernakulam,Representative Ernakulam (Simulated),Community Infrastructure,Construction of Open Air Gymnasium and Seating Area at Village-144,Construction of Open Air Gymnasium and Seating Area at Village-144. Execution by authorized implementing agency following standard technical specifications.,Block-5,Village-144,9.965568,76.337816,True,760000.0,770343.08,714902.03,45097.97,2024-01-28,2024-02-16,2024-03-29,2024-06-16,Completed,CONTRACTOR-DEMO-0096,Kisan Contractors,District Rural Development Agency (DRDA)
MPLADS-DEMO-000048,DEMO-SYNTHETIC-v1,SYNTHETIC_DEMONSTRATION,MPLADS_STYLE_STRUCTURE,Maharashtra,Nashik,Nashik,Representative Nashik (Simulated),Drinking Water & Sanitation,Drilling of Deep Borewell and Solar-Powered Overhead Water Tank at Village-197,Drilling of Deep Borewell and Solar-Powered Overhead Water Tank at Village-197. Execution by authorized implementing agency following standard technical specifications.,Block-8,Village-197,19.995715,73.754251,True,580000.0,563989.46,474458.67,105541.33,2024-02-22,2024-03-13,2024-04-29,2024-11-24,Completed,CONTRACTOR-DEMO-0013,Bharat Engineering Works,Minor Irrigation Division
MPLADS-DEMO-000049,DEMO-SYNTHETIC-v1,SYNTHETIC_DEMONSTRATION,MPLADS_STYLE_STRUCTURE,Rajasthan,Jodhpur,Jodhpur,Representative Jodhpur (Simulated),Irrigation & Water Conservation,Construction of Reinforced Concrete Irrigation Sluice Gate and Channel in Village-34,Construction of Reinforced Concrete Irrigation Sluice Gate and Channel in Village-34. Execution by authorized implementing agency following standard technical specifications.,Block-5,Village-34,26.251542,72.979353,True,1130000.0,1159953.59,1047908.32,82091.68,2024-03-04,2024-03-28,2024-05-10,,In Progress,CONTRACTOR-DEMO-0097,Surya Shakti Buildcon Pvt Ltd,Minor Irrigation Division
MPLADS-DEMO-000050,DEMO-SYNTHETIC-v1,SYNTHETIC_DEMONSTRATION,MPLADS_STYLE_STRUCTURE,Kerala,Kozhikode,Kozhikode,Representative Kozhikode (Simulated),Drinking Water & Sanitation,Laying of Underground Drinking Water Pipeline Distribution in Village-157,Laying of Underground Drinking Water Pipeline Distribution in Village-157. Execution by authorized implementing agency following standard technical specifications.,Block-8,Village-157,11.230841,75.81271,True,1370000.0,1340846.72,1102861.99,267138.01,2024-05-23,2024-07-06,2024-08-02,,In Progress,CONTRACTOR-DEMO-0150,Reliable Engineering Works,Panchayati Raj Engineering Division
MPLADS-DEMO-000051,DEMO-SYNTHETIC-v1,SYNTHETIC_DEMONSTRATION,MPLADS_STYLE_STRUCTURE,Madhya Pradesh,Jabalpur,Jabalpur,Representative Jabalpur (Simulated),Irrigation & Water Conservation,Desilting and Deepening of Traditional Village Water Reservoir in Village-200,Desilting and Deepening of Traditional Village Water Reservoir in Village-200. Execution by authorized implementing agency following standard technical specifications.,Block-1,Village-200,23.166143,79.98997,True,6200000.0,6200000.0,600000.0,5600000.0,2023-01-22,2023-02-15,2023-03-22,,In Progress,CONTRACTOR-DEMO-0145,Samriddhi Urban Works Pvt Ltd,Public Works Department (PWD)
MPLADS-DEMO-000052,DEMO-SYNTHETIC-v1,SYNTHETIC_DEMONSTRATION,MPLADS_STYLE_STRUCTURE,Kerala,Ernakulam,Ernakulam,Representative Ernakulam (Simulated),Irrigation & Water Conservation,Construction of Reinforced Concrete Irrigation Sluice Gate and Channel in Village-32,Construction of Reinforced Concrete Irrigation Sluice Gate and Channel in Village-32. Execution by authorized implementing agency following standard technical specifications.,Block-3,Village-32,9.953658,76.334105,True,7000000.0,7000000.0,500000.0,6500000.0,2023-01-21,2023-02-15,2023-03-22,,In Progress,CONTRACTOR-DEMO-0119,Shiv Shakti Infrastructure Ltd,District Rural Development Agency (DRDA)
MPLADS-DEMO-000053,DEMO-SYNTHETIC-v1,SYNTHETIC_DEMONSTRATION,MPLADS_STYLE_STRUCTURE,Odisha,Ganjam,Aska,Representative Ganjam (Simulated),Community Infrastructure,Renovation and Expansion of Village Panchayat Bhavan in Village-14,Renovation and Expansion of Village Panchayat Bhavan in Village-14. Execution by authorized implementing agency following standard technical specifications.,Block-5,Village-14,19.366539,84.973615,True,6900000.0,6900000.0,900000.0,6000000.0,2023-01-31,2023-02-15,2023-03-22,,In Progress,CONTRACTOR-DEMO-0041,Om Engineers & Builders,Rural Engineering Service (RES)
MPLADS-DEMO-000054,DEMO-SYNTHETIC-v1,SYNTHETIC_DEMONSTRATION,MPLADS_STYLE_STRUCTURE,Gujarat,Ahmedabad,Ahmedabad West,Representative Ahmedabad (Simulated),Rural Connectivity & Roads,Construction of Culvert and Cross-Drainage Structure on Link Road Village-179,Construction of Culvert and Cross-Drainage Structure on Link Road Village-179. Execution by authorized implementing agency following standard technical specifications.,Block-10,Village-179,23.065544,72.605049,True,5800000.0,5800000.0,500000.0,5300000.0,2023-01-30,2023-02-15,2023-03-22,,In Progress,CONTRACTOR-DEMO-0042,Balaji Construction Co,Municipal Corporation Public Works
MPLADS-DEMO-000055,DEMO-SYNTHETIC-v1,SYNTHETIC_DEMONSTRATION,MPLADS_STYLE_STRUCTURE,Kerala,Kozhikode,Kozhikode,Representative Kozhikode (Simulated),Renewable Energy,Installation of 10kW Rooftop Solar Power System at Primary Health Center Village-109,Installation of 10kW Rooftop Solar Power System at Primary Health Center Village-109. Execution by authorized implementing agency following standard technical specifications.,Block-10,Village-109,11.208254,75.752853,True,5900000.0,5900000.0,900000.0,5000000.0,2023-01-23,2023-02-15,2023-03-22,,In Progress,CONTRACTOR-DEMO-0131,Panchsheel Rural Developers,Municipal Corporation Public Works
MPLADS-DEMO-000056,DEMO-SYNTHETIC-v1,SYNTHETIC_DEMONSTRATION,MPLADS_STYLE_STRUCTURE,Karnataka,Dharwad,Dharwad,Representative Dharwad (Simulated),Community Infrastructure,Development of Public Recreation Shed and Boundary Wall in Village-184,Development of Public Recreation Shed and Boundary Wall in Village-184. Execution by authorized implementing agency following standard technical specifications.,Block-5,Village-184,15.412565,74.998601,True,5500000.0,5500000.0,700000.0,4800000.0,2023-01-25,2023-02-15,2023-03-22,,In Progress,CONTRACTOR-DEMO-0138,Pragati Buildcon Pvt Ltd,Municipal Corporation Public Works
MPLADS-DEMO-000057,DEMO-SYNTHETIC-v1,SYNTHETIC_DEMONSTRATION,MPLADS_STYLE_STRUCTURE,Karnataka,Mysuru,Mysuru,Representative Mysuru (Simulated),Irrigation & Water Conservation,Construction of Reinforced Concrete Irrigation Sluice Gate and Channel in Village-142,Construction of Reinforced Concrete Irrigation Sluice Gate and Channel in Village-142. Execution by authorized implementing agency following standard technical specifications.,Block-3,Village-142,12.233443,76.687933,True,6600000.0,6600000.0,900000.0,5700000.0,2023-01-26,2023-02-15,2023-03-22,,In Progress,CONTRACTOR-DEMO-0065,Kisan Enterprises,Minor Irrigation Division
MPLADS-DEMO-000058,DEMO-SYNTHETIC-v1,SYNTHETIC_DEMONSTRATION,MPLADS_STYLE_STRUCTURE,Kerala,Wayanad,Wayanad,Representative Wayanad (Simulated),Healthcare Infrastructure,Construction of Maternity & Child Healthcare Ward at Primary Health Sub-Center Village-198,Construction of Maternity & Child Healthcare Ward at Primary Health Sub-Center Village-198. Execution by authorized implementing agency following standard technical specifications.,Block-9,Village-198,11.696047,76.165368,True,5500000.0,5500000.0,900000.0,4600000.0,2023-01-24,2023-02-15,2023-03-22,,In Progress,CONTRACTOR-DEMO-0165,Riddhi Infra Solutions,Rural Engineering Service (RES)
MPLADS-DEMO-000059,DEMO-SYNTHETIC-v1,SYNTHETIC_DEMONSTRATION,MPLADS_STYLE_STRUCTURE,Telangana,Nizamabad,Nizamabad,Representative Nizamabad (Simulated),Drinking Water & Sanitation,Installation of Community RO Water Purification Plant at Village-184,Installation of Community RO Water Purification Plant at Village-184. Execution by authorized implementing agency following standard technical specifications.,Block-5,Village-184,18.708405,78.088598,True,6600000.0,6600000.0,900000.0,5700000.0,2023-01-24,2023-02-15,2023-03-22,,In Progress,CONTRACTOR-DEMO-0105,Krishna Buildcon Pvt Ltd,Municipal Corporation Public Works
MPLADS-DEMO-000060,DEMO-SYNTHETIC-v1,SYNTHETIC_DEMONSTRATION,MPLADS_STYLE_STRUCTURE,Karnataka,Bengaluru Rural,Bengaluru Rural,Representative Bengaluru Rural (Simulated),Rural Connectivity & Roads,Construction of Cement Concrete (CC) Road and Drain Channel at Village-193,Construction of Cement Concrete (CC) Road and Drain Channel at Village-193. Execution by authorized implementing agency following standard technical specifications.,Block-4,Village-193,13.083597,77.539994,True,5800000.0,5800000.0,700000.0,5100000.0,2023-01-25,2023-02-15,2023-03-22,,In Progress,CONTRACTOR-DEMO-0194,United Urban Works Pvt Ltd,Panchayati Raj Engineering Division
MPLADS-DEMO-000061,DEMO-SYNTHETIC-v1,SYNTHETIC_DEMONSTRATION,MPLADS_STYLE_STRUCTURE,Odisha,Cuttack,Cuttack,Representative Cuttack (Simulated),Education & Schools,Construction of Separate Girls Toilet and Wash Area in Govt High School Village-48,Construction of Separate Girls Toilet and Wash Area in Govt High School Village-48. Execution by authorized implementing agency following standard technical specifications.,Block-9,Village-48,20.462006,85.882678,True,830000.0,814510.25,638270.54,191729.46,2023-08-20,2023-09-08,2023-10-20,2024-02-18,Completed,CONTRACTOR-DEMO-0143,Mahalaxmi Rural Developers,District Rural Development Agency (DRDA)
MPLADS-DEMO-000062,DEMO-SYNTHETIC-v1,SYNTHETIC_DEMONSTRATION,MPLADS_STYLE_STRUCTURE,Rajasthan,Jodhpur,Jodhpur,Representative Jodhpur (Simulated),Community Infrastructure,Construction of Multipurpose Community Hall at Village Village-84,Construction of Multipurpose Community Hall at Village Village-84. Execution by authorized implementing agency following standard technical specifications.,Block-5,Village-84,26.259819,72.999144,True,1970000.0,2004303.67,1553006.75,416993.25,2023-08-30,2023-10-05,2023-11-17,,In Progress,CONTRACTOR-DEMO-0094,Panchsheel Construction Co,Municipal Corporation Public Works
MPLADS-DEMO-000063,DEMO-SYNTHETIC-v1,SYNTHETIC_DEMONSTRATION,MPLADS_STYLE_STRUCTURE,Madhya Pradesh,Bhopal,Bhopal,Representative Bhopal (Simulated),Rural Connectivity & Roads,Construction of Cement Concrete (CC) Road and Drain Channel at Village-20,Construction of Cement Concrete (CC) Road and Drain Channel at Village-20. Execution by authorized implementing agency following standard technical specifications.,Block-1,Village-20,23.282154,77.400407,True,2910000.0,2980095.14,2637229.52,272770.48,2024-05-16,2024-05-31,2024-06-24,2024-12-28,Completed,CONTRACTOR-DEMO-0012,Vanguard Rural Developers,Rural Engineering Service (RES)
MPLADS-DEMO-000064,DEMO-SYNTHETIC-v1,SYNTHETIC_DEMONSTRATION,MPLADS_STYLE_STRUCTURE,Gujarat,Surat,Surat,Representative Surat (Simulated),Drinking Water & Sanitation,Drilling of Deep Borewell and Solar-Powered Overhead Water Tank at Village-93,Drilling of Deep Borewell and Solar-Powered Overhead Water Tank at Village-93. Execution by authorized implementing agency following standard technical specifications.,Block-4,Village-93,21.154971,72.839842,True,880000.0,855602.05,751064.33,128935.67,2023-07-23,2023-08-29,2023-10-11,2024-01-29,Completed,CONTRACTOR-DEMO-0139,Premier Enterprises,District Rural Development Agency (DRDA)
MPLADS-DEMO-000065,DEMO-SYNTHETIC-v1,SYNTHETIC_DEMONSTRATION,MPLADS_STYLE_STRUCTURE,Madhya Pradesh,Indore,Indore,Representative Indore (Simulated),Rural Connectivity & Roads,Upgradation of Rural Link Road connecting Hamlet to Main Highway at Village-64,Upgradation of Rural Link Road connecting Hamlet to Main Highway at Village-64. Execution by authorized implementing agency following standard technical specifications.,Block-5,Village-64,22.779468,75.796069,True,3150000.0,3149759.08,2642872.36,507127.64,2023-10-29,2023-11-19,2023-12-20,2024-06-26,Completed,CONTRACTOR-DEMO-0058,Panchsheel Urban Works Pvt Ltd,Municipal Corporation Public Works
MPLADS-DEMO-000066,DEMO-SYNTHETIC-v1,SYNTHETIC_DEMONSTRATION,MPLADS_STYLE_STRUCTURE,Rajasthan,Jaipur,Jaipur,Representative Jaipur (Simulated),Healthcare Infrastructure,Supply of Diagnostic Medical Equipment and Patient Beds to Rural Clinic in Village-52,Supply of Diagnostic Medical Equipment and Patient Beds to Rural Clinic in Village-52. Execution by authorized implementing agency following standard technical specifications.,Block-3,Village-52,26.863343,75.833167,True,1570000.0,1528885.64,1435097.87,134902.13,2023-02-28,2023-04-03,2023-05-10,2023-12-11,Completed,CONTRACTOR-DEMO-0142,Panchsheel Infra Solutions,District Rural Development Agency (DRDA)
MPLADS-DEMO-000067,DEMO-SYNTHETIC-v1,SYNTHETIC_DEMONSTRATION,MPLADS_STYLE_STRUCTURE,Odisha,Cuttack,Cuttack,Representative Cuttack (Simulated),Rural Connectivity & Roads,Interlocking Paver Block Road Installation along Main Street in Village-183,Interlocking Paver Block Road Installation along Main Street in Village-183. Execution by authorized implementing agency following standard technical specifications.,Block-4,Village-183,20.489743,85.909029,True,1020000.0,1043965.62,884354.1,135645.9,2023-03-18,2023-04-13,2023-05-06,,In Progress,CONTRACTOR-DEMO-0130,Vikas Urban Works Pvt Ltd,Public Works Department (PWD)
MPLADS-DEMO-000068,DEMO-SYNTHETIC-v1,SYNTHETIC_DEMONSTRATION,MPLADS_STYLE_STRUCTURE,Rajasthan,Udaipur,Udaipur,Representative Udaipur (Simulated),Renewable Energy,Installation of 10kW Rooftop Solar Power System at Primary Health Center Village-95,Installation of 10kW Rooftop Solar Power System at Primary Health Center Village-95. Execution by authorized implementing agency following standard technical specifications.,Block-6,Village-95,24.581163,73.775292,True,680000.0,686089.99,523484.1,156515.9,2023-06-22,2023-07-31,2023-09-14,2024-03-11,Completed,CONTRACTOR-DEMO-0151,Modern Projects Ltd,Public Works Department (PWD)
MPLADS-DEMO-000069,DEMO-SYNTHETIC-v1,SYNTHETIC_DEMONSTRATION,MPLADS_STYLE_STRUCTURE,Maharashtra,Pune,Pune,Representative Pune (Simulated),Rural Connectivity & Roads,Construction of Cement Concrete (CC) Road and Drain Channel at Village-116,Construction of Cement Concrete (CC) Road and Drain Channel at Village-116. Execution by authorized implementing agency following standard technical specifications.,Block-7,Village-116,18.515958,73.858957,True,1920000.0,1978054.68,1784564.11,135435.89,2023-12-08,2024-01-02,2024-01-25,2024-04-23,Completed,CONTRACTOR-DEMO-0035,Surya Shakti Urban Works Pvt Ltd,Municipal Corporation Public Works
MPLADS-DEMO-000070,DEMO-SYNTHETIC-v1,SYNTHETIC_DEMONSTRATION,MPLADS_STYLE_STRUCTURE,Maharashtra,Pune,Pune,Representative Pune (Simulated),Rural Connectivity & Roads,Interlocking Paver Block Road Installation along Main Street in Village-42,Interlocking Paver Block Road Installation along Main Street in Village-42. Execution by authorized implementing agency following standard technical specifications.,Block-3,Village-42,18.497346,73.883913,True,1240000.0,1284390.33,1077989.65,162010.35,2023-06-09,2023-06-28,2023-07-29,,In Progress,CONTRACTOR-DEMO-0145,Samriddhi Urban Works Pvt Ltd,District Rural Development Agency (DRDA)
MPLADS-DEMO-000071,DEMO-SYNTHETIC-v1,SYNTHETIC_DEMONSTRATION,MPLADS_STYLE_STRUCTURE,Maharashtra,Pune,Pune,Representative Pune (Simulated),Renewable Energy,Supply and Erection of 30 Standalone Solar Street Lights in Village-158,Supply and Erection of 30 Standalone Solar Street Lights in Village-158 with LED fixtures.,Block-9,Village-158,18.524752,73.857035,True,4700000.0,4794000.0,4700000.0,0.0,2023-04-12,2023-05-17,2023-06-03,2023-08-24,Completed,CONTRACTOR-DEMO-0024,Modern Contractors,Public Works Department (PWD)
MPLADS-DEMO-000072,DEMO-SYNTHETIC-v1,SYNTHETIC_DEMONSTRATION,MPLADS_STYLE_STRUCTURE,Tamil Nadu,Salem,Salem,Representative Salem (Simulated),Renewable Energy,Supply and Erection of 30 Standalone Solar Street Lights in Village-68,Supply and Erection of 30 Standalone Solar Street Lights in Village-68 with LED fixtures.,Block-9,Village-68,11.683947,78.180705,True,6200000.0,6324000.0,6200000.0,0.0,2024-04-14,2024-05-16,2024-06-19,2024-12-14,Completed,CONTRACTOR-DEMO-0080,Krishna Urban Works Pvt Ltd,Panchayati Raj Engineering Division
MPLADS-DEMO-000073,DEMO-SYNTHETIC-v1,SYNTHETIC_DEMONSTRATION,MPLADS_STYLE_STRUCTURE,Gujarat,Surat,Surat,Representative Surat (Simulated),Renewable Energy,Supply and Erection of 30 Standalone Solar Street Lights in Village-41,Supply and Erection of 30 Standalone Solar Street Lights in Village-41 with LED fixtures.,Block-2,Village-41,21.162349,72.829053,True,7200000.0,7344000.0,7200000.0,0.0,2024-03-31,2024-05-04,2024-06-10,2024-09-26,Completed,CONTRACTOR-DEMO-0198,Aditya Infrastructure Ltd,District Rural Development Agency (DRDA)
MPLADS-DEMO-000074,DEMO-SYNTHETIC-v1,SYNTHETIC_DEMONSTRATION,MPLADS_STYLE_STRUCTURE,Karnataka,Mysuru,Mysuru,Representative Mysuru (Simulated),Renewable Energy,Supply and Erection of 30 Standalone Solar Street Lights in Village-82,Supply and Erection of 30 Standalone Solar Street Lights in Village-82 with LED fixtures.,Block-3,Village-82,12.262226,76.590328,True,8000000.0,8160000.0,8000000.0,0.0,2023-06-12,2023-07-20,2023-08-30,,In Progress,CONTRACTOR-DEMO-0044,United Engineering Works,District Rural Development Agency (DRDA)
MPLADS-DEMO-000075,DEMO-SYNTHETIC-v1,SYNTHETIC_DEMONSTRATION,MPLADS_STYLE_STRUCTURE,Odisha,Ganjam,Aska,Representative Ganjam (Simulated),Renewable Energy,Supply and Erection of 30 Standalone Solar Street Lights in Village-81,Supply and Erection of 30 Standalone Solar Street Lights in Village-81 with LED fixtures.,Block-2,Village-81,19.339678,84.945715,True,7200000.0,7344000.0,7200000.0,0.0,2023-09-26,2023-10-11,2023-10-31,2024-05-22,Completed,CONTRACTOR-DEMO-0121,Apex Engineering Works,Rural Engineering Service (RES)
MPLADS-DEMO-000076,DEMO-SYNTHETIC-v1,SYNTHETIC_DEMONSTRATION,MPLADS_STYLE_STRUCTURE,Uttar Pradesh,Varanasi,Varanasi,Representative Varanasi (Simulated),Renewable Energy,Supply and Erection of 30 Standalone Solar Street Lights in Village-13,Supply and Erection of 30 Standalone Solar Street Lights in Village-13 with LED fixtures.,Block-4,Village-13,25.25917,82.973236,True,4900000.0,4998000.0,4900000.0,0.0,2023-01-19,2023-02-08,2023-03-22,,In Progress,CONTRACTOR-DEMO-0071,Kisan Infra Solutions,Minor Irrigation Division
MPLADS-DEMO-000077,DEMO-SYNTHETIC-v1,SYNTHETIC_DEMONSTRATION,MPLADS_STYLE_STRUCTURE,Rajasthan,Udaipur,Udaipur,Representative Udaipur (Simulated),Renewable Energy,Supply and Erection of 30 Standalone Solar Street Lights in Village-94,Supply and Erection of 30 Standalone Solar Street Lights in Village-94 with LED fixtures.,Block-5,Village-94,24.526282,73.65415,True,4900000.0,4998000.0,4900000.0,0.0,2023-02-21,2023-03-31,2023-05-17,2023-12-18,Completed,CONTRACTOR-DEMO-0075,National Engineering Works,Municipal Corporation Public Works
MPLADS-DEMO-000078,DEMO-SYNTHETIC-v1,SYNTHETIC_DEMONSTRATION,MPLADS_STYLE_STRUCTURE,Kerala,Wayanad,Wayanad,Representative Wayanad (Simulated),Renewable Energy,Supply and Erection of 30 Standalone Solar Street Lights in Village-33,Supply and Erection of 30 Standalone Solar Street Lights in Village-33 with LED fixtures.,Block-4,Village-33,11.747161,76.118207,True,5000000.0,5100000.0,5000000.0,0.0,2023-03-29,2023-04-24,2023-06-10,2023-09-03,Completed,CONTRACTOR-DEMO-0015,Maruti Contractors,Public Works Department (PWD)
MPLADS-DEMO-000079,DEMO-SYNTHETIC-v1,SYNTHETIC_DEMONSTRATION,MPLADS_STYLE_STRUCTURE,Maharashtra,Pune,Pune,Representative Pune (Simulated),Renewable Energy,Supply and Erection of 30 Standalone Solar Street Lights in Village-122,Supply and Erection of 30 Standalone Solar Street Lights in Village-122 with LED fixtures.,Block-3,Village-122,18.522913,73.811062,True,6100000.0,6222000.0,6100000.0,0.0,2023-06-27,2023-07-21,2023-08-30,2024-01-28,Completed,CONTRACTOR-DEMO-0155,Reliable Contractors,District Rural Development Agency (DRDA)
MPLADS-DEMO-000080,DEMO-SYNTHETIC-v1,SYNTHETIC_DEMONSTRATION,MPLADS_STYLE_STRUCTURE,Karnataka,Mysuru,Mysuru,Representative Mysuru (Simulated),Renewable Energy,Supply and Erection of 30 Standalone Solar Street Lights in Village-137,Supply and Erection of 30 Standalone Solar Street Lights in Village-137 with LED fixtures.,Block-8,Village-137,12.29448,76.64758,True,8700000.0,8874000.0,8700000.0,0.0,2023-12-25,2024-01-15,2024-02-25,2024-05-16,Completed,CONTRACTOR-DEMO-0156,Alliance Infra Solutions,Panchayati Raj Engineering Division
MPLADS-DEMO-000081,DEMO-SYNTHETIC-v1,SYNTHETIC_DEMONSTRATION,MPLADS_STYLE_STRUCTURE,Uttar Pradesh,Gorakhpur,Gorakhpur,Representative Gorakhpur (Simulated),Renewable Energy,Supply and Erection of 30 Standalone Solar Street Lights in Village-148,Supply and Erection of 30 Standalone Solar Street Lights in Village-148 with LED fixtures.,Block-9,Village-148,26.725181,83.314876,True,6700000.0,6834000.0,6700000.0,0.0,2023-11-28,2024-01-05,2024-01-29,2024-06-14,Completed,CONTRACTOR-DEMO-0012,Vanguard Rural Developers,Municipal Corporation Public Works
MPLADS-DEMO-000082,DEMO-SYNTHETIC-v1,SYNTHETIC_DEMONSTRATION,MPLADS_STYLE_STRUCTURE,Kerala,Ernakulam,Ernakulam,Representative Ernakulam (Simulated),Renewable Energy,Supply and Erection of 30 Standalone Solar Street Lights in Village-5,Supply and Erection of 30 Standalone Solar Street Lights in Village-5 with LED fixtures.,Block-6,Village-5,9.973935,76.289341,True,7500000.0,7650000.0,7500000.0,0.0,2024-02-15,2024-03-30,2024-04-17,2024-11-10,Completed,CONTRACTOR-DEMO-0057,Universal Projects Ltd,Municipal Corporation Public Works
MPLADS-DEMO-000083,DEMO-SYNTHETIC-v1,SYNTHETIC_DEMONSTRATION,MPLADS_STYLE_STRUCTURE,Rajasthan,Jodhpur,Jodhpur,Representative Jodhpur (Simulated),Healthcare Infrastructure,Supply of Diagnostic Medical Equipment and Patient Beds to Rural Clinic in Village-135,Supply of Diagnostic Medical Equipment and Patient Beds to Rural Clinic in Village-135. Execution by authorized implementing agency following standard technical specifications.,Block-6,Village-135,26.222887,73.083669,True,1580000.0,1632092.49,1309401.64,270598.36,2023-07-15,2023-08-14,2023-09-28,,In Progress,CONTRACTOR-DEMO-0067,Premier Infra Solutions,District Rural Development Agency (DRDA)
MPLADS-DEMO-000084,DEMO-SYNTHETIC-v1,SYNTHETIC_DEMONSTRATION,MPLADS_STYLE_STRUCTURE,Karnataka,Dharwad,Dharwad,Representative Dharwad (Simulated),Rural Connectivity & Roads,Interlocking Paver Block Road Installation along Main Street in Village-77,Interlocking Paver Block Road Installation along Main Street in Village-77. Execution by authorized implementing agency following standard technical specifications.,Block-8,Village-77,15.494153,75.034437,True,1680000.0,1707550.42,1382504.54,297495.46,2023-07-12,2023-08-12,2023-09-14,,In Progress,CONTRACTOR-DEMO-0177,Apex Enterprises,Municipal Corporation Public Works
MPLADS-DEMO-000085,DEMO-SYNTHETIC-v1,SYNTHETIC_DEMONSTRATION,MPLADS_STYLE_STRUCTURE,Madhya Pradesh,Indore,Indore,Representative Indore (Simulated),Education & Schools,Construction of Separate Girls Toilet and Wash Area in Govt High School Village-198,Construction of Separate Girls Toilet and Wash Area in Govt High School Village-198. Execution by authorized implementing agency following standard technical specifications.,Block-9,Village-198,22.7592,75.830459,True,680000.0,704769.07,522360.2,157639.8,2024-05-02,2024-06-13,2024-07-14,,In Progress,CONTRACTOR-DEMO-0058,Panchsheel Urban Works Pvt Ltd,Rural Engineering Service (RES)
MPLADS-DEMO-000086,DEMO-SYNTHETIC-v1,SYNTHETIC_DEMONSTRATION,MPLADS_STYLE_STRUCTURE,Telangana,Karimnagar,Karimnagar,Representative Karimnagar (Simulated),Renewable Energy,Supply and Erection of 30 Standalone Solar Street Lights in Village-144,Supply and Erection of 30 Standalone Solar Street Lights in Village-144. Execution by authorized implementing agency following standard technical specifications.,Block-5,Village-144,18.464102,79.081645,True,890000.0,907151.44,716481.04,173518.96,2023-02-09,2023-03-09,2023-04-07,,In Progress,CONTRACTOR-DEMO-0109,Surya Shakti Contractors,District Rural Development Agency (DRDA)
MPLADS-DEMO-000087,DEMO-SYNTHETIC-v1,SYNTHETIC_DEMONSTRATION,MPLADS_STYLE_STRUCTURE,Kerala,Ernakulam,Ernakulam,Representative Ernakulam (Simulated),Education & Schools,Construction of Additional Classrooms at Govt Senior Secondary School Village-175,Construction of Additional Classrooms at Govt Senior Secondary School Village-175. Execution by authorized implementing agency following standard technical specifications.,Block-6,Village-175,10.0168,76.235574,True,2800000.0,2907052.0,2201714.05,598285.95,2023-12-15,2024-01-28,2024-03-13,2024-08-08,Completed,CONTRACTOR-DEMO-0086,Swastik Buildcon Pvt Ltd,District Rural Development Agency (DRDA)
MPLADS-DEMO-000088,DEMO-SYNTHETIC-v1,SYNTHETIC_DEMONSTRATION,MPLADS_STYLE_STRUCTURE,Tamil Nadu,Salem,Salem,Representative Salem (Simulated),Community Infrastructure,Construction of Multipurpose Community Hall at Village Village-167,Construction of Multipurpose Community Hall at Village Village-167. Execution by authorized implementing agency following standard technical specifications.,Block-8,Village-167,11.673937,78.15057,True,2120000.0,2179416.49,1608186.63,511813.37,2024-04-30,2024-05-25,2024-07-05,,In Progress,CONTRACTOR-DEMO-0049,National Buildcon Pvt Ltd,Public Works Department (PWD)
MPLADS-DEMO-000089,DEMO-SYNTHETIC-v1,SYNTHETIC_DEMONSTRATION,MPLADS_STYLE_STRUCTURE,Telangana,Karimnagar,Karimnagar,Representative Karimnagar (Simulated),Education & Schools,Setup of Science Laboratory and Learning Resource Center in Village-48,Setup of Science Laboratory and Learning Resource Center in Village-48. Execution by authorized implementing agency following standard technical specifications.,Block-9,Village-48,18.495359,79.188877,True,1270000.0,1308277.11,955206.94,314793.06,2023-11-01,2023-11-21,2023-12-27,2024-07-28,Completed,CONTRACTOR-DEMO-0138,Pragati Buildcon Pvt Ltd,Panchayati Raj Engineering Division
MPLADS-DEMO-000090,DEMO-SYNTHETIC-v1,SYNTHETIC_DEMONSTRATION,MPLADS_STYLE_STRUCTURE,Odisha,Cuttack,Cuttack,Representative Cuttack (Simulated),Drinking Water & Sanitation,Laying of Underground Drinking Water Pipeline Distribution in Village-70,Laying of Underground Drinking Water Pipeline Distribution in Village-70. Execution by authorized implementing agency following standard technical specifications.,Block-1,Village-70,20.422565,85.832644,True,1000000.0,1018489.54,899105.63,100894.37,2024-01-17,2024-02-11,2024-02-26,2024-07-25,Completed,CONTRACTOR-DEMO-0149,Classic Buildcon Pvt Ltd,Minor Irrigation Division
MPLADS-DEMO-000091,DEMO-SYNTHETIC-v1,SYNTHETIC_DEMONSTRATION,MPLADS_STYLE_STRUCTURE,Telangana,Warangal,Warangal,Representative Warangal (Simulated),Drinking Water & Sanitation,Construction of Public Sanitation Facility and Bathing Block in Village-157,Construction of Public Sanitation Facility and Bathing Block in Village-157. Execution by authorized implementing agency following standard technical specifications.,Block-8,Village-157,18.015199,79.645716,True,4100000.0,4100000.0,4100000.0,0.0,2023-10-10,2023-11-01,2023-11-05,2023-11-09,Completed,CONTRACTOR-DEMO-0086,Swastik Buildcon Pvt Ltd,Rural Engineering Service (RES)
MPLADS-DEMO-000092,DEMO-SYNTHETIC-v1,SYNTHETIC_DEMONSTRATION,MPLADS_STYLE_STRUCTURE,Gujarat,Rajkot,Rajkot,Representative Rajkot (Simulated),Rural Connectivity & Roads,Construction of Culvert and Cross-Drainage Structure on Link Road Village-61,Construction of Culvert and Cross-Drainage Structure on Link Road Village-61. Execution by authorized implementing agency following standard technical specifications.,Block-2,Village-61,22.296976,70.771909,True,3800000.0,3800000.0,3800000.0,0.0,2023-10-16,2023-11-01,2023-11-05,2023-11-09,Completed,CONTRACTOR-DEMO-0174,Maruti Projects Ltd,Public Works Department (PWD)
MPLADS-DEMO-000093,DEMO-SYNTHETIC-v1,SYNTHETIC_DEMONSTRATION,MPLADS_STYLE_STRUCTURE,Madhya Pradesh,Jabalpur,Jabalpur,Representative Jabalpur (Simulated),Rural Connectivity & Roads,Interlocking Paver Block Road Installation along Main Street in Village-104,Interlocking Paver Block Road Installation along Main Street in Village-104. Execution by authorized implementing agency following standard technical specifications.,Block-5,Village-104,23.20569,80.041404,True,3600000.0,3600000.0,3600000.0,0.0,2023-10-18,2023-11-01,2023-11-05,2023-11-09,Completed,CONTRACTOR-DEMO-0038,Om Infrastructure Ltd,Panchayati Raj Engineering Division
MPLADS-DEMO-000094,DEMO-SYNTHETIC-v1,SYNTHETIC_DEMONSTRATION,MPLADS_STYLE_STRUCTURE,Maharashtra,Pune,Pune,Representative Pune (Simulated),Education & Schools,Construction of Separate Girls Toilet and Wash Area in Govt High School Village-107,Construction of Separate Girls Toilet and Wash Area in Govt High School Village-107. Execution by authorized implementing agency following standard technical specifications.,Block-8,Village-107,18.546652,73.910364,True,3700000.0,3700000.0,3700000.0,0.0,2023-10-17,2023-11-01,2023-11-05,2023-11-09,Completed,CONTRACTOR-DEMO-0184,Shanti Projects Ltd,District Rural Development Agency (DRDA)
MPLADS-DEMO-000095,DEMO-SYNTHETIC-v1,SYNTHETIC_DEMONSTRATION,MPLADS_STYLE_STRUCTURE,Gujarat,Surat,Surat,Representative Surat (Simulated),Renewable Energy,Installation of Solar LED High-Mast Lighting System at Market Yard Village-16,Installation of Solar LED High-Mast Lighting System at Market Yard Village-16. Execution by authorized implementing agency following standard technical specifications.,Block-7,Village-16,21.212941,72.883475,True,4400000.0,4400000.0,4400000.0,0.0,2023-10-16,2023-11-01,2023-11-05,2023-11-09,Completed,CONTRACTOR-DEMO-0027,Modern Rural Developers,Municipal Corporation Public Works
MPLADS-DEMO-000096,DEMO-SYNTHETIC-v1,SYNTHETIC_DEMONSTRATION,MPLADS_STYLE_STRUCTURE,Madhya Pradesh,Jabalpur,Jabalpur,Representative Jabalpur (Simulated),Irrigation & Water Conservation,Construction of Check Dam and Water Harvesting Percolation Tank at Village-117,Construction of Check Dam and Water Harvesting Percolation Tank at Village-117. Execution by authorized implementing agency following standard technical specifications.,Block-8,Village-117,23.133653,79.975405,True,4500000.0,4500000.0,4500000.0,0.0,2023-10-15,2023-11-01,2023-11-05,2023-11-09,Completed,CONTRACTOR-DEMO-0194,United Urban Works Pvt Ltd,Rural Engineering Service (RES)
MPLADS-DEMO-000097,DEMO-SYNTHETIC-v1,SYNTHETIC_DEMONSTRATION,MPLADS_STYLE_STRUCTURE,Tamil Nadu,Coimbatore,Coimbatore,Representative Coimbatore (Simulated),Community Infrastructure,Construction of Multipurpose Community Hall at Village Village-109,Construction of Multipurpose Community Hall at Village Village-109. Execution by authorized implementing agency following standard technical specifications.,Block-10,Village-109,10.996589,76.899089,True,4200000.0,4200000.0,4200000.0,0.0,2023-10-08,2023-11-01,2023-11-05,2023-11-09,Completed,CONTRACTOR-DEMO-0050,Sai Engineering Works,Rural Engineering Service (RES)
MPLADS-DEMO-000098,DEMO-SYNTHETIC-v1,SYNTHETIC_DEMONSTRATION,MPLADS_STYLE_STRUCTURE,Telangana,Warangal,Warangal,Representative Warangal (Simulated),Healthcare Infrastructure,Development of Emergency Cold Storage and Pharmacy Room at Hospital Village-166,Development of Emergency Cold Storage and Pharmacy Room at Hospital Village-166. Execution by authorized implementing agency following standard technical specifications.,Block-7,Village-166,18.029192,79.57778,True,4300000.0,4300000.0,4300000.0,0.0,2023-10-13,2023-11-01,2023-11-05,2023-11-09,Completed,CONTRACTOR-DEMO-0173,Kisan Infrastructure Ltd,Municipal Corporation Public Works
MPLADS-DEMO-000099,DEMO-SYNTHETIC-v1,SYNTHETIC_DEMONSTRATION,MPLADS_STYLE_STRUCTURE,Maharashtra,Pune,Pune,Representative Pune (Simulated),Healthcare Infrastructure,Supply of Diagnostic Medical Equipment and Patient Beds to Rural Clinic in Village-31,Supply of Diagnostic Medical Equipment and Patient Beds to Rural Clinic in Village-31. Execution by authorized implementing agency following standard technical specifications.,Block-2,Village-31,18.478602,73.861544,True,1670000.0,1620213.57,1628428.03,41571.97,2024-03-17,2024-03-31,2024-04-16,2024-10-26,Completed,CONTRACTOR-DEMO-0176,Surya Shakti Infrastructure Ltd,Minor Irrigation Division
MPLADS-DEMO-000100,DEMO-SYNTHETIC-v1,SYNTHETIC_DEMONSTRATION,MPLADS_STYLE_STRUCTURE,Karnataka,Dharwad,Dharwad,Representative Dharwad (Simulated),Education & Schools,Setup of Science Laboratory and Learning Resource Center in Village-59,Setup of Science Laboratory and Learning Resource Center in Village-59. Execution by authorized implementing agency following standard technical specifications.,Block-10,Village-59,15.426077,74.987801,True,1250000.0,1218848.05,1189122.35,60877.65,2024-02-10,2024-03-02,2024-03-19,2024-09-17,Completed,CONTRACTOR-DEMO-0161,Sai Infrastructure Ltd,Public Works Department (PWD)
MPLADS-DEMO-000101,DEMO-SYNTHETIC-v1,SYNTHETIC_DEMONSTRATION,MPLADS_STYLE_STRUCTURE,Uttar Pradesh,Lucknow,Lucknow,Representative Lucknow (Simulated),Drinking Water & Sanitation,Installation of Community RO Water Purification Plant at Village-26,Installation of Community RO Water Purification Plant at Village-26. Execution by authorized implementing agency following standard technical specifications.,Block-7,Village-26,26.858913,80.939237,True,1030000.0,1046750.79,784031.42,245968.58,2024-01-29,2024-02-14,2024-03-25,2024-10-24,Completed,CONTRACTOR-DEMO-0059,National Rural Developers,Public Works Department (PWD)
MPLADS-DEMO-000102,DEMO-SYNTHETIC-v1,SYNTHETIC_DEMONSTRATION,MPLADS_STYLE_STRUCTURE,Maharashtra,Pune,Pune,Representative Pune (Simulated),Renewable Energy,Supply and Erection of 30 Standalone Solar Street Lights in Village-60,Supply and Erection of 30 Standalone Solar Street Lights in Village-60. Execution by authorized implementing agency following standard technical specifications.,Block-1,Village-60,18.561452,73.886797,True,700000.0,704338.59,649378.65,50621.35,2024-03-09,2024-04-12,2024-05-12,2024-08-31,Completed,CONTRACTOR-DEMO-0173,Kisan Infrastructure Ltd,Municipal Corporation Public Works
MPLADS-DEMO-000103,DEMO-SYNTHETIC-v1,SYNTHETIC_DEMONSTRATION,MPLADS_STYLE_STRUCTURE,Uttar Pradesh,Lucknow,Lucknow,Representative Lucknow (Simulated),Education & Schools,Construction of Separate Girls Toilet and Wash Area in Govt High School Village-71,Construction of Separate Girls Toilet and Wash Area in Govt High School Village-71. Execution by authorized implementing agency following standard technical specifications.,Block-2,Village-71,26.789624,81.004508,True,610000.0,616148.47,517436.24,92563.76,2023-09-25,2023-10-12,2023-11-18,2024-05-08,Completed,CONTRACTOR-DEMO-0138,Pragati Buildcon Pvt Ltd,District Rural Development Agency (DRDA)
MPLADS-DEMO-000104,DEMO-SYNTHETIC-v1,SYNTHETIC_DEMONSTRATION,MPLADS_STYLE_STRUCTURE,Kerala,Ernakulam,Ernakulam,Representative Ernakulam (Simulated),Education & Schools,Setup of Science Laboratory and Learning Resource Center in Village-39,Setup of Science Laboratory and Learning Resource Center in Village-39. Execution by authorized implementing agency following standard technical specifications.,Block-10,Village-39,9.955586,76.258804,True,1580000.0,1576652.78,1493650.49,86349.51,2023-06-17,2023-07-10,2023-08-23,2024-03-28,Completed,CONTRACTOR-DEMO-0109,Surya Shakti Contractors,Panchayati Raj Engineering Division
MPLADS-DEMO-000105,DEMO-SYNTHETIC-v1,SYNTHETIC_DEMONSTRATION,MPLADS_STYLE_STRUCTURE,Karnataka,Dharwad,Dharwad,Representative Dharwad (Simulated),Renewable Energy,Installation of Solar LED High-Mast Lighting System at Market Yard Village-100,Installation of Solar LED High-Mast Lighting System at Market Yard Village-100. Execution by authorized implementing agency following standard technical specifications.,Block-1,Village-100,15.425472,74.969234,True,500000.0,516889.04,472420.34,27579.66,2023-03-03,2023-03-29,2023-04-16,,In Progress,CONTRACTOR-DEMO-0176,Surya Shakti Infrastructure Ltd,Municipal Corporation Public Works
MPLADS-DEMO-000106,DEMO-SYNTHETIC-v1,SYNTHETIC_DEMONSTRATION,MPLADS_STYLE_STRUCTURE,Tamil Nadu,Madurai,Madurai,Representative Madurai (Simulated),Community Infrastructure,Construction of Multipurpose Community Hall at Village Village-49,Construction of Multipurpose Community Hall at Village Village-49. Execution by authorized implementing agency following standard technical specifications.,Block-10,Village-49,9.964805,78.131186,True,2050000.0,2059651.48,1763534.37,286465.63,2024-04-04,2024-05-09,2024-06-12,2024-08-29,Completed,CONTRACTOR-DEMO-0058,Panchsheel Urban Works Pvt Ltd,Rural Engineering Service (RES)
MPLADS-DEMO-000107,DEMO-SYNTHETIC-v1,SYNTHETIC_DEMONSTRATION,MPLADS_STYLE_STRUCTURE,Kerala,Kozhikode,Kozhikode,Representative Kozhikode (Simulated),Community Infrastructure,Renovation and Expansion of Village Panchayat Bhavan in Village-63,Renovation and Expansion of Village Panchayat Bhavan in Village-63. Execution by authorized implementing agency following standard technical specifications.,Block-4,Village-63,11.284231,75.80689,True,2410000.0,2490036.38,2113517.55,296482.45,2024-02-16,2024-03-19,2024-04-27,2024-10-10,Completed,CONTRACTOR-DEMO-0082,Siddhartha Construction Co,District Rural Development Agency (DRDA)
MPLADS-DEMO-000108,DEMO-SYNTHETIC-v1,SYNTHETIC_DEMONSTRATION,MPLADS_STYLE_STRUCTURE,Rajasthan,Udaipur,Udaipur,Representative Udaipur (Simulated),Renewable Energy,Supply and Erection of 30 Standalone Solar Street Lights in Village-120,Supply and Erection of 30 Standalone Solar Street Lights in Village-120. Execution by authorized implementing agency following standard technical specifications.,Block-1,Village-120,24.533219,73.775071,True,800000.0,816744.25,658922.92,141077.08,2023-04-29,2023-06-05,2023-07-10,2024-02-14,Completed,CONTRACTOR-DEMO-0060,Premier Contractors,Minor Irrigation Division
MPLADS-DEMO-000109,DEMO-SYNTHETIC-v1,SYNTHETIC_DEMONSTRATION,MPLADS_STYLE_STRUCTURE,Maharashtra,Pune,Pune,Representative Pune (Simulated),Community Infrastructure,Construction of Open Air Gymnasium and Seating Area at Village-142,Construction of Open Air Gymnasium and Seating Area at Village-142. Execution by authorized implementing agency following standard technical specifications.,Block-3,Village-142,18.576919,73.866989,True,1130000.0,1111485.38,898490.24,231509.76,2023-05-12,2023-06-19,2023-07-19,2023-12-27,Completed,CONTRACTOR-DEMO-0069,Samriddhi Infra Solutions,Panchayati Raj Engineering Division
MPLADS-DEMO-000110,DEMO-SYNTHETIC-v1,SYNTHETIC_DEMONSTRATION,MPLADS_STYLE_STRUCTURE,Kerala,Kozhikode,Kozhikode,Representative Kozhikode (Simulated),Healthcare Infrastructure,Development of Emergency Cold Storage and Pharmacy Room at Hospital Village-126,Development of Emergency Cold Storage and Pharmacy Room at Hospital Village-126. Execution by authorized implementing agency following standard technical specifications.,Block-7,Village-126,11.253708,75.81066,True,1650000.0,1606343.07,1510858.98,139141.02,2023-09-22,2023-10-17,2023-12-05,2024-03-04,Completed,CONTRACTOR-DEMO-0138,Pragati Buildcon Pvt Ltd,Public Works Department (PWD)
MPLADS-DEMO-000111,DEMO-SYNTHETIC-v1,SYNTHETIC_DEMONSTRATION,MPLADS_STYLE_STRUCTURE,Telangana,Karimnagar,Karimnagar,Representative Karimnagar (Simulated),Irrigation & Water Conservation,Construction of Check Dam and Water Harvesting Percolation Tank at Village-172,Construction of Check Dam and Water Harvesting Percolation Tank at Village-172. Execution by authorized implementing agency following standard technical specifications.,Block-3,Village-172,18.379907,79.06463,True,1270000.0,1304802.54,1020101.69,249898.31,2022-12-19,2023-01-10,2023-10-25,,In Progress,CONTRACTOR-DEMO-0120,Golden Projects Ltd,District Rural Development Agency (DRDA)
MPLADS-DEMO-000112,DEMO-SYNTHETIC-v1,SYNTHETIC_DEMONSTRATION,MPLADS_STYLE_STRUCTURE,Gujarat,Ahmedabad,Ahmedabad West,Representative Ahmedabad (Simulated),Renewable Energy,Installation of 10kW Rooftop Solar Power System at Primary Health Center Village-171,Installation of 10kW Rooftop Solar Power System at Primary Health Center Village-171. Execution by authorized implementing agency following standard technical specifications.,Block-2,Village-171,23.078907,72.625058,True,1020000.0,1019008.92,766551.26,253448.74,2022-12-23,2023-01-10,2023-10-25,,In Progress,CONTRACTOR-DEMO-0188,Universal Contractors,District Rural Development Agency (DRDA)
MPLADS-DEMO-000113,DEMO-SYNTHETIC-v1,SYNTHETIC_DEMONSTRATION,MPLADS_STYLE_STRUCTURE,Karnataka,Dharwad,Dharwad,Representative Dharwad (Simulated),Rural Connectivity & Roads,Construction of Cement Concrete (CC) Road and Drain Channel at Village-129,Construction of Cement Concrete (CC) Road and Drain Channel at Village-129. Execution by authorized implementing agency following standard technical specifications.,Block-10,Village-129,15.49961,75.030424,True,2050000.0,1985550.69,1582912.0,467088.0,2022-12-20,2023-01-10,2023-10-25,,In Progress,CONTRACTOR-DEMO-0094,Panchsheel Construction Co,District Rural Development Agency (DRDA)
MPLADS-DEMO-000114,DEMO-SYNTHETIC-v1,SYNTHETIC_DEMONSTRATION,MPLADS_STYLE_STRUCTURE,Telangana,Nizamabad,Nizamabad,Representative Nizamabad (Simulated),Education & Schools,Construction of Additional Classrooms at Govt Senior Secondary School Village-96,Construction of Additional Classrooms at Govt Senior Secondary School Village-96. Execution by authorized implementing agency following standard technical specifications.,Block-7,Village-96,18.732209,78.08877,True,2020000.0,2099221.66,1619933.28,400066.72,2022-12-26,2023-01-10,2023-10-25,,In Progress,CONTRACTOR-DEMO-0101,Bharat Construction Co,Panchayati Raj Engineering Division
MPLADS-DEMO-000115,DEMO-SYNTHETIC-v1,SYNTHETIC_DEMONSTRATION,MPLADS_STYLE_STRUCTURE,Karnataka,Dharwad,Dharwad,Representative Dharwad (Simulated),Education & Schools,Construction of Additional Classrooms at Govt Senior Secondary School Village-164,Construction of Additional Classrooms at Govt Senior Secondary School Village-164. Execution by authorized implementing agency following standard technical specifications.,Block-5,Village-164,15.395129,74.96508,True,2670000.0,2743762.44,2398537.54,271462.46,2022-12-17,2023-01-10,2023-10-25,,In Progress,CONTRACTOR-DEMO-0058,Panchsheel Urban Works Pvt Ltd,Minor Irrigation Division
MPLADS-DEMO-000116,DEMO-SYNTHETIC-v1,SYNTHETIC_DEMONSTRATION,MPLADS_STYLE_STRUCTURE,Odisha,Cuttack,Cuttack,Representative Cuttack (Simulated),Renewable Energy,Supply and Erection of 30 Standalone Solar Street Lights in Village-70,Supply and Erection of 30 Standalone Solar Street Lights in Village-70. Execution by authorized implementing agency following standard technical specifications.,Block-1,Village-70,20.403553,85.827665,True,670000.0,691403.1,589336.87,80663.13,2022-12-25,2023-01-10,2023-10-25,,In Progress,CONTRACTOR-DEMO-0057,Universal Projects Ltd,Municipal Corporation Public Works
MPLADS-DEMO-000117,DEMO-SYNTHETIC-v1,SYNTHETIC_DEMONSTRATION,MPLADS_STYLE_STRUCTURE,Maharashtra,Pune,Pune,Representative Pune (Simulated),Irrigation & Water Conservation,Construction of Reinforced Concrete Irrigation Sluice Gate and Channel in Village-102,Construction of Reinforced Concrete Irrigation Sluice Gate and Channel in Village-102. Execution by authorized implementing agency following standard technical specifications.,Block-3,Village-102,18.576154,73.830606,True,1620000.0,1586365.2,1525990.8,94009.2,2022-12-18,2023-01-10,2023-10-25,,In Progress,CONTRACTOR-DEMO-0180,Siddhartha Infra Solutions,Minor Irrigation Division
MPLADS-DEMO-000118,DEMO-SYNTHETIC-v1,SYNTHETIC_DEMONSTRATION,MPLADS_STYLE_STRUCTURE,Gujarat,Surat,Surat,Representative Surat (Simulated),Renewable Energy,Installation of 10kW Rooftop Solar Power System at Primary Health Center Village-89,Installation of 10kW Rooftop Solar Power System at Primary Health Center Village-89. Execution by authorized implementing agency following standard technical specifications.,Block-10,Village-89,21.112181,72.822921,True,640000.0,631838.35,593197.63,46802.37,2022-12-21,2023-01-10,2023-10-25,,In Progress,CONTRACTOR-DEMO-0073,Gitanjali Engineering Works,Panchayati Raj Engineering Division
MPLADS-DEMO-000119,DEMO-SYNTHETIC-v1,SYNTHETIC_DEMONSTRATION,MPLADS_STYLE_STRUCTURE,Karnataka,Bengaluru Rural,Bengaluru Rural,Representative Bengaluru Rural (Simulated),Drinking Water & Sanitation,Drilling of Deep Borewell and Solar-Powered Overhead Water Tank at Village-142,Drilling of Deep Borewell and Solar-Powered Overhead Water Tank at Village-142. Execution by authorized implementing agency following standard technical specifications.,Block-3,Village-142,13.121849,77.55894,True,930000.0,936389.11,778797.55,151202.45,2022-12-26,2023-01-10,2023-10-25,,In Progress,CONTRACTOR-DEMO-0072,Sai Rural Developers,Rural Engineering Service (RES)
MPLADS-DEMO-000120,DEMO-SYNTHETIC-v1,SYNTHETIC_DEMONSTRATION,MPLADS_STYLE_STRUCTURE,Madhya Pradesh,Indore,Indore,Representative Indore (Simulated),Healthcare Infrastructure,Development of Emergency Cold Storage and Pharmacy Room at Hospital Village-40,Development of Emergency Cold Storage and Pharmacy Room at Hospital Village-40. Execution by authorized implementing agency following standard technical specifications.,Block-1,Village-40,22.750755,75.833868,True,1330000.0,1286537.77,1285951.53,44048.47,2022-12-19,2023-01-10,2023-10-25,,In Progress,CONTRACTOR-DEMO-0026,Gitanjali Buildcon Pvt Ltd,Rural Engineering Service (RES)
MPLADS-DEMO-000121,DEMO-SYNTHETIC-v1,SYNTHETIC_DEMONSTRATION,MPLADS_STYLE_STRUCTURE,Madhya Pradesh,Bhopal,Bhopal,Representative Bhopal (Simulated),Education & Schools,Setup of Science Laboratory and Learning Resource Center in Village-27,Setup of Science Laboratory and Learning Resource Center in Village-27. Execution by authorized implementing agency following standard technical specifications.,Block-8,Village-27,23.198314,77.393609,True,1010000.0,1017831.5,939725.12,70274.88,2024-04-01,2024-05-09,2024-05-24,2024-11-14,Completed,CONTRACTOR-DEMO-0025,Aditya Infra Solutions,Minor Irrigation Division
MPLADS-DEMO-000122,DEMO-SYNTHETIC-v1,SYNTHETIC_DEMONSTRATION,MPLADS_STYLE_STRUCTURE,Odisha,Cuttack,Cuttack,Representative Cuttack (Simulated),Renewable Energy,Installation of Solar LED High-Mast Lighting System at Market Yard Village-147,Installation of Solar LED High-Mast Lighting System at Market Yard Village-147. Execution by authorized implementing agency following standard technical specifications.,Block-8,Village-147,20.465244,85.907091,True,550000.0,534108.96,450593.11,99406.89,2023-09-24,2023-10-17,2023-11-05,,In Progress,CONTRACTOR-DEMO-0074,Hindustan Urban Works Pvt Ltd,Panchayati Raj Engineering Division
MPLADS-DEMO-000123,DEMO-SYNTHETIC-v1,SYNTHETIC_DEMONSTRATION,MPLADS_STYLE_STRUCTURE,Rajasthan,Jaipur,Jaipur,Representative Jaipur (Simulated),Education & Schools,Construction of Additional Classrooms at Govt Senior Secondary School Village-93,Construction of Additional Classrooms at Govt Senior Secondary School Village-93. Execution by authorized implementing agency following standard technical specifications.,Block-4,Village-93,26.880121,75.754357,True,2660000.0,2679962.0,2114636.4,545363.6,2023-03-10,2023-04-01,2023-05-05,,In Progress,CONTRACTOR-DEMO-0105,Krishna Buildcon Pvt Ltd,District Rural Development Agency (DRDA)
MPLADS-DEMO-000124,DEMO-SYNTHETIC-v1,SYNTHETIC_DEMONSTRATION,MPLADS_STYLE_STRUCTURE,Telangana,Karimnagar,Karimnagar,Representative Karimnagar (Simulated),Renewable Energy,Supply and Erection of 30 Standalone Solar Street Lights in Village-85,Supply and Erection of 30 Standalone Solar Street Lights in Village-85. Execution by authorized implementing agency following standard technical specifications.,Block-6,Village-85,18.430829,79.11978,True,910000.0,944523.61,710990.85,199009.15,2023-06-28,2023-07-24,2023-09-07,2024-03-01,Completed,CONTRACTOR-DEMO-0085,Kisan Rural Developers,District Rural Development Agency (DRDA)
MPLADS-DEMO-000125,DEMO-SYNTHETIC-v1,SYNTHETIC_DEMONSTRATION,MPLADS_STYLE_STRUCTURE,Kerala,Kozhikode,Kozhikode,Representative Kozhikode (Simulated),Healthcare Infrastructure,Development of Emergency Cold Storage and Pharmacy Room at Hospital Village-126,Development of Emergency Cold Storage and Pharmacy Room at Hospital Village-126. Execution by authorized implementing agency following standard technical specifications.,Block-7,Village-126,11.319609,75.817057,True,1610000.0,1594035.92,1509847.92,100152.08,2023-08-04,2023-09-10,2023-10-02,2024-02-05,Completed,CONTRACTOR-DEMO-0155,Reliable Contractors,Municipal Corporation Public Works
MPLADS-DEMO-000126,DEMO-SYNTHETIC-v1,SYNTHETIC_DEMONSTRATION,MPLADS_STYLE_STRUCTURE,Maharashtra,Nashik,Nashik,Representative Nashik (Simulated),Healthcare Infrastructure,Development of Emergency Cold Storage and Pharmacy Room at Hospital Village-7,Development of Emergency Cold Storage and Pharmacy Room at Hospital Village-7. Execution by authorized implementing agency following standard technical specifications.,Block-8,Village-7,20.056391,73.784811,True,2100000.0,2051220.93,1960282.11,139717.89,2024-03-15,2024-04-02,2024-05-13,2024-08-31,Completed,CONTRACTOR-DEMO-0166,Shiv Shakti Engineers & Builders,District Rural Development Agency (DRDA)
MPLADS-DEMO-000127,DEMO-SYNTHETIC-v1,SYNTHETIC_DEMONSTRATION,MPLADS_STYLE_STRUCTURE,Uttar Pradesh,Lucknow,Lucknow,Representative Lucknow (Simulated),Rural Connectivity & Roads,Interlocking Paver Block Road Installation along Main Street in Village-184,Interlocking Paver Block Road Installation along Main Street in Village-184. Execution by authorized implementing agency following standard technical specifications.,Block-5,Village-184,26.836707,80.930209,True,1370000.0,1423780.79,1178506.85,191493.15,2023-08-08,2023-09-17,2023-11-05,,In Progress,CONTRACTOR-DEMO-0096,Kisan Contractors,Minor Irrigation Division
MPLADS-DEMO-000128,DEMO-SYNTHETIC-v1,SYNTHETIC_DEMONSTRATION,MPLADS_STYLE_STRUCTURE,Odisha,Cuttack,Cuttack,Representative Cuttack (Simulated),Irrigation & Water Conservation,Construction of Reinforced Concrete Irrigation Sluice Gate and Channel in Village-153,Construction of Reinforced Concrete Irrigation Sluice Gate and Channel in Village-153. Execution by authorized implementing agency following standard technical specifications.,Block-4,Village-153,20.480463,85.829048,True,1880000.0,1842133.94,1697413.64,182586.36,2023-04-10,2023-04-26,2023-06-05,2023-11-11,Completed,CONTRACTOR-DEMO-0114,Hindustan Contractors,Public Works Department (PWD)
MPLADS-DEMO-000129,DEMO-SYNTHETIC-v1,SYNTHETIC_DEMONSTRATION,MPLADS_STYLE_STRUCTURE,Gujarat,Rajkot,Rajkot,Representative Rajkot (Simulated),Community Infrastructure,Construction of Open Air Gymnasium and Seating Area at Village-57,Construction of Open Air Gymnasium and Seating Area at Village-57. Execution by authorized implementing agency following standard technical specifications.,Block-8,Village-57,22.305288,70.804644,True,1340000.0,1360117.62,1073121.98,266878.02,2023-07-25,2023-09-02,2023-10-16,2024-05-06,Completed,CONTRACTOR-DEMO-0042,Balaji Construction Co,District Rural Development Agency (DRDA)
MPLADS-DEMO-000130,DEMO-SYNTHETIC-v1,SYNTHETIC_DEMONSTRATION,MPLADS_STYLE_STRUCTURE,Gujarat,Rajkot,Rajkot,Representative Rajkot (Simulated),Education & Schools,Construction of Additional Classrooms at Govt Senior Secondary School Village-76,Construction of Additional Classrooms at Govt Senior Secondary School Village-76. Execution by authorized implementing agency following standard technical specifications.,Block-7,Village-76,22.292977,70.862225,True,1690000.0,1734794.16,1551309.59,138690.41,2023-07-12,2023-08-14,2023-09-19,2024-01-24,Completed,CONTRACTOR-DEMO-0137,Om Contractors,Panchayati Raj Engineering Division
MPLADS-DEMO-000131,DEMO-SYNTHETIC-v1,SYNTHETIC_DEMONSTRATION,MPLADS_STYLE_STRUCTURE,Uttar Pradesh,Varanasi,Varanasi,Representative Udaipur (Simulated),Education & Schools,Comprehensive modernization of rural community utility center in Village-113,"Comprehensive modernization of rural community utility center including high-grade vitrified tile paving, aluminum sliding windows, and specialized electrical conduit installation.",Block-4,Village-113,24.614259,73.706318,True,1570000.0,1544913.17,1470058.14,99941.86,2023-03-14,2023-03-29,2023-05-04,2023-08-29,Completed,CONTRACTOR-DEMO-0193,Balaji Urban Works Pvt Ltd,Rural Engineering Service (RES)
MPLADS-DEMO-000132,DEMO-SYNTHETIC-v1,SYNTHETIC_DEMONSTRATION,MPLADS_STYLE_STRUCTURE,Uttar Pradesh,Varanasi,Varanasi,Representative Mysuru (Simulated),Drinking Water & Sanitation,Comprehensive modernization of rural community utility center in Village-85,"Comprehensive modernization of rural community utility center including high-grade vitrified tile paving, aluminum sliding windows, and specialized electrical conduit installation.",Block-6,Village-85,12.30358,76.699,True,840000.0,860009.19,751669.69,88330.31,2023-04-20,2023-05-31,2023-07-10,,In Progress,CONTRACTOR-DEMO-0161,Sai Infrastructure Ltd,Rural Engineering Service (RES)
MPLADS-DEMO-000133,DEMO-SYNTHETIC-v1,SYNTHETIC_DEMONSTRATION,MPLADS_STYLE_STRUCTURE,Uttar Pradesh,Varanasi,Varanasi,Representative Jabalpur (Simulated),Renewable Energy,Comprehensive modernization of rural community utility center in Village-100,"Comprehensive modernization of rural community utility center including high-grade vitrified tile paving, aluminum sliding windows, and specialized electrical conduit installation.",Block-1,Village-100,23.117079,79.949323,True,670000.0,683524.65,627125.26,42874.74,2023-02-16,2023-03-08,2023-04-26,,In Progress,CONTRACTOR-DEMO-0087,Swastik Infrastructure Ltd,Rural Engineering Service (RES)
MPLADS-DEMO-000134,DEMO-SYNTHETIC-v1,SYNTHETIC_DEMONSTRATION,MPLADS_STYLE_STRUCTURE,Uttar Pradesh,Varanasi,Varanasi,Representative Jabalpur (Simulated),Community Infrastructure,Comprehensive modernization of rural community utility center in Village-172,"Comprehensive modernization of rural community utility center including high-grade vitrified tile paving, aluminum sliding windows, and specialized electrical conduit installation.",Block-3,Village-172,23.228643,79.990003,True,1000000.0,1007757.67,890600.94,109399.06,2023-11-11,2023-12-02,2024-01-08,2024-07-18,Completed,CONTRACTOR-DEMO-0162,Reliable Enterprises,Rural Engineering Service (RES)
MPLADS-DEMO-000135,DEMO-SYNTHETIC-v1,SYNTHETIC_DEMONSTRATION,MPLADS_STYLE_STRUCTURE,Uttar Pradesh,Varanasi,Varanasi,Representative Karimnagar (Simulated),Healthcare Infrastructure,Comprehensive modernization of rural community utility center in Village-77,"Comprehensive modernization of rural community utility center including high-grade vitrified tile paving, aluminum sliding windows, and specialized electrical conduit installation.",Block-8,Village-77,18.493029,79.140522,True,2060000.0,1999674.59,1600842.85,459157.15,2023-06-20,2023-07-11,2023-08-06,2023-11-25,Completed,CONTRACTOR-DEMO-0134,Shiv Shakti Engineering Works,Panchayati Raj Engineering Division
MPLADS-DEMO-000136,DEMO-SYNTHETIC-v1,SYNTHETIC_DEMONSTRATION,MPLADS_STYLE_STRUCTURE,Uttar Pradesh,Varanasi,Varanasi,Representative Bhopal (Simulated),Renewable Energy,Comprehensive modernization of rural community utility center in Village-148,"Comprehensive modernization of rural community utility center including high-grade vitrified tile paving, aluminum sliding windows, and specialized electrical conduit installation.",Block-9,Village-148,23.244782,77.371748,True,850000.0,852541.79,817195.97,32804.03,2024-05-05,2024-05-30,2024-07-19,,In Progress,CONTRACTOR-DEMO-0077,Aditya Construction Co,Rural Engineering Service (RES)
MPLADS-DEMO-000137,DEMO-SYNTHETIC-v1,SYNTHETIC_DEMONSTRATION,MPLADS_STYLE_STRUCTURE,Uttar Pradesh,Varanasi,Varanasi,Representative Nashik (Simulated),Rural Connectivity & Roads,Comprehensive modernization of rural community utility center in Village-159,"Comprehensive modernization of rural community utility center including high-grade vitrified tile paving, aluminum sliding windows, and specialized electrical conduit installation.",Block-10,Village-159,19.939469,73.771475,True,1220000.0,1218497.83,969753.05,250246.95,2023-07-30,2023-09-13,2023-10-24,2024-04-22,Completed,CONTRACTOR-DEMO-0185,United Construction Co,Panchayati Raj Engineering Division
MPLADS-DEMO-000138,DEMO-SYNTHETIC-v1,SYNTHETIC_DEMONSTRATION,MPLADS_STYLE_STRUCTURE,Uttar Pradesh,Varanasi,Varanasi,Representative Bengaluru Rural (Simulated),Drinking Water & Sanitation,Comprehensive modernization of rural community utility center in Village-145,"Comprehensive modernization of rural community utility center including high-grade vitrified tile paving, aluminum sliding windows, and specialized electrical conduit installation.",Block-6,Village-145,13.003512,77.601737,True,780000.0,750840.17,625336.91,154663.09,2023-06-11,2023-07-05,2023-08-18,2024-03-06,Completed,CONTRACTOR-DEMO-0144,Navnirman Engineering Works,Municipal Corporation Public Works
MPLADS-DEMO-000139,DEMO-SYNTHETIC-v1,SYNTHETIC_DEMONSTRATION,MPLADS_STYLE_STRUCTURE,Uttar Pradesh,Varanasi,Varanasi,Representative Nagpur (Simulated),Renewable Energy,Comprehensive modernization of rural community utility center in Village-69,"Comprehensive modernization of rural community utility center including high-grade vitrified tile paving, aluminum sliding windows, and specialized electrical conduit installation.",Block-10,Village-69,21.181565,79.130227,True,680000.0,682287.16,628361.37,51638.63,2024-02-08,2024-03-21,2024-05-09,,In Progress,CONTRACTOR-DEMO-0112,Hindustan Infrastructure Ltd,Public Works Department (PWD)
MPLADS-DEMO-000140,DEMO-SYNTHETIC-v1,SYNTHETIC_DEMONSTRATION,MPLADS_STYLE_STRUCTURE,Uttar Pradesh,Varanasi,Varanasi,Representative Kozhikode (Simulated),Irrigation & Water Conservation,Comprehensive modernization of rural community utility center in Village-193,"Comprehensive modernization of rural community utility center including high-grade vitrified tile paving, aluminum sliding windows, and specialized electrical conduit installation.",Block-4,Village-193,11.225979,75.829125,True,940000.0,936219.87,780362.34,159637.66,2024-03-08,2024-03-27,2024-05-09,2024-08-22,Completed,CONTRACTOR-DEMO-0064,Sai Civil Projects,Rural Engineering Service (RES)
MPLADS-DEMO-000141,DEMO-SYNTHETIC-v1,SYNTHETIC_DEMONSTRATION,MPLADS_STYLE_STRUCTURE,Telangana,Nizamabad,Nizamabad,Representative Nizamabad (Simulated),Healthcare Infrastructure,Development of Emergency Cold Storage and Pharmacy Room at Hospital Village-177,Development of Emergency Cold Storage and Pharmacy Room at Hospital Village-177. Execution by authorized implementing agency following standard technical specifications.,Block-8,Village-177,18.653082,78.121498,True,2000000.0,1988506.73,1783429.55,216570.45,2024-02-20,2024-03-18,2024-04-15,2024-11-21,Completed,CONTRACTOR-DEMO-0093,Reliable Infrastructure Ltd,Municipal Corporation Public Works
MPLADS-DEMO-000142,DEMO-SYNTHETIC-v1,SYNTHETIC_DEMONSTRATION,MPLADS_STYLE_STRUCTURE,Uttar Pradesh,Gorakhpur,Gorakhpur,Representative Gorakhpur (Simulated),Renewable Energy,Installation of 10kW Rooftop Solar Power System at Primary Health Center Village-44,Installation of 10kW Rooftop Solar Power System at Primary Health Center Village-44. Execution by authorized implementing agency following standard technical specifications.,Block-5,Village-44,26.737675,83.399727,True,780000.0,784538.7,755860.08,24139.92,2023-10-05,2023-10-25,2023-11-17,2024-05-15,Completed,CONTRACTOR-DEMO-0019,Samriddhi Infrastructure Ltd,District Rural Development Agency (DRDA)
MPLADS-DEMO-000143,DEMO-SYNTHETIC-v1,SYNTHETIC_DEMONSTRATION,MPLADS_STYLE_STRUCTURE,Odisha,Khordha,Bhubaneswar,Representative Khordha (Simulated),Healthcare Infrastructure,Construction of Maternity & Child Healthcare Ward at Primary Health Sub-Center Village-180,Construction of Maternity & Child Healthcare Ward at Primary Health Sub-Center Village-180. Execution by authorized implementing agency following standard technical specifications.,Block-1,Village-180,20.22849,85.588658,True,2620000.0,2688849.79,2423863.98,196136.02,2023-12-27,2024-02-04,2024-03-21,,In Progress,CONTRACTOR-DEMO-0165,Riddhi Infra Solutions,District Rural Development Agency (DRDA)
MPLADS-DEMO-000144,DEMO-SYNTHETIC-v1,SYNTHETIC_DEMONSTRATION,MPLADS_STYLE_STRUCTURE,Tamil Nadu,Salem,Salem,Representative Salem (Simulated),Education & Schools,Setup of Science Laboratory and Learning Resource Center in Village-116,Setup of Science Laboratory and Learning Resource Center in Village-116. Execution by authorized implementing agency following standard technical specifications.,Block-7,Village-116,11.609117,78.184298,True,1010000.0,1002150.34,931679.09,78320.91,2024-01-05,2024-02-11,2024-03-26,2024-08-31,Completed,CONTRACTOR-DEMO-0152,National Construction Co,Public Works Department (PWD)
MPLADS-DEMO-000145,DEMO-SYNTHETIC-v1,SYNTHETIC_DEMONSTRATION,MPLADS_STYLE_STRUCTURE,Odisha,Khordha,Bhubaneswar,Representative Khordha (Simulated),Irrigation & Water Conservation,Construction of Reinforced Concrete Irrigation Sluice Gate and Channel in Village-24,Construction of Reinforced Concrete Irrigation Sluice Gate and Channel in Village-24. Execution by authorized implementing agency following standard technical specifications.,Block-5,Village-24,20.210921,85.615798,True,1750000.0,1777620.46,1654667.76,95332.24,2024-02-26,2024-04-05,2024-05-03,2024-09-09,Completed,CONTRACTOR-DEMO-0130,Vikas Urban Works Pvt Ltd,District Rural Development Agency (DRDA)
MPLADS-DEMO-000146,DEMO-SYNTHETIC-v1,SYNTHETIC_DEMONSTRATION,MPLADS_STYLE_STRUCTURE,Rajasthan,Jodhpur,Jodhpur,Representative Jodhpur (Simulated),Irrigation & Water Conservation,Desilting and Deepening of Traditional Village Water Reservoir in Village-87,Desilting and Deepening of Traditional Village Water Reservoir in Village-87. Execution by authorized implementing agency following standard technical specifications.,Block-8,Village-87,26.24505,72.976277,True,1420000.0,1452751.3,1357030.91,62969.09,2024-02-09,2024-02-26,2024-03-14,,In Progress,CONTRACTOR-DEMO-0121,Apex Engineering Works,Public Works Department (PWD)
MPLADS-DEMO-000147,DEMO-SYNTHETIC-v1,SYNTHETIC_DEMONSTRATION,MPLADS_STYLE_STRUCTURE,Maharashtra,Nagpur,Nagpur,Representative Nagpur (Simulated),Irrigation & Water Conservation,Construction of Check Dam and Water Harvesting Percolation Tank at Village-113,Construction of Check Dam and Water Harvesting Percolation Tank at Village-113. Execution by authorized implementing agency following standard technical specifications.,Block-4,Village-113,21.140147,79.152139,True,1640000.0,1600944.15,1489736.86,150263.14,2023-03-23,2023-04-25,2023-05-20,2023-10-12,Completed,CONTRACTOR-DEMO-0027,Modern Rural Developers,Minor Irrigation Division
MPLADS-DEMO-000148,DEMO-SYNTHETIC-v1,SYNTHETIC_DEMONSTRATION,MPLADS_STYLE_STRUCTURE,Rajasthan,Udaipur,Udaipur,Representative Udaipur (Simulated),Rural Connectivity & Roads,Construction of Cement Concrete (CC) Road and Drain Channel at Village-96,Construction of Cement Concrete (CC) Road and Drain Channel at Village-96. Execution by authorized implementing agency following standard technical specifications.,Block-7,Village-96,24.606786,73.731858,True,1730000.0,1715653.67,1419062.13,310937.87,2024-01-08,2024-02-05,2024-03-18,2024-06-25,Completed,CONTRACTOR-DEMO-0004,Aditya Buildcon Pvt Ltd,Rural Engineering Service (RES)
MPLADS-DEMO-000149,DEMO-SYNTHETIC-v1,SYNTHETIC_DEMONSTRATION,MPLADS_STYLE_STRUCTURE,Karnataka,Bengaluru Rural,Bengaluru Rural,Representative Bengaluru Rural (Simulated),Community Infrastructure,Development of Public Recreation Shed and Boundary Wall in Village-152,Development of Public Recreation Shed and Boundary Wall in Village-152. Execution by authorized implementing agency following standard technical specifications.,Block-3,Village-152,13.028905,77.591198,True,910000.0,874186.96,754410.07,155589.93,2023-03-17,2023-04-27,2023-05-20,2023-09-30,Completed,CONTRACTOR-DEMO-0102,Samriddhi Civil Projects,Public Works Department (PWD)
MPLADS-DEMO-000150,DEMO-SYNTHETIC-v1,SYNTHETIC_DEMONSTRATION,MPLADS_STYLE_STRUCTURE,Kerala,Kozhikode,Kozhikode,Representative Kozhikode (Simulated),Irrigation & Water Conservation,Construction of Check Dam and Water Harvesting Percolation Tank at Village-27,Construction of Check Dam and Water Harvesting Percolation Tank at Village-27. Execution by authorized implementing agency following standard technical specifications.,Block-8,Village-27,11.234536,75.829929,True,1270000.0,1258084.46,1190084.77,79915.23,2024-04-06,2024-04-28,2024-05-22,,In Progress,CONTRACTOR-DEMO-0148,National Engineers & Builders,Public Works Department (PWD)
MPLADS-DEMO-000151,DEMO-SYNTHETIC-v1,SYNTHETIC_DEMONSTRATION,MPLADS_STYLE_STRUCTURE,Tamil Nadu,Coimbatore,Madurai,Representative Madurai (Simulated),Healthcare Infrastructure,Construction of Community Hall at Village-Ward-10,Construction of Community Hall at Village-Ward-10 with sanitation facilities.,Block-4,Village-Ward-10,9.905854,78.082497,True,2180000.0,2253229.54,1943900.51,236099.49,2023-08-29,2023-09-25,2023-10-15,2024-02-02,Completed,CONTRACTOR-DEMO-0196,Pragati Engineering Works,Public Works Department (PWD)
MPLADS-DEMO-000152,DEMO-SYNTHETIC-v1,SYNTHETIC_DEMONSTRATION,MPLADS_STYLE_STRUCTURE,Tamil Nadu,Coimbatore,Coimbatore,Representative Coimbatore (Simulated),Healthcare Infrastructure,Development of Community Hall in Village-Ward-10,Development of Community Hall in Village-Ward-10 with sanitation facilities.,Block-1,Village-Ward-10,9.906034,78.082547,True,1170000.0,1146392.8,1050967.39,119032.61,2023-05-22,2023-06-23,2023-07-09,2023-12-08,Completed,CONTRACTOR-DEMO-0056,Om Construction Co,Municipal Corporation Public Works
MPLADS-DEMO-000153,DEMO-SYNTHETIC-v1,SYNTHETIC_DEMONSTRATION,MPLADS_STYLE_STRUCTURE,Maharashtra,Pune,Madurai,Representative Madurai (Simulated),Renewable Energy,Construction of Community Hall at Village-Ward-11,Construction of Community Hall at Village-Ward-11 with sanitation facilities.,Block-3,Village-Ward-11,9.911128,78.138802,True,600000.0,599754.61,465558.63,134441.37,2023-09-27,2023-10-15,2023-12-02,2024-02-18,Completed,CONTRACTOR-DEMO-0096,Kisan Contractors,District Rural Development Agency (DRDA)
MPLADS-DEMO-000154,DEMO-SYNTHETIC-v1,SYNTHETIC_DEMONSTRATION,MPLADS_STYLE_STRUCTURE,Maharashtra,Pune,Pune,Representative Pune (Simulated),Education & Schools,Development of Community Hall in Village-Ward-11,Development of Community Hall in Village-Ward-11 with sanitation facilities.,Block-5,Village-Ward-11,9.911308,78.138852,True,1500000.0,1554534.36,1390776.63,109223.37,2023-01-23,2023-02-10,2023-02-25,,In Progress,CONTRACTOR-DEMO-0014,Surya Shakti Construction Co,Public Works Department (PWD)
MPLADS-DEMO-000155,DEMO-SYNTHETIC-v1,SYNTHETIC_DEMONSTRATION,MPLADS_STYLE_STRUCTURE,Odisha,Ganjam,Nizamabad,Representative Nizamabad (Simulated),Education & Schools,Construction of Community Hall at Village-Ward-12,Construction of Community Hall at Village-Ward-12 with sanitation facilities.,Block-2,Village-Ward-12,18.700142,78.128824,True,770000.0,782431.54,592097.97,177902.03,2023-10-16,2023-11-08,2023-12-10,,In Progress,CONTRACTOR-DEMO-0024,Modern Contractors,Municipal Corporation Public Works
MPLADS-DEMO-000156,DEMO-SYNTHETIC-v1,SYNTHETIC_DEMONSTRATION,MPLADS_STYLE_STRUCTURE,Odisha,Ganjam,Aska,Representative Ganjam (Simulated),Drinking Water & Sanitation,Development of Community Hall in Village-Ward-12,Development of Community Hall in Village-Ward-12 with sanitation facilities.,Block-9,Village-Ward-12,18.700322,78.128874,True,1180000.0,1211579.3,1069838.51,110161.49,2023-02-17,2023-03-22,2023-05-03,2023-09-16,Completed,CONTRACTOR-DEMO-0018,Bharat Civil Projects,Rural Engineering Service (RES)
MPLADS-DEMO-000157,DEMO-SYNTHETIC-v1,SYNTHETIC_DEMONSTRATION,MPLADS_STYLE_STRUCTURE,Telangana,Nizamabad,Surat,Representative Surat (Simulated),Education & Schools,Construction of Community Hall at Village-Ward-13,Construction of Community Hall at Village-Ward-13 with sanitation facilities.,Block-8,Village-Ward-13,21.184799,72.773254,True,1840000.0,1783982.01,1679583.54,160416.46,2024-01-09,2024-01-23,2024-02-17,2024-07-29,Completed,CONTRACTOR-DEMO-0137,Om Contractors,Municipal Corporation Public Works
MPLADS-DEMO-000158,DEMO-SYNTHETIC-v1,SYNTHETIC_DEMONSTRATION,MPLADS_STYLE_STRUCTURE,Telangana,Nizamabad,Nizamabad,Representative Nizamabad (Simulated),Irrigation & Water Conservation,Development of Community Hall in Village-Ward-13,Development of Community Hall in Village-Ward-13 with sanitation facilities.,Block-8,Village-Ward-13,21.184979,72.773304,True,1890000.0,1946467.16,1736107.21,153892.79,2023-03-16,2023-03-31,2023-05-06,2023-09-27,Completed,CONTRACTOR-DEMO-0138,Pragati Buildcon Pvt Ltd,Public Works Department (PWD)
MPLADS-DEMO-000159,DEMO-SYNTHETIC-v1,SYNTHETIC_DEMONSTRATION,MPLADS_STYLE_STRUCTURE,Kerala,Wayanad,Gorakhpur,Representative Gorakhpur (Simulated),Healthcare Infrastructure,Construction of Community Hall at Village-Ward-14,Construction of Community Hall at Village-Ward-14 with sanitation facilities.,Block-2,Village-Ward-14,26.705619,83.367376,True,1660000.0,1600962.31,1573103.57,86896.43,2023-04-10,2023-05-17,2023-06-11,,In Progress,CONTRACTOR-DEMO-0030,Hindustan Civil Projects,Municipal Corporation Public Works
MPLADS-DEMO-000160,DEMO-SYNTHETIC-v1,SYNTHETIC_DEMONSTRATION,MPLADS_STYLE_STRUCTURE,Kerala,Wayanad,Wayanad,Representative Wayanad (Simulated),Healthcare Infrastructure,Development of Community Hall in Village-Ward-14,Development of Community Hall in Village-Ward-14 with sanitation facilities.,Block-10,Village-Ward-14,26.705799,83.367426,True,1830000.0,1792602.33,1571065.72,258934.28,2023-07-30,2023-08-22,2023-09-17,2023-12-10,Completed,CONTRACTOR-DEMO-0145,Samriddhi Urban Works Pvt Ltd,Minor Irrigation Division
MPLADS-DEMO-000161,DEMO-SYNTHETIC-v1,SYNTHETIC_DEMONSTRATION,MPLADS_STYLE_STRUCTURE,Telangana,Nizamabad,Kozhikode,Representative Kozhikode (Simulated),Healthcare Infrastructure,Construction of Community Hall at Village-Ward-15,Construction of Community Hall at Village-Ward-15 with sanitation facilities.,Block-9,Village-Ward-15,11.235634,75.769513,True,1920000.0,1892342.04,1804760.27,115239.73,2023-11-03,2023-12-10,2024-01-01,2024-03-29,Completed,CONTRACTOR-DEMO-0049,National Buildcon Pvt Ltd,Rural Engineering Service (RES)
MPLADS-DEMO-000162,DEMO-SYNTHETIC-v1,SYNTHETIC_DEMONSTRATION,MPLADS_STYLE_STRUCTURE,Telangana,Nizamabad,Nizamabad,Representative Nizamabad (Simulated),Renewable Energy,Development of Community Hall in Village-Ward-15,Development of Community Hall in Village-Ward-15 with sanitation facilities.,Block-4,Village-Ward-15,11.235814,75.769563,True,630000.0,643785.78,517520.11,112479.89,2023-02-28,2023-04-12,2023-04-27,2023-09-23,Completed,CONTRACTOR-DEMO-0148,National Engineers & Builders,District Rural Development Agency (DRDA)
MPLADS-DEMO-000163,DEMO-SYNTHETIC-v1,SYNTHETIC_DEMONSTRATION,MPLADS_STYLE_STRUCTURE,Kerala,Kozhikode,Kozhikode,Representative Kozhikode (Simulated),Renewable Energy,Installation of Solar LED High-Mast Lighting System at Market Yard Village-119,Installation of Solar LED High-Mast Lighting System at Market Yard Village-119. Execution by authorized implementing agency following standard technical specifications.,Block-10,Village-119,11.241676,75.841742,True,570000.0,580600.33,499153.92,70846.08,2024-02-26,2024-03-26,2024-04-19,,In Progress,CONTRACTOR-DEMO-0108,Shanti Buildcon Pvt Ltd,Public Works Department (PWD)
MPLADS-DEMO-000164,DEMO-SYNTHETIC-v1,SYNTHETIC_DEMONSTRATION,MPLADS_STYLE_STRUCTURE,Uttar Pradesh,Lucknow,Lucknow,Representative Lucknow (Simulated),Renewable Energy,Supply and Erection of 30 Standalone Solar Street Lights in Village-163,Supply and Erection of 30 Standalone Solar Street Lights in Village-163. Execution by authorized implementing agency following standard technical specifications.,Block-4,Village-163,26.890845,80.995236,True,710000.0,681683.04,639837.72,70162.28,2024-03-24,2024-04-26,2024-05-17,,In Progress,CONTRACTOR-DEMO-0064,Sai Civil Projects,Panchayati Raj Engineering Division
MPLADS-DEMO-000165,DEMO-SYNTHETIC-v1,SYNTHETIC_DEMONSTRATION,MPLADS_STYLE_STRUCTURE,Karnataka,Bengaluru Rural,Bengaluru Rural,Representative Bengaluru Rural (Simulated),Community Infrastructure,Development of Public Recreation Shed and Boundary Wall in Village-183,Development of Public Recreation Shed and Boundary Wall in Village-183. Execution by authorized implementing agency following standard technical specifications.,Block-4,Village-183,13.035877,77.508507,True,1190000.0,1227821.77,1034758.1,155241.9,2024-01-08,2024-02-14,2024-03-29,2024-07-03,Completed,CONTRACTOR-DEMO-0152,National Construction Co,Public Works Department (PWD)
MPLADS-DEMO-000166,DEMO-SYNTHETIC-v1,SYNTHETIC_DEMONSTRATION,MPLADS_STYLE_STRUCTURE,Karnataka,Mysuru,Mysuru,Representative Mysuru (Simulated),Drinking Water & Sanitation,Laying of Underground Drinking Water Pipeline Distribution in Village-20,Laying of Underground Drinking Water Pipeline Distribution in Village-20. Execution by authorized implementing agency following standard technical specifications.,Block-1,Village-20,12.307746,76.582497,True,960000.0,939784.07,777626.8,182373.2,2023-06-25,2023-08-03,2023-09-07,2024-01-29,Completed,CONTRACTOR-DEMO-0063,Navnirman Infrastructure Ltd,Public Works Department (PWD)
MPLADS-DEMO-000167,DEMO-SYNTHETIC-v1,SYNTHETIC_DEMONSTRATION,MPLADS_STYLE_STRUCTURE,Uttar Pradesh,Varanasi,Varanasi,Representative Varanasi (Simulated),Drinking Water & Sanitation,Installation of Community RO Water Purification Plant at Village-40,Installation of Community RO Water Purification Plant at Village-40. Execution by authorized implementing agency following standard technical specifications.,Block-1,Village-40,25.266336,82.967344,True,800000.0,794016.8,698610.12,101389.88,2024-05-22,2024-06-18,2024-07-31,,In Progress,CONTRACTOR-DEMO-0071,Kisan Infra Solutions,Public Works Department (PWD)
MPLADS-DEMO-000168,DEMO-SYNTHETIC-v1,SYNTHETIC_DEMONSTRATION,MPLADS_STYLE_STRUCTURE,Gujarat,Surat,Surat,Representative Surat (Simulated),Drinking Water & Sanitation,Drilling of Deep Borewell and Solar-Powered Overhead Water Tank at Village-181,Drilling of Deep Borewell and Solar-Powered Overhead Water Tank at Village-181. Execution by authorized implementing agency following standard technical specifications.,Block-2,Village-181,21.195794,72.771343,True,700000.0,680306.13,639496.34,60503.66,2024-05-24,2024-06-29,2024-08-08,,In Progress,CONTRACTOR-DEMO-0177,Apex Enterprises,District Rural Development Agency (DRDA)
MPLADS-DEMO-000169,DEMO-SYNTHETIC-v1,SYNTHETIC_DEMONSTRATION,MPLADS_STYLE_STRUCTURE,Uttar Pradesh,Gorakhpur,Gorakhpur,Representative Gorakhpur (Simulated),Irrigation & Water Conservation,Construction of Check Dam and Water Harvesting Percolation Tank at Village-8,Construction of Check Dam and Water Harvesting Percolation Tank at Village-8. Execution by authorized implementing agency following standard technical specifications.,Block-9,Village-8,26.819373,83.419298,True,1810000.0,1845921.76,1461513.65,348486.35,2023-09-08,2023-09-28,2023-10-21,,In Progress,CONTRACTOR-DEMO-0019,Samriddhi Infrastructure Ltd,Rural Engineering Service (RES)
MPLADS-DEMO-000170,DEMO-SYNTHETIC-v1,SYNTHETIC_DEMONSTRATION,MPLADS_STYLE_STRUCTURE,Maharashtra,Pune,Pune,Representative Pune (Simulated),Drinking Water & Sanitation,Laying of Underground Drinking Water Pipeline Distribution in Village-96,Laying of Underground Drinking Water Pipeline Distribution in Village-96. Execution by authorized implementing agency following standard technical specifications.,Block-7,Village-96,18.544617,73.913585,True,900000.0,905927.31,728575.88,171424.12,2024-03-06,2024-03-24,2024-04-09,2024-08-12,Completed,CONTRACTOR-DEMO-0169,Swastik Civil Projects,Panchayati Raj Engineering Division
MPLADS-DEMO-000171,DEMO-SYNTHETIC-v1,SYNTHETIC_DEMONSTRATION,MPLADS_STYLE_STRUCTURE,Telangana,Nizamabad,Nizamabad,Representative Nizamabad (Simulated),Drinking Water & Sanitation,Installation of Community RO Water Purification Plant at Village-85,Installation of Community RO Water Purification Plant at Village-85. Execution by authorized implementing agency following standard technical specifications.,Block-6,Village-85,18.623429,78.151596,True,630000.0,613266.66,555655.82,74344.18,2024-03-10,2024-04-18,2024-06-03,,In Progress,CONTRACTOR-DEMO-0178,Golden Engineering Works,Panchayati Raj Engineering Division
MPLADS-DEMO-000172,DEMO-SYNTHETIC-v1,SYNTHETIC_DEMONSTRATION,MPLADS_STYLE_STRUCTURE,Maharashtra,Nashik,Nashik,Representative Nashik (Simulated),Rural Connectivity & Roads,Interlocking Paver Block Road Installation along Main Street in Village-48,Interlocking Paver Block Road Installation along Main Street in Village-48. Execution by authorized implementing agency following standard technical specifications.,Block-9,Village-48,19.968248,73.782781,True,990000.0,953144.24,883486.5,106513.5,2023-05-20,2023-06-21,2023-08-06,2024-03-08,Completed,CONTRACTOR-DEMO-0126,Swastik Engineers & Builders,Public Works Department (PWD)
MPLADS-DEMO-000173,DEMO-SYNTHETIC-v1,SYNTHETIC_DEMONSTRATION,MPLADS_STYLE_STRUCTURE,Gujarat,Surat,Surat,Representative Surat (Simulated),Rural Connectivity & Roads,Construction of Culvert and Cross-Drainage Structure on Link Road Village-36,Construction of Culvert and Cross-Drainage Structure on Link Road Village-36. Execution by authorized implementing agency following standard technical specifications.,Block-7,Village-36,21.159701,72.849645,True,2540000.0,2489026.82,2485745.79,54254.21,2023-10-20,2023-11-04,2023-12-13,2024-05-27,Completed,CONTRACTOR-DEMO-0126,Swastik Engineers & Builders,Municipal Corporation Public Works
MPLADS-DEMO-000174,DEMO-SYNTHETIC-v1,SYNTHETIC_DEMONSTRATION,MPLADS_STYLE_STRUCTURE,Telangana,Nizamabad,Nizamabad,Representative Nizamabad (Simulated),Education & Schools,Construction of Separate Girls Toilet and Wash Area in Govt High School Village-145,Construction of Separate Girls Toilet and Wash Area in Govt High School Village-145. Execution by authorized implementing agency following standard technical specifications.,Block-6,Village-145,18.672811,78.07959,True,610000.0,586871.87,541275.42,68724.58,2023-01-30,2023-03-02,2023-03-20,2023-10-01,Completed,CONTRACTOR-DEMO-0139,Premier Enterprises,District Rural Development Agency (DRDA)
MPLADS-DEMO-000175,DEMO-SYNTHETIC-v1,SYNTHETIC_DEMONSTRATION,MPLADS_STYLE_STRUCTURE,Telangana,Warangal,Warangal,Representative Warangal (Simulated),Renewable Energy,Installation of Solar LED High-Mast Lighting System at Market Yard Village-41,Installation of Solar LED High-Mast Lighting System at Market Yard Village-41. Execution by authorized implementing agency following standard technical specifications.,Block-2,Village-41,17.916917,79.614492,True,620000.0,621671.0,577830.43,42169.57,2024-01-27,2024-02-13,2024-03-13,2024-09-03,Completed,CONTRACTOR-DEMO-0094,Panchsheel Construction Co,Rural Engineering Service (RES)
MPLADS-DEMO-000176,DEMO-SYNTHETIC-v1,SYNTHETIC_DEMONSTRATION,MPLADS_STYLE_STRUCTURE,Maharashtra,Nashik,Nashik,Representative Nashik (Simulated),Drinking Water & Sanitation,Drilling of Deep Borewell and Solar-Powered Overhead Water Tank at Village-189,Drilling of Deep Borewell and Solar-Powered Overhead Water Tank at Village-189. Execution by authorized implementing agency following standard technical specifications.,Block-10,Village-189,20.023191,73.843617,True,510000.0,518300.88,423752.32,86247.68,2023-11-01,2023-11-24,2023-12-21,2024-07-09,Completed,CONTRACTOR-DEMO-0142,Panchsheel Infra Solutions,District Rural Development Agency (DRDA)
MPLADS-DEMO-000177,DEMO-SYNTHETIC-v1,SYNTHETIC_DEMONSTRATION,MPLADS_STYLE_STRUCTURE,Maharashtra,Nashik,Nashik,Representative Nashik (Simulated),Education & Schools,Construction of Additional Classrooms at Govt Senior Secondary School Village-24,Construction of Additional Classrooms at Govt Senior Secondary School Village-24. Execution by authorized implementing agency following standard technical specifications.,Block-5,Village-24,19.939802,73.803016,True,1450000.0,1453068.03,1087727.95,362272.05,2024-04-28,2024-05-24,2024-06-16,2024-10-14,Completed,CONTRACTOR-DEMO-0086,Swastik Buildcon Pvt Ltd,Public Works Department (PWD)
MPLADS-DEMO-000178,DEMO-SYNTHETIC-v1,SYNTHETIC_DEMONSTRATION,MPLADS_STYLE_STRUCTURE,Gujarat,Rajkot,Rajkot,Representative Rajkot (Simulated),Drinking Water & Sanitation,Construction of Public Sanitation Facility and Bathing Block in Village-199,Construction of Public Sanitation Facility and Bathing Block in Village-199. Execution by authorized implementing agency following standard technical specifications.,Block-10,Village-199,22.25332,70.805618,True,930000.0,964265.57,777411.07,152588.93,2024-05-11,2024-06-19,2024-07-10,,In Progress,CONTRACTOR-DEMO-0086,Swastik Buildcon Pvt Ltd,Rural Engineering Service (RES)
MPLADS-DEMO-000179,DEMO-SYNTHETIC-v1,SYNTHETIC_DEMONSTRATION,MPLADS_STYLE_STRUCTURE,Maharashtra,Nashik,Nashik,Representative Nashik (Simulated),Healthcare Infrastructure,Supply of Diagnostic Medical Equipment and Patient Beds to Rural Clinic in Village-164,Supply of Diagnostic Medical Equipment and Patient Beds to Rural Clinic in Village-164. Execution by authorized implementing agency following standard technical specifications.,Block-5,Village-164,20.057386,73.809193,True,1220000.0,1240221.05,1072690.83,147309.17,2024-04-14,2024-05-20,2024-06-18,2024-10-15,Completed,CONTRACTOR-DEMO-0100,Modern Civil Projects,District Rural Development Agency (DRDA)
MPLADS-DEMO-000180,DEMO-SYNTHETIC-v1,SYNTHETIC_DEMONSTRATION,MPLADS_STYLE_STRUCTURE,Kerala,Kozhikode,Kozhikode,Representative Kozhikode (Simulated),Healthcare Infrastructure,Supply of Diagnostic Medical Equipment and Patient Beds to Rural Clinic in Village-33,Supply of Diagnostic Medical Equipment and Patient Beds to Rural Clinic in Village-33. Execution by authorized implementing agency following standard technical specifications.,Block-4,Village-33,11.216902,75.715634,True,1890000.0,1957843.16,1587729.14,302270.86,2024-02-13,2024-02-29,2024-03-26,2024-08-04,Completed,CONTRACTOR-DEMO-0167,Shiv Shakti Civil Projects,Municipal Corporation Public Works
MPLADS-DEMO-000181,DEMO-SYNTHETIC-v1,SYNTHETIC_DEMONSTRATION,MPLADS_STYLE_STRUCTURE,Maharashtra,Nagpur,Nagpur,Representative Nagpur (Simulated),Education & Schools,Installation of Digital Smart Classroom and Computer Lab Infrastructure at Village-85,Installation of Digital Smart Classroom and Computer Lab Infrastructure at Village-85. Execution by authorized implementing agency following standard technical specifications.,Block-6,Village-85,21.177695,79.054139,True,1100000.0,1070774.09,1048986.02,51013.98,2023-03-01,2023-04-05,2023-05-18,,In Progress,CONTRACTOR-DEMO-0057,Universal Projects Ltd,Rural Engineering Service (RES)
MPLADS-DEMO-000182,DEMO-SYNTHETIC-v1,SYNTHETIC_DEMONSTRATION,MPLADS_STYLE_STRUCTURE,Kerala,Ernakulam,Ernakulam,Representative Ernakulam (Simulated),Community Infrastructure,Construction of Open Air Gymnasium and Seating Area at Village-66,Construction of Open Air Gymnasium and Seating Area at Village-66. Execution by authorized implementing agency following standard technical specifications.,Block-7,Village-66,10.018913,76.328554,True,660000.0,653977.48,606206.33,53793.67,2024-05-25,2024-06-18,2024-07-29,,In Progress,CONTRACTOR-DEMO-0100,Modern Civil Projects,District Rural Development Agency (DRDA)
MPLADS-DEMO-000183,DEMO-SYNTHETIC-v1,SYNTHETIC_DEMONSTRATION,MPLADS_STYLE_STRUCTURE,Karnataka,Dharwad,Dharwad,Representative Dharwad (Simulated),Education & Schools,Construction of Additional Classrooms at Govt Senior Secondary School Village-123,Construction of Additional Classrooms at Govt Senior Secondary School Village-123. Execution by authorized implementing agency following standard technical specifications.,Block-4,Village-123,15.496435,75.017947,True,1970000.0,1916834.67,1510897.72,459102.28,2024-03-23,2024-04-08,2024-05-11,,In Progress,CONTRACTOR-DEMO-0070,Alliance Projects Ltd,Public Works Department (PWD)
MPLADS-DEMO-000184,DEMO-SYNTHETIC-v1,SYNTHETIC_DEMONSTRATION,MPLADS_STYLE_STRUCTURE,Gujarat,Surat,Surat,Representative Surat (Simulated),Rural Connectivity & Roads,Interlocking Paver Block Road Installation along Main Street in Village-97,Interlocking Paver Block Road Installation along Main Street in Village-97. Execution by authorized implementing agency following standard technical specifications.,Block-8,Village-97,21.126118,72.77585,True,910000.0,898202.8,888718.29,21281.71,2024-04-16,2024-05-30,2024-06-15,2024-10-10,Completed,CONTRACTOR-DEMO-0159,Samriddhi Engineers & Builders,Panchayati Raj Engineering Division
MPLADS-DEMO-000185,DEMO-SYNTHETIC-v1,SYNTHETIC_DEMONSTRATION,MPLADS_STYLE_STRUCTURE,Maharashtra,Nashik,Nashik,Representative Nashik (Simulated),Community Infrastructure,Construction of Multipurpose Community Hall at Village Village-85,Construction of Multipurpose Community Hall at Village Village-85. Execution by authorized implementing agency following standard technical specifications.,Block-6,Village-85,19.959222,73.749498,True,2090000.0,2099047.6,2012423.23,77576.77,2023-10-18,2023-11-17,2023-12-20,2024-03-28,Completed,CONTRACTOR-DEMO-0016,Om Buildcon Pvt Ltd,Panchayati Raj Engineering Division
MPLADS-DEMO-000186,DEMO-SYNTHETIC-v1,SYNTHETIC_DEMONSTRATION,MPLADS_STYLE_STRUCTURE,Tamil Nadu,Coimbatore,Coimbatore,Representative Coimbatore (Simulated),Renewable Energy,Supply and Erection of 30 Standalone Solar Street Lights in Village-40,Supply and Erection of 30 Standalone Solar Street Lights in Village-40. Execution by authorized implementing agency following standard technical specifications.,Block-1,Village-40,10.958886,76.891296,True,550000.0,540960.18,496245.56,53754.44,2023-11-18,2024-01-01,2024-01-28,,In Progress,CONTRACTOR-DEMO-0056,Om Construction Co,Rural Engineering Service (RES)
MPLADS-DEMO-000187,DEMO-SYNTHETIC-v1,SYNTHETIC_DEMONSTRATION,MPLADS_STYLE_STRUCTURE,Tamil Nadu,Salem,Salem,Representative Salem (Simulated),Rural Connectivity & Roads,Construction of Cement Concrete (CC) Road and Drain Channel at Village-122,Construction of Cement Concrete (CC) Road and Drain Channel at Village-122. Execution by authorized implementing agency following standard technical specifications.,Block-3,Village-122,11.70899,78.121086,True,2610000.0,2603933.2,2494694.95,115305.05,2023-05-30,2023-06-18,2023-08-06,2024-01-22,Completed,CONTRACTOR-DEMO-0101,Bharat Construction Co,District Rural Development Agency (DRDA)
MPLADS-DEMO-000188,DEMO-SYNTHETIC-v1,SYNTHETIC_DEMONSTRATION,MPLADS_STYLE_STRUCTURE,Maharashtra,Nashik,Nashik,Representative Nashik (Simulated),Education & Schools,Construction of Additional Classrooms at Govt Senior Secondary School Village-68,Construction of Additional Classrooms at Govt Senior Secondary School Village-68. Execution by authorized implementing agency following standard technical specifications.,Block-9,Village-68,19.989666,73.759042,True,2080000.0,2090690.63,1632300.91,447699.09,2024-01-06,2024-01-26,2024-02-15,2024-09-15,Completed,CONTRACTOR-DEMO-0109,Surya Shakti Contractors,Municipal Corporation Public Works
MPLADS-DEMO-000189,DEMO-SYNTHETIC-v1,SYNTHETIC_DEMONSTRATION,MPLADS_STYLE_STRUCTURE,Uttar Pradesh,Lucknow,Lucknow,Representative Lucknow (Simulated),Renewable Energy,Installation of Solar LED High-Mast Lighting System at Market Yard Village-100,Installation of Solar LED High-Mast Lighting System at Market Yard Village-100. Execution by authorized implementing agency following standard technical specifications.,Block-1,Village-100,26.888093,80.935622,True,790000.0,801822.69,762636.87,27363.13,2023-11-04,2023-12-03,2024-01-17,2024-07-11,Completed,CONTRACTOR-DEMO-0186,Classic Enterprises,Public Works Department (PWD)
MPLADS-DEMO-000190,DEMO-SYNTHETIC-v1,SYNTHETIC_DEMONSTRATION,MPLADS_STYLE_STRUCTURE,Karnataka,Mysuru,Mysuru,Representative Mysuru (Simulated),Renewable Energy,Installation of 10kW Rooftop Solar Power System at Primary Health Center Village-147,Installation of 10kW Rooftop Solar Power System at Primary Health Center Village-147. Execution by authorized implementing agency following standard technical specifications.,Block-8,Village-147,12.31888,76.655036,True,670000.0,694080.06,571697.02,98302.98,2024-05-14,2024-06-07,2024-07-05,,In Progress,CONTRACTOR-DEMO-0036,Sai Projects Ltd,Public Works Department (PWD)
MPLADS-DEMO-000191,DEMO-SYNTHETIC-v1,SYNTHETIC_DEMONSTRATION,MPLADS_STYLE_STRUCTURE,Madhya Pradesh,Bhopal,Bhopal,Representative Bhopal (Simulated),Community Infrastructure,Renovation and Expansion of Village Panchayat Bhavan in Village-52,Renovation and Expansion of Village Panchayat Bhavan in Village-52. Execution by authorized implementing agency following standard technical specifications.,Block-3,Village-52,23.324545,77.429139,True,2060000.0,2030294.72,1889501.41,170498.59,2024-03-03,2024-03-21,2024-04-10,2024-10-03,Completed,CONTRACTOR-DEMO-0145,Samriddhi Urban Works Pvt Ltd,District Rural Development Agency (DRDA)
MPLADS-DEMO-000192,DEMO-SYNTHETIC-v1,SYNTHETIC_DEMONSTRATION,MPLADS_STYLE_STRUCTURE,Odisha,Khordha,Bhubaneswar,Representative Khordha (Simulated),Rural Connectivity & Roads,Construction of Culvert and Cross-Drainage Structure on Link Road Village-4,Construction of Culvert and Cross-Drainage Structure on Link Road Village-4. Execution by authorized implementing agency following standard technical specifications.,Block-5,Village-4,20.218152,85.637198,True,2530000.0,2587013.18,1962974.71,567025.29,2023-04-01,2023-04-24,2023-05-15,2023-12-20,Completed,CONTRACTOR-DEMO-0029,Pragati Construction Co,District Rural Development Agency (DRDA)
MPLADS-DEMO-000193,DEMO-SYNTHETIC-v1,SYNTHETIC_DEMONSTRATION,MPLADS_STYLE_STRUCTURE,Odisha,Khordha,Bhubaneswar,Representative Khordha (Simulated),Renewable Energy,Supply and Erection of 30 Standalone Solar Street Lights in Village-106,Supply and Erection of 30 Standalone Solar Street Lights in Village-106. Execution by authorized implementing agency following standard technical specifications.,Block-7,Village-106,20.150238,85.641322,True,860000.0,867496.6,652410.71,207589.29,2023-06-05,2023-07-14,2023-08-07,2024-01-31,Completed,CONTRACTOR-DEMO-0013,Bharat Engineering Works,Panchayati Raj Engineering Division
MPLADS-DEMO-000194,DEMO-SYNTHETIC-v1,SYNTHETIC_DEMONSTRATION,MPLADS_STYLE_STRUCTURE,Odisha,Cuttack,Cuttack,Representative Cuttack (Simulated),Rural Connectivity & Roads,Interlocking Paver Block Road Installation along Main Street in Village-13,Interlocking Paver Block Road Installation along Main Street in Village-13. Execution by authorized implementing agency following standard technical specifications.,Block-4,Village-13,20.494447,85.937709,True,1270000.0,1221255.66,1191258.43,78741.57,2023-06-19,2023-07-22,2023-08-23,2023-12-01,Completed,CONTRACTOR-DEMO-0062,Panchsheel Projects Ltd,Rural Engineering Service (RES)
MPLADS-DEMO-000195,DEMO-SYNTHETIC-v1,SYNTHETIC_DEMONSTRATION,MPLADS_STYLE_STRUCTURE,Rajasthan,Jaipur,Jaipur,Representative Jaipur (Simulated),Healthcare Infrastructure,Supply of Diagnostic Medical Equipment and Patient Beds to Rural Clinic in Village-199,Supply of Diagnostic Medical Equipment and Patient Beds to Rural Clinic in Village-199. Execution by authorized implementing agency following standard technical specifications.,Block-10,Village-199,26.954757,75.757325,True,1530000.0,1542849.45,1178920.04,351079.96,2023-08-29,2023-09-25,2023-11-05,2024-05-30,Completed,CONTRACTOR-DEMO-0099,Maruti Infrastructure Ltd,Public Works Department (PWD)
MPLADS-DEMO-000196,DEMO-SYNTHETIC-v1,SYNTHETIC_DEMONSTRATION,MPLADS_STYLE_STRUCTURE,Karnataka,Mysuru,Mysuru,Representative Mysuru (Simulated),Irrigation & Water Conservation,Construction of Check Dam and Water Harvesting Percolation Tank at Village-17,Construction of Check Dam and Water Harvesting Percolation Tank at Village-17. Execution by authorized implementing agency following standard technical specifications.,Block-8,Village-17,12.271246,76.640283,True,1270000.0,1298500.47,1105644.0,164356.0,2023-11-02,2023-11-17,2023-12-13,,In Progress,CONTRACTOR-DEMO-0055,Gitanjali Projects Ltd,Public Works Department (PWD)
MPLADS-DEMO-000197,DEMO-SYNTHETIC-v1,SYNTHETIC_DEMONSTRATION,MPLADS_STYLE_STRUCTURE,Uttar Pradesh,Lucknow,Lucknow,Representative Lucknow (Simulated),Community Infrastructure,Renovation and Expansion of Village Panchayat Bhavan in Village-13,Renovation and Expansion of Village Panchayat Bhavan in Village-13. Execution by authorized implementing agency following standard technical specifications.,Block-4,Village-13,26.901044,80.972802,True,2100000.0,2077883.12,1799217.52,300782.48,2023-08-06,2023-08-27,2023-09-12,,In Progress,CONTRACTOR-DEMO-0129,Mahalaxmi Engineers & Builders,Municipal Corporation Public Works
MPLADS-DEMO-000198,DEMO-SYNTHETIC-v1,SYNTHETIC_DEMONSTRATION,MPLADS_STYLE_STRUCTURE,Madhya Pradesh,Jabalpur,Jabalpur,Representative Jabalpur (Simulated),Drinking Water & Sanitation,Laying of Underground Drinking Water Pipeline Distribution in Village-151,Laying of Underground Drinking Water Pipeline Distribution in Village-151. Execution by authorized implementing agency following standard technical specifications.,Block-2,Village-151,23.188173,79.966152,True,1130000.0,1152506.09,1026532.25,103467.75,2023-06-09,2023-06-24,2023-08-02,,In Progress,CONTRACTOR-DEMO-0150,Reliable Engineering Works,Rural Engineering Service (RES)
MPLADS-DEMO-000199,DEMO-SYNTHETIC-v1,SYNTHETIC_DEMONSTRATION,MPLADS_STYLE_STRUCTURE,Odisha,Khordha,Bhubaneswar,Representative Khordha (Simulated),Drinking Water & Sanitation,Construction of Public Sanitation Facility and Bathing Block in Village-174,Construction of Public Sanitation Facility and Bathing Block in Village-174. Execution by authorized implementing agency following standard technical specifications.,Block-5,Village-174,20.142775,85.640906,True,1020000.0,980836.27,948059.24,71940.76,2024-02-11,2024-02-25,2024-04-10,2024-08-07,Completed,CONTRACTOR-DEMO-0157,Surya Shakti Infra Solutions,Public Works Department (PWD)
MPLADS-DEMO-000200,DEMO-SYNTHETIC-v1,SYNTHETIC_DEMONSTRATION,MPLADS_STYLE_STRUCTURE,Uttar Pradesh,Lucknow,Lucknow,Representative Lucknow (Simulated),Rural Connectivity & Roads,Upgradation of Rural Link Road connecting Hamlet to Main Highway at Village-183,Upgradation of Rural Link Road connecting Hamlet to Main Highway at Village-183. Execution by authorized implementing agency following standard technical specifications.,Block-4,Village-183,26.907413,80.964756,True,4360000.0,4497944.46,4123970.61,236029.39,2023-09-07,2023-10-07,2023-11-04,2024-05-30,Completed,CONTRACTOR-DEMO-0163,Samriddhi Enterprises,Panchayati Raj Engineering Division
MPLADS-DEMO-000201,DEMO-SYNTHETIC-v1,SYNTHETIC_DEMONSTRATION,MPLADS_STYLE_STRUCTURE,Tamil Nadu,Coimbatore,Coimbatore,Representative Coimbatore (Simulated),Community Infrastructure,Construction of Multipurpose Community Hall at Village Village-131,Construction of Multipurpose Community Hall at Village Village-131. Execution by authorized implementing agency following standard technical specifications.,Block-2,Village-131,11.081726,77.016443,True,2270000.0,2247160.12,2040477.32,229522.68,2023-11-22,2023-12-24,2024-01-27,2024-08-12,Completed,CONTRACTOR-DEMO-0001,Apex Infrastructure Ltd,District Rural Development Agency (DRDA)
MPLADS-DEMO-000202,DEMO-SYNTHETIC-v1,SYNTHETIC_DEMONSTRATION,MPLADS_STYLE_STRUCTURE,Uttar Pradesh,Gorakhpur,Gorakhpur,Representative Gorakhpur (Simulated),Healthcare Infrastructure,Supply of Diagnostic Medical Equipment and Patient Beds to Rural Clinic in Village-71,Supply of Diagnostic Medical Equipment and Patient Beds to Rural Clinic in Village-71. Execution by authorized implementing agency following standard technical specifications.,Block-2,Village-71,26.729549,83.400642,True,1830000.0,1800543.02,1435605.24,394394.76,2024-02-10,2024-03-10,2024-03-28,2024-09-22,Completed,CONTRACTOR-DEMO-0001,Apex Infrastructure Ltd,District Rural Development Agency (DRDA)
MPLADS-DEMO-000203,DEMO-SYNTHETIC-v1,SYNTHETIC_DEMONSTRATION,MPLADS_STYLE_STRUCTURE,Kerala,Wayanad,Wayanad,Representative Wayanad (Simulated),Drinking Water & Sanitation,Installation of Community RO Water Purification Plant at Village-168,Installation of Community RO Water Purification Plant at Village-168. Execution by authorized implementing agency following standard technical specifications.,Block-9,Village-168,11.685058,76.105429,True,860000.0,853436.4,790725.61,69274.39,2023-11-09,2023-12-05,2024-01-10,2024-05-20,Completed,CONTRACTOR-DEMO-0001,Apex Infrastructure Ltd,Municipal Corporation Public Works
MPLADS-DEMO-000204,DEMO-SYNTHETIC-v1,SYNTHETIC_DEMONSTRATION,MPLADS_STYLE_STRUCTURE,Tamil Nadu,Salem,Salem,Representative Salem (Simulated),Irrigation & Water Conservation,Desilting and Deepening of Traditional Village Water Reservoir in Village-172,Desilting and Deepening of Traditional Village Water Reservoir in Village-172. Execution by authorized implementing agency following standard technical specifications.,Block-3,Village-172,11.645905,78.120025,True,1010000.0,1037523.61,961109.74,48890.26,2023-04-17,2023-05-19,2023-06-09,2023-10-28,Completed,CONTRACTOR-DEMO-0001,Apex Infrastructure Ltd,Municipal Corporation Public Works
MPLADS-DEMO-000205,DEMO-SYNTHETIC-v1,SYNTHETIC_DEMONSTRATION,MPLADS_STYLE_STRUCTURE,Telangana,Warangal,Warangal,Representative Warangal (Simulated),Drinking Water & Sanitation,Drilling of Deep Borewell and Solar-Powered Overhead Water Tank at Village-168,Drilling of Deep Borewell and Solar-Powered Overhead Water Tank at Village-168. Execution by authorized implementing agency following standard technical specifications.,Block-9,Village-168,17.915509,79.575287,True,970000.0,998823.14,821307.43,148692.57,2024-04-13,2024-05-18,2024-06-25,,In Progress,CONTRACTOR-DEMO-0001,Apex Infrastructure Ltd,Panchayati Raj Engineering Division
MPLADS-DEMO-000206,DEMO-SYNTHETIC-v1,SYNTHETIC_DEMONSTRATION,MPLADS_STYLE_STRUCTURE,Odisha,Khordha,Bhubaneswar,Representative Khordha (Simulated),Community Infrastructure,Renovation and Expansion of Village Panchayat Bhavan in Village-14,Renovation and Expansion of Village Panchayat Bhavan in Village-14. Execution by authorized implementing agency following standard technical specifications.,Block-5,Village-14,20.228531,85.632065,True,1580000.0,1576488.57,1255697.22,324302.78,2023-03-17,2023-04-24,2023-06-11,2023-09-07,Completed,CONTRACTOR-DEMO-0001,Apex Infrastructure Ltd,Rural Engineering Service (RES)
MPLADS-DEMO-000207,DEMO-SYNTHETIC-v1,SYNTHETIC_DEMONSTRATION,MPLADS_STYLE_STRUCTURE,Uttar Pradesh,Varanasi,Varanasi,Representative Varanasi (Simulated),Rural Connectivity & Roads,Construction of Culvert and Cross-Drainage Structure on Link Road Village-146,Construction of Culvert and Cross-Drainage Structure on Link Road Village-146. Execution by authorized implementing agency following standard technical specifications.,Block-7,Village-146,25.36867,83.037164,True,1560000.0,1537084.66,1426781.84,133218.16,2024-02-17,2024-03-07,2024-04-22,2024-08-20,Completed,CONTRACTOR-DEMO-0001,Apex Infrastructure Ltd,Minor Irrigation Division
MPLADS-DEMO-000208,DEMO-SYNTHETIC-v1,SYNTHETIC_DEMONSTRATION,MPLADS_STYLE_STRUCTURE,Gujarat,Ahmedabad,Ahmedabad West,Representative Ahmedabad (Simulated),Community Infrastructure,Renovation and Expansion of Village Panchayat Bhavan in Village-71,Renovation and Expansion of Village Panchayat Bhavan in Village-71. Execution by authorized implementing agency following standard technical specifications.,Block-2,Village-71,22.98472,72.60696,True,1800000.0,1798499.1,1666117.64,133882.36,2023-03-01,2023-03-23,2023-05-04,2023-10-29,Completed,CONTRACTOR-DEMO-0001,Apex Infrastructure Ltd,Panchayati Raj Engineering Division
MPLADS-DEMO-000209,DEMO-SYNTHETIC-v1,SYNTHETIC_DEMONSTRATION,MPLADS_STYLE_STRUCTURE,Madhya Pradesh,Indore,Indore,Representative Indore (Simulated),Community Infrastructure,Construction of Multipurpose Community Hall at Village Village-137,Construction of Multipurpose Community Hall at Village Village-137. Execution by authorized implementing agency following standard technical specifications.,Block-8,Village-137,22.680524,75.841203,True,1210000.0,1247946.22,1118130.73,91869.27,2023-10-13,2023-11-08,2023-11-24,2024-04-10,Completed,CONTRACTOR-DEMO-0001,Apex Infrastructure Ltd,Minor Irrigation Division
MPLADS-DEMO-000210,DEMO-SYNTHETIC-v1,SYNTHETIC_DEMONSTRATION,MPLADS_STYLE_STRUCTURE,Odisha,Cuttack,Cuttack,Representative Cuttack (Simulated),Rural Connectivity & Roads,Upgradation of Rural Link Road connecting Hamlet to Main Highway at Village-34,Upgradation of Rural Link Road connecting Hamlet to Main Highway at Village-34. Execution by authorized implementing agency following standard technical specifications.,Block-5,Village-34,20.410852,85.883434,True,3760000.0,3659839.67,3532460.14,227539.86,2023-06-16,2023-07-18,2023-08-31,2024-03-27,Completed,CONTRACTOR-DEMO-0001,Apex Infrastructure Ltd,Panchayati Raj Engineering Division
MPLADS-DEMO-000211,DEMO-SYNTHETIC-v1,SYNTHETIC_DEMONSTRATION,MPLADS_STYLE_STRUCTURE,Odisha,Cuttack,Cuttack,Representative Cuttack (Simulated),Healthcare Infrastructure,Construction of Maternity & Child Healthcare Ward at Primary Health Sub-Center Village-88,Construction of Maternity & Child Healthcare Ward at Primary Health Sub-Center Village-88. Execution by authorized implementing agency following standard technical specifications.,Block-9,Village-88,20.526998,85.881723,True,2280000.0,2218874.75,2185575.34,94424.66,2024-03-05,2024-04-13,2024-04-29,,In Progress,CONTRACTOR-DEMO-0001,Apex Infrastructure Ltd,Rural Engineering Service (RES)
MPLADS-DEMO-000212,DEMO-SYNTHETIC-v1,SYNTHETIC_DEMONSTRATION,MPLADS_STYLE_STRUCTURE,Uttar Pradesh,Varanasi,Varanasi,Representative Varanasi (Simulated),Healthcare Infrastructure,Construction of Maternity & Child Healthcare Ward at Primary Health Sub-Center Village-151,Construction of Maternity & Child Healthcare Ward at Primary Health Sub-Center Village-151. Execution by authorized implementing agency following standard technical specifications.,Block-2,Village-151,25.318202,82.924911,True,1890000.0,1871129.1,1695847.58,194152.42,2024-02-13,2024-03-01,2024-03-19,2024-06-07,Completed,CONTRACTOR-DEMO-0001,Apex Infrastructure Ltd,Minor Irrigation Division
MPLADS-DEMO-000213,DEMO-SYNTHETIC-v1,SYNTHETIC_DEMONSTRATION,MPLADS_STYLE_STRUCTURE,Maharashtra,Nagpur,Nagpur,Representative Nagpur (Simulated),Education & Schools,Setup of Science Laboratory and Learning Resource Center in Village-98,Setup of Science Laboratory and Learning Resource Center in Village-98. Execution by authorized implementing agency following standard technical specifications.,Block-9,Village-98,21.096867,79.056056,True,1790000.0,1740327.8,1628710.56,161289.44,2023-12-03,2023-12-17,2024-01-20,2024-04-29,Completed,CONTRACTOR-DEMO-0001,Apex Infrastructure Ltd,Municipal Corporation Public Works
MPLADS-DEMO-000214,DEMO-SYNTHETIC-v1,SYNTHETIC_DEMONSTRATION,MPLADS_STYLE_STRUCTURE,Uttar Pradesh,Gorakhpur,Gorakhpur,Representative Gorakhpur (Simulated),Renewable Energy,Installation of 10kW Rooftop Solar Power System at Primary Health Center Village-180,Installation of 10kW Rooftop Solar Power System at Primary Health Center Village-180. Execution by authorized implementing agency following standard technical specifications.,Block-1,Village-180,26.713431,83.416185,True,660000.0,660611.68,588766.55,71233.45,2023-06-08,2023-06-29,2023-07-20,2023-11-23,Completed,CONTRACTOR-DEMO-0001,Apex Infrastructure Ltd,Municipal Corporation Public Works
MPLADS-DEMO-000215,DEMO-SYNTHETIC-v1,SYNTHETIC_DEMONSTRATION,MPLADS_STYLE_STRUCTURE,Uttar Pradesh,Varanasi,Varanasi,Representative Varanasi (Simulated),Rural Connectivity & Roads,Construction of Culvert and Cross-Drainage Structure on Link Road Village-76,Construction of Culvert and Cross-Drainage Structure on Link Road Village-76. Execution by authorized implementing agency following standard technical specifications.,Block-7,Village-76,25.273449,82.980158,True,1730000.0,1756047.42,1488756.18,241243.82,2023-05-15,2023-05-29,2023-06-13,2023-09-24,Completed,CONTRACTOR-DEMO-0001,Apex Infrastructure Ltd,Minor Irrigation Division
MPLADS-DEMO-000216,DEMO-SYNTHETIC-v1,SYNTHETIC_DEMONSTRATION,MPLADS_STYLE_STRUCTURE,Karnataka,Bengaluru Rural,Bengaluru Rural,Representative Bengaluru Rural (Simulated),Drinking Water & Sanitation,Installation of Community RO Water Purification Plant at Village-200,Installation of Community RO Water Purification Plant at Village-200. Execution by authorized implementing agency following standard technical specifications.,Block-1,Village-200,13.066022,77.596863,True,660000.0,681372.35,592810.32,67189.68,2023-09-05,2023-10-07,2023-11-07,2024-02-15,Completed,CONTRACTOR-DEMO-0001,Apex Infrastructure Ltd,Public Works Department (PWD)
MPLADS-DEMO-000217,DEMO-SYNTHETIC-v1,SYNTHETIC_DEMONSTRATION,MPLADS_STYLE_STRUCTURE,Odisha,Khordha,Bhubaneswar,Representative Khordha (Simulated),Rural Connectivity & Roads,Upgradation of Rural Link Road connecting Hamlet to Main Highway at Village-174,Upgradation of Rural Link Road connecting Hamlet to Main Highway at Village-174. Execution by authorized implementing agency following standard technical specifications.,Block-5,Village-174,20.156552,85.65221,True,2680000.0,2755307.12,2558776.0,121224.0,2023-01-19,2023-02-10,2023-03-07,2023-09-10,Completed,CONTRACTOR-DEMO-0001,Apex Infrastructure Ltd,District Rural Development Agency (DRDA)
MPLADS-DEMO-000218,DEMO-SYNTHETIC-v1,SYNTHETIC_DEMONSTRATION,MPLADS_STYLE_STRUCTURE,Odisha,Cuttack,Cuttack,Representative Cuttack (Simulated),Healthcare Infrastructure,Construction of Maternity & Child Healthcare Ward at Primary Health Sub-Center Village-96,Construction of Maternity & Child Healthcare Ward at Primary Health Sub-Center Village-96. Execution by authorized implementing agency following standard technical specifications.,Block-7,Village-96,20.503445,85.841773,True,2820000.0,2797496.45,2411110.99,408889.01,2024-03-17,2024-04-24,2024-06-08,2024-10-03,Completed,CONTRACTOR-DEMO-0001,Apex Infrastructure Ltd,Rural Engineering Service (RES)
MPLADS-DEMO-000219,DEMO-SYNTHETIC-v1,SYNTHETIC_DEMONSTRATION,MPLADS_STYLE_STRUCTURE,Kerala,Ernakulam,Ernakulam,Representative Ernakulam (Simulated),Healthcare Infrastructure,Construction of Maternity & Child Healthcare Ward at Primary Health Sub-Center Village-41,Construction of Maternity & Child Healthcare Ward at Primary Health Sub-Center Village-41. Execution by authorized implementing agency following standard technical specifications.,Block-2,Village-41,9.930083,76.353359,True,3030000.0,3103268.98,2745272.18,284727.82,2023-04-17,2023-05-25,2023-07-01,2023-10-17,Completed,CONTRACTOR-DEMO-0001,Apex Infrastructure Ltd,Panchayati Raj Engineering Division
MPLADS-DEMO-000220,DEMO-SYNTHETIC-v1,SYNTHETIC_DEMONSTRATION,MPLADS_STYLE_STRUCTURE,Maharashtra,Nagpur,Nagpur,Representative Nagpur (Simulated),Education & Schools,Setup of Science Laboratory and Learning Resource Center in Village-12,Setup of Science Laboratory and Learning Resource Center in Village-12. Execution by authorized implementing agency following standard technical specifications.,Block-3,Village-12,21.089034,79.108347,True,910000.0,924892.56,824390.52,85609.48,2024-02-11,2024-03-10,2024-04-15,2024-07-23,Completed,CONTRACTOR-DEMO-0001,Apex Infrastructure Ltd,Minor Irrigation Division
MPLADS-DEMO-000221,DEMO-SYNTHETIC-v1,SYNTHETIC_DEMONSTRATION,MPLADS_STYLE_STRUCTURE,Kerala,Kozhikode,Kozhikode,Representative Kozhikode (Simulated),Drinking Water & Sanitation,Laying of Underground Drinking Water Pipeline Distribution in Village-89,Laying of Underground Drinking Water Pipeline Distribution in Village-89. Execution by authorized implementing agency following standard technical specifications.,Block-10,Village-89,11.280082,75.798783,True,990000.0,1016851.42,869634.98,120365.02,2023-11-24,2023-12-11,2023-12-26,2024-04-19,Completed,CONTRACTOR-DEMO-0001,Apex Infrastructure Ltd,Panchayati Raj Engineering Division
MPLADS-DEMO-000222,DEMO-SYNTHETIC-v1,SYNTHETIC_DEMONSTRATION,MPLADS_STYLE_STRUCTURE,Odisha,Khordha,Bhubaneswar,Representative Khordha (Simulated),Education & Schools,Installation of Digital Smart Classroom and Computer Lab Infrastructure at Village-20,Installation of Digital Smart Classroom and Computer Lab Infrastructure at Village-20. Execution by authorized implementing agency following standard technical specifications.,Block-1,Village-20,20.213586,85.597882,True,1120000.0,1162125.0,852970.34,267029.66,2023-05-09,2023-06-16,2023-07-26,2023-10-29,Completed,CONTRACTOR-DEMO-0001,Apex Infrastructure Ltd,Panchayati Raj Engineering Division
MPLADS-DEMO-000223,DEMO-SYNTHETIC-v1,SYNTHETIC_DEMONSTRATION,MPLADS_STYLE_STRUCTURE,Telangana,Nizamabad,Nizamabad,Representative Nizamabad (Simulated),Renewable Energy,Supply and Erection of 30 Standalone Solar Street Lights in Village-23,Supply and Erection of 30 Standalone Solar Street Lights in Village-23. Execution by authorized implementing agency following standard technical specifications.,Block-4,Village-23,18.718857,78.087219,True,570000.0,591918.59,525200.83,44799.17,2023-01-24,2023-02-13,2023-03-25,2023-10-28,Completed,CONTRACTOR-DEMO-0001,Apex Infrastructure Ltd,Public Works Department (PWD)
MPLADS-DEMO-000224,DEMO-SYNTHETIC-v1,SYNTHETIC_DEMONSTRATION,MPLADS_STYLE_STRUCTURE,Telangana,Karimnagar,Karimnagar,Representative Karimnagar (Simulated),Community Infrastructure,Construction of Open Air Gymnasium and Seating Area at Village-131,Construction of Open Air Gymnasium and Seating Area at Village-131. Execution by authorized implementing agency following standard technical specifications.,Block-2,Village-131,18.446703,79.148897,True,1180000.0,1222513.52,983611.15,196388.85,2023-02-11,2023-03-11,2023-04-24,2023-11-06,Completed,CONTRACTOR-DEMO-0001,Apex Infrastructure Ltd,Minor Irrigation Division
MPLADS-DEMO-000225,DEMO-SYNTHETIC-v1,SYNTHETIC_DEMONSTRATION,MPLADS_STYLE_STRUCTURE,Rajasthan,Udaipur,Udaipur,Representative Udaipur (Simulated),Healthcare Infrastructure,Supply of Diagnostic Medical Equipment and Patient Beds to Rural Clinic in Village-30,Supply of Diagnostic Medical Equipment and Patient Beds to Rural Clinic in Village-30. Execution by authorized implementing agency following standard technical specifications.,Block-1,Village-30,24.533067,73.733158,True,1000000.0,987308.57,940873.29,59126.71,2024-05-22,2024-06-23,2024-08-12,,In Progress,CONTRACTOR-DEMO-0001,Apex Infrastructure Ltd,Public Works Department (PWD)
MPLADS-DEMO-000226,DEMO-SYNTHETIC-v1,SYNTHETIC_DEMONSTRATION,MPLADS_STYLE_STRUCTURE,Gujarat,Ahmedabad,Ahmedabad West,Representative Ahmedabad (Simulated),Drinking Water & Sanitation,Laying of Underground Drinking Water Pipeline Distribution in Village-36,Laying of Underground Drinking Water Pipeline Distribution in Village-36. Execution by authorized implementing agency following standard technical specifications.,Block-7,Village-36,23.064339,72.602926,True,1320000.0,1278495.13,1175454.6,144545.4,2023-04-21,2023-05-12,2023-06-21,,In Progress,CONTRACTOR-DEMO-0001,Apex Infrastructure Ltd,Minor Irrigation Division
MPLADS-DEMO-000227,DEMO-SYNTHETIC-v1,SYNTHETIC_DEMONSTRATION,MPLADS_STYLE_STRUCTURE,Rajasthan,Jodhpur,Jodhpur,Representative Jodhpur (Simulated),Community Infrastructure,Renovation and Expansion of Village Panchayat Bhavan in Village-12,Renovation and Expansion of Village Panchayat Bhavan in Village-12. Execution by authorized implementing agency following standard technical specifications.,Block-3,Village-12,26.294361,73.068171,True,1710000.0,1747229.46,1459683.46,250316.54,2023-12-18,2024-01-09,2024-02-24,,In Progress,CONTRACTOR-DEMO-0001,Apex Infrastructure Ltd,Public Works Department (PWD)
MPLADS-DEMO-000228,DEMO-SYNTHETIC-v1,SYNTHETIC_DEMONSTRATION,MPLADS_STYLE_STRUCTURE,Karnataka,Dharwad,Dharwad,Representative Dharwad (Simulated),Education & Schools,Setup of Science Laboratory and Learning Resource Center in Village-131,Setup of Science Laboratory and Learning Resource Center in Village-131. Execution by authorized implementing agency following standard technical specifications.,Block-2,Village-131,15.495441,75.061124,True,1780000.0,1791186.14,1634064.51,145935.49,2023-03-21,2023-04-10,2023-05-19,2023-10-23,Completed,CONTRACTOR-DEMO-0001,Apex Infrastructure Ltd,Panchayati Raj Engineering Division
MPLADS-DEMO-000229,DEMO-SYNTHETIC-v1,SYNTHETIC_DEMONSTRATION,MPLADS_STYLE_STRUCTURE,Madhya Pradesh,Bhopal,Bhopal,Representative Bhopal (Simulated),Renewable Energy,Installation of 10kW Rooftop Solar Power System at Primary Health Center Village-196,Installation of 10kW Rooftop Solar Power System at Primary Health Center Village-196. Execution by authorized implementing agency following standard technical specifications.,Block-7,Village-196,23.227171,77.399323,True,810000.0,840487.86,691865.16,118134.84,2023-03-24,2023-04-15,2023-05-26,2023-12-18,Completed,CONTRACTOR-DEMO-0001,Apex Infrastructure Ltd,Minor Irrigation Division
MPLADS-DEMO-000230,DEMO-SYNTHETIC-v1,SYNTHETIC_DEMONSTRATION,MPLADS_STYLE_STRUCTURE,Karnataka,Dharwad,Dharwad,Representative Dharwad (Simulated),Irrigation & Water Conservation,Desilting and Deepening of Traditional Village Water Reservoir in Village-183,Desilting and Deepening of Traditional Village Water Reservoir in Village-183. Execution by authorized implementing agency following standard technical specifications.,Block-4,Village-183,15.489686,75.014766,True,1070000.0,1044396.11,956107.64,113892.36,2023-06-12,2023-07-18,2023-08-10,2023-12-08,Completed,CONTRACTOR-DEMO-0001,Apex Infrastructure Ltd,Municipal Corporation Public Works
MPLADS-DEMO-000231,DEMO-SYNTHETIC-v1,SYNTHETIC_DEMONSTRATION,MPLADS_STYLE_STRUCTURE,Kerala,Ernakulam,Ernakulam,Representative Ernakulam (Simulated),Healthcare Infrastructure,Supply of Diagnostic Medical Equipment and Patient Beds to Rural Clinic in Village-182,Supply of Diagnostic Medical Equipment and Patient Beds to Rural Clinic in Village-182. Execution by authorized implementing agency following standard technical specifications.,Block-3,Village-182,9.931603,76.280691,True,1610000.0,1620665.45,1556572.05,53427.95,2024-01-13,2024-02-22,2024-04-11,2024-10-11,Completed,CONTRACTOR-DEMO-0001,Apex Infrastructure Ltd,Municipal Corporation Public Works
MPLADS-DEMO-000232,DEMO-SYNTHETIC-v1,SYNTHETIC_DEMONSTRATION,MPLADS_STYLE_STRUCTURE,Maharashtra,Nagpur,Nagpur,Representative Nagpur (Simulated),Community Infrastructure,Renovation and Expansion of Village Panchayat Bhavan in Village-38,Renovation and Expansion of Village Panchayat Bhavan in Village-38. Execution by authorized implementing agency following standard technical specifications.,Block-9,Village-38,21.087698,79.030559,True,2080000.0,2121630.79,1636991.49,443008.51,2023-06-10,2023-07-10,2023-08-03,2023-12-31,Completed,CONTRACTOR-DEMO-0001,Apex Infrastructure Ltd,Municipal Corporation Public Works
MPLADS-DEMO-000233,DEMO-SYNTHETIC-v1,SYNTHETIC_DEMONSTRATION,MPLADS_STYLE_STRUCTURE,Gujarat,Ahmedabad,Ahmedabad West,Representative Ahmedabad (Simulated),Rural Connectivity & Roads,Construction of Culvert and Cross-Drainage Structure on Link Road Village-27,Construction of Culvert and Cross-Drainage Structure on Link Road Village-27. Execution by authorized implementing agency following standard technical specifications.,Block-8,Village-27,23.037594,72.594218,True,1770000.0,1804325.64,1555993.24,214006.76,2023-05-16,2023-06-17,2023-07-05,2023-12-26,Completed,CONTRACTOR-DEMO-0001,Apex Infrastructure Ltd,Minor Irrigation Division
MPLADS-DEMO-000234,DEMO-SYNTHETIC-v1,SYNTHETIC_DEMONSTRATION,MPLADS_STYLE_STRUCTURE,Rajasthan,Jodhpur,Jodhpur,Representative Jodhpur (Simulated),Renewable Energy,Installation of Solar LED High-Mast Lighting System at Market Yard Village-4,Installation of Solar LED High-Mast Lighting System at Market Yard Village-4. Execution by authorized implementing agency following standard technical specifications.,Block-5,Village-4,26.270577,72.985701,True,730000.0,749271.04,700538.56,29461.44,2024-01-10,2024-02-16,2024-04-05,2024-08-08,Completed,CONTRACTOR-DEMO-0001,Apex Infrastructure Ltd,Rural Engineering Service (RES)
MPLADS-DEMO-000235,DEMO-SYNTHETIC-v1,SYNTHETIC_DEMONSTRATION,MPLADS_STYLE_STRUCTURE,Rajasthan,Jaipur,Jaipur,Representative Jaipur (Simulated),Education & Schools,Installation of Digital Smart Classroom and Computer Lab Infrastructure at Village-175,Installation of Digital Smart Classroom and Computer Lab Infrastructure at Village-175. Execution by authorized implementing agency following standard technical specifications.,Block-6,Village-175,26.857081,75.847422,True,1350000.0,1308890.21,1025116.93,324883.07,2023-06-06,2023-07-06,2023-07-29,,In Progress,CONTRACTOR-DEMO-0001,Apex Infrastructure Ltd,Public Works Department (PWD)
MPLADS-DEMO-000236,DEMO-SYNTHETIC-v1,SYNTHETIC_DEMONSTRATION,MPLADS_STYLE_STRUCTURE,Rajasthan,Jodhpur,Jodhpur,Representative Jodhpur (Simulated),Education & Schools,Installation of Digital Smart Classroom and Computer Lab Infrastructure at Village-11,Installation of Digital Smart Classroom and Computer Lab Infrastructure at Village-11. Execution by authorized implementing agency following standard technical specifications.,Block-2,Village-11,26.193881,73.001242,True,760000.0,776638.59,679314.09,80685.91,2024-03-21,2024-04-23,2024-06-08,2025-01-09,Completed,CONTRACTOR-DEMO-0001,Apex Infrastructure Ltd,Public Works Department (PWD)
MPLADS-DEMO-000237,DEMO-SYNTHETIC-v1,SYNTHETIC_DEMONSTRATION,MPLADS_STYLE_STRUCTURE,Telangana,Nizamabad,Nizamabad,Representative Nizamabad (Simulated),Healthcare Infrastructure,Supply of Diagnostic Medical Equipment and Patient Beds to Rural Clinic in Village-135,Supply of Diagnostic Medical Equipment and Patient Beds to Rural Clinic in Village-135. Execution by authorized implementing agency following standard technical specifications.,Block-6,Village-135,18.636095,78.053003,True,1080000.0,1104732.71,849587.63,230412.37,2023-10-20,2023-11-28,2023-12-18,2024-04-25,Completed,CONTRACTOR-DEMO-0001,Apex Infrastructure Ltd,District Rural Development Agency (DRDA)
MPLADS-DEMO-000238,DEMO-SYNTHETIC-v1,SYNTHETIC_DEMONSTRATION,MPLADS_STYLE_STRUCTURE,Rajasthan,Jodhpur,Jodhpur,Representative Jodhpur (Simulated),Rural Connectivity & Roads,Upgradation of Rural Link Road connecting Hamlet to Main Highway at Village-56,Upgradation of Rural Link Road connecting Hamlet to Main Highway at Village-56. Execution by authorized implementing agency following standard technical specifications.,Block-7,Village-56,26.29744,73.039676,True,4630000.0,4813952.15,4349645.78,280354.22,2023-12-13,2023-12-27,2024-01-18,2024-07-25,Completed,CONTRACTOR-DEMO-0001,Apex Infrastructure Ltd,Minor Irrigation Division
MPLADS-DEMO-000239,DEMO-SYNTHETIC-v1,SYNTHETIC_DEMONSTRATION,MPLADS_STYLE_STRUCTURE,Tamil Nadu,Madurai,Madurai,Representative Madurai (Simulated),Renewable Energy,Installation of Solar LED High-Mast Lighting System at Market Yard Village-11,Installation of Solar LED High-Mast Lighting System at Market Yard Village-11. Execution by authorized implementing agency following standard technical specifications.,Block-2,Village-11,9.948932,78.096522,True,520000.0,515252.44,454612.38,65387.62,2023-06-08,2023-06-23,2023-08-10,2024-01-27,Completed,CONTRACTOR-DEMO-0001,Apex Infrastructure Ltd,Municipal Corporation Public Works
MPLADS-DEMO-000240,DEMO-SYNTHETIC-v1,SYNTHETIC_DEMONSTRATION,MPLADS_STYLE_STRUCTURE,Madhya Pradesh,Jabalpur,Jabalpur,Representative Jabalpur (Simulated),Education & Schools,Construction of Additional Classrooms at Govt Senior Secondary School Village-76,Construction of Additional Classrooms at Govt Senior Secondary School Village-76. Execution by authorized implementing agency following standard technical specifications.,Block-7,Village-76,23.233277,79.946427,True,2710000.0,2619452.49,2092309.64,617690.36,2024-05-26,2024-06-09,2024-06-28,,In Progress,CONTRACTOR-DEMO-0001,Apex Infrastructure Ltd,Rural Engineering Service (RES)
MPLADS-DEMO-000241,DEMO-SYNTHETIC-v1,SYNTHETIC_DEMONSTRATION,MPLADS_STYLE_STRUCTURE,Odisha,Khordha,Bhubaneswar,Representative Khordha (Simulated),Healthcare Infrastructure,Supply of Diagnostic Medical Equipment and Patient Beds to Rural Clinic in Village-27,Supply of Diagnostic Medical Equipment and Patient Beds to Rural Clinic in Village-27. Execution by authorized implementing agency following standard technical specifications.,Block-8,Village-27,20.142625,85.663937,True,1940000.0,1982712.09,1743495.59,196504.41,2024-05-10,2024-05-28,2024-06-21,,In Progress,CONTRACTOR-DEMO-0001,Apex Infrastructure Ltd,District Rural Development Agency (DRDA)
MPLADS-DEMO-000242,DEMO-SYNTHETIC-v1,SYNTHETIC_DEMONSTRATION,MPLADS_STYLE_STRUCTURE,Gujarat,Ahmedabad,Ahmedabad West,Representative Ahmedabad (Simulated),Community Infrastructure,Construction of Multipurpose Community Hall at Village Village-14,Construction of Multipurpose Community Hall at Village Village-14. Execution by authorized implementing agency following standard technical specifications.,Block-5,Village-14,22.980639,72.539148,True,1290000.0,1297736.11,1035042.46,254957.54,2023-05-27,2023-07-06,2023-08-14,2024-02-08,Completed,CONTRACTOR-DEMO-0001,Apex Infrastructure Ltd,District Rural Development Agency (DRDA)
MPLADS-DEMO-000243,DEMO-SYNTHETIC-v1,SYNTHETIC_DEMONSTRATION,MPLADS_STYLE_STRUCTURE,Gujarat,Rajkot,Rajkot,Representative Rajkot (Simulated),Education & Schools,Construction of Additional Classrooms at Govt Senior Secondary School Village-137,Construction of Additional Classrooms at Govt Senior Secondary School Village-137. Execution by authorized implementing agency following standard technical specifications.,Block-8,Village-137,22.239667,70.830837,True,1560000.0,1591943.88,1380116.16,179883.84,2024-01-08,2024-01-26,2024-03-03,2024-06-13,Completed,CONTRACTOR-DEMO-0002,Shree Ganesh Construction Co,Minor Irrigation Division
MPLADS-DEMO-000244,DEMO-SYNTHETIC-v1,SYNTHETIC_DEMONSTRATION,MPLADS_STYLE_STRUCTURE,Rajasthan,Jaipur,Jaipur,Representative Jaipur (Simulated),Renewable Energy,Installation of Solar LED High-Mast Lighting System at Market Yard Village-73,Installation of Solar LED High-Mast Lighting System at Market Yard Village-73. Execution by authorized implementing agency following standard technical specifications.,Block-4,Village-73,26.946886,75.779198,True,700000.0,718038.85,529961.88,170038.12,2023-04-05,2023-05-03,2023-05-26,2023-12-26,Completed,CONTRACTOR-DEMO-0002,Shree Ganesh Construction Co,Minor Irrigation Division
MPLADS-DEMO-000245,DEMO-SYNTHETIC-v1,SYNTHETIC_DEMONSTRATION,MPLADS_STYLE_STRUCTURE,Maharashtra,Pune,Pune,Representative Pune (Simulated),Rural Connectivity & Roads,Upgradation of Rural Link Road connecting Hamlet to Main Highway at Village-3,Upgradation of Rural Link Road connecting Hamlet to Main Highway at Village-3. Execution by authorized implementing agency following standard technical specifications.,Block-4,Village-3,18.527358,73.863859,True,2830000.0,2726257.44,2495282.53,334717.47,2023-08-04,2023-08-23,2023-09-26,,In Progress,CONTRACTOR-DEMO-0002,Shree Ganesh Construction Co,Minor Irrigation Division
MPLADS-DEMO-000246,DEMO-SYNTHETIC-v1,SYNTHETIC_DEMONSTRATION,MPLADS_STYLE_STRUCTURE,Rajasthan,Udaipur,Udaipur,Representative Udaipur (Simulated),Drinking Water & Sanitation,Laying of Underground Drinking Water Pipeline Distribution in Village-166,Laying of Underground Drinking Water Pipeline Distribution in Village-166. Execution by authorized implementing agency following standard technical specifications.,Block-7,Village-166,24.63109,73.666019,True,1030000.0,1006992.93,970251.89,59748.11,2023-04-24,2023-05-15,2023-06-10,2024-01-16,Completed,CONTRACTOR-DEMO-0002,Shree Ganesh Construction Co,Municipal Corporation Public Works
MPLADS-DEMO-000247,DEMO-SYNTHETIC-v1,SYNTHETIC_DEMONSTRATION,MPLADS_STYLE_STRUCTURE,Madhya Pradesh,Jabalpur,Jabalpur,Representative Jabalpur (Simulated),Healthcare Infrastructure,Development of Emergency Cold Storage and Pharmacy Room at Hospital Village-19,Development of Emergency Cold Storage and Pharmacy Room at Hospital Village-19. Execution by authorized implementing agency following standard technical specifications.,Block-10,Village-19,23.154285,79.930157,True,1320000.0,1288047.3,1166268.84,153731.16,2024-05-16,2024-06-20,2024-07-27,,In Progress,CONTRACTOR-DEMO-0002,Shree Ganesh Construction Co,Rural Engineering Service (RES)
MPLADS-DEMO-000248,DEMO-SYNTHETIC-v1,SYNTHETIC_DEMONSTRATION,MPLADS_STYLE_STRUCTURE,Maharashtra,Nagpur,Nagpur,Representative Nagpur (Simulated),Rural Connectivity & Roads,Construction of Cement Concrete (CC) Road and Drain Channel at Village-50,Construction of Cement Concrete (CC) Road and Drain Channel at Village-50. Execution by authorized implementing agency following standard technical specifications.,Block-1,Village-50,21.122112,79.081784,True,3170000.0,3210429.48,2883100.32,286899.68,2023-04-03,2023-05-10,2023-06-14,2023-10-10,Completed,CONTRACTOR-DEMO-0002,Shree Ganesh Construction Co,District Rural Development Agency (DRDA)
MPLADS-DEMO-000249,DEMO-SYNTHETIC-v1,SYNTHETIC_DEMONSTRATION,MPLADS_STYLE_STRUCTURE,Uttar Pradesh,Lucknow,Lucknow,Representative Lucknow (Simulated),Irrigation & Water Conservation,Construction of Check Dam and Water Harvesting Percolation Tank at Village-183,Construction of Check Dam and Water Harvesting Percolation Tank at Village-183. Execution by authorized implementing agency following standard technical specifications.,Block-4,Village-183,26.877876,80.937896,True,2170000.0,2145606.77,1966678.47,203321.53,2023-07-03,2023-08-16,2023-09-29,2024-02-29,Completed,CONTRACTOR-DEMO-0002,Shree Ganesh Construction Co,Municipal Corporation Public Works
MPLADS-DEMO-000250,DEMO-SYNTHETIC-v1,SYNTHETIC_DEMONSTRATION,MPLADS_STYLE_STRUCTURE,Maharashtra,Nagpur,Nagpur,Representative Nagpur (Simulated),Drinking Water & Sanitation,Installation of Community RO Water Purification Plant at Village-72,Installation of Community RO Water Purification Plant at Village-72. Execution by authorized implementing agency following standard technical specifications.,Block-3,Village-72,21.192433,79.0414,True,940000.0,917171.68,863592.35,76407.65,2023-12-01,2023-12-19,2024-01-07,2024-07-29,Completed,CONTRACTOR-DEMO-0002,Shree Ganesh Construction Co,Public Works Department (PWD)
MPLADS-DEMO-000251,DEMO-SYNTHETIC-v1,SYNTHETIC_DEMONSTRATION,MPLADS_STYLE_STRUCTURE,Telangana,Karimnagar,Karimnagar,Representative Karimnagar (Simulated),Renewable Energy,Installation of 10kW Rooftop Solar Power System at Primary Health Center Village-104,Installation of 10kW Rooftop Solar Power System at Primary Health Center Village-104. Execution by authorized implementing agency following standard technical specifications.,Block-5,Village-104,18.473596,79.091459,True,620000.0,622559.06,542498.73,77501.27,2023-10-18,2023-12-01,2023-12-25,2024-05-05,Completed,CONTRACTOR-DEMO-0002,Shree Ganesh Construction Co,Minor Irrigation Division
MPLADS-DEMO-000252,DEMO-SYNTHETIC-v1,SYNTHETIC_DEMONSTRATION,MPLADS_STYLE_STRUCTURE,Odisha,Khordha,Bhubaneswar,Representative Khordha (Simulated),Rural Connectivity & Roads,Interlocking Paver Block Road Installation along Main Street in Village-119,Interlocking Paver Block Road Installation along Main Street in Village-119. Execution by authorized implementing agency following standard technical specifications.,Block-10,Village-119,20.181046,85.567972,True,1260000.0,1260218.46,1137044.23,122955.77,2024-03-24,2024-04-17,2024-06-03,,In Progress,CONTRACTOR-DEMO-0002,Shree Ganesh Construction Co,Rural Engineering Service (RES)
MPLADS-DEMO-000253,DEMO-SYNTHETIC-v1,SYNTHETIC_DEMONSTRATION,MPLADS_STYLE_STRUCTURE,Tamil Nadu,Coimbatore,Coimbatore,Representative Coimbatore (Simulated),Renewable Energy,Installation of 10kW Rooftop Solar Power System at Primary Health Center Village-38,Installation of 10kW Rooftop Solar Power System at Primary Health Center Village-38. Execution by authorized implementing agency following standard technical specifications.,Block-9,Village-38,11.04747,76.953655,True,820000.0,789851.54,758613.69,61386.31,2023-05-13,2023-05-31,2023-07-01,2023-09-24,Completed,CONTRACTOR-DEMO-0002,Shree Ganesh Construction Co,Rural Engineering Service (RES)
MPLADS-DEMO-000254,DEMO-SYNTHETIC-v1,SYNTHETIC_DEMONSTRATION,MPLADS_STYLE_STRUCTURE,Karnataka,Mysuru,Mysuru,Representative Mysuru (Simulated),Irrigation & Water Conservation,Desilting and Deepening of Traditional Village Water Reservoir in Village-100,Desilting and Deepening of Traditional Village Water Reservoir in Village-100. Execution by authorized implementing agency following standard technical specifications.,Block-1,Village-100,12.291858,76.633504,True,850000.0,818713.52,764286.59,85713.41,2023-03-08,2023-04-08,2023-05-09,2023-12-15,Completed,CONTRACTOR-DEMO-0002,Shree Ganesh Construction Co,Panchayati Raj Engineering Division
MPLADS-DEMO-000255,DEMO-SYNTHETIC-v1,SYNTHETIC_DEMONSTRATION,MPLADS_STYLE_STRUCTURE,Tamil Nadu,Salem,Salem,Representative Salem (Simulated),Education & Schools,Construction of Separate Girls Toilet and Wash Area in Govt High School Village-151,Construction of Separate Girls Toilet and Wash Area in Govt High School Village-151. Execution by authorized implementing agency following standard technical specifications.,Block-2,Village-151,11.684234,78.189611,True,830000.0,813505.34,808183.49,21816.51,2023-05-09,2023-06-17,2023-07-24,2024-01-03,Completed,CONTRACTOR-DEMO-0002,Shree Ganesh Construction Co,Panchayati Raj Engineering Division
MPLADS-DEMO-000256,DEMO-SYNTHETIC-v1,SYNTHETIC_DEMONSTRATION,MPLADS_STYLE_STRUCTURE,Odisha,Cuttack,Cuttack,Representative Cuttack (Simulated),Renewable Energy,Installation of Solar LED High-Mast Lighting System at Market Yard Village-129,Installation of Solar LED High-Mast Lighting System at Market Yard Village-129. Execution by authorized implementing agency following standard technical specifications.,Block-10,Village-129,20.512164,85.875187,True,590000.0,570038.56,529819.83,60180.17,2023-05-03,2023-05-26,2023-06-21,,In Progress,CONTRACTOR-DEMO-0002,Shree Ganesh Construction Co,Minor Irrigation Division
MPLADS-DEMO-000257,DEMO-SYNTHETIC-v1,SYNTHETIC_DEMONSTRATION,MPLADS_STYLE_STRUCTURE,Telangana,Karimnagar,Karimnagar,Representative Karimnagar (Simulated),Community Infrastructure,Development of Public Recreation Shed and Boundary Wall in Village-107,Development of Public Recreation Shed and Boundary Wall in Village-107. Execution by authorized implementing agency following standard technical specifications.,Block-8,Village-107,18.479052,79.157433,True,1510000.0,1531167.71,1298864.05,211135.95,2023-11-13,2023-12-07,2024-01-17,,In Progress,CONTRACTOR-DEMO-0002,Shree Ganesh Construction Co,Rural Engineering Service (RES)
MPLADS-DEMO-000258,DEMO-SYNTHETIC-v1,SYNTHETIC_DEMONSTRATION,MPLADS_STYLE_STRUCTURE,Tamil Nadu,Coimbatore,Coimbatore,Representative Coimbatore (Simulated),Renewable Energy,Installation of Solar LED High-Mast Lighting System at Market Yard Village-35,Installation of Solar LED High-Mast Lighting System at Market Yard Village-35. Execution by authorized implementing agency following standard technical specifications.,Block-6,Village-35,11.03364,76.895895,True,810000.0,787116.86,638489.4,171510.6,2024-05-01,2024-05-26,2024-07-13,,In Progress,CONTRACTOR-DEMO-0002,Shree Ganesh Construction Co,Municipal Corporation Public Works
MPLADS-DEMO-000259,DEMO-SYNTHETIC-v1,SYNTHETIC_DEMONSTRATION,MPLADS_STYLE_STRUCTURE,Tamil Nadu,Salem,Salem,Representative Salem (Simulated),Community Infrastructure,Construction of Open Air Gymnasium and Seating Area at Village-22,Construction of Open Air Gymnasium and Seating Area at Village-22. Execution by authorized implementing agency following standard technical specifications.,Block-3,Village-22,11.627457,78.159848,True,1200000.0,1235261.03,947076.43,252923.57,2024-03-15,2024-04-24,2024-05-18,2024-09-16,Completed,CONTRACTOR-DEMO-0002,Shree Ganesh Construction Co,Minor Irrigation Division
MPLADS-DEMO-000260,DEMO-SYNTHETIC-v1,SYNTHETIC_DEMONSTRATION,MPLADS_STYLE_STRUCTURE,Karnataka,Mysuru,Mysuru,Representative Mysuru (Simulated),Rural Connectivity & Roads,Interlocking Paver Block Road Installation along Main Street in Village-186,Interlocking Paver Block Road Installation along Main Street in Village-186. Execution by authorized implementing agency following standard technical specifications.,Block-7,Village-186,12.319927,76.694306,True,1560000.0,1571306.38,1252457.19,307542.81,2023-07-31,2023-08-22,2023-09-12,,In Progress,CONTRACTOR-DEMO-0002,Shree Ganesh Construction Co,Municipal Corporation Public Works
MPLADS-DEMO-000261,DEMO-SYNTHETIC-v1,SYNTHETIC_DEMONSTRATION,MPLADS_STYLE_STRUCTURE,Kerala,Wayanad,Wayanad,Representative Wayanad (Simulated),Education & Schools,Installation of Digital Smart Classroom and Computer Lab Infrastructure at Village-156,Installation of Digital Smart Classroom and Computer Lab Infrastructure at Village-156. Execution by authorized implementing agency following standard technical specifications.,Block-7,Village-156,11.632919,76.128863,True,1480000.0,1491817.95,1408787.0,71213.0,2023-10-14,2023-11-04,2023-11-24,2024-03-11,Completed,CONTRACTOR-DEMO-0002,Shree Ganesh Construction Co,Municipal Corporation Public Works
MPLADS-DEMO-000262,DEMO-SYNTHETIC-v1,SYNTHETIC_DEMONSTRATION,MPLADS_STYLE_STRUCTURE,Telangana,Karimnagar,Karimnagar,Representative Karimnagar (Simulated),Community Infrastructure,Renovation and Expansion of Village Panchayat Bhavan in Village-134,Renovation and Expansion of Village Panchayat Bhavan in Village-134. Execution by authorized implementing agency following standard technical specifications.,Block-5,Village-134,18.428289,79.177527,True,2750000.0,2734370.38,2656051.68,93948.32,2023-09-18,2023-10-26,2023-12-02,2024-03-11,Completed,CONTRACTOR-DEMO-0002,Shree Ganesh Construction Co,Rural Engineering Service (RES)
MPLADS-DEMO-000263,DEMO-SYNTHETIC-v1,SYNTHETIC_DEMONSTRATION,MPLADS_STYLE_STRUCTURE,Uttar Pradesh,Gorakhpur,Gorakhpur,Representative Gorakhpur (Simulated),Education & Schools,Installation of Digital Smart Classroom and Computer Lab Infrastructure at Village-22,Installation of Digital Smart Classroom and Computer Lab Infrastructure at Village-22. Execution by authorized implementing agency following standard technical specifications.,Block-3,Village-22,26.732425,83.42218,True,1220000.0,1196361.77,916534.73,303465.27,2024-01-30,2024-02-13,2024-04-01,,In Progress,CONTRACTOR-DEMO-0002,Shree Ganesh Construction Co,Panchayati Raj Engineering Division
MPLADS-DEMO-000264,DEMO-SYNTHETIC-v1,SYNTHETIC_DEMONSTRATION,MPLADS_STYLE_STRUCTURE,Tamil Nadu,Salem,Salem,Representative Salem (Simulated),Drinking Water & Sanitation,Drilling of Deep Borewell and Solar-Powered Overhead Water Tank at Village-105,Drilling of Deep Borewell and Solar-Powered Overhead Water Tank at Village-105. Execution by authorized implementing agency following standard technical specifications.,Block-6,Village-105,11.646395,78.101121,True,910000.0,916214.95,737190.7,172809.3,2023-10-16,2023-11-26,2024-01-03,2024-06-27,Completed,CONTRACTOR-DEMO-0002,Shree Ganesh Construction Co,Rural Engineering Service (RES)
MPLADS-DEMO-000265,DEMO-SYNTHETIC-v1,SYNTHETIC_DEMONSTRATION,MPLADS_STYLE_STRUCTURE,Madhya Pradesh,Bhopal,Bhopal,Representative Bhopal (Simulated),Renewable Energy,Installation of 10kW Rooftop Solar Power System at Primary Health Center Village-124,Installation of 10kW Rooftop Solar Power System at Primary Health Center Village-124. Execution by authorized implementing agency following standard technical specifications.,Block-5,Village-124,23.218134,77.420282,True,900000.0,882271.99,738477.19,161522.81,2023-07-10,2023-08-18,2023-09-10,2023-12-24,Completed,CONTRACTOR-DEMO-0002,Shree Ganesh Construction Co,Rural Engineering Service (RES)
MPLADS-DEMO-000266,DEMO-SYNTHETIC-v1,SYNTHETIC_DEMONSTRATION,MPLADS_STYLE_STRUCTURE,Madhya Pradesh,Jabalpur,Jabalpur,Representative Jabalpur (Simulated),Irrigation & Water Conservation,Construction of Reinforced Concrete Irrigation Sluice Gate and Channel in Village-42,Construction of Reinforced Concrete Irrigation Sluice Gate and Channel in Village-42. Execution by authorized implementing agency following standard technical specifications.,Block-3,Village-42,23.129536,79.987485,True,1900000.0,1875442.55,1665601.81,234398.19,2024-01-06,2024-01-23,2024-02-17,2024-05-03,Completed,CONTRACTOR-DEMO-0002,Shree Ganesh Construction Co,Rural Engineering Service (RES)
MPLADS-DEMO-000267,DEMO-SYNTHETIC-v1,SYNTHETIC_DEMONSTRATION,MPLADS_STYLE_STRUCTURE,Karnataka,Bengaluru Rural,Bengaluru Rural,Representative Bengaluru Rural (Simulated),Renewable Energy,Supply and Erection of 30 Standalone Solar Street Lights in Village-23,Supply and Erection of 30 Standalone Solar Street Lights in Village-23. Execution by authorized implementing agency following standard technical specifications.,Block-4,Village-23,13.00783,77.53163,True,550000.0,554797.27,504148.58,45851.42,2024-05-05,2024-06-13,2024-07-31,,In Progress,CONTRACTOR-DEMO-0002,Shree Ganesh Construction Co,Public Works Department (PWD)
MPLADS-DEMO-000268,DEMO-SYNTHETIC-v1,SYNTHETIC_DEMONSTRATION,MPLADS_STYLE_STRUCTURE,Telangana,Warangal,Warangal,Representative Warangal (Simulated),Irrigation & Water Conservation,Construction of Check Dam and Water Harvesting Percolation Tank at Village-164,Construction of Check Dam and Water Harvesting Percolation Tank at Village-164. Execution by authorized implementing agency following standard technical specifications.,Block-5,Village-164,17.968168,79.530492,True,2180000.0,2207360.61,2038080.43,141919.57,2023-06-10,2023-07-06,2023-07-23,2024-02-13,Completed,CONTRACTOR-DEMO-0002,Shree Ganesh Construction Co,Minor Irrigation Division
MPLADS-DEMO-000269,DEMO-SYNTHETIC-v1,SYNTHETIC_DEMONSTRATION,MPLADS_STYLE_STRUCTURE,Uttar Pradesh,Lucknow,Lucknow,Representative Lucknow (Simulated),Renewable Energy,Installation of Solar LED High-Mast Lighting System at Market Yard Village-173,Installation of Solar LED High-Mast Lighting System at Market Yard Village-173. Execution by authorized implementing agency following standard technical specifications.,Block-4,Village-173,26.786388,80.912303,True,450000.0,467123.25,346488.23,103511.77,2023-06-05,2023-07-14,2023-08-20,2024-02-14,Completed,CONTRACTOR-DEMO-0002,Shree Ganesh Construction Co,Rural Engineering Service (RES)
MPLADS-DEMO-000270,DEMO-SYNTHETIC-v1,SYNTHETIC_DEMONSTRATION,MPLADS_STYLE_STRUCTURE,Karnataka,Mysuru,Mysuru,Representative Mysuru (Simulated),Community Infrastructure,Construction of Multipurpose Community Hall at Village Village-24,Construction of Multipurpose Community Hall at Village Village-24. Execution by authorized implementing agency following standard technical specifications.,Block-5,Village-24,12.302247,76.668798,True,1910000.0,1973413.37,1585418.24,324581.76,2024-05-22,2024-06-22,2024-07-21,,In Progress,CONTRACTOR-DEMO-0002,Shree Ganesh Construction Co,Panchayati Raj Engineering Division
MPLADS-DEMO-000271,DEMO-SYNTHETIC-v1,SYNTHETIC_DEMONSTRATION,MPLADS_STYLE_STRUCTURE,Odisha,Ganjam,Aska,Representative Ganjam (Simulated),Education & Schools,Construction of Additional Classrooms at Govt Senior Secondary School Village-67,Construction of Additional Classrooms at Govt Senior Secondary School Village-67. Execution by authorized implementing agency following standard technical specifications.,Block-8,Village-67,19.337755,84.990811,True,1580000.0,1580400.58,1308543.61,271456.39,2023-03-15,2023-04-14,2023-06-02,2023-10-19,Completed,CONTRACTOR-DEMO-0002,Shree Ganesh Construction Co,Panchayati Raj Engineering Division
MPLADS-DEMO-000272,DEMO-SYNTHETIC-v1,SYNTHETIC_DEMONSTRATION,MPLADS_STYLE_STRUCTURE,Madhya Pradesh,Indore,Indore,Representative Indore (Simulated),Renewable Energy,Supply and Erection of 30 Standalone Solar Street Lights in Village-198,Supply and Erection of 30 Standalone Solar Street Lights in Village-198. Execution by authorized implementing agency following standard technical specifications.,Block-9,Village-198,22.686226,75.836856,True,790000.0,801476.78,755398.38,34601.62,2024-03-31,2024-04-15,2024-05-30,,In Progress,CONTRACTOR-DEMO-0002,Shree Ganesh Construction Co,Panchayati Raj Engineering Division
MPLADS-DEMO-000273,DEMO-SYNTHETIC-v1,SYNTHETIC_DEMONSTRATION,MPLADS_STYLE_STRUCTURE,Tamil Nadu,Salem,Salem,Representative Salem (Simulated),Irrigation & Water Conservation,Construction of Check Dam and Water Harvesting Percolation Tank at Village-174,Construction of Check Dam and Water Harvesting Percolation Tank at Village-174. Execution by authorized implementing agency following standard technical specifications.,Block-5,Village-174,11.690453,78.185021,True,1620000.0,1679025.76,1407449.47,212550.53,2023-01-19,2023-02-18,2023-03-20,2023-09-13,Completed,CONTRACTOR-DEMO-0002,Shree Ganesh Construction Co,Minor Irrigation Division
MPLADS-DEMO-000274,DEMO-SYNTHETIC-v1,SYNTHETIC_DEMONSTRATION,MPLADS_STYLE_STRUCTURE,Telangana,Karimnagar,Karimnagar,Representative Karimnagar (Simulated),Rural Connectivity & Roads,Construction of Cement Concrete (CC) Road and Drain Channel at Village-142,Construction of Cement Concrete (CC) Road and Drain Channel at Village-142. Execution by authorized implementing agency following standard technical specifications.,Block-3,Village-142,18.494682,79.125752,True,2500000.0,2443713.23,2204884.76,295115.24,2023-04-18,2023-05-14,2023-06-29,2023-11-11,Completed,CONTRACTOR-DEMO-0002,Shree Ganesh Construction Co,Rural Engineering Service (RES)
MPLADS-DEMO-000275,DEMO-SYNTHETIC-v1,SYNTHETIC_DEMONSTRATION,MPLADS_STYLE_STRUCTURE,Odisha,Khordha,Bhubaneswar,Representative Khordha (Simulated),Rural Connectivity & Roads,Interlocking Paver Block Road Installation along Main Street in Village-59,Interlocking Paver Block Road Installation along Main Street in Village-59. Execution by authorized implementing agency following standard technical specifications.,Block-10,Village-59,20.14226,85.58866,True,1590000.0,1571686.68,1477357.8,112642.2,2023-03-17,2023-04-05,2023-05-21,2023-12-20,Completed,CONTRACTOR-DEMO-0002,Shree Ganesh Construction Co,Panchayati Raj Engineering Division
MPLADS-DEMO-000276,DEMO-SYNTHETIC-v1,SYNTHETIC_DEMONSTRATION,MPLADS_STYLE_STRUCTURE,Rajasthan,Udaipur,Udaipur,Representative Udaipur (Simulated),Renewable Energy,Supply and Erection of 30 Standalone Solar Street Lights in Village-127,Supply and Erection of 30 Standalone Solar Street Lights in Village-127. Execution by authorized implementing agency following standard technical specifications.,Block-8,Village-127,24.637156,73.762028,True,860000.0,885371.3,742081.3,117918.7,2024-02-10,2024-03-12,2024-04-21,,In Progress,CONTRACTOR-DEMO-0002,Shree Ganesh Construction Co,Rural Engineering Service (RES)
MPLADS-DEMO-000277,DEMO-SYNTHETIC-v1,SYNTHETIC_DEMONSTRATION,MPLADS_STYLE_STRUCTURE,Gujarat,Ahmedabad,Ahmedabad West,Representative Ahmedabad (Simulated),Renewable Energy,Supply and Erection of 30 Standalone Solar Street Lights in Village-123,Supply and Erection of 30 Standalone Solar Street Lights in Village-123. Execution by authorized implementing agency following standard technical specifications.,Block-4,Village-123,23.079655,72.510633,True,720000.0,713878.09,653657.68,66342.32,2023-04-14,2023-05-27,2023-06-18,2023-12-27,Completed,CONTRACTOR-DEMO-0002,Shree Ganesh Construction Co,Minor Irrigation Division
MPLADS-DEMO-000278,DEMO-SYNTHETIC-v1,SYNTHETIC_DEMONSTRATION,MPLADS_STYLE_STRUCTURE,Gujarat,Rajkot,Rajkot,Representative Rajkot (Simulated),Community Infrastructure,Development of Public Recreation Shed and Boundary Wall in Village-98,Development of Public Recreation Shed and Boundary Wall in Village-98. Execution by authorized implementing agency following standard technical specifications.,Block-9,Village-98,22.314431,70.779507,True,1680000.0,1728631.57,1332315.7,347684.3,2023-05-29,2023-06-27,2023-07-29,2024-01-07,Completed,CONTRACTOR-DEMO-0002,Shree Ganesh Construction Co,Rural Engineering Service (RES)
MPLADS-DEMO-000279,DEMO-SYNTHETIC-v1,SYNTHETIC_DEMONSTRATION,MPLADS_STYLE_STRUCTURE,Karnataka,Bengaluru Rural,Bengaluru Rural,Representative Bengaluru Rural (Simulated),Education & Schools,Installation of Digital Smart Classroom and Computer Lab Infrastructure at Village-108,Installation of Digital Smart Classroom and Computer Lab Infrastructure at Village-108. Execution by authorized implementing agency following standard technical specifications.,Block-9,Village-108,13.090593,77.5512,True,1210000.0,1188668.14,957563.17,252436.83,2023-03-23,2023-04-20,2023-05-11,2023-09-23,Completed,CONTRACTOR-DEMO-0002,Shree Ganesh Construction Co,Panchayati Raj Engineering Division
MPLADS-DEMO-000280,DEMO-SYNTHETIC-v1,SYNTHETIC_DEMONSTRATION,MPLADS_STYLE_STRUCTURE,Odisha,Khordha,Bhubaneswar,Representative Khordha (Simulated),Education & Schools,Installation of Digital Smart Classroom and Computer Lab Infrastructure at Village-38,Installation of Digital Smart Classroom and Computer Lab Infrastructure at Village-38. Execution by authorized implementing agency following standard technical specifications.,Block-9,Village-38,20.219905,85.65221,True,1300000.0,1331789.51,1027805.58,272194.42,2023-09-27,2023-10-19,2023-12-06,2024-05-09,Completed,CONTRACTOR-DEMO-0002,Shree Ganesh Construction Co,District Rural Development Agency (DRDA)
MPLADS-DEMO-000281,DEMO-SYNTHETIC-v1,SYNTHETIC_DEMONSTRATION,MPLADS_STYLE_STRUCTURE,Uttar Pradesh,Gorakhpur,Gorakhpur,Representative Gorakhpur (Simulated),Renewable Energy,Installation of 10kW Rooftop Solar Power System at Primary Health Center Village-13,Installation of 10kW Rooftop Solar Power System at Primary Health Center Village-13. Execution by authorized implementing agency following standard technical specifications.,Block-4,Village-13,26.747392,83.397971,True,630000.0,615659.55,509346.58,120653.42,2024-03-19,2024-04-08,2024-05-21,2024-10-09,Completed,CONTRACTOR-DEMO-0096,Kisan Contractors,District Rural Development Agency (DRDA)
MPLADS-DEMO-000282,DEMO-SYNTHETIC-v1,SYNTHETIC_DEMONSTRATION,MPLADS_STYLE_STRUCTURE,Karnataka,Dharwad,Dharwad,Representative Dharwad (Simulated),Renewable Energy,Supply and Erection of 30 Standalone Solar Street Lights in Village-89,Supply and Erection of 30 Standalone Solar Street Lights in Village-89. Execution by authorized implementing agency following standard technical specifications.,Block-10,Village-89,15.396479,74.958561,True,930000.0,964455.87,740057.14,189942.86,2023-11-05,2023-11-30,2024-01-02,2024-07-25,Completed,CONTRACTOR-DEMO-0128,Classic Infrastructure Ltd,Minor Irrigation Division
MPLADS-DEMO-000283,DEMO-SYNTHETIC-v1,SYNTHETIC_DEMONSTRATION,MPLADS_STYLE_STRUCTURE,Madhya Pradesh,Jabalpur,Jabalpur,Representative Jabalpur (Simulated),Community Infrastructure,Renovation and Expansion of Village Panchayat Bhavan in Village-158,Renovation and Expansion of Village Panchayat Bhavan in Village-158. Execution by authorized implementing agency following standard technical specifications.,Block-9,Village-158,23.153748,80.003523,True,1770000.0,1822145.28,1588280.38,181719.62,2024-05-04,2024-06-08,2024-07-19,,In Progress,CONTRACTOR-DEMO-0150,Reliable Engineering Works,Panchayati Raj Engineering Division
MPLADS-DEMO-000284,DEMO-SYNTHETIC-v1,SYNTHETIC_DEMONSTRATION,MPLADS_STYLE_STRUCTURE,Odisha,Khordha,Bhubaneswar,Representative Khordha (Simulated),Community Infrastructure,Construction of Multipurpose Community Hall at Village Village-42,Construction of Multipurpose Community Hall at Village Village-42. Execution by authorized implementing agency following standard technical specifications.,Block-3,Village-42,20.160571,85.596953,True,2030000.0,1996116.27,1647382.86,382617.14,2023-12-11,2024-01-19,2024-02-20,2024-08-05,Completed,CONTRACTOR-DEMO-0195,National Infra Solutions,Municipal Corporation Public Works
MPLADS-DEMO-000285,DEMO-SYNTHETIC-v1,SYNTHETIC_DEMONSTRATION,MPLADS_STYLE_STRUCTURE,Karnataka,Mysuru,Mysuru,Representative Mysuru (Simulated),Education & Schools,Setup of Science Laboratory and Learning Resource Center in Village-43,Setup of Science Laboratory and Learning Resource Center in Village-43. Execution by authorized implementing agency following standard technical specifications.,Block-4,Village-43,12.254705,76.577403,True,1200000.0,1215554.16,1159560.71,40439.29,2024-01-08,2024-01-27,2024-02-24,,In Progress,CONTRACTOR-DEMO-0030,Hindustan Civil Projects,Public Works Department (PWD)
MPLADS-DEMO-000286,DEMO-SYNTHETIC-v1,SYNTHETIC_DEMONSTRATION,MPLADS_STYLE_STRUCTURE,Gujarat,Surat,Surat,Representative Surat (Simulated),Education & Schools,Construction of Additional Classrooms at Govt Senior Secondary School Village-7,Construction of Additional Classrooms at Govt Senior Secondary School Village-7. Execution by authorized implementing agency following standard technical specifications.,Block-8,Village-7,21.205421,72.834218,True,1610000.0,1558985.98,1436383.23,173616.77,2023-02-27,2023-04-06,2023-05-10,,In Progress,CONTRACTOR-DEMO-0192,Navnirman Buildcon Pvt Ltd,District Rural Development Agency (DRDA)
MPLADS-DEMO-000287,DEMO-SYNTHETIC-v1,SYNTHETIC_DEMONSTRATION,MPLADS_STYLE_STRUCTURE,Madhya Pradesh,Jabalpur,Jabalpur,Representative Jabalpur (Simulated),Healthcare Infrastructure,Construction of Maternity & Child Healthcare Ward at Primary Health Sub-Center Village-34,Construction of Maternity & Child Healthcare Ward at Primary Health Sub-Center Village-34. Execution by authorized implementing agency following standard technical specifications.,Block-5,Village-34,23.184977,79.943579,True,1880000.0,1904597.79,1782023.48,97976.52,2023-06-30,2023-08-13,2023-09-26,2024-04-26,Completed,CONTRACTOR-DEMO-0073,Gitanjali Engineering Works,Municipal Corporation Public Works
MPLADS-DEMO-000288,DEMO-SYNTHETIC-v1,SYNTHETIC_DEMONSTRATION,MPLADS_STYLE_STRUCTURE,Madhya Pradesh,Jabalpur,Jabalpur,Representative Jabalpur (Simulated),Drinking Water & Sanitation,Construction of Public Sanitation Facility and Bathing Block in Village-152,Construction of Public Sanitation Facility and Bathing Block in Village-152. Execution by authorized implementing agency following standard technical specifications.,Block-3,Village-152,23.194186,80.003436,True,1100000.0,1133201.85,935049.27,164950.73,2023-12-08,2024-01-10,2024-02-16,2024-06-28,Completed,CONTRACTOR-DEMO-0026,Gitanjali Buildcon Pvt Ltd,Panchayati Raj Engineering Division
MPLADS-DEMO-000289,DEMO-SYNTHETIC-v1,SYNTHETIC_DEMONSTRATION,MPLADS_STYLE_STRUCTURE,Rajasthan,Jaipur,Jaipur,Representative Jaipur (Simulated),Rural Connectivity & Roads,Construction of Culvert and Cross-Drainage Structure on Link Road Village-67,Construction of Culvert and Cross-Drainage Structure on Link Road Village-67. Execution by authorized implementing agency following standard technical specifications.,Block-8,Village-67,26.867643,75.723672,True,2530000.0,2593832.87,2390920.06,139079.94,2023-07-10,2023-08-11,2023-09-25,2024-04-12,Completed,CONTRACTOR-DEMO-0197,Universal Infrastructure Ltd,Panchayati Raj Engineering Division
MPLADS-DEMO-000290,DEMO-SYNTHETIC-v1,SYNTHETIC_DEMONSTRATION,MPLADS_STYLE_STRUCTURE,Rajasthan,Jaipur,Jaipur,Representative Jaipur (Simulated),Community Infrastructure,Renovation and Expansion of Village Panchayat Bhavan in Village-75,Renovation and Expansion of Village Panchayat Bhavan in Village-75. Execution by authorized implementing agency following standard technical specifications.,Block-6,Village-75,26.92501,75.82588,True,2800000.0,2771696.23,2365157.9,434842.1,2023-10-29,2023-12-09,2024-01-18,,In Progress,CONTRACTOR-DEMO-0187,Balaji Engineering Works,Minor Irrigation Division
MPLADS-DEMO-000291,DEMO-SYNTHETIC-v1,SYNTHETIC_DEMONSTRATION,MPLADS_STYLE_STRUCTURE,Tamil Nadu,Salem,Salem,Representative Salem (Simulated),Education & Schools,Setup of Science Laboratory and Learning Resource Center in Village-57,Setup of Science Laboratory and Learning Resource Center in Village-57. Execution by authorized implementing agency following standard technical specifications.,Block-8,Village-57,11.633487,78.135891,True,1200000.0,1201594.57,1120788.7,79211.3,2023-11-24,2023-12-25,2024-01-27,2024-08-25,Completed,CONTRACTOR-DEMO-0072,Sai Rural Developers,Panchayati Raj Engineering Division
MPLADS-DEMO-000292,DEMO-SYNTHETIC-v1,SYNTHETIC_DEMONSTRATION,MPLADS_STYLE_STRUCTURE,Uttar Pradesh,Varanasi,Varanasi,Representative Varanasi (Simulated),Irrigation & Water Conservation,Construction of Check Dam and Water Harvesting Percolation Tank at Village-47,Construction of Check Dam and Water Harvesting Percolation Tank at Village-47. Execution by authorized implementing agency following standard technical specifications.,Block-8,Village-47,25.270361,82.923246,True,1680000.0,1695822.83,1365152.63,314847.37,2023-11-29,2024-01-13,2024-02-09,2024-06-01,Completed,CONTRACTOR-DEMO-0016,Om Buildcon Pvt Ltd,Municipal Corporation Public Works
MPLADS-DEMO-000293,DEMO-SYNTHETIC-v1,SYNTHETIC_DEMONSTRATION,MPLADS_STYLE_STRUCTURE,Gujarat,Rajkot,Rajkot,Representative Rajkot (Simulated),Drinking Water & Sanitation,Installation of Community RO Water Purification Plant at Village-73,Installation of Community RO Water Purification Plant at Village-73. Execution by authorized implementing agency following standard technical specifications.,Block-4,Village-73,22.273895,70.830175,True,1060000.0,1018295.71,816990.02,243009.98,2023-01-22,2023-03-08,2023-04-05,2023-09-06,Completed,CONTRACTOR-DEMO-0131,Panchsheel Rural Developers,District Rural Development Agency (DRDA)
MPLADS-DEMO-000294,DEMO-SYNTHETIC-v1,SYNTHETIC_DEMONSTRATION,MPLADS_STYLE_STRUCTURE,Madhya Pradesh,Jabalpur,Jabalpur,Representative Jabalpur (Simulated),Healthcare Infrastructure,Construction of Maternity & Child Healthcare Ward at Primary Health Sub-Center Village-85,Construction of Maternity & Child Healthcare Ward at Primary Health Sub-Center Village-85. Execution by authorized implementing agency following standard technical specifications.,Block-6,Village-85,23.126929,80.018974,True,2170000.0,2092928.26,2014628.37,155371.63,2023-02-20,2023-04-05,2023-05-01,,In Progress,CONTRACTOR-DEMO-0068,National Civil Projects,Panchayati Raj Engineering Division
MPLADS-DEMO-000295,DEMO-SYNTHETIC-v1,SYNTHETIC_DEMONSTRATION,MPLADS_STYLE_STRUCTURE,Telangana,Karimnagar,Karimnagar,Representative Karimnagar (Simulated),Community Infrastructure,Construction of Multipurpose Community Hall at Village Village-197,Construction of Multipurpose Community Hall at Village Village-197. Execution by authorized implementing agency following standard technical specifications.,Block-8,Village-197,18.466509,79.113824,True,1760000.0,1724400.44,1722587.93,37412.07,2023-04-26,2023-06-08,2023-06-29,2023-11-04,Completed,CONTRACTOR-DEMO-0125,Samriddhi Contractors,Panchayati Raj Engineering Division
MPLADS-DEMO-000296,DEMO-SYNTHETIC-v1,SYNTHETIC_DEMONSTRATION,MPLADS_STYLE_STRUCTURE,Kerala,Wayanad,Wayanad,Representative Wayanad (Simulated),Rural Connectivity & Roads,Upgradation of Rural Link Road connecting Hamlet to Main Highway at Village-41,Upgradation of Rural Link Road connecting Hamlet to Main Highway at Village-41. Execution by authorized implementing agency following standard technical specifications.,Block-2,Village-41,11.702191,76.072484,True,2820000.0,2764347.35,2529144.08,290855.92,2023-04-26,2023-06-02,2023-06-20,2023-10-28,Completed,CONTRACTOR-DEMO-0032,Golden Rural Developers,Rural Engineering Service (RES)
MPLADS-DEMO-000297,DEMO-SYNTHETIC-v1,SYNTHETIC_DEMONSTRATION,MPLADS_STYLE_STRUCTURE,Tamil Nadu,Salem,Salem,Representative Salem (Simulated),Education & Schools,Construction of Separate Girls Toilet and Wash Area in Govt High School Village-4,Construction of Separate Girls Toilet and Wash Area in Govt High School Village-4. Execution by authorized implementing agency following standard technical specifications.,Block-5,Village-4,11.621057,78.116893,True,570000.0,565248.86,459369.01,110630.99,2024-05-25,2024-06-10,2024-07-25,,In Progress,CONTRACTOR-DEMO-0043,Panchsheel Engineers & Builders,District Rural Development Agency (DRDA)
MPLADS-DEMO-000298,DEMO-SYNTHETIC-v1,SYNTHETIC_DEMONSTRATION,MPLADS_STYLE_STRUCTURE,Telangana,Warangal,Warangal,Representative Warangal (Simulated),Community Infrastructure,Development of Public Recreation Shed and Boundary Wall in Village-41,Development of Public Recreation Shed and Boundary Wall in Village-41. Execution by authorized implementing agency following standard technical specifications.,Block-2,Village-41,17.968889,79.618273,True,1330000.0,1375842.31,1302474.07,27525.93,2023-12-01,2023-12-18,2024-01-05,2024-04-28,Completed,CONTRACTOR-DEMO-0183,Shree Ganesh Infra Solutions,Municipal Corporation Public Works
MPLADS-DEMO-000299,DEMO-SYNTHETIC-v1,SYNTHETIC_DEMONSTRATION,MPLADS_STYLE_STRUCTURE,Telangana,Nizamabad,Nizamabad,Representative Nizamabad (Simulated),Community Infrastructure,Development of Public Recreation Shed and Boundary Wall in Village-125,Development of Public Recreation Shed and Boundary Wall in Village-125. Execution by authorized implementing agency following standard technical specifications.,Block-6,Village-125,18.637748,78.156718,True,1720000.0,1755321.58,1608665.84,111334.16,2023-08-27,2023-09-22,2023-10-08,2024-03-22,Completed,CONTRACTOR-DEMO-0189,Balaji Engineers & Builders,Rural Engineering Service (RES)
MPLADS-DEMO-000300,DEMO-SYNTHETIC-v1,SYNTHETIC_DEMONSTRATION,MPLADS_STYLE_STRUCTURE,Uttar Pradesh,Gorakhpur,Gorakhpur,Representative Gorakhpur (Simulated),Community Infrastructure,Renovation and Expansion of Village Panchayat Bhavan in Village-181,Renovation and Expansion of Village Panchayat Bhavan in Village-181. Execution by authorized implementing agency following standard technical specifications.,Block-2,Village-181,26.752475,83.346513,True,2650000.0,2584232.48,2101248.99,548751.01,2023-07-12,2023-08-15,2023-09-28,,In Progress,CONTRACTOR-DEMO-0157,Surya Shakti Infra Solutions,Municipal Corporation Public Works
MPLADS-DEMO-000301,DEMO-SYNTHETIC-v1,SYNTHETIC_DEMONSTRATION,MPLADS_STYLE_STRUCTURE,Gujarat,Rajkot,Nashik,Representative Nashik (Simulated),Community Infrastructure,Paver block road and drain construction Part 1 at Village-Sundarpur,Paver block road and drain construction Part 1 at Village-Sundarpur under rural scheme.,Block-1,Village-Sundarpur,19.970937,73.759035,True,485000.0,485000.0,485000.0,0.0,2023-08-24,2023-09-10,2023-09-20,2024-05-20,Completed,CONTRACTOR-DEMO-0001,Apex Infrastructure Ltd,Rural Engineering Service (RES)
MPLADS-DEMO-000302,DEMO-SYNTHETIC-v1,SYNTHETIC_DEMONSTRATION,MPLADS_STYLE_STRUCTURE,Gujarat,Rajkot,Jodhpur,Representative Jodhpur (Simulated),Healthcare Infrastructure,Paver block road and drain construction Part 2 at Village-Sundarpur,Paver block road and drain construction Part 2 at Village-Sundarpur under rural scheme.,Block-1,Village-Sundarpur,26.299631,73.065776,True,488000.0,488000.0,488000.0,0.0,2023-08-26,2023-09-11,2023-09-21,2024-05-24,Completed,CONTRACTOR-DEMO-0001,Apex Infrastructure Ltd,Public Works Department (PWD)
MPLADS-DEMO-000303,DEMO-SYNTHETIC-v1,SYNTHETIC_DEMONSTRATION,MPLADS_STYLE_STRUCTURE,Gujarat,Rajkot,Mysuru,Representative Mysuru (Simulated),Healthcare Infrastructure,Paver block road and drain construction Part 3 at Village-Sundarpur,Paver block road and drain construction Part 3 at Village-Sundarpur under rural scheme.,Block-1,Village-Sundarpur,12.339375,76.591271,True,489000.0,489000.0,489000.0,0.0,2023-08-27,2023-09-12,2023-09-22,2023-11-25,Completed,CONTRACTOR-DEMO-0001,Apex Infrastructure Ltd,Minor Irrigation Division
MPLADS-DEMO-000304,DEMO-SYNTHETIC-v1,SYNTHETIC_DEMONSTRATION,MPLADS_STYLE_STRUCTURE,Gujarat,Rajkot,Coimbatore,Representative Coimbatore (Simulated),Rural Connectivity & Roads,Paver block road and drain construction Part 1 at Village-Ramnagar,Paver block road and drain construction Part 1 at Village-Ramnagar under rural scheme.,Block-2,Village-Ramnagar,10.980494,76.98412,True,496000.0,496000.0,496000.0,0.0,2023-08-16,2023-09-10,2023-09-20,2024-02-23,Completed,CONTRACTOR-DEMO-0002,Shree Ganesh Construction Co,Municipal Corporation Public Works
MPLADS-DEMO-000305,DEMO-SYNTHETIC-v1,SYNTHETIC_DEMONSTRATION,MPLADS_STYLE_STRUCTURE,Gujarat,Rajkot,Kozhikode,Representative Kozhikode (Simulated),Education & Schools,Paver block road and drain construction Part 2 at Village-Ramnagar,Paver block road and drain construction Part 2 at Village-Ramnagar under rural scheme.,Block-2,Village-Ramnagar,11.201379,75.795601,True,491000.0,491000.0,491000.0,0.0,2023-08-28,2023-09-11,2023-09-21,2023-11-11,Completed,CONTRACTOR-DEMO-0002,Shree Ganesh Construction Co,Minor Irrigation Division
MPLADS-DEMO-000306,DEMO-SYNTHETIC-v1,SYNTHETIC_DEMONSTRATION,MPLADS_STYLE_STRUCTURE,Gujarat,Rajkot,Lucknow,Representative Lucknow (Simulated),Renewable Energy,Paver block road and drain construction Part 3 at Village-Ramnagar,Paver block road and drain construction Part 3 at Village-Ramnagar under rural scheme.,Block-2,Village-Ramnagar,26.806806,80.966594,True,490000.0,490000.0,490000.0,0.0,2023-08-29,2023-09-12,2023-09-22,2024-09-16,Completed,CONTRACTOR-DEMO-0002,Shree Ganesh Construction Co,Panchayati Raj Engineering Division
MPLADS-DEMO-000307,DEMO-SYNTHETIC-v1,SYNTHETIC_DEMONSTRATION,MPLADS_STYLE_STRUCTURE,Uttar Pradesh,Varanasi,Ernakulam,Representative Ernakulam (Simulated),Healthcare Infrastructure,Paver block road and drain construction Part 1 at Village-Shivpur,Paver block road and drain construction Part 1 at Village-Shivpur under rural scheme.,Block-3,Village-Shivpur,9.938285,76.258352,True,493000.0,493000.0,493000.0,0.0,2023-08-27,2023-09-10,2023-09-20,2024-08-04,Completed,CONTRACTOR-DEMO-0001,Apex Infrastructure Ltd,District Rural Development Agency (DRDA)
MPLADS-DEMO-000308,DEMO-SYNTHETIC-v1,SYNTHETIC_DEMONSTRATION,MPLADS_STYLE_STRUCTURE,Uttar Pradesh,Varanasi,Bhopal,Representative Bhopal (Simulated),Irrigation & Water Conservation,Paver block road and drain construction Part 2 at Village-Shivpur,Paver block road and drain construction Part 2 at Village-Shivpur under rural scheme.,Block-3,Village-Shivpur,23.3023,77.389649,True,486000.0,486000.0,486000.0,0.0,2023-08-20,2023-09-11,2023-09-21,2024-10-25,Completed,CONTRACTOR-DEMO-0001,Apex Infrastructure Ltd,Public Works Department (PWD)
MPLADS-DEMO-000309,DEMO-SYNTHETIC-v1,SYNTHETIC_DEMONSTRATION,MPLADS_STYLE_STRUCTURE,Uttar Pradesh,Varanasi,Kozhikode,Representative Kozhikode (Simulated),Community Infrastructure,Paver block road and drain construction Part 3 at Village-Shivpur,Paver block road and drain construction Part 3 at Village-Shivpur under rural scheme.,Block-3,Village-Shivpur,11.195919,75.732961,True,495000.0,495000.0,495000.0,0.0,2023-08-25,2023-09-12,2023-09-22,2023-11-15,Completed,CONTRACTOR-DEMO-0001,Apex Infrastructure Ltd,Municipal Corporation Public Works
MPLADS-DEMO-000310,DEMO-SYNTHETIC-v1,SYNTHETIC_DEMONSTRATION,MPLADS_STYLE_STRUCTURE,Uttar Pradesh,Varanasi,Dharwad,Representative Dharwad (Simulated),Renewable Energy,Paver block road and drain construction Part 1 at Village-Kalyanpur,Paver block road and drain construction Part 1 at Village-Kalyanpur under rural scheme.,Block-4,Village-Kalyanpur,15.406157,75.002648,True,494000.0,494000.0,494000.0,0.0,2023-08-19,2023-09-10,2023-09-20,,In Progress,CONTRACTOR-DEMO-0002,Shree Ganesh Construction Co,Public Works Department (PWD)
MPLADS-DEMO-000311,DEMO-SYNTHETIC-v1,SYNTHETIC_DEMONSTRATION,MPLADS_STYLE_STRUCTURE,Uttar Pradesh,Varanasi,Coimbatore,Representative Coimbatore (Simulated),Education & Schools,Paver block road and drain construction Part 2 at Village-Kalyanpur,Paver block road and drain construction Part 2 at Village-Kalyanpur under rural scheme.,Block-4,Village-Kalyanpur,10.961836,76.93301,True,485000.0,485000.0,485000.0,0.0,2023-08-24,2023-09-11,2023-09-21,,In Progress,CONTRACTOR-DEMO-0002,Shree Ganesh Construction Co,Panchayati Raj Engineering Division
MPLADS-DEMO-000312,DEMO-SYNTHETIC-v1,SYNTHETIC_DEMONSTRATION,MPLADS_STYLE_STRUCTURE,Uttar Pradesh,Varanasi,Surat,Representative Surat (Simulated),Irrigation & Water Conservation,Paver block road and drain construction Part 3 at Village-Kalyanpur,Paver block road and drain construction Part 3 at Village-Kalyanpur under rural scheme.,Block-4,Village-Kalyanpur,21.148671,72.880473,True,497000.0,497000.0,497000.0,0.0,2023-08-27,2023-09-12,2023-09-22,2024-11-05,Completed,CONTRACTOR-DEMO-0002,Shree Ganesh Construction Co,District Rural Development Agency (DRDA)
MPLADS-DEMO-000313,DEMO-SYNTHETIC-v1,SYNTHETIC_DEMONSTRATION,MPLADS_STYLE_STRUCTURE,Karnataka,Mysuru,Mysuru,Representative Mysuru (Simulated),Community Infrastructure,Construction of Open Air Gymnasium and Seating Area at Village-139,Construction of Open Air Gymnasium and Seating Area at Village-139. Execution by authorized implementing agency following standard technical specifications.,Block-10,Village-139,12.304239,76.616888,True,880000.0,855585.1,796343.77,83656.23,2023-08-04,2023-09-15,2023-11-01,,In Progress,CONTRACTOR-DEMO-0114,Hindustan Contractors,District Rural Development Agency (DRDA)
MPLADS-DEMO-000314,DEMO-SYNTHETIC-v1,SYNTHETIC_DEMONSTRATION,MPLADS_STYLE_STRUCTURE,Telangana,Nizamabad,Nizamabad,Representative Nizamabad (Simulated),Education & Schools,Installation of Digital Smart Classroom and Computer Lab Infrastructure at Village-34,Installation of Digital Smart Classroom and Computer Lab Infrastructure at Village-34. Execution by authorized implementing agency following standard technical specifications.,Block-5,Village-34,18.651202,78.090961,True,760000.0,762927.67,615895.13,144104.87,2023-08-07,2023-09-17,2023-10-10,2024-04-25,Completed,CONTRACTOR-DEMO-0147,Alliance Engineers & Builders,Rural Engineering Service (RES)
MPLADS-DEMO-000315,DEMO-SYNTHETIC-v1,SYNTHETIC_DEMONSTRATION,MPLADS_STYLE_STRUCTURE,Karnataka,Bengaluru Rural,Bengaluru Rural,Representative Bengaluru Rural (Simulated),Education & Schools,Installation of Digital Smart Classroom and Computer Lab Infrastructure at Village-144,Installation of Digital Smart Classroom and Computer Lab Infrastructure at Village-144. Execution by authorized implementing agency following standard technical specifications.,Block-5,Village-144,13.07958,77.598437,True,1010000.0,989179.06,819351.52,190648.48,2023-08-23,2023-09-26,2023-10-16,,In Progress,CONTRACTOR-DEMO-0109,Surya Shakti Contractors,Panchayati Raj Engineering Division
MPLADS-DEMO-000316,DEMO-SYNTHETIC-v1,SYNTHETIC_DEMONSTRATION,MPLADS_STYLE_STRUCTURE,Rajasthan,Udaipur,Udaipur,Representative Udaipur (Simulated),Rural Connectivity & Roads,Interlocking Paver Block Road Installation along Main Street in Village-83,Interlocking Paver Block Road Installation along Main Street in Village-83. Execution by authorized implementing agency following standard technical specifications.,Block-4,Village-83,24.565188,73.732703,True,1780000.0,1752206.2,1739344.69,40655.31,2023-11-26,2024-01-07,2024-01-31,2024-06-13,Completed,CONTRACTOR-DEMO-0055,Gitanjali Projects Ltd,Minor Irrigation Division
MPLADS-DEMO-000317,DEMO-SYNTHETIC-v1,SYNTHETIC_DEMONSTRATION,MPLADS_STYLE_STRUCTURE,Rajasthan,Udaipur,Udaipur,Representative Udaipur (Simulated),Drinking Water & Sanitation,Installation of Community RO Water Purification Plant at Village-29,Installation of Community RO Water Purification Plant at Village-29. Execution by authorized implementing agency following standard technical specifications.,Block-10,Village-29,24.616546,73.679096,True,990000.0,1023796.99,940314.91,49685.09,2024-03-09,2024-04-10,2024-04-25,2024-08-06,Completed,CONTRACTOR-DEMO-0082,Siddhartha Construction Co,Panchayati Raj Engineering Division
MPLADS-DEMO-000318,DEMO-SYNTHETIC-v1,SYNTHETIC_DEMONSTRATION,MPLADS_STYLE_STRUCTURE,Karnataka,Bengaluru Rural,Bengaluru Rural,Representative Bengaluru Rural (Simulated),Community Infrastructure,Construction of Open Air Gymnasium and Seating Area at Village-54,Construction of Open Air Gymnasium and Seating Area at Village-54. Execution by authorized implementing agency following standard technical specifications.,Block-5,Village-54,13.095702,77.530344,True,1290000.0,1292401.04,1044243.83,245756.17,2023-09-19,2023-10-12,2023-10-28,2024-05-24,Completed,CONTRACTOR-DEMO-0015,Maruti Contractors,District Rural Development Agency (DRDA)
MPLADS-DEMO-000319,DEMO-SYNTHETIC-v1,SYNTHETIC_DEMONSTRATION,MPLADS_STYLE_STRUCTURE,Maharashtra,Nashik,Nashik,Representative Nashik (Simulated),Community Infrastructure,Construction of Open Air Gymnasium and Seating Area at Village-52,Construction of Open Air Gymnasium and Seating Area at Village-52. Execution by authorized implementing agency following standard technical specifications.,Block-3,Village-52,20.035095,73.805135,True,660000.0,658149.93,638477.79,21522.21,2023-02-18,2023-03-28,2023-04-29,2023-10-13,Completed,CONTRACTOR-DEMO-0031,Shiv Shakti Buildcon Pvt Ltd,Public Works Department (PWD)
MPLADS-DEMO-000320,DEMO-SYNTHETIC-v1,SYNTHETIC_DEMONSTRATION,MPLADS_STYLE_STRUCTURE,Rajasthan,Jaipur,Jaipur,Representative Jaipur (Simulated),Irrigation & Water Conservation,Construction of Reinforced Concrete Irrigation Sluice Gate and Channel in Village-99,Construction of Reinforced Concrete Irrigation Sluice Gate and Channel in Village-99. Execution by authorized implementing agency following standard technical specifications.,Block-10,Village-99,26.877452,75.771791,True,1800000.0,1742342.93,1480598.77,319401.23,2024-04-02,2024-04-21,2024-05-17,,In Progress,CONTRACTOR-DEMO-0121,Apex Engineering Works,Municipal Corporation Public Works
MPLADS-DEMO-000321,DEMO-SYNTHETIC-v1,SYNTHETIC_DEMONSTRATION,MPLADS_STYLE_STRUCTURE,Odisha,Ganjam,Aska,Representative Ganjam (Simulated),Healthcare Infrastructure,Construction of Maternity & Child Healthcare Ward at Primary Health Sub-Center Village-11,Construction of Maternity & Child Healthcare Ward at Primary Health Sub-Center Village-11. Execution by authorized implementing agency following standard technical specifications.,Block-2,Village-11,19.347161,84.993824,True,2650000.0,2647865.76,2441206.14,208793.86,2023-01-24,2023-03-01,2023-04-07,2023-09-06,Completed,CONTRACTOR-DEMO-0064,Sai Civil Projects,Municipal Corporation Public Works
MPLADS-DEMO-000322,DEMO-SYNTHETIC-v1,SYNTHETIC_DEMONSTRATION,MPLADS_STYLE_STRUCTURE,Uttar Pradesh,Gorakhpur,Gorakhpur,Representative Gorakhpur (Simulated),Irrigation & Water Conservation,Construction of Check Dam and Water Harvesting Percolation Tank at Village-161,Construction of Check Dam and Water Harvesting Percolation Tank at Village-161. Execution by authorized implementing agency following standard technical specifications.,Block-2,Village-161,26.729098,83.358532,True,2140000.0,2223949.9,2069704.08,70295.92,2024-05-14,2024-06-14,2024-07-13,,In Progress,CONTRACTOR-DEMO-0104,Panchsheel Enterprises,Minor Irrigation Division
MPLADS-DEMO-000323,DEMO-SYNTHETIC-v1,SYNTHETIC_DEMONSTRATION,MPLADS_STYLE_STRUCTURE,Maharashtra,Pune,Pune,Representative Pune (Simulated),Community Infrastructure,Renovation and Expansion of Village Panchayat Bhavan in Village-134,Renovation and Expansion of Village Panchayat Bhavan in Village-134. Execution by authorized implementing agency following standard technical specifications.,Block-5,Village-134,18.580279,73.871318,True,1980000.0,1966905.6,1745898.0,234102.0,2023-08-21,2023-09-23,2023-10-29,2024-02-14,Completed,CONTRACTOR-DEMO-0056,Om Construction Co,Minor Irrigation Division
MPLADS-DEMO-000324,DEMO-SYNTHETIC-v1,SYNTHETIC_DEMONSTRATION,MPLADS_STYLE_STRUCTURE,Maharashtra,Pune,Pune,Representative Pune (Simulated),Renewable Energy,Installation of 10kW Rooftop Solar Power System at Primary Health Center Village-176,Installation of 10kW Rooftop Solar Power System at Primary Health Center Village-176. Execution by authorized implementing agency following standard technical specifications.,Block-7,Village-176,18.559414,73.903836,True,790000.0,801915.23,755783.46,34216.54,2024-04-24,2024-05-16,2024-06-27,2024-10-17,Completed,CONTRACTOR-DEMO-0171,Golden Contractors,Municipal Corporation Public Works
MPLADS-DEMO-000325,DEMO-SYNTHETIC-v1,SYNTHETIC_DEMONSTRATION,MPLADS_STYLE_STRUCTURE,Odisha,Ganjam,Aska,Representative Ganjam (Simulated),Drinking Water & Sanitation,Drilling of Deep Borewell and Solar-Powered Overhead Water Tank at Village-18,Drilling of Deep Borewell and Solar-Powered Overhead Water Tank at Village-18. Execution by authorized implementing agency following standard technical specifications.,Block-9,Village-18,19.387454,85.048318,True,570000.0,555596.57,537561.4,32438.6,2023-03-30,2023-04-14,2023-05-19,2023-11-15,Completed,CONTRACTOR-DEMO-0109,Surya Shakti Contractors,District Rural Development Agency (DRDA)
MPLADS-DEMO-000326,DEMO-SYNTHETIC-v1,SYNTHETIC_DEMONSTRATION,MPLADS_STYLE_STRUCTURE,Madhya Pradesh,Jabalpur,Jabalpur,Representative Jabalpur (Simulated),Healthcare Infrastructure,Development of Emergency Cold Storage and Pharmacy Room at Hospital Village-190,Development of Emergency Cold Storage and Pharmacy Room at Hospital Village-190. Execution by authorized implementing agency following standard technical specifications.,Block-1,Village-190,23.152094,80.022684,True,1330000.0,1290796.48,1005514.04,324485.96,2023-11-24,2023-12-25,2024-01-23,2024-06-05,Completed,CONTRACTOR-DEMO-0179,Om Infra Solutions,Public Works Department (PWD)
MPLADS-DEMO-000327,DEMO-SYNTHETIC-v1,SYNTHETIC_DEMONSTRATION,MPLADS_STYLE_STRUCTURE,Rajasthan,Udaipur,Udaipur,Representative Udaipur (Simulated),Community Infrastructure,Renovation and Expansion of Village Panchayat Bhavan in Village-35,Renovation and Expansion of Village Panchayat Bhavan in Village-35. Execution by authorized implementing agency following standard technical specifications.,Block-6,Village-35,24.585702,73.726113,True,2350000.0,2290587.58,1971922.29,378077.71,2023-09-14,2023-10-06,2023-10-31,,In Progress,CONTRACTOR-DEMO-0012,Vanguard Rural Developers,Panchayati Raj Engineering Division
MPLADS-DEMO-000328,DEMO-SYNTHETIC-v1,SYNTHETIC_DEMONSTRATION,MPLADS_STYLE_STRUCTURE,Telangana,Warangal,Warangal,Representative Warangal (Simulated),Community Infrastructure,Construction of Open Air Gymnasium and Seating Area at Village-106,Construction of Open Air Gymnasium and Seating Area at Village-106. Execution by authorized implementing agency following standard technical specifications.,Block-7,Village-106,17.932832,79.616374,True,850000.0,867528.81,650429.65,199570.35,2024-05-03,2024-06-14,2024-07-30,,In Progress,CONTRACTOR-DEMO-0121,Apex Engineering Works,Rural Engineering Service (RES)
MPLADS-DEMO-000329,DEMO-SYNTHETIC-v1,SYNTHETIC_DEMONSTRATION,MPLADS_STYLE_STRUCTURE,Madhya Pradesh,Bhopal,Bhopal,Representative Bhopal (Simulated),Education & Schools,Construction of Additional Classrooms at Govt Senior Secondary School Village-156,Construction of Additional Classrooms at Govt Senior Secondary School Village-156. Execution by authorized implementing agency following standard technical specifications.,Block-7,Village-156,23.290493,77.397049,True,2200000.0,2181370.52,2125204.4,74795.6,2023-11-03,2023-11-19,2024-01-06,,In Progress,CONTRACTOR-DEMO-0120,Golden Projects Ltd,Public Works Department (PWD)
MPLADS-DEMO-000330,DEMO-SYNTHETIC-v1,SYNTHETIC_DEMONSTRATION,MPLADS_STYLE_STRUCTURE,Odisha,Cuttack,Cuttack,Representative Cuttack (Simulated),Drinking Water & Sanitation,Laying of Underground Drinking Water Pipeline Distribution in Village-189,Laying of Underground Drinking Water Pipeline Distribution in Village-189. Execution by authorized implementing agency following standard technical specifications.,Block-10,Village-189,20.402603,85.868362,True,860000.0,838661.7,731943.76,128056.24,2024-04-11,2024-05-14,2024-06-16,2024-12-16,Completed,CONTRACTOR-DEMO-0079,Balaji Civil Projects,Municipal Corporation Public Works
MPLADS-DEMO-000331,DEMO-SYNTHETIC-v1,SYNTHETIC_DEMONSTRATION,MPLADS_STYLE_STRUCTURE,Odisha,Ganjam,Aska,Representative Ganjam (Simulated),Community Infrastructure,Development of Public Recreation Shed and Boundary Wall in Village-119,Development of Public Recreation Shed and Boundary Wall in Village-119. Execution by authorized implementing agency following standard technical specifications.,Block-10,Village-119,19.422886,84.983721,True,1540000.0,1492342.74,1430826.57,109173.43,2024-05-09,2024-05-31,2024-07-10,,In Progress,CONTRACTOR-DEMO-0119,Shiv Shakti Infrastructure Ltd,Public Works Department (PWD)
MPLADS-DEMO-000332,DEMO-SYNTHETIC-v1,SYNTHETIC_DEMONSTRATION,MPLADS_STYLE_STRUCTURE,Maharashtra,Nashik,Nashik,Representative Nashik (Simulated),Education & Schools,Installation of Digital Smart Classroom and Computer Lab Infrastructure at Village-117,Installation of Digital Smart Classroom and Computer Lab Infrastructure at Village-117. Execution by authorized implementing agency following standard technical specifications.,Block-8,Village-117,19.944223,73.76693,True,900000.0,915722.98,700573.65,199426.35,2023-03-14,2023-04-25,2023-06-02,,In Progress,CONTRACTOR-DEMO-0185,United Construction Co,Panchayati Raj Engineering Division
MPLADS-DEMO-000333,DEMO-SYNTHETIC-v1,SYNTHETIC_DEMONSTRATION,MPLADS_STYLE_STRUCTURE,Kerala,Kozhikode,Kozhikode,Representative Kozhikode (Simulated),Irrigation & Water Conservation,Construction of Reinforced Concrete Irrigation Sluice Gate and Channel in Village-157,Construction of Reinforced Concrete Irrigation Sluice Gate and Channel in Village-157. Execution by authorized implementing agency following standard technical specifications.,Block-8,Village-157,11.317268,75.764628,True,1380000.0,1329647.23,1089238.89,290761.11,2023-07-05,2023-07-28,2023-08-22,2023-12-20,Completed,CONTRACTOR-DEMO-0200,Gitanjali Construction Co,Minor Irrigation Division
MPLADS-DEMO-000334,DEMO-SYNTHETIC-v1,SYNTHETIC_DEMONSTRATION,MPLADS_STYLE_STRUCTURE,Gujarat,Ahmedabad,Ahmedabad West,Representative Ahmedabad (Simulated),Education & Schools,Construction of Separate Girls Toilet and Wash Area in Govt High School Village-80,Construction of Separate Girls Toilet and Wash Area in Govt High School Village-80. Execution by authorized implementing agency following standard technical specifications.,Block-1,Village-80,23.052421,72.631326,True,680000.0,686879.04,528385.44,151614.56,2023-03-23,2023-04-18,2023-05-03,2023-09-19,Completed,CONTRACTOR-DEMO-0007,Vikas Civil Projects,Panchayati Raj Engineering Division
MPLADS-DEMO-000335,DEMO-SYNTHETIC-v1,SYNTHETIC_DEMONSTRATION,MPLADS_STYLE_STRUCTURE,Karnataka,Bengaluru Rural,Bengaluru Rural,Representative Bengaluru Rural (Simulated),Irrigation & Water Conservation,Desilting and Deepening of Traditional Village Water Reservoir in Village-140,Desilting and Deepening of Traditional Village Water Reservoir in Village-140. Execution by authorized implementing agency following standard technical specifications.,Block-1,Village-140,13.104469,77.581838,True,1430000.0,1400013.28,1266176.82,163823.18,2023-09-15,2023-10-28,2023-12-08,2024-02-22,Completed,CONTRACTOR-DEMO-0066,Aditya Projects Ltd,Municipal Corporation Public Works
MPLADS-DEMO-000336,DEMO-SYNTHETIC-v1,SYNTHETIC_DEMONSTRATION,MPLADS_STYLE_STRUCTURE,Uttar Pradesh,Gorakhpur,Gorakhpur,Representative Gorakhpur (Simulated),Renewable Energy,Installation of 10kW Rooftop Solar Power System at Primary Health Center Village-143,Installation of 10kW Rooftop Solar Power System at Primary Health Center Village-143. Execution by authorized implementing agency following standard technical specifications.,Block-4,Village-143,26.802216,83.335193,True,710000.0,690020.95,639180.11,70819.89,2023-02-02,2023-02-25,2023-03-14,2023-08-12,Completed,CONTRACTOR-DEMO-0088,Alliance Contractors,Public Works Department (PWD)
MPLADS-DEMO-000337,DEMO-SYNTHETIC-v1,SYNTHETIC_DEMONSTRATION,MPLADS_STYLE_STRUCTURE,Gujarat,Ahmedabad,Ahmedabad West,Representative Ahmedabad (Simulated),Community Infrastructure,Renovation and Expansion of Village Panchayat Bhavan in Village-46,Renovation and Expansion of Village Panchayat Bhavan in Village-46. Execution by authorized implementing agency following standard technical specifications.,Block-7,Village-46,22.978474,72.543369,True,1850000.0,1919011.4,1706341.96,143658.04,2023-07-18,2023-08-03,2023-08-23,2024-01-27,Completed,CONTRACTOR-DEMO-0098,Vanguard Civil Projects,Panchayati Raj Engineering Division
MPLADS-DEMO-000338,DEMO-SYNTHETIC-v1,SYNTHETIC_DEMONSTRATION,MPLADS_STYLE_STRUCTURE,Telangana,Karimnagar,Karimnagar,Representative Karimnagar (Simulated),Community Infrastructure,Renovation and Expansion of Village Panchayat Bhavan in Village-141,Renovation and Expansion of Village Panchayat Bhavan in Village-141. Execution by authorized implementing agency following standard technical specifications.,Block-2,Village-141,18.38204,79.125006,True,1710000.0,1736623.94,1390428.81,319571.19,2023-10-11,2023-11-20,2024-01-07,,In Progress,CONTRACTOR-DEMO-0057,Universal Projects Ltd,Municipal Corporation Public Works
MPLADS-DEMO-000339,DEMO-SYNTHETIC-v1,SYNTHETIC_DEMONSTRATION,MPLADS_STYLE_STRUCTURE,Gujarat,Ahmedabad,Ahmedabad West,Representative Ahmedabad (Simulated),Community Infrastructure,Construction of Multipurpose Community Hall at Village Village-124,Construction of Multipurpose Community Hall at Village Village-124. Execution by authorized implementing agency following standard technical specifications.,Block-5,Village-124,23.05163,72.585021,True,2200000.0,2285585.01,1795316.78,404683.22,2023-11-22,2023-12-26,2024-01-26,2024-07-09,Completed,CONTRACTOR-DEMO-0037,Classic Urban Works Pvt Ltd,Municipal Corporation Public Works
MPLADS-DEMO-000340,DEMO-SYNTHETIC-v1,SYNTHETIC_DEMONSTRATION,MPLADS_STYLE_STRUCTURE,Tamil Nadu,Coimbatore,Coimbatore,Representative Coimbatore (Simulated),Education & Schools,Setup of Science Laboratory and Learning Resource Center in Village-127,Setup of Science Laboratory and Learning Resource Center in Village-127. Execution by authorized implementing agency following standard technical specifications.,Block-8,Village-127,11.056837,77.005676,True,1190000.0,1209857.49,1160522.82,29477.18,2023-01-15,2023-02-05,2023-02-21,2023-06-06,Completed,CONTRACTOR-DEMO-0192,Navnirman Buildcon Pvt Ltd,Rural Engineering Service (RES)
MPLADS-DEMO-000341,DEMO-SYNTHETIC-v1,SYNTHETIC_DEMONSTRATION,MPLADS_STYLE_STRUCTURE,Telangana,Nizamabad,Nizamabad,Representative Nizamabad (Simulated),Renewable Energy,Supply and Erection of 30 Standalone Solar Street Lights in Village-106,Supply and Erection of 30 Standalone Solar Street Lights in Village-106. Execution by authorized implementing agency following standard technical specifications.,Block-7,Village-106,18.613414,78.074555,True,900000.0,879288.33,807607.99,92392.01,2024-01-03,2024-02-04,2024-03-06,2024-08-06,Completed,CONTRACTOR-DEMO-0080,Krishna Urban Works Pvt Ltd,Municipal Corporation Public Works
MPLADS-DEMO-000342,DEMO-SYNTHETIC-v1,SYNTHETIC_DEMONSTRATION,MPLADS_STYLE_STRUCTURE,Karnataka,Dharwad,Dharwad,Representative Dharwad (Simulated),Rural Connectivity & Roads,Construction of Cement Concrete (CC) Road and Drain Channel at Village-30,Construction of Cement Concrete (CC) Road and Drain Channel at Village-30. Execution by authorized implementing agency following standard technical specifications.,Block-1,Village-30,15.483059,74.987177,True,3450000.0,3469022.35,3349349.53,100650.47,2024-03-16,2024-04-10,2024-05-07,2024-10-15,Completed,CONTRACTOR-DEMO-0176,Surya Shakti Infrastructure Ltd,Panchayati Raj Engineering Division
MPLADS-DEMO-000343,DEMO-SYNTHETIC-v1,SYNTHETIC_DEMONSTRATION,MPLADS_STYLE_STRUCTURE,Odisha,Ganjam,Aska,Representative Ganjam (Simulated),Education & Schools,Construction of Additional Classrooms at Govt Senior Secondary School Village-166,Construction of Additional Classrooms at Govt Senior Secondary School Village-166. Execution by authorized implementing agency following standard technical specifications.,Block-7,Village-166,19.332648,84.9452,True,2570000.0,2650607.19,2244901.52,325098.48,2023-07-05,2023-08-17,2023-09-27,2023-12-25,Completed,CONTRACTOR-DEMO-0137,Om Contractors,District Rural Development Agency (DRDA)
MPLADS-DEMO-000344,DEMO-SYNTHETIC-v1,SYNTHETIC_DEMONSTRATION,MPLADS_STYLE_STRUCTURE,Tamil Nadu,Coimbatore,Coimbatore,Representative Coimbatore (Simulated),Healthcare Infrastructure,Development of Emergency Cold Storage and Pharmacy Room at Hospital Village-81,Development of Emergency Cold Storage and Pharmacy Room at Hospital Village-81. Execution by authorized implementing agency following standard technical specifications.,Block-2,Village-81,11.023973,76.893233,True,1930000.0,1958640.17,1802413.73,127586.27,2024-04-13,2024-05-19,2024-06-07,2024-10-31,Completed,CONTRACTOR-DEMO-0011,Mahalaxmi Infrastructure Ltd,District Rural Development Agency (DRDA)
MPLADS-DEMO-000345,DEMO-SYNTHETIC-v1,SYNTHETIC_DEMONSTRATION,MPLADS_STYLE_STRUCTURE,Madhya Pradesh,Indore,Indore,Representative Indore (Simulated),Healthcare Infrastructure,Development of Emergency Cold Storage and Pharmacy Room at Hospital Village-43,Development of Emergency Cold Storage and Pharmacy Room at Hospital Village-43. Execution by authorized implementing agency following standard technical specifications.,Block-4,Village-43,22.728828,75.843344,True,1960000.0,1899921.24,1822680.65,137319.35,2023-06-21,2023-07-25,2023-08-11,,In Progress,CONTRACTOR-DEMO-0026,Gitanjali Buildcon Pvt Ltd,Panchayati Raj Engineering Division
MPLADS-DEMO-000346,DEMO-SYNTHETIC-v1,SYNTHETIC_DEMONSTRATION,MPLADS_STYLE_STRUCTURE,Odisha,Cuttack,Cuttack,Representative Cuttack (Simulated),Drinking Water & Sanitation,Drilling of Deep Borewell and Solar-Powered Overhead Water Tank at Village-116,Drilling of Deep Borewell and Solar-Powered Overhead Water Tank at Village-116. Execution by authorized implementing agency following standard technical specifications.,Block-7,Village-116,20.505329,85.857342,True,830000.0,816873.94,643924.95,186075.05,2024-02-20,2024-03-07,2024-04-03,2024-10-08,Completed,CONTRACTOR-DEMO-0133,Mahalaxmi Contractors,Public Works Department (PWD)
MPLADS-DEMO-000347,DEMO-SYNTHETIC-v1,SYNTHETIC_DEMONSTRATION,MPLADS_STYLE_STRUCTURE,Telangana,Nizamabad,Nizamabad,Representative Nizamabad (Simulated),Education & Schools,Installation of Digital Smart Classroom and Computer Lab Infrastructure at Village-49,Installation of Digital Smart Classroom and Computer Lab Infrastructure at Village-49. Execution by authorized implementing agency following standard technical specifications.,Block-10,Village-49,18.651715,78.091951,True,1370000.0,1349215.31,1130644.19,239355.81,2024-02-12,2024-03-03,2024-04-20,2024-08-06,Completed,CONTRACTOR-DEMO-0056,Om Construction Co,Minor Irrigation Division
MPLADS-DEMO-000348,DEMO-SYNTHETIC-v1,SYNTHETIC_DEMONSTRATION,MPLADS_STYLE_STRUCTURE,Gujarat,Ahmedabad,Ahmedabad West,Representative Ahmedabad (Simulated),Education & Schools,Setup of Science Laboratory and Learning Resource Center in Village-183,Setup of Science Laboratory and Learning Resource Center in Village-183. Execution by authorized implementing agency following standard technical specifications.,Block-4,Village-183,23.069925,72.521459,True,1290000.0,1334617.21,1171348.43,118651.57,2023-11-15,2023-12-04,2024-01-09,2024-04-04,Completed,CONTRACTOR-DEMO-0030,Hindustan Civil Projects,Municipal Corporation Public Works
MPLADS-DEMO-000349,DEMO-SYNTHETIC-v1,SYNTHETIC_DEMONSTRATION,MPLADS_STYLE_STRUCTURE,Telangana,Warangal,Warangal,Representative Warangal (Simulated),Healthcare Infrastructure,Development of Emergency Cold Storage and Pharmacy Room at Hospital Village-80,Development of Emergency Cold Storage and Pharmacy Room at Hospital Village-80. Execution by authorized implementing agency following standard technical specifications.,Block-1,Village-80,17.906822,79.627704,True,2010000.0,2073055.4,1655842.99,354157.01,2023-04-23,2023-05-25,2023-06-26,2023-12-30,Completed,CONTRACTOR-DEMO-0175,Premier Projects Ltd,Public Works Department (PWD)
MPLADS-DEMO-000350,DEMO-SYNTHETIC-v1,SYNTHETIC_DEMONSTRATION,MPLADS_STYLE_STRUCTURE,Uttar Pradesh,Gorakhpur,Gorakhpur,Representative Gorakhpur (Simulated),Drinking Water & Sanitation,Construction of Public Sanitation Facility and Bathing Block in Village-71,Construction of Public Sanitation Facility and Bathing Block in Village-71. Execution by authorized implementing agency following standard technical specifications.,Block-2,Village-71,26.71048,83.432779,True,1050000.0,1051181.1,837388.44,212611.56,2023-07-13,2023-08-16,2023-09-17,,In Progress,CONTRACTOR-DEMO-0184,Shanti Projects Ltd,District Rural Development Agency (DRDA)
MPLADS-DEMO-000351,DEMO-SYNTHETIC-v1,SYNTHETIC_DEMONSTRATION,MPLADS_STYLE_STRUCTURE,Tamil Nadu,Coimbatore,Coimbatore,Representative Coimbatore (Simulated),Drinking Water & Sanitation,Construction of Public Sanitation Facility and Bathing Block in Village-19,Construction of Public Sanitation Facility and Bathing Block in Village-19. Execution by authorized implementing agency following standard technical specifications.,Block-10,Village-19,10.992279,77.006792,True,1040000.0,1035311.48,811113.7,228886.3,2023-09-13,2023-09-30,2023-10-21,2024-01-26,Completed,CONTRACTOR-DEMO-0113,Modern Buildcon Pvt Ltd,Panchayati Raj Engineering Division
MPLADS-DEMO-000352,DEMO-SYNTHETIC-v1,SYNTHETIC_DEMONSTRATION,MPLADS_STYLE_STRUCTURE,Maharashtra,Nashik,Nashik,Representative Nashik (Simulated),Healthcare Infrastructure,Development of Emergency Cold Storage and Pharmacy Room at Hospital Village-152,Development of Emergency Cold Storage and Pharmacy Room at Hospital Village-152. Execution by authorized implementing agency following standard technical specifications.,Block-3,Village-152,20.014331,73.814516,True,1770000.0,1786470.25,1454694.59,315305.41,2024-03-08,2024-04-03,2024-05-22,,In Progress,CONTRACTOR-DEMO-0197,Universal Infrastructure Ltd,Panchayati Raj Engineering Division
MPLADS-DEMO-000353,DEMO-SYNTHETIC-v1,SYNTHETIC_DEMONSTRATION,MPLADS_STYLE_STRUCTURE,Tamil Nadu,Coimbatore,Coimbatore,Representative Coimbatore (Simulated),Drinking Water & Sanitation,Installation of Community RO Water Purification Plant at Village-179,Installation of Community RO Water Purification Plant at Village-179. Execution by authorized implementing agency following standard technical specifications.,Block-10,Village-179,11.012676,76.950026,True,1030000.0,1041900.09,954082.31,75917.69,2023-09-12,2023-10-10,2023-11-08,,In Progress,CONTRACTOR-DEMO-0161,Sai Infrastructure Ltd,District Rural Development Agency (DRDA)
MPLADS-DEMO-000354,DEMO-SYNTHETIC-v1,SYNTHETIC_DEMONSTRATION,MPLADS_STYLE_STRUCTURE,Odisha,Ganjam,Aska,Representative Ganjam (Simulated),Rural Connectivity & Roads,Construction of Culvert and Cross-Drainage Structure on Link Road Village-47,Construction of Culvert and Cross-Drainage Structure on Link Road Village-47. Execution by authorized implementing agency following standard technical specifications.,Block-8,Village-47,19.40595,85.011473,True,2030000.0,2022413.17,1536630.32,493369.68,2023-09-15,2023-10-06,2023-11-12,2024-03-09,Completed,CONTRACTOR-DEMO-0076,Vanguard Infrastructure Ltd,District Rural Development Agency (DRDA)
MPLADS-DEMO-000355,DEMO-SYNTHETIC-v1,SYNTHETIC_DEMONSTRATION,MPLADS_STYLE_STRUCTURE,Tamil Nadu,Madurai,Madurai,Representative Madurai (Simulated),Renewable Energy,Installation of Solar LED High-Mast Lighting System at Market Yard Village-131,Installation of Solar LED High-Mast Lighting System at Market Yard Village-131. Execution by authorized implementing agency following standard technical specifications.,Block-2,Village-131,9.873581,78.161082,True,510000.0,502895.48,458680.65,51319.35,2024-02-24,2024-03-28,2024-05-16,2024-11-12,Completed,CONTRACTOR-DEMO-0065,Kisan Enterprises,Municipal Corporation Public Works
MPLADS-DEMO-000356,DEMO-SYNTHETIC-v1,SYNTHETIC_DEMONSTRATION,MPLADS_STYLE_STRUCTURE,Uttar Pradesh,Lucknow,Lucknow,Representative Lucknow (Simulated),Renewable Energy,Installation of Solar LED High-Mast Lighting System at Market Yard Village-124,Installation of Solar LED High-Mast Lighting System at Market Yard Village-124. Execution by authorized implementing agency following standard technical specifications.,Block-5,Village-124,26.831596,80.925493,True,820000.0,815483.34,799866.71,20133.29,2023-11-01,2023-12-06,2024-01-24,2024-05-22,Completed,CONTRACTOR-DEMO-0173,Kisan Infrastructure Ltd,Minor Irrigation Division
MPLADS-DEMO-000357,DEMO-SYNTHETIC-v1,SYNTHETIC_DEMONSTRATION,MPLADS_STYLE_STRUCTURE,Gujarat,Surat,Surat,Representative Surat (Simulated),Healthcare Infrastructure,Development of Emergency Cold Storage and Pharmacy Room at Hospital Village-147,Development of Emergency Cold Storage and Pharmacy Room at Hospital Village-147. Execution by authorized implementing agency following standard technical specifications.,Block-8,Village-147,21.213977,72.780962,True,1960000.0,1954184.04,1720233.54,239766.46,2024-03-10,2024-04-21,2024-05-17,2024-11-11,Completed,CONTRACTOR-DEMO-0021,Apex Contractors,Municipal Corporation Public Works
MPLADS-DEMO-000358,DEMO-SYNTHETIC-v1,SYNTHETIC_DEMONSTRATION,MPLADS_STYLE_STRUCTURE,Maharashtra,Nagpur,Nagpur,Representative Nagpur (Simulated),Healthcare Infrastructure,Development of Emergency Cold Storage and Pharmacy Room at Hospital Village-198,Development of Emergency Cold Storage and Pharmacy Room at Hospital Village-198. Execution by authorized implementing agency following standard technical specifications.,Block-9,Village-198,21.187383,79.065763,True,2020000.0,2045882.63,1557061.63,462938.37,2024-03-08,2024-03-30,2024-04-14,2024-08-05,Completed,CONTRACTOR-DEMO-0119,Shiv Shakti Infrastructure Ltd,Municipal Corporation Public Works
MPLADS-DEMO-000359,DEMO-SYNTHETIC-v1,SYNTHETIC_DEMONSTRATION,MPLADS_STYLE_STRUCTURE,Rajasthan,Jaipur,Jaipur,Representative Jaipur (Simulated),Education & Schools,Setup of Science Laboratory and Learning Resource Center in Village-51,Setup of Science Laboratory and Learning Resource Center in Village-51. Execution by authorized implementing agency following standard technical specifications.,Block-2,Village-51,26.874136,75.836365,True,1280000.0,1287196.3,1228847.34,51152.66,2023-06-19,2023-07-30,2023-09-05,2023-11-21,Completed,CONTRACTOR-DEMO-0160,Krishna Engineering Works,Municipal Corporation Public Works
MPLADS-DEMO-000360,DEMO-SYNTHETIC-v1,SYNTHETIC_DEMONSTRATION,MPLADS_STYLE_STRUCTURE,Madhya Pradesh,Indore,Indore,Representative Indore (Simulated),Irrigation & Water Conservation,Construction of Check Dam and Water Harvesting Percolation Tank at Village-76,Construction of Check Dam and Water Harvesting Percolation Tank at Village-76. Execution by authorized implementing agency following standard technical specifications.,Block-7,Village-76,22.662713,75.90984,True,1160000.0,1113678.26,1019416.07,140583.93,2023-07-17,2023-08-07,2023-09-09,2024-01-22,Completed,CONTRACTOR-DEMO-0114,Hindustan Contractors,Minor Irrigation Division
MPLADS-DEMO-000361,DEMO-SYNTHETIC-v1,SYNTHETIC_DEMONSTRATION,MPLADS_STYLE_STRUCTURE,Tamil Nadu,Coimbatore,Coimbatore,Representative Coimbatore (Simulated),Education & Schools,Construction of Separate Girls Toilet and Wash Area in Govt High School Village-183,Construction of Separate Girls Toilet and Wash Area in Govt High School Village-183. Execution by authorized implementing agency following standard technical specifications.,Block-4,Village-183,11.001563,76.940403,True,840000.0,820593.72,663502.83,176497.17,2023-03-27,2023-04-22,2023-06-11,2023-11-25,Completed,CONTRACTOR-DEMO-0110,Surya Shakti Rural Developers,Rural Engineering Service (RES)
MPLADS-DEMO-000362,DEMO-SYNTHETIC-v1,SYNTHETIC_DEMONSTRATION,MPLADS_STYLE_STRUCTURE,Rajasthan,Jaipur,Jaipur,Representative Jaipur (Simulated),Irrigation & Water Conservation,Construction of Reinforced Concrete Irrigation Sluice Gate and Channel in Village-33,Construction of Reinforced Concrete Irrigation Sluice Gate and Channel in Village-33. Execution by authorized implementing agency following standard technical specifications.,Block-4,Village-33,26.864856,75.731627,True,920000.0,893798.1,877242.45,42757.55,2023-12-17,2024-01-27,2024-02-19,,In Progress,CONTRACTOR-DEMO-0168,Navnirman Infra Solutions,Panchayati Raj Engineering Division
MPLADS-DEMO-000363,DEMO-SYNTHETIC-v1,SYNTHETIC_DEMONSTRATION,MPLADS_STYLE_STRUCTURE,Odisha,Khordha,Bhubaneswar,Representative Khordha (Simulated),Education & Schools,Setup of Science Laboratory and Learning Resource Center in Village-160,Setup of Science Laboratory and Learning Resource Center in Village-160. Execution by authorized implementing agency following standard technical specifications.,Block-1,Village-160,20.139274,85.622424,True,1600000.0,1640969.14,1341575.02,258424.98,2023-05-10,2023-06-04,2023-07-16,2024-02-03,Completed,CONTRACTOR-DEMO-0191,Surya Shakti Civil Projects,Rural Engineering Service (RES)
MPLADS-DEMO-000364,DEMO-SYNTHETIC-v1,SYNTHETIC_DEMONSTRATION,MPLADS_STYLE_STRUCTURE,Kerala,Ernakulam,Ernakulam,Representative Ernakulam (Simulated),Renewable Energy,Supply and Erection of 30 Standalone Solar Street Lights in Village-106,Supply and Erection of 30 Standalone Solar Street Lights in Village-106. Execution by authorized implementing agency following standard technical specifications.,Block-7,Village-106,10.037053,76.309826,True,520000.0,539894.51,457950.69,62049.31,2024-01-10,2024-02-16,2024-03-09,2024-06-12,Completed,CONTRACTOR-DEMO-0040,Balaji Rural Developers,Minor Irrigation Division
MPLADS-DEMO-000365,DEMO-SYNTHETIC-v1,SYNTHETIC_DEMONSTRATION,MPLADS_STYLE_STRUCTURE,Kerala,Kozhikode,Kozhikode,Representative Kozhikode (Simulated),Renewable Energy,Supply and Erection of 30 Standalone Solar Street Lights in Village-120,Supply and Erection of 30 Standalone Solar Street Lights in Village-120. Execution by authorized implementing agency following standard technical specifications.,Block-1,Village-120,11.261003,75.783436,True,890000.0,860697.38,764210.84,125789.16,2024-01-29,2024-02-16,2024-04-05,2024-09-06,Completed,CONTRACTOR-DEMO-0160,Krishna Engineering Works,Public Works Department (PWD)
MPLADS-DEMO-000366,DEMO-SYNTHETIC-v1,SYNTHETIC_DEMONSTRATION,MPLADS_STYLE_STRUCTURE,Odisha,Cuttack,Cuttack,Representative Cuttack (Simulated),Rural Connectivity & Roads,Construction of Cement Concrete (CC) Road and Drain Channel at Village-121,Construction of Cement Concrete (CC) Road and Drain Channel at Village-121. Execution by authorized implementing agency following standard technical specifications.,Block-2,Village-121,20.456525,85.935787,True,3060000.0,3117237.8,2591311.14,468688.86,2024-05-20,2024-06-21,2024-07-24,,In Progress,CONTRACTOR-DEMO-0181,Navnirman Engineers & Builders,Municipal Corporation Public Works
MPLADS-DEMO-000367,DEMO-SYNTHETIC-v1,SYNTHETIC_DEMONSTRATION,MPLADS_STYLE_STRUCTURE,Kerala,Kozhikode,Kozhikode,Representative Kozhikode (Simulated),Rural Connectivity & Roads,Upgradation of Rural Link Road connecting Hamlet to Main Highway at Village-16,Upgradation of Rural Link Road connecting Hamlet to Main Highway at Village-16. Execution by authorized implementing agency following standard technical specifications.,Block-7,Village-16,11.275609,75.790558,True,2460000.0,2490763.75,2010073.97,449926.03,2024-01-27,2024-02-11,2024-03-15,2024-06-30,Completed,CONTRACTOR-DEMO-0133,Mahalaxmi Contractors,Public Works Department (PWD)
MPLADS-DEMO-000368,DEMO-SYNTHETIC-v1,SYNTHETIC_DEMONSTRATION,MPLADS_STYLE_STRUCTURE,Odisha,Khordha,Bhubaneswar,Representative Khordha (Simulated),Irrigation & Water Conservation,Desilting and Deepening of Traditional Village Water Reservoir in Village-65,Desilting and Deepening of Traditional Village Water Reservoir in Village-65. Execution by authorized implementing agency following standard technical specifications.,Block-6,Village-65,20.13313,85.592726,True,1120000.0,1076472.59,868735.13,251264.87,2023-04-14,2023-05-07,2023-06-19,2023-10-16,Completed,CONTRACTOR-DEMO-0070,Alliance Projects Ltd,Minor Irrigation Division
MPLADS-DEMO-000369,DEMO-SYNTHETIC-v1,SYNTHETIC_DEMONSTRATION,MPLADS_STYLE_STRUCTURE,Uttar Pradesh,Lucknow,Lucknow,Representative Lucknow (Simulated),Education & Schools,Installation of Digital Smart Classroom and Computer Lab Infrastructure at Village-136,Installation of Digital Smart Classroom and Computer Lab Infrastructure at Village-136. Execution by authorized implementing agency following standard technical specifications.,Block-7,Village-136,26.893762,80.92577,True,800000.0,829910.12,709580.11,90419.89,2024-03-10,2024-04-02,2024-05-18,2024-11-14,Completed,CONTRACTOR-DEMO-0102,Samriddhi Civil Projects,Rural Engineering Service (RES)
MPLADS-DEMO-000370,DEMO-SYNTHETIC-v1,SYNTHETIC_DEMONSTRATION,MPLADS_STYLE_STRUCTURE,Kerala,Wayanad,Wayanad,Representative Wayanad (Simulated),Education & Schools,Installation of Digital Smart Classroom and Computer Lab Infrastructure at Village-54,Installation of Digital Smart Classroom and Computer Lab Infrastructure at Village-54. Execution by authorized implementing agency following standard technical specifications.,Block-5,Village-54,11.695508,76.176438,True,760000.0,768649.47,702058.59,57941.41,2023-03-15,2023-04-01,2023-04-26,2023-11-08,Completed,CONTRACTOR-DEMO-0081,Vanguard Urban Works Pvt Ltd,Panchayati Raj Engineering Division
MPLADS-DEMO-000371,DEMO-SYNTHETIC-v1,SYNTHETIC_DEMONSTRATION,MPLADS_STYLE_STRUCTURE,Kerala,Kozhikode,Kozhikode,Representative Kozhikode (Simulated),Irrigation & Water Conservation,Construction of Reinforced Concrete Irrigation Sluice Gate and Channel in Village-60,Construction of Reinforced Concrete Irrigation Sluice Gate and Channel in Village-60. Execution by authorized implementing agency following standard technical specifications.,Block-1,Village-60,11.243174,75.807129,True,1500000.0,1471515.02,1308002.54,191997.46,2023-08-25,2023-09-08,2023-10-11,2024-04-17,Completed,CONTRACTOR-DEMO-0101,Bharat Construction Co,Minor Irrigation Division
MPLADS-DEMO-000372,DEMO-SYNTHETIC-v1,SYNTHETIC_DEMONSTRATION,MPLADS_STYLE_STRUCTURE,Rajasthan,Jodhpur,Jodhpur,Representative Jodhpur (Simulated),Renewable Energy,Installation of 10kW Rooftop Solar Power System at Primary Health Center Village-11,Installation of 10kW Rooftop Solar Power System at Primary Health Center Village-11. Execution by authorized implementing agency following standard technical specifications.,Block-2,Village-11,26.186557,73.028368,True,820000.0,849925.65,696434.82,123565.18,2024-04-29,2024-05-30,2024-07-05,,In Progress,CONTRACTOR-DEMO-0029,Pragati Construction Co,District Rural Development Agency (DRDA)
MPLADS-DEMO-000373,DEMO-SYNTHETIC-v1,SYNTHETIC_DEMONSTRATION,MPLADS_STYLE_STRUCTURE,Tamil Nadu,Salem,Salem,Representative Salem (Simulated),Renewable Energy,Supply and Erection of 30 Standalone Solar Street Lights in Village-119,Supply and Erection of 30 Standalone Solar Street Lights in Village-119. Execution by authorized implementing agency following standard technical specifications.,Block-10,Village-119,11.69981,78.178382,True,930000.0,936601.09,739194.6,190805.4,2023-07-06,2023-07-31,2023-09-04,2023-11-20,Completed,CONTRACTOR-DEMO-0021,Apex Contractors,Public Works Department (PWD)
MPLADS-DEMO-000374,DEMO-SYNTHETIC-v1,SYNTHETIC_DEMONSTRATION,MPLADS_STYLE_STRUCTURE,Madhya Pradesh,Bhopal,Bhopal,Representative Bhopal (Simulated),Community Infrastructure,Construction of Multipurpose Community Hall at Village Village-176,Construction of Multipurpose Community Hall at Village Village-176. Execution by authorized implementing agency following standard technical specifications.,Block-7,Village-176,23.252872,77.376124,True,1560000.0,1529036.63,1182214.18,377785.82,2023-11-28,2023-12-17,2024-01-04,2024-05-13,Completed,CONTRACTOR-DEMO-0157,Surya Shakti Infra Solutions,Minor Irrigation Division
MPLADS-DEMO-000375,DEMO-SYNTHETIC-v1,SYNTHETIC_DEMONSTRATION,MPLADS_STYLE_STRUCTURE,Maharashtra,Nagpur,Nagpur,Representative Nagpur (Simulated),Healthcare Infrastructure,Construction of Maternity & Child Healthcare Ward at Primary Health Sub-Center Village-23,Construction of Maternity & Child Healthcare Ward at Primary Health Sub-Center Village-23. Execution by authorized implementing agency following standard technical specifications.,Block-4,Village-23,21.192137,79.040088,True,2270000.0,2341913.9,2065700.76,204299.24,2023-05-24,2023-06-25,2023-08-08,2023-11-10,Completed,CONTRACTOR-DEMO-0167,Shiv Shakti Civil Projects,Panchayati Raj Engineering Division
MPLADS-DEMO-000376,DEMO-SYNTHETIC-v1,SYNTHETIC_DEMONSTRATION,MPLADS_STYLE_STRUCTURE,Odisha,Ganjam,Aska,Representative Ganjam (Simulated),Rural Connectivity & Roads,Construction of Culvert and Cross-Drainage Structure on Link Road Village-178,Construction of Culvert and Cross-Drainage Structure on Link Road Village-178. Execution by authorized implementing agency following standard technical specifications.,Block-9,Village-178,19.432441,85.025084,True,2020000.0,1980785.59,1877727.76,142272.24,2023-06-05,2023-06-22,2023-07-31,2023-10-29,Completed,CONTRACTOR-DEMO-0070,Alliance Projects Ltd,District Rural Development Agency (DRDA)
MPLADS-DEMO-000377,DEMO-SYNTHETIC-v1,SYNTHETIC_DEMONSTRATION,MPLADS_STYLE_STRUCTURE,Maharashtra,Nashik,Nashik,Representative Nashik (Simulated),Education & Schools,Construction of Additional Classrooms at Govt Senior Secondary School Village-126,Construction of Additional Classrooms at Govt Senior Secondary School Village-126. Execution by authorized implementing agency following standard technical specifications.,Block-7,Village-126,20.059825,73.750887,True,2400000.0,2338260.9,2071615.63,328384.37,2023-03-29,2023-05-09,2023-06-06,2023-09-16,Completed,CONTRACTOR-DEMO-0117,Riddhi Engineers & Builders,Minor Irrigation Division
MPLADS-DEMO-000378,DEMO-SYNTHETIC-v1,SYNTHETIC_DEMONSTRATION,MPLADS_STYLE_STRUCTURE,Uttar Pradesh,Gorakhpur,Gorakhpur,Representative Gorakhpur (Simulated),Community Infrastructure,Construction of Multipurpose Community Hall at Village Village-19,Construction of Multipurpose Community Hall at Village Village-19. Execution by authorized implementing agency following standard technical specifications.,Block-10,Village-19,26.704754,83.402781,True,2190000.0,2180518.54,2094073.29,95926.71,2023-04-01,2023-04-15,2023-05-02,2023-09-22,Completed,CONTRACTOR-DEMO-0042,Balaji Construction Co,Minor Irrigation Division
MPLADS-DEMO-000379,DEMO-SYNTHETIC-v1,SYNTHETIC_DEMONSTRATION,MPLADS_STYLE_STRUCTURE,Rajasthan,Jodhpur,Jodhpur,Representative Jodhpur (Simulated),Education & Schools,Construction of Additional Classrooms at Govt Senior Secondary School Village-132,Construction of Additional Classrooms at Govt Senior Secondary School Village-132. Execution by authorized implementing agency following standard technical specifications.,Block-3,Village-132,26.265889,73.059529,True,2620000.0,2606597.69,2473624.02,146375.98,2024-02-18,2024-03-07,2024-04-25,,In Progress,CONTRACTOR-DEMO-0102,Samriddhi Civil Projects,Minor Irrigation Division
MPLADS-DEMO-000380,DEMO-SYNTHETIC-v1,SYNTHETIC_DEMONSTRATION,MPLADS_STYLE_STRUCTURE,Telangana,Karimnagar,Karimnagar,Representative Karimnagar (Simulated),Irrigation & Water Conservation,Desilting and Deepening of Traditional Village Water Reservoir in Village-32,Desilting and Deepening of Traditional Village Water Reservoir in Village-32. Execution by authorized implementing agency following standard technical specifications.,Block-3,Village-32,18.447342,79.185355,True,1250000.0,1233343.97,1024563.07,225436.93,2023-02-12,2023-03-03,2023-04-10,2023-09-19,Completed,CONTRACTOR-DEMO-0024,Modern Contractors,Panchayati Raj Engineering Division
MPLADS-DEMO-000381,DEMO-SYNTHETIC-v1,SYNTHETIC_DEMONSTRATION,MPLADS_STYLE_STRUCTURE,Telangana,Warangal,Warangal,Representative Warangal (Simulated),Irrigation & Water Conservation,Desilting and Deepening of Traditional Village Water Reservoir in Village-166,Desilting and Deepening of Traditional Village Water Reservoir in Village-166. Execution by authorized implementing agency following standard technical specifications.,Block-7,Village-166,17.930306,79.601182,True,1290000.0,1306587.76,1056174.83,233825.17,2023-08-02,2023-08-22,2023-09-28,2024-04-02,Completed,CONTRACTOR-DEMO-0192,Navnirman Buildcon Pvt Ltd,Rural Engineering Service (RES)
MPLADS-DEMO-000382,DEMO-SYNTHETIC-v1,SYNTHETIC_DEMONSTRATION,MPLADS_STYLE_STRUCTURE,Maharashtra,Pune,Pune,Representative Pune (Simulated),Community Infrastructure,Development of Public Recreation Shed and Boundary Wall in Village-7,Development of Public Recreation Shed and Boundary Wall in Village-7. Execution by authorized implementing agency following standard technical specifications.,Block-8,Village-7,18.548966,73.868783,True,1520000.0,1506474.13,1417141.61,102858.39,2023-12-10,2024-01-12,2024-02-27,2024-09-04,Completed,CONTRACTOR-DEMO-0008,Apex Projects Ltd,Public Works Department (PWD)
MPLADS-DEMO-000383,DEMO-SYNTHETIC-v1,SYNTHETIC_DEMONSTRATION,MPLADS_STYLE_STRUCTURE,Rajasthan,Jodhpur,Jodhpur,Representative Jodhpur (Simulated),Community Infrastructure,Construction of Open Air Gymnasium and Seating Area at Village-185,Construction of Open Air Gymnasium and Seating Area at Village-185. Execution by authorized implementing agency following standard technical specifications.,Block-6,Village-185,26.179466,72.974664,True,1260000.0,1255803.73,1141506.95,118493.05,2024-04-06,2024-04-29,2024-05-28,2024-08-20,Completed,CONTRACTOR-DEMO-0192,Navnirman Buildcon Pvt Ltd,Rural Engineering Service (RES)
MPLADS-DEMO-000384,DEMO-SYNTHETIC-v1,SYNTHETIC_DEMONSTRATION,MPLADS_STYLE_STRUCTURE,Karnataka,Bengaluru Rural,Bengaluru Rural,Representative Bengaluru Rural (Simulated),Healthcare Infrastructure,Construction of Maternity & Child Healthcare Ward at Primary Health Sub-Center Village-121,Construction of Maternity & Child Healthcare Ward at Primary Health Sub-Center Village-121. Execution by authorized implementing agency following standard technical specifications.,Block-2,Village-121,13.117433,77.583188,True,2420000.0,2458971.06,1887657.3,532342.7,2023-04-13,2023-04-30,2023-06-03,2023-09-10,Completed,CONTRACTOR-DEMO-0120,Golden Projects Ltd,Municipal Corporation Public Works
MPLADS-DEMO-000385,DEMO-SYNTHETIC-v1,SYNTHETIC_DEMONSTRATION,MPLADS_STYLE_STRUCTURE,Maharashtra,Nashik,Nashik,Representative Nashik (Simulated),Irrigation & Water Conservation,Construction of Reinforced Concrete Irrigation Sluice Gate and Channel in Village-17,Construction of Reinforced Concrete Irrigation Sluice Gate and Channel in Village-17. Execution by authorized implementing agency following standard technical specifications.,Block-8,Village-17,20.038814,73.738623,True,1530000.0,1541625.23,1364139.68,165860.32,2023-02-16,2023-03-14,2023-04-25,2023-10-19,Completed,CONTRACTOR-DEMO-0087,Swastik Infrastructure Ltd,Public Works Department (PWD)
MPLADS-DEMO-000386,DEMO-SYNTHETIC-v1,SYNTHETIC_DEMONSTRATION,MPLADS_STYLE_STRUCTURE,Kerala,Wayanad,Wayanad,Representative Wayanad (Simulated),Renewable Energy,Installation of 10kW Rooftop Solar Power System at Primary Health Center Village-36,Installation of 10kW Rooftop Solar Power System at Primary Health Center Village-36. Execution by authorized implementing agency following standard technical specifications.,Block-7,Village-36,11.662207,76.19241,True,730000.0,745430.91,647079.01,82920.99,2023-07-05,2023-07-23,2023-08-14,,In Progress,CONTRACTOR-DEMO-0197,Universal Infrastructure Ltd,Panchayati Raj Engineering Division
MPLADS-DEMO-000387,DEMO-SYNTHETIC-v1,SYNTHETIC_DEMONSTRATION,MPLADS_STYLE_STRUCTURE,Maharashtra,Nashik,Nashik,Representative Nashik (Simulated),Healthcare Infrastructure,Supply of Diagnostic Medical Equipment and Patient Beds to Rural Clinic in Village-142,Supply of Diagnostic Medical Equipment and Patient Beds to Rural Clinic in Village-142. Execution by authorized implementing agency following standard technical specifications.,Block-3,Village-142,19.953951,73.756474,True,1740000.0,1676065.29,1345007.13,394992.87,2024-03-23,2024-04-30,2024-05-25,,In Progress,CONTRACTOR-DEMO-0128,Classic Infrastructure Ltd,Public Works Department (PWD)
MPLADS-DEMO-000388,DEMO-SYNTHETIC-v1,SYNTHETIC_DEMONSTRATION,MPLADS_STYLE_STRUCTURE,Gujarat,Rajkot,Rajkot,Representative Rajkot (Simulated),Community Infrastructure,Development of Public Recreation Shed and Boundary Wall in Village-23,Development of Public Recreation Shed and Boundary Wall in Village-23. Execution by authorized implementing agency following standard technical specifications.,Block-4,Village-23,22.330776,70.814385,True,1260000.0,1251555.2,1178987.94,81012.06,2024-02-14,2024-03-29,2024-04-21,,In Progress,CONTRACTOR-DEMO-0167,Shiv Shakti Civil Projects,District Rural Development Agency (DRDA)
MPLADS-DEMO-000389,DEMO-SYNTHETIC-v1,SYNTHETIC_DEMONSTRATION,MPLADS_STYLE_STRUCTURE,Karnataka,Mysuru,Mysuru,Representative Mysuru (Simulated),Education & Schools,Setup of Science Laboratory and Learning Resource Center in Village-62,Setup of Science Laboratory and Learning Resource Center in Village-62. Execution by authorized implementing agency following standard technical specifications.,Block-3,Village-62,12.352752,76.65377,True,940000.0,947239.65,860058.37,79941.63,2023-11-24,2023-12-13,2024-01-16,2024-04-01,Completed,CONTRACTOR-DEMO-0146,Vikas Infrastructure Ltd,Rural Engineering Service (RES)
MPLADS-DEMO-000390,DEMO-SYNTHETIC-v1,SYNTHETIC_DEMONSTRATION,MPLADS_STYLE_STRUCTURE,Uttar Pradesh,Varanasi,Varanasi,Representative Varanasi (Simulated),Community Infrastructure,Construction of Multipurpose Community Hall at Village Village-159,Construction of Multipurpose Community Hall at Village Village-159. Execution by authorized implementing agency following standard technical specifications.,Block-10,Village-159,25.299647,83.007847,True,1890000.0,1891140.16,1619294.7,270705.3,2023-12-01,2023-12-28,2024-01-29,,In Progress,CONTRACTOR-DEMO-0032,Golden Rural Developers,Rural Engineering Service (RES)
MPLADS-DEMO-000391,DEMO-SYNTHETIC-v1,SYNTHETIC_DEMONSTRATION,MPLADS_STYLE_STRUCTURE,Kerala,Wayanad,Wayanad,Representative Wayanad (Simulated),Irrigation & Water Conservation,Desilting and Deepening of Traditional Village Water Reservoir in Village-128,Desilting and Deepening of Traditional Village Water Reservoir in Village-128. Execution by authorized implementing agency following standard technical specifications.,Block-9,Village-128,11.643322,76.154119,True,850000.0,819673.88,708699.75,141300.25,2023-05-02,2023-06-12,2023-07-13,2024-01-20,Completed,CONTRACTOR-DEMO-0015,Maruti Contractors,Public Works Department (PWD)
MPLADS-DEMO-000392,DEMO-SYNTHETIC-v1,SYNTHETIC_DEMONSTRATION,MPLADS_STYLE_STRUCTURE,Kerala,Kozhikode,Kozhikode,Representative Kozhikode (Simulated),Community Infrastructure,Development of Public Recreation Shed and Boundary Wall in Village-41,Development of Public Recreation Shed and Boundary Wall in Village-41. Execution by authorized implementing agency following standard technical specifications.,Block-2,Village-41,11.295914,75.778458,True,1040000.0,1004295.51,836283.72,203716.28,2023-08-30,2023-10-03,2023-11-13,,In Progress,CONTRACTOR-DEMO-0177,Apex Enterprises,District Rural Development Agency (DRDA)
MPLADS-DEMO-000393,DEMO-SYNTHETIC-v1,SYNTHETIC_DEMONSTRATION,MPLADS_STYLE_STRUCTURE,Uttar Pradesh,Lucknow,Lucknow,Representative Lucknow (Simulated),Irrigation & Water Conservation,Construction of Check Dam and Water Harvesting Percolation Tank at Village-84,Construction of Check Dam and Water Harvesting Percolation Tank at Village-84. Execution by authorized implementing agency following standard technical specifications.,Block-5,Village-84,26.811312,80.912025,True,1620000.0,1667937.26,1354923.37,265076.63,2023-05-07,2023-05-25,2023-07-09,2023-10-05,Completed,CONTRACTOR-DEMO-0115,Reliable Urban Works Pvt Ltd,Rural Engineering Service (RES)
MPLADS-DEMO-000394,DEMO-SYNTHETIC-v1,SYNTHETIC_DEMONSTRATION,MPLADS_STYLE_STRUCTURE,Uttar Pradesh,Varanasi,Varanasi,Representative Varanasi (Simulated),Renewable Energy,Supply and Erection of 30 Standalone Solar Street Lights in Village-46,Supply and Erection of 30 Standalone Solar Street Lights in Village-46. Execution by authorized implementing agency following standard technical specifications.,Block-7,Village-46,25.302953,82.926633,True,620000.0,626548.25,604114.27,15885.73,2023-04-28,2023-06-02,2023-06-25,,In Progress,CONTRACTOR-DEMO-0149,Classic Buildcon Pvt Ltd,Public Works Department (PWD)
MPLADS-DEMO-000395,DEMO-SYNTHETIC-v1,SYNTHETIC_DEMONSTRATION,MPLADS_STYLE_STRUCTURE,Uttar Pradesh,Gorakhpur,Gorakhpur,Representative Gorakhpur (Simulated),Drinking Water & Sanitation,Installation of Community RO Water Purification Plant at Village-120,Installation of Community RO Water Purification Plant at Village-120. Execution by authorized implementing agency following standard technical specifications.,Block-1,Village-120,26.755215,83.330456,True,810000.0,791846.51,662488.59,147511.41,2023-04-05,2023-04-29,2023-06-18,2023-09-23,Completed,CONTRACTOR-DEMO-0109,Surya Shakti Contractors,Municipal Corporation Public Works
MPLADS-DEMO-000396,DEMO-SYNTHETIC-v1,SYNTHETIC_DEMONSTRATION,MPLADS_STYLE_STRUCTURE,Karnataka,Bengaluru Rural,Bengaluru Rural,Representative Bengaluru Rural (Simulated),Irrigation & Water Conservation,Construction of Check Dam and Water Harvesting Percolation Tank at Village-152,Construction of Check Dam and Water Harvesting Percolation Tank at Village-152. Execution by authorized implementing agency following standard technical specifications.,Block-3,Village-152,13.061054,77.562959,True,1110000.0,1130425.58,1020446.46,89553.54,2023-05-21,2023-06-19,2023-07-24,2023-12-02,Completed,CONTRACTOR-DEMO-0155,Reliable Contractors,Rural Engineering Service (RES)
MPLADS-DEMO-000397,DEMO-SYNTHETIC-v1,SYNTHETIC_DEMONSTRATION,MPLADS_STYLE_STRUCTURE,Odisha,Ganjam,Aska,Representative Ganjam (Simulated),Renewable Energy,Installation of Solar LED High-Mast Lighting System at Market Yard Village-107,Installation of Solar LED High-Mast Lighting System at Market Yard Village-107. Execution by authorized implementing agency following standard technical specifications.,Block-8,Village-107,19.442424,84.930208,True,750000.0,764008.58,649477.32,100522.68,2023-08-20,2023-09-28,2023-11-12,2024-02-20,Completed,CONTRACTOR-DEMO-0119,Shiv Shakti Infrastructure Ltd,Panchayati Raj Engineering Division
MPLADS-DEMO-000398,DEMO-SYNTHETIC-v1,SYNTHETIC_DEMONSTRATION,MPLADS_STYLE_STRUCTURE,Uttar Pradesh,Lucknow,Lucknow,Representative Lucknow (Simulated),Community Infrastructure,Construction of Multipurpose Community Hall at Village Village-178,Construction of Multipurpose Community Hall at Village Village-178. Execution by authorized implementing agency following standard technical specifications.,Block-9,Village-178,26.876832,81.004691,True,1360000.0,1344594.54,1094778.72,265221.28,2023-03-02,2023-03-17,2023-05-01,2023-08-25,Completed,CONTRACTOR-DEMO-0184,Shanti Projects Ltd,Panchayati Raj Engineering Division
MPLADS-DEMO-000399,DEMO-SYNTHETIC-v1,SYNTHETIC_DEMONSTRATION,MPLADS_STYLE_STRUCTURE,Odisha,Khordha,Bhubaneswar,Representative Khordha (Simulated),Renewable Energy,Installation of 10kW Rooftop Solar Power System at Primary Health Center Village-150,Installation of 10kW Rooftop Solar Power System at Primary Health Center Village-150. Execution by authorized implementing agency following standard technical specifications.,Block-1,Village-150,20.119074,85.615329,True,1090000.0,1058488.01,993775.92,96224.08,2023-04-19,2023-05-26,2023-07-09,2023-09-22,Completed,CONTRACTOR-DEMO-0164,Kisan Civil Projects,Public Works Department (PWD)
MPLADS-DEMO-000400,DEMO-SYNTHETIC-v1,SYNTHETIC_DEMONSTRATION,MPLADS_STYLE_STRUCTURE,Madhya Pradesh,Indore,Indore,Representative Indore (Simulated),Healthcare Infrastructure,Supply of Diagnostic Medical Equipment and Patient Beds to Rural Clinic in Village-136,Supply of Diagnostic Medical Equipment and Patient Beds to Rural Clinic in Village-136. Execution by authorized implementing agency following standard technical specifications.,Block-7,Village-136,22.658853,75.848067,True,1340000.0,1361231.49,1193772.88,146227.12,2023-11-05,2023-12-02,2023-12-22,2024-05-30,Completed,CONTRACTOR-DEMO-0192,Navnirman Buildcon Pvt Ltd,Public Works Department (PWD)
MPLADS-DEMO-000401,DEMO-SYNTHETIC-v1,SYNTHETIC_DEMONSTRATION,MPLADS_STYLE_STRUCTURE,Maharashtra,Nagpur,Mysuru,Representative Mysuru (Simulated),Healthcare Infrastructure,Construction of High-Mast Light and Solar Substation Phase 1 at Village-CriticalSector-1,Construction of High-Mast Light and Solar Substation Phase 1 at Village-CriticalSector-1 with peripheral fencing.,Block-5,Village-CriticalSector-1,12.245226,76.621927,True,497000.0,497000.0,497000.0,0.0,2023-09-25,2023-10-12,2023-10-16,2023-10-20,Completed,CONTRACTOR-DEMO-0001,Apex Infrastructure Ltd,District Rural Development Agency (DRDA)
MPLADS-DEMO-000402,DEMO-SYNTHETIC-v1,SYNTHETIC_DEMONSTRATION,MPLADS_STYLE_STRUCTURE,Maharashtra,Nagpur,Lucknow,Representative Lucknow (Simulated),Renewable Energy,Construction of High-Mast Light and Solar Substation Phase 2 at Village-CriticalSector-1,Construction of High-Mast Light and Solar Substation Phase 2 at Village-CriticalSector-1 with peripheral fencing.,Block-8,Village-CriticalSector-1,26.843904,81.003289,True,499000.0,499000.0,499000.0,0.0,2023-09-26,2023-10-13,2023-10-17,2023-10-21,Completed,CONTRACTOR-DEMO-0001,Apex Infrastructure Ltd,Minor Irrigation Division
MPLADS-DEMO-000403,DEMO-SYNTHETIC-v1,SYNTHETIC_DEMONSTRATION,MPLADS_STYLE_STRUCTURE,Maharashtra,Nagpur,Bhopal,Representative Bhopal (Simulated),Rural Connectivity & Roads,Construction of High-Mast Light and Solar Substation Phase 3 at Village-CriticalSector-1,Construction of High-Mast Light and Solar Substation Phase 3 at Village-CriticalSector-1 with peripheral fencing.,Block-8,Village-CriticalSector-1,23.243366,77.406413,True,495000.0,495000.0,495000.0,0.0,2023-09-20,2023-10-14,2023-10-18,2023-10-22,Completed,CONTRACTOR-DEMO-0001,Apex Infrastructure Ltd,Panchayati Raj Engineering Division
MPLADS-DEMO-000404,DEMO-SYNTHETIC-v1,SYNTHETIC_DEMONSTRATION,MPLADS_STYLE_STRUCTURE,Maharashtra,Nagpur,Surat,Representative Surat (Simulated),Community Infrastructure,Construction of High-Mast Light and Solar Substation Phase 1 at Village-CriticalSector-2,Construction of High-Mast Light and Solar Substation Phase 1 at Village-CriticalSector-2 with peripheral fencing.,Block-7,Village-CriticalSector-2,21.142688,72.890462,True,499000.0,499000.0,499000.0,0.0,2023-09-21,2023-10-12,2023-10-16,2023-10-20,Completed,CONTRACTOR-DEMO-0001,Apex Infrastructure Ltd,Public Works Department (PWD)
MPLADS-DEMO-000405,DEMO-SYNTHETIC-v1,SYNTHETIC_DEMONSTRATION,MPLADS_STYLE_STRUCTURE,Maharashtra,Nagpur,Jaipur,Representative Jaipur (Simulated),Education & Schools,Construction of High-Mast Light and Solar Substation Phase 2 at Village-CriticalSector-2,Construction of High-Mast Light and Solar Substation Phase 2 at Village-CriticalSector-2 with peripheral fencing.,Block-3,Village-CriticalSector-2,26.892471,75.780002,True,499000.0,499000.0,499000.0,0.0,2023-09-26,2023-10-13,2023-10-17,2023-10-21,Completed,CONTRACTOR-DEMO-0001,Apex Infrastructure Ltd,District Rural Development Agency (DRDA)
MPLADS-DEMO-000406,DEMO-SYNTHETIC-v1,SYNTHETIC_DEMONSTRATION,MPLADS_STYLE_STRUCTURE,Maharashtra,Nagpur,Salem,Representative Salem (Simulated),Healthcare Infrastructure,Construction of High-Mast Light and Solar Substation Phase 3 at Village-CriticalSector-2,Construction of High-Mast Light and Solar Substation Phase 3 at Village-CriticalSector-2 with peripheral fencing.,Block-6,Village-CriticalSector-2,11.676436,78.171592,True,493000.0,493000.0,493000.0,0.0,2023-09-28,2023-10-14,2023-10-18,2023-10-22,Completed,CONTRACTOR-DEMO-0001,Apex Infrastructure Ltd,District Rural Development Agency (DRDA)
MPLADS-DEMO-000407,DEMO-SYNTHETIC-v1,SYNTHETIC_DEMONSTRATION,MPLADS_STYLE_STRUCTURE,Maharashtra,Nagpur,Jaipur,Representative Jaipur (Simulated),Irrigation & Water Conservation,Construction of High-Mast Light and Solar Substation Phase 1 at Village-CriticalSector-3,Construction of High-Mast Light and Solar Substation Phase 1 at Village-CriticalSector-3 with peripheral fencing.,Block-9,Village-CriticalSector-3,26.893306,75.78157,True,498000.0,498000.0,498000.0,0.0,2023-09-20,2023-10-12,2023-10-16,2023-10-20,Completed,CONTRACTOR-DEMO-0001,Apex Infrastructure Ltd,Rural Engineering Service (RES)
MPLADS-DEMO-000408,DEMO-SYNTHETIC-v1,SYNTHETIC_DEMONSTRATION,MPLADS_STYLE_STRUCTURE,Maharashtra,Nagpur,Nagpur,Representative Nagpur (Simulated),Community Infrastructure,Construction of High-Mast Light and Solar Substation Phase 2 at Village-CriticalSector-3,Construction of High-Mast Light and Solar Substation Phase 2 at Village-CriticalSector-3 with peripheral fencing.,Block-9,Village-CriticalSector-3,21.097242,79.057053,True,493000.0,493000.0,493000.0,0.0,2023-09-27,2023-10-13,2023-10-17,2023-10-21,Completed,CONTRACTOR-DEMO-0001,Apex Infrastructure Ltd,Municipal Corporation Public Works
MPLADS-DEMO-000409,DEMO-SYNTHETIC-v1,SYNTHETIC_DEMONSTRATION,MPLADS_STYLE_STRUCTURE,Maharashtra,Nagpur,Nashik,Representative Nashik (Simulated),Renewable Energy,Construction of High-Mast Light and Solar Substation Phase 3 at Village-CriticalSector-3,Construction of High-Mast Light and Solar Substation Phase 3 at Village-CriticalSector-3 with peripheral fencing.,Block-3,Village-CriticalSector-3,20.052156,73.777393,True,494000.0,494000.0,494000.0,0.0,2023-09-22,2023-10-14,2023-10-18,2023-10-22,Completed,CONTRACTOR-DEMO-0001,Apex Infrastructure Ltd,Municipal Corporation Public Works
MPLADS-DEMO-000410,DEMO-SYNTHETIC-v1,SYNTHETIC_DEMONSTRATION,MPLADS_STYLE_STRUCTURE,Maharashtra,Nagpur,Mysuru,Representative Mysuru (Simulated),Rural Connectivity & Roads,Construction of High-Mast Light and Solar Substation Phase 1 at Village-CriticalSector-4,Construction of High-Mast Light and Solar Substation Phase 1 at Village-CriticalSector-4 with peripheral fencing.,Block-3,Village-CriticalSector-4,12.347277,76.700449,True,494000.0,494000.0,494000.0,0.0,2023-09-27,2023-10-12,2023-10-16,2023-10-20,Completed,CONTRACTOR-DEMO-0001,Apex Infrastructure Ltd,Panchayati Raj Engineering Division
MPLADS-DEMO-000411,DEMO-SYNTHETIC-v1,SYNTHETIC_DEMONSTRATION,MPLADS_STYLE_STRUCTURE,Maharashtra,Nagpur,Cuttack,Representative Cuttack (Simulated),Community Infrastructure,Construction of High-Mast Light and Solar Substation Phase 2 at Village-CriticalSector-4,Construction of High-Mast Light and Solar Substation Phase 2 at Village-CriticalSector-4 with peripheral fencing.,Block-5,Village-CriticalSector-4,20.469125,85.858051,True,499000.0,499000.0,499000.0,0.0,2023-09-21,2023-10-13,2023-10-17,2023-10-21,Completed,CONTRACTOR-DEMO-0001,Apex Infrastructure Ltd,Rural Engineering Service (RES)
MPLADS-DEMO-000412,DEMO-SYNTHETIC-v1,SYNTHETIC_DEMONSTRATION,MPLADS_STYLE_STRUCTURE,Maharashtra,Nagpur,Coimbatore,Representative Coimbatore (Simulated),Renewable Energy,Construction of High-Mast Light and Solar Substation Phase 3 at Village-CriticalSector-4,Construction of High-Mast Light and Solar Substation Phase 3 at Village-CriticalSector-4 with peripheral fencing.,Block-8,Village-CriticalSector-4,10.987931,76.893731,True,493000.0,493000.0,493000.0,0.0,2023-09-21,2023-10-14,2023-10-18,2023-10-22,Completed,CONTRACTOR-DEMO-0001,Apex Infrastructure Ltd,District Rural Development Agency (DRDA)
MPLADS-DEMO-000413,DEMO-SYNTHETIC-v1,SYNTHETIC_DEMONSTRATION,MPLADS_STYLE_STRUCTURE,Maharashtra,Nagpur,Madurai,Representative Madurai (Simulated),Renewable Energy,Construction of High-Mast Light and Solar Substation Phase 1 at Village-CriticalSector-5,Construction of High-Mast Light and Solar Substation Phase 1 at Village-CriticalSector-5 with peripheral fencing.,Block-6,Village-CriticalSector-5,9.978298,78.101738,True,494000.0,494000.0,494000.0,0.0,2023-09-25,2023-10-12,2023-10-16,2023-10-20,Completed,CONTRACTOR-DEMO-0001,Apex Infrastructure Ltd,Panchayati Raj Engineering Division
MPLADS-DEMO-000414,DEMO-SYNTHETIC-v1,SYNTHETIC_DEMONSTRATION,MPLADS_STYLE_STRUCTURE,Maharashtra,Nagpur,Bhubaneswar,Representative Khordha (Simulated),Renewable Energy,Construction of High-Mast Light and Solar Substation Phase 2 at Village-CriticalSector-5,Construction of High-Mast Light and Solar Substation Phase 2 at Village-CriticalSector-5 with peripheral fencing.,Block-7,Village-CriticalSector-5,20.210521,85.613949,True,498000.0,498000.0,498000.0,0.0,2023-09-19,2023-10-13,2023-10-17,2023-10-21,Completed,CONTRACTOR-DEMO-0001,Apex Infrastructure Ltd,Municipal Corporation Public Works
MPLADS-DEMO-000415,DEMO-SYNTHETIC-v1,SYNTHETIC_DEMONSTRATION,MPLADS_STYLE_STRUCTURE,Maharashtra,Nagpur,Surat,Representative Surat (Simulated),Drinking Water & Sanitation,Construction of High-Mast Light and Solar Substation Phase 3 at Village-CriticalSector-5,Construction of High-Mast Light and Solar Substation Phase 3 at Village-CriticalSector-5 with peripheral fencing.,Block-9,Village-CriticalSector-5,21.1669,72.878878,True,497000.0,497000.0,497000.0,0.0,2023-09-27,2023-10-14,2023-10-18,2023-10-22,Completed,CONTRACTOR-DEMO-0001,Apex Infrastructure Ltd,District Rural Development Agency (DRDA)
MPLADS-DEMO-000416,DEMO-SYNTHETIC-v1,SYNTHETIC_DEMONSTRATION,MPLADS_STYLE_STRUCTURE,Rajasthan,Jaipur,Bhopal,Representative Bhopal (Simulated),Drinking Water & Sanitation,Construction of High-Mast Light and Solar Substation Phase 1 at Village-CriticalSector-6,Construction of High-Mast Light and Solar Substation Phase 1 at Village-CriticalSector-6 with peripheral fencing.,Block-3,Village-CriticalSector-6,23.268729,77.466533,True,496000.0,496000.0,496000.0,0.0,2023-09-22,2023-10-12,2023-10-16,2023-10-20,Completed,CONTRACTOR-DEMO-0001,Apex Infrastructure Ltd,District Rural Development Agency (DRDA)
MPLADS-DEMO-000417,DEMO-SYNTHETIC-v1,SYNTHETIC_DEMONSTRATION,MPLADS_STYLE_STRUCTURE,Rajasthan,Jaipur,Bengaluru Rural,Representative Bengaluru Rural (Simulated),Renewable Energy,Construction of High-Mast Light and Solar Substation Phase 2 at Village-CriticalSector-6,Construction of High-Mast Light and Solar Substation Phase 2 at Village-CriticalSector-6 with peripheral fencing.,Block-10,Village-CriticalSector-6,13.028688,77.605659,True,492000.0,492000.0,492000.0,0.0,2023-09-23,2023-10-13,2023-10-17,2023-10-21,Completed,CONTRACTOR-DEMO-0001,Apex Infrastructure Ltd,Rural Engineering Service (RES)
MPLADS-DEMO-000418,DEMO-SYNTHETIC-v1,SYNTHETIC_DEMONSTRATION,MPLADS_STYLE_STRUCTURE,Rajasthan,Jaipur,Bengaluru Rural,Representative Bengaluru Rural (Simulated),Healthcare Infrastructure,Construction of High-Mast Light and Solar Substation Phase 3 at Village-CriticalSector-6,Construction of High-Mast Light and Solar Substation Phase 3 at Village-CriticalSector-6 with peripheral fencing.,Block-4,Village-CriticalSector-6,13.003198,77.602213,True,492000.0,492000.0,492000.0,0.0,2023-09-25,2023-10-14,2023-10-18,2023-10-22,Completed,CONTRACTOR-DEMO-0001,Apex Infrastructure Ltd,Minor Irrigation Division
MPLADS-DEMO-000419,DEMO-SYNTHETIC-v1,SYNTHETIC_DEMONSTRATION,MPLADS_STYLE_STRUCTURE,Rajasthan,Jaipur,Bengaluru Rural,Representative Bengaluru Rural (Simulated),Healthcare Infrastructure,Construction of High-Mast Light and Solar Substation Phase 1 at Village-CriticalSector-7,Construction of High-Mast Light and Solar Substation Phase 1 at Village-CriticalSector-7 with peripheral fencing.,Block-7,Village-CriticalSector-7,13.066128,77.577584,True,498000.0,498000.0,498000.0,0.0,2023-09-28,2023-10-12,2023-10-16,2023-10-20,Completed,CONTRACTOR-DEMO-0001,Apex Infrastructure Ltd,District Rural Development Agency (DRDA)
MPLADS-DEMO-000420,DEMO-SYNTHETIC-v1,SYNTHETIC_DEMONSTRATION,MPLADS_STYLE_STRUCTURE,Rajasthan,Jaipur,Bhopal,Representative Bhopal (Simulated),Healthcare Infrastructure,Construction of High-Mast Light and Solar Substation Phase 2 at Village-CriticalSector-7,Construction of High-Mast Light and Solar Substation Phase 2 at Village-CriticalSector-7 with peripheral fencing.,Block-4,Village-CriticalSector-7,23.232581,77.41645,True,495000.0,495000.0,495000.0,0.0,2023-09-19,2023-10-13,2023-10-17,2023-10-21,Completed,CONTRACTOR-DEMO-0001,Apex Infrastructure Ltd,District Rural Development Agency (DRDA)
MPLADS-DEMO-000421,DEMO-SYNTHETIC-v1,SYNTHETIC_DEMONSTRATION,MPLADS_STYLE_STRUCTURE,Rajasthan,Jaipur,Gorakhpur,Representative Gorakhpur (Simulated),Healthcare Infrastructure,Construction of High-Mast Light and Solar Substation Phase 3 at Village-CriticalSector-7,Construction of High-Mast Light and Solar Substation Phase 3 at Village-CriticalSector-7 with peripheral fencing.,Block-8,Village-CriticalSector-7,26.742728,83.377675,True,497000.0,497000.0,497000.0,0.0,2023-09-24,2023-10-14,2023-10-18,2023-10-22,Completed,CONTRACTOR-DEMO-0001,Apex Infrastructure Ltd,Rural Engineering Service (RES)
MPLADS-DEMO-000422,DEMO-SYNTHETIC-v1,SYNTHETIC_DEMONSTRATION,MPLADS_STYLE_STRUCTURE,Rajasthan,Jaipur,Nagpur,Representative Nagpur (Simulated),Drinking Water & Sanitation,Construction of High-Mast Light and Solar Substation Phase 1 at Village-CriticalSector-8,Construction of High-Mast Light and Solar Substation Phase 1 at Village-CriticalSector-8 with peripheral fencing.,Block-10,Village-CriticalSector-8,21.109545,79.047694,True,499000.0,499000.0,499000.0,0.0,2023-09-19,2023-10-12,2023-10-16,2023-10-20,Completed,CONTRACTOR-DEMO-0001,Apex Infrastructure Ltd,Public Works Department (PWD)
MPLADS-DEMO-000423,DEMO-SYNTHETIC-v1,SYNTHETIC_DEMONSTRATION,MPLADS_STYLE_STRUCTURE,Rajasthan,Jaipur,Karimnagar,Representative Karimnagar (Simulated),Drinking Water & Sanitation,Construction of High-Mast Light and Solar Substation Phase 2 at Village-CriticalSector-8,Construction of High-Mast Light and Solar Substation Phase 2 at Village-CriticalSector-8 with peripheral fencing.,Block-4,Village-CriticalSector-8,18.418867,79.153637,True,495000.0,495000.0,495000.0,0.0,2023-09-18,2023-10-13,2023-10-17,2023-10-21,Completed,CONTRACTOR-DEMO-0001,Apex Infrastructure Ltd,Public Works Department (PWD)
MPLADS-DEMO-000424,DEMO-SYNTHETIC-v1,SYNTHETIC_DEMONSTRATION,MPLADS_STYLE_STRUCTURE,Rajasthan,Jaipur,Lucknow,Representative Lucknow (Simulated),Drinking Water & Sanitation,Construction of High-Mast Light and Solar Substation Phase 3 at Village-CriticalSector-8,Construction of High-Mast Light and Solar Substation Phase 3 at Village-CriticalSector-8 with peripheral fencing.,Block-8,Village-CriticalSector-8,26.811155,80.897495,True,494000.0,494000.0,494000.0,0.0,2023-09-23,2023-10-14,2023-10-18,2023-10-22,Completed,CONTRACTOR-DEMO-0001,Apex Infrastructure Ltd,Panchayati Raj Engineering Division
MPLADS-DEMO-000425,DEMO-SYNTHETIC-v1,SYNTHETIC_DEMONSTRATION,MPLADS_STYLE_STRUCTURE,Rajasthan,Jaipur,Ahmedabad West,Representative Ahmedabad (Simulated),Drinking Water & Sanitation,Construction of High-Mast Light and Solar Substation Phase 1 at Village-CriticalSector-9,Construction of High-Mast Light and Solar Substation Phase 1 at Village-CriticalSector-9 with peripheral fencing.,Block-10,Village-CriticalSector-9,23.060597,72.573152,True,498000.0,498000.0,498000.0,0.0,2023-09-18,2023-10-12,2023-10-16,2023-10-20,Completed,CONTRACTOR-DEMO-0001,Apex Infrastructure Ltd,Municipal Corporation Public Works
MPLADS-DEMO-000426,DEMO-SYNTHETIC-v1,SYNTHETIC_DEMONSTRATION,MPLADS_STYLE_STRUCTURE,Rajasthan,Jaipur,Varanasi,Representative Varanasi (Simulated),Renewable Energy,Construction of High-Mast Light and Solar Substation Phase 2 at Village-CriticalSector-9,Construction of High-Mast Light and Solar Substation Phase 2 at Village-CriticalSector-9 with peripheral fencing.,Block-9,Village-CriticalSector-9,25.339778,82.912704,True,494000.0,494000.0,494000.0,0.0,2023-09-26,2023-10-13,2023-10-17,2023-10-21,Completed,CONTRACTOR-DEMO-0001,Apex Infrastructure Ltd,Minor Irrigation Division
MPLADS-DEMO-000427,DEMO-SYNTHETIC-v1,SYNTHETIC_DEMONSTRATION,MPLADS_STYLE_STRUCTURE,Rajasthan,Jaipur,Madurai,Representative Madurai (Simulated),Drinking Water & Sanitation,Construction of High-Mast Light and Solar Substation Phase 3 at Village-CriticalSector-9,Construction of High-Mast Light and Solar Substation Phase 3 at Village-CriticalSector-9 with peripheral fencing.,Block-7,Village-CriticalSector-9,9.966746,78.154022,True,496000.0,496000.0,496000.0,0.0,2023-09-23,2023-10-14,2023-10-18,2023-10-22,Completed,CONTRACTOR-DEMO-0001,Apex Infrastructure Ltd,Public Works Department (PWD)
MPLADS-DEMO-000428,DEMO-SYNTHETIC-v1,SYNTHETIC_DEMONSTRATION,MPLADS_STYLE_STRUCTURE,Rajasthan,Jaipur,Aska,Representative Ganjam (Simulated),Drinking Water & Sanitation,Construction of High-Mast Light and Solar Substation Phase 1 at Village-CriticalSector-10,Construction of High-Mast Light and Solar Substation Phase 1 at Village-CriticalSector-10 with peripheral fencing.,Block-5,Village-CriticalSector-10,19.405757,84.949066,True,493000.0,493000.0,493000.0,0.0,2023-09-22,2023-10-12,2023-10-16,2023-10-20,Completed,CONTRACTOR-DEMO-0001,Apex Infrastructure Ltd,District Rural Development Agency (DRDA)
MPLADS-DEMO-000429,DEMO-SYNTHETIC-v1,SYNTHETIC_DEMONSTRATION,MPLADS_STYLE_STRUCTURE,Rajasthan,Jaipur,Nagpur,Representative Nagpur (Simulated),Education & Schools,Construction of High-Mast Light and Solar Substation Phase 2 at Village-CriticalSector-10,Construction of High-Mast Light and Solar Substation Phase 2 at Village-CriticalSector-10 with peripheral fencing.,Block-5,Village-CriticalSector-10,21.098469,79.122296,True,492000.0,492000.0,492000.0,0.0,2023-09-23,2023-10-13,2023-10-17,2023-10-21,Completed,CONTRACTOR-DEMO-0001,Apex Infrastructure Ltd,Minor Irrigation Division
MPLADS-DEMO-000430,DEMO-SYNTHETIC-v1,SYNTHETIC_DEMONSTRATION,MPLADS_STYLE_STRUCTURE,Rajasthan,Jaipur,Jaipur,Representative Jaipur (Simulated),Healthcare Infrastructure,Construction of High-Mast Light and Solar Substation Phase 3 at Village-CriticalSector-10,Construction of High-Mast Light and Solar Substation Phase 3 at Village-CriticalSector-10 with peripheral fencing.,Block-9,Village-CriticalSector-10,26.919409,75.760077,True,493000.0,493000.0,493000.0,0.0,2023-09-22,2023-10-14,2023-10-18,2023-10-22,Completed,CONTRACTOR-DEMO-0001,Apex Infrastructure Ltd,Panchayati Raj Engineering Division
MPLADS-DEMO-000431,DEMO-SYNTHETIC-v1,SYNTHETIC_DEMONSTRATION,MPLADS_STYLE_STRUCTURE,Kerala,Wayanad,Wayanad,Representative Wayanad (Simulated),Community Infrastructure,Renovation and Expansion of Village Panchayat Bhavan in Village-113,Renovation and Expansion of Village Panchayat Bhavan in Village-113. Execution by authorized implementing agency following standard technical specifications.,Block-4,Village-113,11.688346,76.154947,True,1700000.0,1651497.99,1431644.1,268355.9,2023-11-13,2023-12-03,2023-12-28,,In Progress,CONTRACTOR-DEMO-0054,Krishna Construction Co,District Rural Development Agency (DRDA)
MPLADS-DEMO-000432,DEMO-SYNTHETIC-v1,SYNTHETIC_DEMONSTRATION,MPLADS_STYLE_STRUCTURE,Uttar Pradesh,Varanasi,Varanasi,Representative Varanasi (Simulated),Renewable Energy,Supply and Erection of 30 Standalone Solar Street Lights in Village-32,Supply and Erection of 30 Standalone Solar Street Lights in Village-32. Execution by authorized implementing agency following standard technical specifications.,Block-3,Village-32,25.282873,82.964112,True,810000.0,795647.99,740423.9,69576.1,2023-11-08,2023-12-09,2024-01-18,2024-07-14,Completed,CONTRACTOR-DEMO-0128,Classic Infrastructure Ltd,Municipal Corporation Public Works
MPLADS-DEMO-000433,DEMO-SYNTHETIC-v1,SYNTHETIC_DEMONSTRATION,MPLADS_STYLE_STRUCTURE,Uttar Pradesh,Gorakhpur,Gorakhpur,Representative Gorakhpur (Simulated),Drinking Water & Sanitation,Laying of Underground Drinking Water Pipeline Distribution in Village-28,Laying of Underground Drinking Water Pipeline Distribution in Village-28. Execution by authorized implementing agency following standard technical specifications.,Block-9,Village-28,26.711485,83.371814,True,1090000.0,1101193.95,851246.32,238753.68,2023-03-06,2023-03-23,2023-04-11,2023-07-01,Completed,CONTRACTOR-DEMO-0049,National Buildcon Pvt Ltd,Panchayati Raj Engineering Division
MPLADS-DEMO-000434,DEMO-SYNTHETIC-v1,SYNTHETIC_DEMONSTRATION,MPLADS_STYLE_STRUCTURE,Tamil Nadu,Madurai,Madurai,Representative Madurai (Simulated),Healthcare Infrastructure,Supply of Diagnostic Medical Equipment and Patient Beds to Rural Clinic in Village-40,Supply of Diagnostic Medical Equipment and Patient Beds to Rural Clinic in Village-40. Execution by authorized implementing agency following standard technical specifications.,Block-1,Village-40,9.899558,78.13582,True,1970000.0,1903259.12,1818054.38,151945.62,2024-02-11,2024-03-27,2024-05-10,,In Progress,CONTRACTOR-DEMO-0173,Kisan Infrastructure Ltd,Panchayati Raj Engineering Division
MPLADS-DEMO-000435,DEMO-SYNTHETIC-v1,SYNTHETIC_DEMONSTRATION,MPLADS_STYLE_STRUCTURE,Karnataka,Bengaluru Rural,Bengaluru Rural,Representative Bengaluru Rural (Simulated),Renewable Energy,Supply and Erection of 30 Standalone Solar Street Lights in Village-139,Supply and Erection of 30 Standalone Solar Street Lights in Village-139. Execution by authorized implementing agency following standard technical specifications.,Block-10,Village-139,13.04417,77.614557,True,840000.0,807587.45,777598.02,62401.98,2023-08-23,2023-09-13,2023-10-22,2024-04-10,Completed,CONTRACTOR-DEMO-0117,Riddhi Engineers & Builders,Panchayati Raj Engineering Division
MPLADS-DEMO-000436,DEMO-SYNTHETIC-v1,SYNTHETIC_DEMONSTRATION,MPLADS_STYLE_STRUCTURE,Gujarat,Ahmedabad,Ahmedabad West,Representative Ahmedabad (Simulated),Community Infrastructure,Development of Public Recreation Shed and Boundary Wall in Village-143,Development of Public Recreation Shed and Boundary Wall in Village-143. Execution by authorized implementing agency following standard technical specifications.,Block-4,Village-143,23.043223,72.60772,True,1800000.0,1751636.77,1528301.98,271698.02,2023-06-23,2023-07-31,2023-09-15,2024-04-22,Completed,CONTRACTOR-DEMO-0176,Surya Shakti Infrastructure Ltd,Panchayati Raj Engineering Division
MPLADS-DEMO-000437,DEMO-SYNTHETIC-v1,SYNTHETIC_DEMONSTRATION,MPLADS_STYLE_STRUCTURE,Kerala,Wayanad,Wayanad,Representative Wayanad (Simulated),Renewable Energy,Installation of 10kW Rooftop Solar Power System at Primary Health Center Village-139,Installation of 10kW Rooftop Solar Power System at Primary Health Center Village-139. Execution by authorized implementing agency following standard technical specifications.,Block-10,Village-139,11.694787,76.128868,True,700000.0,700374.36,588012.96,111987.04,2023-09-25,2023-11-02,2023-12-09,2024-05-04,Completed,CONTRACTOR-DEMO-0086,Swastik Buildcon Pvt Ltd,Public Works Department (PWD)
MPLADS-DEMO-000438,DEMO-SYNTHETIC-v1,SYNTHETIC_DEMONSTRATION,MPLADS_STYLE_STRUCTURE,Gujarat,Rajkot,Rajkot,Representative Rajkot (Simulated),Renewable Energy,Installation of Solar LED High-Mast Lighting System at Market Yard Village-33,Installation of Solar LED High-Mast Lighting System at Market Yard Village-33. Execution by authorized implementing agency following standard technical specifications.,Block-4,Village-33,22.347701,70.782554,True,820000.0,788964.63,783107.27,36892.73,2023-07-08,2023-08-15,2023-09-05,2024-02-18,Completed,CONTRACTOR-DEMO-0109,Surya Shakti Contractors,District Rural Development Agency (DRDA)
MPLADS-DEMO-000439,DEMO-SYNTHETIC-v1,SYNTHETIC_DEMONSTRATION,MPLADS_STYLE_STRUCTURE,Gujarat,Ahmedabad,Ahmedabad West,Representative Ahmedabad (Simulated),Healthcare Infrastructure,Construction of Maternity & Child Healthcare Ward at Primary Health Sub-Center Village-64,Construction of Maternity & Child Healthcare Ward at Primary Health Sub-Center Village-64. Execution by authorized implementing agency following standard technical specifications.,Block-5,Village-64,22.988001,72.546973,True,2010000.0,2075990.55,1537780.76,472219.24,2023-06-20,2023-07-11,2023-08-16,,In Progress,CONTRACTOR-DEMO-0141,Alliance Engineering Works,District Rural Development Agency (DRDA)
MPLADS-DEMO-000440,DEMO-SYNTHETIC-v1,SYNTHETIC_DEMONSTRATION,MPLADS_STYLE_STRUCTURE,Gujarat,Ahmedabad,Ahmedabad West,Representative Ahmedabad (Simulated),Education & Schools,Setup of Science Laboratory and Learning Resource Center in Village-146,Setup of Science Laboratory and Learning Resource Center in Village-146. Execution by authorized implementing agency following standard technical specifications.,Block-7,Village-146,23.024419,72.561152,True,920000.0,934422.54,814418.52,105581.48,2023-06-26,2023-08-03,2023-09-11,2023-12-20,Completed,CONTRACTOR-DEMO-0129,Mahalaxmi Engineers & Builders,Public Works Department (PWD)
MPLADS-DEMO-000441,DEMO-SYNTHETIC-v1,SYNTHETIC_DEMONSTRATION,MPLADS_STYLE_STRUCTURE,Kerala,Ernakulam,Ernakulam,Representative Ernakulam (Simulated),Healthcare Infrastructure,Construction of Maternity & Child Healthcare Ward at Primary Health Sub-Center Village-87,Construction of Maternity & Child Healthcare Ward at Primary Health Sub-Center Village-87. Execution by authorized implementing agency following standard technical specifications.,Block-8,Village-87,9.981175,76.340389,True,2660000.0,2589058.27,2178246.89,481753.11,2024-05-25,2024-07-05,2024-08-01,,In Progress,CONTRACTOR-DEMO-0023,Reliable Buildcon Pvt Ltd,Municipal Corporation Public Works
MPLADS-DEMO-000442,DEMO-SYNTHETIC-v1,SYNTHETIC_DEMONSTRATION,MPLADS_STYLE_STRUCTURE,Uttar Pradesh,Varanasi,Varanasi,Representative Varanasi (Simulated),Rural Connectivity & Roads,Upgradation of Rural Link Road connecting Hamlet to Main Highway at Village-13,Upgradation of Rural Link Road connecting Hamlet to Main Highway at Village-13. Execution by authorized implementing agency following standard technical specifications.,Block-4,Village-13,25.291252,82.983458,True,3350000.0,3383385.37,3250593.59,99406.41,2024-01-17,2024-02-06,2024-03-13,,In Progress,CONTRACTOR-DEMO-0149,Classic Buildcon Pvt Ltd,Municipal Corporation Public Works
MPLADS-DEMO-000443,DEMO-SYNTHETIC-v1,SYNTHETIC_DEMONSTRATION,MPLADS_STYLE_STRUCTURE,Karnataka,Bengaluru Rural,Bengaluru Rural,Representative Bengaluru Rural (Simulated),Education & Schools,Installation of Digital Smart Classroom and Computer Lab Infrastructure at Village-89,Installation of Digital Smart Classroom and Computer Lab Infrastructure at Village-89. Execution by authorized implementing agency following standard technical specifications.,Block-10,Village-89,13.102935,77.5875,True,1080000.0,1080400.86,884497.4,195502.6,2023-12-20,2024-01-23,2024-02-19,2024-07-07,Completed,CONTRACTOR-DEMO-0163,Samriddhi Enterprises,Municipal Corporation Public Works
MPLADS-DEMO-000444,DEMO-SYNTHETIC-v1,SYNTHETIC_DEMONSTRATION,MPLADS_STYLE_STRUCTURE,Madhya Pradesh,Jabalpur,Jabalpur,Representative Jabalpur (Simulated),Healthcare Infrastructure,Development of Emergency Cold Storage and Pharmacy Room at Hospital Village-47,Development of Emergency Cold Storage and Pharmacy Room at Hospital Village-47. Execution by authorized implementing agency following standard technical specifications.,Block-8,Village-47,23.231017,80.00302,True,1860000.0,1913971.22,1641773.56,218226.44,2023-05-04,2023-06-16,2023-07-18,2024-02-14,Completed,CONTRACTOR-DEMO-0161,Sai Infrastructure Ltd,Panchayati Raj Engineering Division
MPLADS-DEMO-000445,DEMO-SYNTHETIC-v1,SYNTHETIC_DEMONSTRATION,MPLADS_STYLE_STRUCTURE,Odisha,Ganjam,Aska,Representative Ganjam (Simulated),Renewable Energy,Installation of 10kW Rooftop Solar Power System at Primary Health Center Village-161,Installation of 10kW Rooftop Solar Power System at Primary Health Center Village-161. Execution by authorized implementing agency following standard technical specifications.,Block-2,Village-161,19.322785,84.951084,True,890000.0,864919.35,698301.75,191698.25,2023-12-31,2024-02-02,2024-03-15,2024-06-14,Completed,CONTRACTOR-DEMO-0166,Shiv Shakti Engineers & Builders,Rural Engineering Service (RES)
MPLADS-DEMO-000446,DEMO-SYNTHETIC-v1,SYNTHETIC_DEMONSTRATION,MPLADS_STYLE_STRUCTURE,Odisha,Khordha,Bhubaneswar,Representative Khordha (Simulated),Education & Schools,Construction of Separate Girls Toilet and Wash Area in Govt High School Village-74,Construction of Separate Girls Toilet and Wash Area in Govt High School Village-74. Execution by authorized implementing agency following standard technical specifications.,Block-5,Village-74,20.199886,85.589538,True,880000.0,861423.54,708269.04,171730.96,2023-04-01,2023-04-27,2023-05-13,,In Progress,CONTRACTOR-DEMO-0083,Maruti Buildcon Pvt Ltd,Panchayati Raj Engineering Division
MPLADS-DEMO-000447,DEMO-SYNTHETIC-v1,SYNTHETIC_DEMONSTRATION,MPLADS_STYLE_STRUCTURE,Karnataka,Bengaluru Rural,Bengaluru Rural,Representative Bengaluru Rural (Simulated),Renewable Energy,Supply and Erection of 30 Standalone Solar Street Lights in Village-109,Supply and Erection of 30 Standalone Solar Street Lights in Village-109. Execution by authorized implementing agency following standard technical specifications.,Block-10,Village-109,13.0836,77.50761,True,600000.0,589090.17,454021.58,145978.42,2024-02-23,2024-03-25,2024-05-14,,In Progress,CONTRACTOR-DEMO-0014,Surya Shakti Construction Co,Minor Irrigation Division
MPLADS-DEMO-000448,DEMO-SYNTHETIC-v1,SYNTHETIC_DEMONSTRATION,MPLADS_STYLE_STRUCTURE,Karnataka,Bengaluru Rural,Bengaluru Rural,Representative Bengaluru Rural (Simulated),Irrigation & Water Conservation,Construction of Check Dam and Water Harvesting Percolation Tank at Village-15,Construction of Check Dam and Water Harvesting Percolation Tank at Village-15. Execution by authorized implementing agency following standard technical specifications.,Block-6,Village-15,13.111246,77.513711,True,1870000.0,1839777.68,1429846.49,440153.51,2024-05-18,2024-06-27,2024-08-04,,In Progress,CONTRACTOR-DEMO-0027,Modern Rural Developers,Panchayati Raj Engineering Division
MPLADS-DEMO-000449,DEMO-SYNTHETIC-v1,SYNTHETIC_DEMONSTRATION,MPLADS_STYLE_STRUCTURE,Telangana,Karimnagar,Karimnagar,Representative Karimnagar (Simulated),Healthcare Infrastructure,Construction of Maternity & Child Healthcare Ward at Primary Health Sub-Center Village-61,Construction of Maternity & Child Healthcare Ward at Primary Health Sub-Center Village-61. Execution by authorized implementing agency following standard technical specifications.,Block-2,Village-61,18.388151,79.159282,True,2100000.0,2103688.87,1975398.1,124601.9,2024-05-15,2024-06-14,2024-07-30,,In Progress,CONTRACTOR-DEMO-0064,Sai Civil Projects,Municipal Corporation Public Works
MPLADS-DEMO-000450,DEMO-SYNTHETIC-v1,SYNTHETIC_DEMONSTRATION,MPLADS_STYLE_STRUCTURE,Maharashtra,Nagpur,Nagpur,Representative Nagpur (Simulated),Irrigation & Water Conservation,Desilting and Deepening of Traditional Village Water Reservoir in Village-85,Desilting and Deepening of Traditional Village Water Reservoir in Village-85. Execution by authorized implementing agency following standard technical specifications.,Block-6,Village-85,21.189003,79.119041,True,1100000.0,1138324.01,880156.12,219843.88,2023-03-10,2023-04-04,2023-05-02,2023-11-05,Completed,CONTRACTOR-DEMO-0108,Shanti Buildcon Pvt Ltd,District Rural Development Agency (DRDA)
MPLADS-DEMO-000451,DEMO-SYNTHETIC-v1,SYNTHETIC_DEMONSTRATION,MPLADS_STYLE_STRUCTURE,Odisha,Khordha,Bhubaneswar,Representative Khordha (Simulated),Renewable Energy,Installation of Solar LED High-Mast Lighting System at Market Yard Village-126,Installation of Solar LED High-Mast Lighting System at Market Yard Village-126. Execution by authorized implementing agency following standard technical specifications.,Block-7,Village-126,20.185251,85.64715,True,520000.0,512365.98,440684.25,79315.75,2023-12-30,2024-01-28,2024-02-29,2024-06-20,Completed,CONTRACTOR-DEMO-0096,Kisan Contractors,Panchayati Raj Engineering Division
MPLADS-DEMO-000452,DEMO-SYNTHETIC-v1,SYNTHETIC_DEMONSTRATION,MPLADS_STYLE_STRUCTURE,Kerala,Ernakulam,Ernakulam,Representative Ernakulam (Simulated),Rural Connectivity & Roads,Upgradation of Rural Link Road connecting Hamlet to Main Highway at Village-6,Upgradation of Rural Link Road connecting Hamlet to Main Highway at Village-6. Execution by authorized implementing agency following standard technical specifications.,Block-7,Village-6,10.000502,76.35258,True,2370000.0,2434743.27,2138477.99,231522.01,2024-05-10,2024-05-27,2024-06-26,,In Progress,CONTRACTOR-DEMO-0102,Samriddhi Civil Projects,District Rural Development Agency (DRDA)
MPLADS-DEMO-000453,DEMO-SYNTHETIC-v1,SYNTHETIC_DEMONSTRATION,MPLADS_STYLE_STRUCTURE,Tamil Nadu,Salem,Salem,Representative Salem (Simulated),Healthcare Infrastructure,Supply of Diagnostic Medical Equipment and Patient Beds to Rural Clinic in Village-176,Supply of Diagnostic Medical Equipment and Patient Beds to Rural Clinic in Village-176. Execution by authorized implementing agency following standard technical specifications.,Block-7,Village-176,11.615167,78.193704,True,1560000.0,1546081.18,1496432.33,63567.67,2023-08-04,2023-09-03,2023-10-07,,In Progress,CONTRACTOR-DEMO-0197,Universal Infrastructure Ltd,Rural Engineering Service (RES)
MPLADS-DEMO-000454,DEMO-SYNTHETIC-v1,SYNTHETIC_DEMONSTRATION,MPLADS_STYLE_STRUCTURE,Rajasthan,Jaipur,Jaipur,Representative Jaipur (Simulated),Drinking Water & Sanitation,Construction of Public Sanitation Facility and Bathing Block in Village-113,Construction of Public Sanitation Facility and Bathing Block in Village-113. Execution by authorized implementing agency following standard technical specifications.,Block-4,Village-113,26.929476,75.836631,True,1190000.0,1203749.69,1108536.17,81463.83,2023-06-04,2023-06-23,2023-08-08,2024-02-04,Completed,CONTRACTOR-DEMO-0089,Kisan Urban Works Pvt Ltd,Minor Irrigation Division
MPLADS-DEMO-000455,DEMO-SYNTHETIC-v1,SYNTHETIC_DEMONSTRATION,MPLADS_STYLE_STRUCTURE,Madhya Pradesh,Bhopal,Bhopal,Representative Bhopal (Simulated),Irrigation & Water Conservation,Construction of Check Dam and Water Harvesting Percolation Tank at Village-42,Construction of Check Dam and Water Harvesting Percolation Tank at Village-42. Execution by authorized implementing agency following standard technical specifications.,Block-3,Village-42,23.285703,77.413423,True,1550000.0,1540187.95,1422471.06,127528.94,2023-10-22,2023-11-25,2024-01-08,2024-04-05,Completed,CONTRACTOR-DEMO-0168,Navnirman Infra Solutions,Minor Irrigation Division
MPLADS-DEMO-000456,DEMO-SYNTHETIC-v1,SYNTHETIC_DEMONSTRATION,MPLADS_STYLE_STRUCTURE,Maharashtra,Nashik,Nashik,Representative Nashik (Simulated),Healthcare Infrastructure,Supply of Diagnostic Medical Equipment and Patient Beds to Rural Clinic in Village-165,Supply of Diagnostic Medical Equipment and Patient Beds to Rural Clinic in Village-165. Execution by authorized implementing agency following standard technical specifications.,Block-6,Village-165,19.950192,73.776886,True,1800000.0,1771998.85,1588385.07,211614.93,2023-03-12,2023-04-05,2023-05-05,2023-08-21,Completed,CONTRACTOR-DEMO-0156,Alliance Infra Solutions,Minor Irrigation Division
MPLADS-DEMO-000457,DEMO-SYNTHETIC-v1,SYNTHETIC_DEMONSTRATION,MPLADS_STYLE_STRUCTURE,Madhya Pradesh,Bhopal,Bhopal,Representative Bhopal (Simulated),Irrigation & Water Conservation,Desilting and Deepening of Traditional Village Water Reservoir in Village-116,Desilting and Deepening of Traditional Village Water Reservoir in Village-116. Execution by authorized implementing agency following standard technical specifications.,Block-7,Village-116,23.257088,77.443172,True,1130000.0,1100482.5,1001626.01,128373.99,2023-07-01,2023-08-02,2023-08-29,,In Progress,CONTRACTOR-DEMO-0098,Vanguard Civil Projects,Rural Engineering Service (RES)
MPLADS-DEMO-000458,DEMO-SYNTHETIC-v1,SYNTHETIC_DEMONSTRATION,MPLADS_STYLE_STRUCTURE,Madhya Pradesh,Indore,Indore,Representative Indore (Simulated),Education & Schools,Installation of Digital Smart Classroom and Computer Lab Infrastructure at Village-6,Installation of Digital Smart Classroom and Computer Lab Infrastructure at Village-6. Execution by authorized implementing agency following standard technical specifications.,Block-7,Village-6,22.777854,75.912705,True,1480000.0,1494992.68,1418689.96,61310.04,2024-05-27,2024-07-09,2024-08-05,,In Progress,CONTRACTOR-DEMO-0047,Golden Civil Projects,Public Works Department (PWD)
MPLADS-DEMO-000459,DEMO-SYNTHETIC-v1,SYNTHETIC_DEMONSTRATION,MPLADS_STYLE_STRUCTURE,Madhya Pradesh,Indore,Indore,Representative Indore (Simulated),Renewable Energy,Supply and Erection of 30 Standalone Solar Street Lights in Village-154,Supply and Erection of 30 Standalone Solar Street Lights in Village-154. Execution by authorized implementing agency following standard technical specifications.,Block-5,Village-154,22.688421,75.804278,True,730000.0,710735.18,642740.08,87259.92,2023-01-22,2023-03-04,2023-04-17,2023-11-04,Completed,CONTRACTOR-DEMO-0034,Maruti Engineers & Builders,Rural Engineering Service (RES)
MPLADS-DEMO-000460,DEMO-SYNTHETIC-v1,SYNTHETIC_DEMONSTRATION,MPLADS_STYLE_STRUCTURE,Kerala,Ernakulam,Ernakulam,Representative Ernakulam (Simulated),Drinking Water & Sanitation,Construction of Public Sanitation Facility and Bathing Block in Village-69,Construction of Public Sanitation Facility and Bathing Block in Village-69. Execution by authorized implementing agency following standard technical specifications.,Block-10,Village-69,9.954035,76.299142,True,780000.0,775713.66,622065.11,157934.89,2023-05-05,2023-06-06,2023-07-03,2023-12-29,Completed,CONTRACTOR-DEMO-0041,Om Engineers & Builders,Public Works Department (PWD)
MPLADS-DEMO-000461,DEMO-SYNTHETIC-v1,SYNTHETIC_DEMONSTRATION,MPLADS_STYLE_STRUCTURE,Rajasthan,Jaipur,Jaipur,Representative Jaipur (Simulated),Rural Connectivity & Roads,Interlocking Paver Block Road Installation along Main Street in Village-159,Interlocking Paver Block Road Installation along Main Street in Village-159. Execution by authorized implementing agency following standard technical specifications.,Block-10,Village-159,26.906027,75.754581,True,1540000.0,1562701.71,1317281.73,222718.27,2023-01-20,2023-03-05,2023-03-28,2023-09-20,Completed,CONTRACTOR-DEMO-0179,Om Infra Solutions,Rural Engineering Service (RES)
MPLADS-DEMO-000462,DEMO-SYNTHETIC-v1,SYNTHETIC_DEMONSTRATION,MPLADS_STYLE_STRUCTURE,Kerala,Ernakulam,Ernakulam,Representative Ernakulam (Simulated),Education & Schools,Setup of Science Laboratory and Learning Resource Center in Village-189,Setup of Science Laboratory and Learning Resource Center in Village-189. Execution by authorized implementing agency following standard technical specifications.,Block-10,Village-189,9.994235,76.244397,True,1610000.0,1553167.3,1330759.0,279241.0,2023-05-15,2023-06-28,2023-08-04,2023-10-29,Completed,CONTRACTOR-DEMO-0005,Shanti Contractors,District Rural Development Agency (DRDA)
MPLADS-DEMO-000463,DEMO-SYNTHETIC-v1,SYNTHETIC_DEMONSTRATION,MPLADS_STYLE_STRUCTURE,Karnataka,Mysuru,Mysuru,Representative Mysuru (Simulated),Renewable Energy,Supply and Erection of 30 Standalone Solar Street Lights in Village-78,Supply and Erection of 30 Standalone Solar Street Lights in Village-78. Execution by authorized implementing agency following standard technical specifications.,Block-9,Village-78,12.357878,76.661664,True,580000.0,601717.88,509645.36,70354.64,2023-11-08,2023-12-03,2024-01-03,,In Progress,CONTRACTOR-DEMO-0130,Vikas Urban Works Pvt Ltd,District Rural Development Agency (DRDA)
MPLADS-DEMO-000464,DEMO-SYNTHETIC-v1,SYNTHETIC_DEMONSTRATION,MPLADS_STYLE_STRUCTURE,Odisha,Cuttack,Cuttack,Representative Cuttack (Simulated),Education & Schools,Installation of Digital Smart Classroom and Computer Lab Infrastructure at Village-23,Installation of Digital Smart Classroom and Computer Lab Infrastructure at Village-23. Execution by authorized implementing agency following standard technical specifications.,Block-4,Village-23,20.438751,85.886955,True,880000.0,863132.58,723405.77,156594.23,2023-03-21,2023-05-05,2023-06-06,2023-12-08,Completed,CONTRACTOR-DEMO-0076,Vanguard Infrastructure Ltd,District Rural Development Agency (DRDA)
MPLADS-DEMO-000465,DEMO-SYNTHETIC-v1,SYNTHETIC_DEMONSTRATION,MPLADS_STYLE_STRUCTURE,Tamil Nadu,Madurai,Madurai,Representative Madurai (Simulated),Irrigation & Water Conservation,Desilting and Deepening of Traditional Village Water Reservoir in Village-133,Desilting and Deepening of Traditional Village Water Reservoir in Village-133. Execution by authorized implementing agency following standard technical specifications.,Block-4,Village-133,9.900891,78.170847,True,1200000.0,1222739.45,1035591.84,164408.16,2024-05-15,2024-06-07,2024-07-27,,In Progress,CONTRACTOR-DEMO-0172,Aditya Enterprises,Minor Irrigation Division
MPLADS-DEMO-000466,DEMO-SYNTHETIC-v1,SYNTHETIC_DEMONSTRATION,MPLADS_STYLE_STRUCTURE,Telangana,Nizamabad,Nizamabad,Representative Nizamabad (Simulated),Education & Schools,Construction of Additional Classrooms at Govt Senior Secondary School Village-49,Construction of Additional Classrooms at Govt Senior Secondary School Village-49. Execution by authorized implementing agency following standard technical specifications.,Block-10,Village-49,18.626821,78.058982,True,1490000.0,1486453.51,1173550.28,316449.72,2023-09-11,2023-10-22,2023-11-13,2024-06-01,Completed,CONTRACTOR-DEMO-0014,Surya Shakti Construction Co,Panchayati Raj Engineering Division
MPLADS-DEMO-000467,DEMO-SYNTHETIC-v1,SYNTHETIC_DEMONSTRATION,MPLADS_STYLE_STRUCTURE,Rajasthan,Udaipur,Udaipur,Representative Udaipur (Simulated),Healthcare Infrastructure,Development of Emergency Cold Storage and Pharmacy Room at Hospital Village-125,Development of Emergency Cold Storage and Pharmacy Room at Hospital Village-125. Execution by authorized implementing agency following standard technical specifications.,Block-6,Village-125,24.579909,73.662124,True,2120000.0,2182222.73,1650293.8,469706.2,2023-03-03,2023-03-30,2023-05-02,,In Progress,CONTRACTOR-DEMO-0047,Golden Civil Projects,Minor Irrigation Division
MPLADS-DEMO-000468,DEMO-SYNTHETIC-v1,SYNTHETIC_DEMONSTRATION,MPLADS_STYLE_STRUCTURE,Karnataka,Mysuru,Mysuru,Representative Mysuru (Simulated),Irrigation & Water Conservation,Desilting and Deepening of Traditional Village Water Reservoir in Village-145,Desilting and Deepening of Traditional Village Water Reservoir in Village-145. Execution by authorized implementing agency following standard technical specifications.,Block-6,Village-145,12.346616,76.650538,True,1540000.0,1601354.16,1156461.33,383538.67,2024-02-11,2024-03-07,2024-04-17,2024-09-02,Completed,CONTRACTOR-DEMO-0200,Gitanjali Construction Co,Panchayati Raj Engineering Division
MPLADS-DEMO-000469,DEMO-SYNTHETIC-v1,SYNTHETIC_DEMONSTRATION,MPLADS_STYLE_STRUCTURE,Kerala,Wayanad,Wayanad,Representative Wayanad (Simulated),Community Infrastructure,Construction of Open Air Gymnasium and Seating Area at Village-7,Construction of Open Air Gymnasium and Seating Area at Village-7. Execution by authorized implementing agency following standard technical specifications.,Block-8,Village-7,11.657357,76.194573,True,750000.0,743650.19,664333.39,85666.61,2024-05-16,2024-06-05,2024-07-10,,In Progress,CONTRACTOR-DEMO-0024,Modern Contractors,Panchayati Raj Engineering Division
MPLADS-DEMO-000470,DEMO-SYNTHETIC-v1,SYNTHETIC_DEMONSTRATION,MPLADS_STYLE_STRUCTURE,Telangana,Karimnagar,Karimnagar,Representative Karimnagar (Simulated),Healthcare Infrastructure,Development of Emergency Cold Storage and Pharmacy Room at Hospital Village-123,Development of Emergency Cold Storage and Pharmacy Room at Hospital Village-123. Execution by authorized implementing agency following standard technical specifications.,Block-4,Village-123,18.432627,79.187976,True,1960000.0,1984775.39,1618505.66,341494.34,2023-02-06,2023-03-20,2023-04-24,2023-11-30,Completed,CONTRACTOR-DEMO-0037,Classic Urban Works Pvt Ltd,Rural Engineering Service (RES)
MPLADS-DEMO-000471,DEMO-SYNTHETIC-v1,SYNTHETIC_DEMONSTRATION,MPLADS_STYLE_STRUCTURE,Odisha,Khordha,Bhubaneswar,Representative Khordha (Simulated),Community Infrastructure,Construction of Open Air Gymnasium and Seating Area at Village-83,Construction of Open Air Gymnasium and Seating Area at Village-83. Execution by authorized implementing agency following standard technical specifications.,Block-4,Village-83,20.219659,85.652894,True,1300000.0,1346997.62,1089035.89,210964.11,2023-08-07,2023-09-06,2023-10-02,,In Progress,CONTRACTOR-DEMO-0106,Modern Engineering Works,Public Works Department (PWD)
MPLADS-DEMO-000472,DEMO-SYNTHETIC-v1,SYNTHETIC_DEMONSTRATION,MPLADS_STYLE_STRUCTURE,Gujarat,Rajkot,Rajkot,Representative Rajkot (Simulated),Irrigation & Water Conservation,Construction of Check Dam and Water Harvesting Percolation Tank at Village-42,Construction of Check Dam and Water Harvesting Percolation Tank at Village-42. Execution by authorized implementing agency following standard technical specifications.,Block-3,Village-42,22.289405,70.789512,True,1920000.0,1958793.0,1728834.79,191165.21,2023-03-17,2023-04-19,2023-06-04,2023-11-05,Completed,CONTRACTOR-DEMO-0179,Om Infra Solutions,Municipal Corporation Public Works
MPLADS-DEMO-000473,DEMO-SYNTHETIC-v1,SYNTHETIC_DEMONSTRATION,MPLADS_STYLE_STRUCTURE,Maharashtra,Pune,Pune,Representative Pune (Simulated),Rural Connectivity & Roads,Construction of Cement Concrete (CC) Road and Drain Channel at Village-95,Construction of Cement Concrete (CC) Road and Drain Channel at Village-95. Execution by authorized implementing agency following standard technical specifications.,Block-6,Village-95,18.522045,73.855351,True,2590000.0,2585118.3,2277913.1,312086.9,2023-08-19,2023-09-07,2023-10-19,2024-02-18,Completed,CONTRACTOR-DEMO-0115,Reliable Urban Works Pvt Ltd,Minor Irrigation Division
MPLADS-DEMO-000474,DEMO-SYNTHETIC-v1,SYNTHETIC_DEMONSTRATION,MPLADS_STYLE_STRUCTURE,Madhya Pradesh,Bhopal,Bhopal,Representative Bhopal (Simulated),Community Infrastructure,Construction of Multipurpose Community Hall at Village Village-132,Construction of Multipurpose Community Hall at Village Village-132. Execution by authorized implementing agency following standard technical specifications.,Block-3,Village-132,23.239327,77.407858,True,1480000.0,1497477.1,1352921.52,127078.48,2024-05-05,2024-06-19,2024-08-06,,In Progress,CONTRACTOR-DEMO-0138,Pragati Buildcon Pvt Ltd,Public Works Department (PWD)
MPLADS-DEMO-000475,DEMO-SYNTHETIC-v1,SYNTHETIC_DEMONSTRATION,MPLADS_STYLE_STRUCTURE,Rajasthan,Jaipur,Jaipur,Representative Jaipur (Simulated),Education & Schools,Setup of Science Laboratory and Learning Resource Center in Village-21,Setup of Science Laboratory and Learning Resource Center in Village-21. Execution by authorized implementing agency following standard technical specifications.,Block-2,Village-21,26.965337,75.784389,True,1090000.0,1132221.04,989057.5,100942.5,2023-06-17,2023-07-16,2023-09-02,2024-04-09,Completed,CONTRACTOR-DEMO-0016,Om Buildcon Pvt Ltd,Municipal Corporation Public Works
MPLADS-DEMO-000476,DEMO-SYNTHETIC-v1,SYNTHETIC_DEMONSTRATION,MPLADS_STYLE_STRUCTURE,Gujarat,Surat,Surat,Representative Surat (Simulated),Community Infrastructure,Construction of Multipurpose Community Hall at Village Village-131,Construction of Multipurpose Community Hall at Village Village-131. Execution by authorized implementing agency following standard technical specifications.,Block-2,Village-131,21.160439,72.778383,True,2040000.0,2075954.59,1911377.38,128622.62,2023-07-15,2023-08-14,2023-09-03,2023-11-21,Completed,CONTRACTOR-DEMO-0033,Golden Buildcon Pvt Ltd,Minor Irrigation Division
MPLADS-DEMO-000477,DEMO-SYNTHETIC-v1,SYNTHETIC_DEMONSTRATION,MPLADS_STYLE_STRUCTURE,Kerala,Wayanad,Wayanad,Representative Wayanad (Simulated),Education & Schools,Installation of Digital Smart Classroom and Computer Lab Infrastructure at Village-47,Installation of Digital Smart Classroom and Computer Lab Infrastructure at Village-47. Execution by authorized implementing agency following standard technical specifications.,Block-8,Village-47,11.729978,76.072884,True,1230000.0,1267072.73,1006704.48,223295.52,2023-11-11,2023-12-24,2024-02-05,2024-06-26,Completed,CONTRACTOR-DEMO-0091,Reliable Construction Co,Rural Engineering Service (RES)
MPLADS-DEMO-000478,DEMO-SYNTHETIC-v1,SYNTHETIC_DEMONSTRATION,MPLADS_STYLE_STRUCTURE,Uttar Pradesh,Varanasi,Varanasi,Representative Varanasi (Simulated),Drinking Water & Sanitation,Installation of Community RO Water Purification Plant at Village-192,Installation of Community RO Water Purification Plant at Village-192. Execution by authorized implementing agency following standard technical specifications.,Block-3,Village-192,25.380284,82.942611,True,1030000.0,997561.65,899093.68,130906.32,2023-01-17,2023-02-25,2023-03-19,,In Progress,CONTRACTOR-DEMO-0171,Golden Contractors,Panchayati Raj Engineering Division
MPLADS-DEMO-000479,DEMO-SYNTHETIC-v1,SYNTHETIC_DEMONSTRATION,MPLADS_STYLE_STRUCTURE,Madhya Pradesh,Jabalpur,Jabalpur,Representative Jabalpur (Simulated),Healthcare Infrastructure,Supply of Diagnostic Medical Equipment and Patient Beds to Rural Clinic in Village-169,Supply of Diagnostic Medical Equipment and Patient Beds to Rural Clinic in Village-169. Execution by authorized implementing agency following standard technical specifications.,Block-10,Village-169,23.242054,79.999645,True,1620000.0,1594442.88,1517973.16,102026.84,2023-11-26,2024-01-02,2024-02-11,2024-05-18,Completed,CONTRACTOR-DEMO-0036,Sai Projects Ltd,Rural Engineering Service (RES)
MPLADS-DEMO-000480,DEMO-SYNTHETIC-v1,SYNTHETIC_DEMONSTRATION,MPLADS_STYLE_STRUCTURE,Gujarat,Rajkot,Rajkot,Representative Rajkot (Simulated),Drinking Water & Sanitation,Installation of Community RO Water Purification Plant at Village-5,Installation of Community RO Water Purification Plant at Village-5. Execution by authorized implementing agency following standard technical specifications.,Block-6,Village-5,22.329384,70.761669,True,610000.0,595810.4,548501.84,61498.16,2023-12-13,2024-01-11,2024-02-22,2024-09-21,Completed,CONTRACTOR-DEMO-0052,Siddhartha Urban Works Pvt Ltd,Public Works Department (PWD)
MPLADS-DEMO-000481,DEMO-SYNTHETIC-v1,SYNTHETIC_DEMONSTRATION,MPLADS_STYLE_STRUCTURE,Rajasthan,Jaipur,Jaipur,Representative Jaipur (Simulated),Irrigation & Water Conservation,Desilting and Deepening of Traditional Village Water Reservoir in Village-38,Desilting and Deepening of Traditional Village Water Reservoir in Village-38. Execution by authorized implementing agency following standard technical specifications.,Block-9,Village-38,26.909019,75.725136,True,1010000.0,1042515.16,929118.87,80881.13,2023-08-30,2023-10-14,2023-11-28,,In Progress,CONTRACTOR-DEMO-0119,Shiv Shakti Infrastructure Ltd,Municipal Corporation Public Works
MPLADS-DEMO-000482,DEMO-SYNTHETIC-v1,SYNTHETIC_DEMONSTRATION,MPLADS_STYLE_STRUCTURE,Uttar Pradesh,Lucknow,Lucknow,Representative Lucknow (Simulated),Drinking Water & Sanitation,Drilling of Deep Borewell and Solar-Powered Overhead Water Tank at Village-146,Drilling of Deep Borewell and Solar-Powered Overhead Water Tank at Village-146. Execution by authorized implementing agency following standard technical specifications.,Block-7,Village-146,26.889529,80.932125,True,710000.0,682047.26,635445.93,74554.07,2024-01-15,2024-02-25,2024-04-06,2024-11-08,Completed,CONTRACTOR-DEMO-0078,Maruti Civil Projects,Public Works Department (PWD)
MPLADS-DEMO-000483,DEMO-SYNTHETIC-v1,SYNTHETIC_DEMONSTRATION,MPLADS_STYLE_STRUCTURE,Karnataka,Bengaluru Rural,Bengaluru Rural,Representative Bengaluru Rural (Simulated),Education & Schools,Setup of Science Laboratory and Learning Resource Center in Village-132,Setup of Science Laboratory and Learning Resource Center in Village-132. Execution by authorized implementing agency following standard technical specifications.,Block-3,Village-132,13.076335,77.582294,True,1760000.0,1817034.3,1671218.32,88781.68,2023-05-13,2023-05-30,2023-07-17,,In Progress,CONTRACTOR-DEMO-0151,Modern Projects Ltd,District Rural Development Agency (DRDA)
MPLADS-DEMO-000484,DEMO-SYNTHETIC-v1,SYNTHETIC_DEMONSTRATION,MPLADS_STYLE_STRUCTURE,Karnataka,Dharwad,Dharwad,Representative Dharwad (Simulated),Community Infrastructure,Construction of Open Air Gymnasium and Seating Area at Village-166,Construction of Open Air Gymnasium and Seating Area at Village-166. Execution by authorized implementing agency following standard technical specifications.,Block-7,Village-166,15.448128,75.004334,True,1230000.0,1242073.35,1105304.27,124695.73,2023-09-01,2023-10-12,2023-10-28,,In Progress,CONTRACTOR-DEMO-0189,Balaji Engineers & Builders,Rural Engineering Service (RES)
MPLADS-DEMO-000485,DEMO-SYNTHETIC-v1,SYNTHETIC_DEMONSTRATION,MPLADS_STYLE_STRUCTURE,Karnataka,Bengaluru Rural,Bengaluru Rural,Representative Bengaluru Rural (Simulated),Rural Connectivity & Roads,Construction of Culvert and Cross-Drainage Structure on Link Road Village-60,Construction of Culvert and Cross-Drainage Structure on Link Road Village-60. Execution by authorized implementing agency following standard technical specifications.,Block-1,Village-60,13.065493,77.579196,True,2060000.0,2129502.03,1949366.41,110633.59,2024-01-16,2024-02-28,2024-03-22,2024-09-12,Completed,CONTRACTOR-DEMO-0110,Surya Shakti Rural Developers,Minor Irrigation Division
MPLADS-DEMO-000486,DEMO-SYNTHETIC-v1,SYNTHETIC_DEMONSTRATION,MPLADS_STYLE_STRUCTURE,Tamil Nadu,Salem,Salem,Representative Salem (Simulated),Healthcare Infrastructure,Supply of Diagnostic Medical Equipment and Patient Beds to Rural Clinic in Village-121,Supply of Diagnostic Medical Equipment and Patient Beds to Rural Clinic in Village-121. Execution by authorized implementing agency following standard technical specifications.,Block-2,Village-121,11.703268,78.190789,True,1790000.0,1748072.27,1626860.18,163139.82,2023-02-28,2023-04-13,2023-05-06,,In Progress,CONTRACTOR-DEMO-0044,United Engineering Works,Municipal Corporation Public Works
MPLADS-DEMO-000487,DEMO-SYNTHETIC-v1,SYNTHETIC_DEMONSTRATION,MPLADS_STYLE_STRUCTURE,Karnataka,Bengaluru Rural,Bengaluru Rural,Representative Bengaluru Rural (Simulated),Community Infrastructure,Renovation and Expansion of Village Panchayat Bhavan in Village-127,Renovation and Expansion of Village Panchayat Bhavan in Village-127. Execution by authorized implementing agency following standard technical specifications.,Block-8,Village-127,13.038975,77.530026,True,1520000.0,1580710.16,1265431.85,254568.15,2023-05-28,2023-07-03,2023-07-28,,In Progress,CONTRACTOR-DEMO-0132,Riddhi Infrastructure Ltd,Public Works Department (PWD)
MPLADS-DEMO-000488,DEMO-SYNTHETIC-v1,SYNTHETIC_DEMONSTRATION,MPLADS_STYLE_STRUCTURE,Telangana,Nizamabad,Nizamabad,Representative Nizamabad (Simulated),Community Infrastructure,Construction of Open Air Gymnasium and Seating Area at Village-111,Construction of Open Air Gymnasium and Seating Area at Village-111. Execution by authorized implementing agency following standard technical specifications.,Block-2,Village-111,18.622316,78.05857,True,1310000.0,1281085.22,1060181.81,249818.19,2023-07-08,2023-08-13,2023-08-30,2024-04-03,Completed,CONTRACTOR-DEMO-0072,Sai Rural Developers,Rural Engineering Service (RES)
MPLADS-DEMO-000489,DEMO-SYNTHETIC-v1,SYNTHETIC_DEMONSTRATION,MPLADS_STYLE_STRUCTURE,Odisha,Khordha,Bhubaneswar,Representative Khordha (Simulated),Healthcare Infrastructure,Development of Emergency Cold Storage and Pharmacy Room at Hospital Village-155,Development of Emergency Cold Storage and Pharmacy Room at Hospital Village-155. Execution by authorized implementing agency following standard technical specifications.,Block-6,Village-155,20.202933,85.648033,True,2380000.0,2464969.38,2222365.42,157634.58,2024-05-21,2024-06-11,2024-07-02,,In Progress,CONTRACTOR-DEMO-0160,Krishna Engineering Works,Public Works Department (PWD)
MPLADS-DEMO-000490,DEMO-SYNTHETIC-v1,SYNTHETIC_DEMONSTRATION,MPLADS_STYLE_STRUCTURE,Telangana,Karimnagar,Karimnagar,Representative Karimnagar (Simulated),Renewable Energy,Installation of Solar LED High-Mast Lighting System at Market Yard Village-130,Installation of Solar LED High-Mast Lighting System at Market Yard Village-130. Execution by authorized implementing agency following standard technical specifications.,Block-1,Village-130,18.387303,79.14569,True,580000.0,599069.74,455948.14,124051.86,2023-06-13,2023-07-25,2023-09-10,2023-12-19,Completed,CONTRACTOR-DEMO-0043,Panchsheel Engineers & Builders,Minor Irrigation Division
MPLADS-DEMO-000491,DEMO-SYNTHETIC-v1,SYNTHETIC_DEMONSTRATION,MPLADS_STYLE_STRUCTURE,Rajasthan,Udaipur,Udaipur,Representative Udaipur (Simulated),Rural Connectivity & Roads,Interlocking Paver Block Road Installation along Main Street in Village-32,Interlocking Paver Block Road Installation along Main Street in Village-32. Execution by authorized implementing agency following standard technical specifications.,Block-3,Village-32,24.630717,73.704584,True,1330000.0,1358644.93,999515.14,330484.86,2024-03-17,2024-04-30,2024-06-05,2024-10-01,Completed,CONTRACTOR-DEMO-0025,Aditya Infra Solutions,District Rural Development Agency (DRDA)
MPLADS-DEMO-000492,DEMO-SYNTHETIC-v1,SYNTHETIC_DEMONSTRATION,MPLADS_STYLE_STRUCTURE,Rajasthan,Udaipur,Udaipur,Representative Udaipur (Simulated),Healthcare Infrastructure,Supply of Diagnostic Medical Equipment and Patient Beds to Rural Clinic in Village-93,Supply of Diagnostic Medical Equipment and Patient Beds to Rural Clinic in Village-93. Execution by authorized implementing agency following standard technical specifications.,Block-4,Village-93,24.602227,73.679409,True,1960000.0,1999749.92,1660112.37,299887.63,2023-05-11,2023-06-02,2023-07-14,2024-01-09,Completed,CONTRACTOR-DEMO-0121,Apex Engineering Works,Municipal Corporation Public Works
MPLADS-DEMO-000493,DEMO-SYNTHETIC-v1,SYNTHETIC_DEMONSTRATION,MPLADS_STYLE_STRUCTURE,Telangana,Nizamabad,Nizamabad,Representative Nizamabad (Simulated),Healthcare Infrastructure,Supply of Diagnostic Medical Equipment and Patient Beds to Rural Clinic in Village-8,Supply of Diagnostic Medical Equipment and Patient Beds to Rural Clinic in Village-8. Execution by authorized implementing agency following standard technical specifications.,Block-9,Village-8,18.665035,78.12922,True,1910000.0,1956794.52,1847042.3,62957.7,2023-02-27,2023-04-03,2023-05-08,2023-09-02,Completed,CONTRACTOR-DEMO-0115,Reliable Urban Works Pvt Ltd,Public Works Department (PWD)
MPLADS-DEMO-000494,DEMO-SYNTHETIC-v1,SYNTHETIC_DEMONSTRATION,MPLADS_STYLE_STRUCTURE,Madhya Pradesh,Indore,Indore,Representative Indore (Simulated),Irrigation & Water Conservation,Construction of Check Dam and Water Harvesting Percolation Tank at Village-170,Construction of Check Dam and Water Harvesting Percolation Tank at Village-170. Execution by authorized implementing agency following standard technical specifications.,Block-1,Village-170,22.774527,75.812324,True,1830000.0,1765263.36,1638343.62,191656.38,2024-01-15,2024-02-16,2024-03-28,2024-10-30,Completed,CONTRACTOR-DEMO-0081,Vanguard Urban Works Pvt Ltd,Minor Irrigation Division
MPLADS-DEMO-000495,DEMO-SYNTHETIC-v1,SYNTHETIC_DEMONSTRATION,MPLADS_STYLE_STRUCTURE,Kerala,Kozhikode,Kozhikode,Representative Kozhikode (Simulated),Rural Connectivity & Roads,Upgradation of Rural Link Road connecting Hamlet to Main Highway at Village-3,Upgradation of Rural Link Road connecting Hamlet to Main Highway at Village-3. Execution by authorized implementing agency following standard technical specifications.,Block-4,Village-3,11.30131,75.832427,True,2950000.0,2997269.64,2515239.27,434760.73,2023-04-30,2023-06-11,2023-07-18,2024-01-12,Completed,CONTRACTOR-DEMO-0054,Krishna Construction Co,District Rural Development Agency (DRDA)
MPLADS-DEMO-000496,DEMO-SYNTHETIC-v1,SYNTHETIC_DEMONSTRATION,MPLADS_STYLE_STRUCTURE,Gujarat,Surat,Surat,Representative Surat (Simulated),Community Infrastructure,Construction of Open Air Gymnasium and Seating Area at Village-100,Construction of Open Air Gymnasium and Seating Area at Village-100. Execution by authorized implementing agency following standard technical specifications.,Block-1,Village-100,21.199463,72.862307,True,760000.0,761244.56,664530.13,95469.87,2023-05-04,2023-05-23,2023-07-09,2024-02-02,Completed,CONTRACTOR-DEMO-0091,Reliable Construction Co,Minor Irrigation Division
MPLADS-DEMO-000497,DEMO-SYNTHETIC-v1,SYNTHETIC_DEMONSTRATION,MPLADS_STYLE_STRUCTURE,Maharashtra,Nashik,Nashik,Representative Nashik (Simulated),Community Infrastructure,Construction of Multipurpose Community Hall at Village Village-139,Construction of Multipurpose Community Hall at Village Village-139. Execution by authorized implementing agency following standard technical specifications.,Block-10,Village-139,20.009525,73.756174,True,2190000.0,2155650.65,1855437.1,334562.9,2023-09-30,2023-10-21,2023-11-08,2024-03-28,Completed,CONTRACTOR-DEMO-0164,Kisan Civil Projects,Municipal Corporation Public Works
MPLADS-DEMO-000498,DEMO-SYNTHETIC-v1,SYNTHETIC_DEMONSTRATION,MPLADS_STYLE_STRUCTURE,Rajasthan,Udaipur,Udaipur,Representative Udaipur (Simulated),Community Infrastructure,Construction of Multipurpose Community Hall at Village Village-194,Construction of Multipurpose Community Hall at Village Village-194. Execution by authorized implementing agency following standard technical specifications.,Block-5,Village-194,24.605025,73.663717,True,1580000.0,1589155.82,1186894.55,393105.45,2023-07-07,2023-08-05,2023-09-23,2024-02-04,Completed,CONTRACTOR-DEMO-0093,Reliable Infrastructure Ltd,District Rural Development Agency (DRDA)
MPLADS-DEMO-000499,DEMO-SYNTHETIC-v1,SYNTHETIC_DEMONSTRATION,MPLADS_STYLE_STRUCTURE,Rajasthan,Jaipur,Jaipur,Representative Jaipur (Simulated),Healthcare Infrastructure,Development of Emergency Cold Storage and Pharmacy Room at Hospital Village-147,Development of Emergency Cold Storage and Pharmacy Room at Hospital Village-147. Execution by authorized implementing agency following standard technical specifications.,Block-8,Village-147,26.934816,75.815166,True,1860000.0,1895341.83,1440016.08,419983.92,2023-10-06,2023-11-01,2023-12-09,2024-03-30,Completed,CONTRACTOR-DEMO-0186,Classic Enterprises,Panchayati Raj Engineering Division
MPLADS-DEMO-000500,DEMO-SYNTHETIC-v1,SYNTHETIC_DEMONSTRATION,MPLADS_STYLE_STRUCTURE,Telangana,Karimnagar,Karimnagar,Representative Karimnagar (Simulated),Education & Schools,Construction of Additional Classrooms at Govt Senior Secondary School Village-24,Construction of Additional Classrooms at Govt Senior Secondary School Village-24. Execution by authorized implementing agency following standard technical specifications.,Block-5,Village-24,18.381685,79.179306,True,2610000.0,2550446.98,2004367.04,605632.96,2023-12-27,2024-02-04,2024-03-25,2024-09-17,Completed,CONTRACTOR-DEMO-0071,Kisan Infra Solutions,Municipal Corporation Public Works
MPLADS-DEMO-000501,DEMO-SYNTHETIC-v1,SYNTHETIC_DEMONSTRATION,MPLADS_STYLE_STRUCTURE,Karnataka,Bengaluru Rural,Bengaluru Rural,Representative Bengaluru Rural (Simulated),Healthcare Infrastructure,Supply of Diagnostic Medical Equipment and Patient Beds to Rural Clinic in Village-113,Supply of Diagnostic Medical Equipment and Patient Beds to Rural Clinic in Village-113. Execution by authorized implementing agency following standard technical specifications.,Block-4,Village-113,13.089072,77.626017,True,1930000.0,2003073.27,1813190.07,116809.93,2023-03-29,2023-04-20,2023-06-05,2023-09-21,Completed,CONTRACTOR-DEMO-0184,Shanti Projects Ltd,Municipal Corporation Public Works
MPLADS-DEMO-000502,DEMO-SYNTHETIC-v1,SYNTHETIC_DEMONSTRATION,MPLADS_STYLE_STRUCTURE,Odisha,Khordha,Bhubaneswar,Representative Khordha (Simulated),Renewable Energy,Installation of Solar LED High-Mast Lighting System at Market Yard Village-178,Installation of Solar LED High-Mast Lighting System at Market Yard Village-178. Execution by authorized implementing agency following standard technical specifications.,Block-9,Village-178,20.143544,85.617736,True,550000.0,569539.06,459220.51,90779.49,2024-05-16,2024-06-06,2024-07-17,,In Progress,CONTRACTOR-DEMO-0098,Vanguard Civil Projects,Municipal Corporation Public Works
MPLADS-DEMO-000503,DEMO-SYNTHETIC-v1,SYNTHETIC_DEMONSTRATION,MPLADS_STYLE_STRUCTURE,Rajasthan,Jaipur,Jaipur,Representative Jaipur (Simulated),Community Infrastructure,Development of Public Recreation Shed and Boundary Wall in Village-31,Development of Public Recreation Shed and Boundary Wall in Village-31. Execution by authorized implementing agency following standard technical specifications.,Block-2,Village-31,26.895691,75.851133,True,1280000.0,1258903.68,968236.66,311763.34,2023-03-29,2023-04-21,2023-06-01,,In Progress,CONTRACTOR-DEMO-0082,Siddhartha Construction Co,District Rural Development Agency (DRDA)
MPLADS-DEMO-000504,DEMO-SYNTHETIC-v1,SYNTHETIC_DEMONSTRATION,MPLADS_STYLE_STRUCTURE,Uttar Pradesh,Varanasi,Varanasi,Representative Varanasi (Simulated),Drinking Water & Sanitation,Laying of Underground Drinking Water Pipeline Distribution in Village-1,Laying of Underground Drinking Water Pipeline Distribution in Village-1. Execution by authorized implementing agency following standard technical specifications.,Block-2,Village-1,25.268503,82.954224,True,850000.0,844395.11,749533.05,100466.95,2023-10-31,2023-12-12,2024-01-17,2024-07-31,Completed,CONTRACTOR-DEMO-0188,Universal Contractors,Municipal Corporation Public Works
MPLADS-DEMO-000505,DEMO-SYNTHETIC-v1,SYNTHETIC_DEMONSTRATION,MPLADS_STYLE_STRUCTURE,Maharashtra,Pune,Pune,Representative Pune (Simulated),Irrigation & Water Conservation,Construction of Check Dam and Water Harvesting Percolation Tank at Village-130,Construction of Check Dam and Water Harvesting Percolation Tank at Village-130. Execution by authorized implementing agency following standard technical specifications.,Block-1,Village-130,18.53814,73.890718,True,1950000.0,1942055.66,1851055.98,98944.02,2023-06-30,2023-07-19,2023-08-29,2024-02-21,Completed,CONTRACTOR-DEMO-0090,Om Civil Projects,Municipal Corporation Public Works
MPLADS-DEMO-000506,DEMO-SYNTHETIC-v1,SYNTHETIC_DEMONSTRATION,MPLADS_STYLE_STRUCTURE,Gujarat,Ahmedabad,Ahmedabad West,Representative Ahmedabad (Simulated),Healthcare Infrastructure,Supply of Diagnostic Medical Equipment and Patient Beds to Rural Clinic in Village-189,Supply of Diagnostic Medical Equipment and Patient Beds to Rural Clinic in Village-189. Execution by authorized implementing agency following standard technical specifications.,Block-10,Village-189,22.993559,72.517909,True,1210000.0,1230057.8,1066686.15,143313.85,2024-02-26,2024-03-30,2024-05-19,2024-12-23,Completed,CONTRACTOR-DEMO-0025,Aditya Infra Solutions,Rural Engineering Service (RES)
MPLADS-DEMO-000507,DEMO-SYNTHETIC-v1,SYNTHETIC_DEMONSTRATION,MPLADS_STYLE_STRUCTURE,Tamil Nadu,Madurai,Madurai,Representative Madurai (Simulated),Renewable Energy,Installation of 10kW Rooftop Solar Power System at Primary Health Center Village-194,Installation of 10kW Rooftop Solar Power System at Primary Health Center Village-194. Execution by authorized implementing agency following standard technical specifications.,Block-5,Village-194,9.867074,78.128932,True,720000.0,734432.17,623236.99,96763.01,2023-01-24,2023-02-14,2023-04-04,,In Progress,CONTRACTOR-DEMO-0008,Apex Projects Ltd,District Rural Development Agency (DRDA)
MPLADS-DEMO-000508,DEMO-SYNTHETIC-v1,SYNTHETIC_DEMONSTRATION,MPLADS_STYLE_STRUCTURE,Telangana,Nizamabad,Nizamabad,Representative Nizamabad (Simulated),Drinking Water & Sanitation,Construction of Public Sanitation Facility and Bathing Block in Village-181,Construction of Public Sanitation Facility and Bathing Block in Village-181. Execution by authorized implementing agency following standard technical specifications.,Block-2,Village-181,18.716559,78.104442,True,750000.0,768415.26,667182.46,82817.54,2023-08-08,2023-08-24,2023-10-09,2023-12-28,Completed,CONTRACTOR-DEMO-0091,Reliable Construction Co,Panchayati Raj Engineering Division
MPLADS-DEMO-000509,DEMO-SYNTHETIC-v1,SYNTHETIC_DEMONSTRATION,MPLADS_STYLE_STRUCTURE,Maharashtra,Nashik,Nashik,Representative Nashik (Simulated),Education & Schools,Construction of Additional Classrooms at Govt Senior Secondary School Village-136,Construction of Additional Classrooms at Govt Senior Secondary School Village-136. Execution by authorized implementing agency following standard technical specifications.,Block-7,Village-136,19.97376,73.758233,True,1690000.0,1754867.08,1478089.6,211910.4,2023-06-10,2023-07-03,2023-07-29,,In Progress,CONTRACTOR-DEMO-0026,Gitanjali Buildcon Pvt Ltd,Rural Engineering Service (RES)
MPLADS-DEMO-000510,DEMO-SYNTHETIC-v1,SYNTHETIC_DEMONSTRATION,MPLADS_STYLE_STRUCTURE,Rajasthan,Jaipur,Jaipur,Representative Jaipur (Simulated),Education & Schools,Installation of Digital Smart Classroom and Computer Lab Infrastructure at Village-16,Installation of Digital Smart Classroom and Computer Lab Infrastructure at Village-16. Execution by authorized implementing agency following standard technical specifications.,Block-7,Village-16,26.927282,75.764588,True,730000.0,742456.76,597538.29,132461.71,2023-03-06,2023-04-09,2023-05-03,2023-10-07,Completed,CONTRACTOR-DEMO-0070,Alliance Projects Ltd,Panchayati Raj Engineering Division
MPLADS-DEMO-000511,DEMO-SYNTHETIC-v1,SYNTHETIC_DEMONSTRATION,MPLADS_STYLE_STRUCTURE,Telangana,Karimnagar,Karimnagar,Representative Karimnagar (Simulated),Community Infrastructure,Construction of Multipurpose Community Hall at Village Village-52,Construction of Multipurpose Community Hall at Village Village-52. Execution by authorized implementing agency following standard technical specifications.,Block-3,Village-52,18.404751,79.141411,True,1500000.0,1499157.53,1384574.54,115425.46,2023-07-31,2023-08-21,2023-09-22,,In Progress,CONTRACTOR-DEMO-0122,Shanti Construction Co,Municipal Corporation Public Works
MPLADS-DEMO-000512,DEMO-SYNTHETIC-v1,SYNTHETIC_DEMONSTRATION,MPLADS_STYLE_STRUCTURE,Madhya Pradesh,Bhopal,Bhopal,Representative Bhopal (Simulated),Community Infrastructure,Renovation and Expansion of Village Panchayat Bhavan in Village-8,Renovation and Expansion of Village Panchayat Bhavan in Village-8. Execution by authorized implementing agency following standard technical specifications.,Block-9,Village-8,23.247874,77.377986,True,1440000.0,1413407.2,1399102.82,40897.18,2023-12-26,2024-01-15,2024-02-14,2024-05-31,Completed,CONTRACTOR-DEMO-0081,Vanguard Urban Works Pvt Ltd,Municipal Corporation Public Works
MPLADS-DEMO-000513,DEMO-SYNTHETIC-v1,SYNTHETIC_DEMONSTRATION,MPLADS_STYLE_STRUCTURE,Madhya Pradesh,Bhopal,Bhopal,Representative Bhopal (Simulated),Education & Schools,Construction of Additional Classrooms at Govt Senior Secondary School Village-163,Construction of Additional Classrooms at Govt Senior Secondary School Village-163. Execution by authorized implementing agency following standard technical specifications.,Block-4,Village-163,23.259956,77.449375,True,1760000.0,1742161.38,1718852.97,41147.03,2024-02-19,2024-03-19,2024-05-07,2024-12-10,Completed,CONTRACTOR-DEMO-0119,Shiv Shakti Infrastructure Ltd,Public Works Department (PWD)
MPLADS-DEMO-000514,DEMO-SYNTHETIC-v1,SYNTHETIC_DEMONSTRATION,MPLADS_STYLE_STRUCTURE,Gujarat,Rajkot,Rajkot,Representative Rajkot (Simulated),Irrigation & Water Conservation,Desilting and Deepening of Traditional Village Water Reservoir in Village-159,Desilting and Deepening of Traditional Village Water Reservoir in Village-159. Execution by authorized implementing agency following standard technical specifications.,Block-10,Village-159,22.276502,70.863571,True,800000.0,771851.2,769613.17,30386.83,2023-06-03,2023-07-03,2023-08-11,2023-12-18,Completed,CONTRACTOR-DEMO-0153,Siddhartha Infrastructure Ltd,Municipal Corporation Public Works
MPLADS-DEMO-000515,DEMO-SYNTHETIC-v1,SYNTHETIC_DEMONSTRATION,MPLADS_STYLE_STRUCTURE,Rajasthan,Jaipur,Jaipur,Representative Jaipur (Simulated),Community Infrastructure,Development of Public Recreation Shed and Boundary Wall in Village-190,Development of Public Recreation Shed and Boundary Wall in Village-190. Execution by authorized implementing agency following standard technical specifications.,Block-1,Village-190,26.916832,75.731392,True,1010000.0,1001540.64,786067.55,223932.45,2023-03-27,2023-04-27,2023-06-08,,In Progress,CONTRACTOR-DEMO-0133,Mahalaxmi Contractors,District Rural Development Agency (DRDA)
MPLADS-DEMO-000516,DEMO-SYNTHETIC-v1,SYNTHETIC_DEMONSTRATION,MPLADS_STYLE_STRUCTURE,Odisha,Cuttack,Cuttack,Representative Cuttack (Simulated),Healthcare Infrastructure,Supply of Diagnostic Medical Equipment and Patient Beds to Rural Clinic in Village-163,Supply of Diagnostic Medical Equipment and Patient Beds to Rural Clinic in Village-163. Execution by authorized implementing agency following standard technical specifications.,Block-4,Village-163,20.431477,85.91585,True,1570000.0,1541490.45,1416648.23,153351.77,2023-06-28,2023-08-02,2023-08-30,2024-02-05,Completed,CONTRACTOR-DEMO-0008,Apex Projects Ltd,Minor Irrigation Division
MPLADS-DEMO-000517,DEMO-SYNTHETIC-v1,SYNTHETIC_DEMONSTRATION,MPLADS_STYLE_STRUCTURE,Maharashtra,Pune,Pune,Representative Pune (Simulated),Healthcare Infrastructure,Construction of Maternity & Child Healthcare Ward at Primary Health Sub-Center Village-156,Construction of Maternity & Child Healthcare Ward at Primary Health Sub-Center Village-156. Execution by authorized implementing agency following standard technical specifications.,Block-7,Village-156,18.517349,73.908888,True,2240000.0,2224438.82,2141242.16,98757.84,2024-01-10,2024-02-24,2024-04-04,2024-07-07,Completed,CONTRACTOR-DEMO-0141,Alliance Engineering Works,Public Works Department (PWD)
MPLADS-DEMO-000518,DEMO-SYNTHETIC-v1,SYNTHETIC_DEMONSTRATION,MPLADS_STYLE_STRUCTURE,Odisha,Cuttack,Cuttack,Representative Cuttack (Simulated),Irrigation & Water Conservation,Construction of Reinforced Concrete Irrigation Sluice Gate and Channel in Village-114,Construction of Reinforced Concrete Irrigation Sluice Gate and Channel in Village-114. Execution by authorized implementing agency following standard technical specifications.,Block-5,Village-114,20.484892,85.863889,True,1380000.0,1416152.34,1148618.33,231381.67,2023-04-15,2023-04-29,2023-05-21,2023-09-22,Completed,CONTRACTOR-DEMO-0117,Riddhi Engineers & Builders,Public Works Department (PWD)
MPLADS-DEMO-000519,DEMO-SYNTHETIC-v1,SYNTHETIC_DEMONSTRATION,MPLADS_STYLE_STRUCTURE,Uttar Pradesh,Lucknow,Lucknow,Representative Lucknow (Simulated),Healthcare Infrastructure,Construction of Maternity & Child Healthcare Ward at Primary Health Sub-Center Village-195,Construction of Maternity & Child Healthcare Ward at Primary Health Sub-Center Village-195. Execution by authorized implementing agency following standard technical specifications.,Block-6,Village-195,26.818247,81.000982,True,2710000.0,2643119.73,2541287.84,168712.16,2023-12-01,2024-01-03,2024-02-01,,In Progress,CONTRACTOR-DEMO-0130,Vikas Urban Works Pvt Ltd,District Rural Development Agency (DRDA)
MPLADS-DEMO-000520,DEMO-SYNTHETIC-v1,SYNTHETIC_DEMONSTRATION,MPLADS_STYLE_STRUCTURE,Gujarat,Ahmedabad,Ahmedabad West,Representative Ahmedabad (Simulated),Rural Connectivity & Roads,Construction of Culvert and Cross-Drainage Structure on Link Road Village-181,Construction of Culvert and Cross-Drainage Structure on Link Road Village-181. Execution by authorized implementing agency following standard technical specifications.,Block-2,Village-181,23.049406,72.533581,True,1700000.0,1765859.84,1524628.52,175371.48,2023-03-12,2023-04-12,2023-05-29,2023-12-31,Completed,CONTRACTOR-DEMO-0053,Bharat Engineers & Builders,Minor Irrigation Division
MPLADS-DEMO-000521,DEMO-SYNTHETIC-v1,SYNTHETIC_DEMONSTRATION,MPLADS_STYLE_STRUCTURE,Kerala,Kozhikode,Kozhikode,Representative Kozhikode (Simulated),Renewable Energy,Installation of 10kW Rooftop Solar Power System at Primary Health Center Village-175,Installation of 10kW Rooftop Solar Power System at Primary Health Center Village-175. Execution by authorized implementing agency following standard technical specifications.,Block-6,Village-175,11.272186,75.738219,True,970000.0,941151.92,742012.5,227987.5,2023-05-27,2023-06-24,2023-08-11,2024-01-03,Completed,CONTRACTOR-DEMO-0053,Bharat Engineers & Builders,Minor Irrigation Division
MPLADS-DEMO-000522,DEMO-SYNTHETIC-v1,SYNTHETIC_DEMONSTRATION,MPLADS_STYLE_STRUCTURE,Gujarat,Rajkot,Rajkot,Representative Rajkot (Simulated),Healthcare Infrastructure,Development of Emergency Cold Storage and Pharmacy Room at Hospital Village-137,Development of Emergency Cold Storage and Pharmacy Room at Hospital Village-137. Execution by authorized implementing agency following standard technical specifications.,Block-8,Village-137,22.318779,70.825688,True,2330000.0,2321411.83,2250115.45,79884.55,2023-12-09,2023-12-26,2024-01-30,2024-07-27,Completed,CONTRACTOR-DEMO-0074,Hindustan Urban Works Pvt Ltd,Public Works Department (PWD)
MPLADS-DEMO-000523,DEMO-SYNTHETIC-v1,SYNTHETIC_DEMONSTRATION,MPLADS_STYLE_STRUCTURE,Kerala,Wayanad,Wayanad,Representative Wayanad (Simulated),Renewable Energy,Supply and Erection of 30 Standalone Solar Street Lights in Village-127,Supply and Erection of 30 Standalone Solar Street Lights in Village-127. Execution by authorized implementing agency following standard technical specifications.,Block-8,Village-127,11.667391,76.165673,True,640000.0,616804.59,615187.23,24812.77,2023-10-14,2023-11-25,2023-12-30,,In Progress,CONTRACTOR-DEMO-0053,Bharat Engineers & Builders,District Rural Development Agency (DRDA)
MPLADS-DEMO-000524,DEMO-SYNTHETIC-v1,SYNTHETIC_DEMONSTRATION,MPLADS_STYLE_STRUCTURE,Gujarat,Surat,Surat,Representative Surat (Simulated),Renewable Energy,Installation of Solar LED High-Mast Lighting System at Market Yard Village-189,Installation of Solar LED High-Mast Lighting System at Market Yard Village-189. Execution by authorized implementing agency following standard technical specifications.,Block-10,Village-189,21.134532,72.855741,True,490000.0,506346.21,389688.02,100311.98,2023-07-02,2023-08-04,2023-08-23,2023-11-30,Completed,CONTRACTOR-DEMO-0011,Mahalaxmi Infrastructure Ltd,Panchayati Raj Engineering Division
MPLADS-DEMO-000525,DEMO-SYNTHETIC-v1,SYNTHETIC_DEMONSTRATION,MPLADS_STYLE_STRUCTURE,Madhya Pradesh,Bhopal,Bhopal,Representative Bhopal (Simulated),Irrigation & Water Conservation,Construction of Check Dam and Water Harvesting Percolation Tank at Village-152,Construction of Check Dam and Water Harvesting Percolation Tank at Village-152. Execution by authorized implementing agency following standard technical specifications.,Block-3,Village-152,23.298539,77.469158,True,2170000.0,2126671.08,1681323.27,488676.73,2023-05-17,2023-06-21,2023-07-09,2024-02-02,Completed,CONTRACTOR-DEMO-0064,Sai Civil Projects,Public Works Department (PWD)
MPLADS-DEMO-000526,DEMO-SYNTHETIC-v1,SYNTHETIC_DEMONSTRATION,MPLADS_STYLE_STRUCTURE,Telangana,Warangal,Warangal,Representative Warangal (Simulated),Renewable Energy,Installation of 10kW Rooftop Solar Power System at Primary Health Center Village-113,Installation of 10kW Rooftop Solar Power System at Primary Health Center Village-113. Execution by authorized implementing agency following standard technical specifications.,Block-4,Village-113,18.003233,79.610395,True,970000.0,940886.53,944916.66,25083.34,2024-04-28,2024-05-14,2024-06-22,2024-09-21,Completed,CONTRACTOR-DEMO-0036,Sai Projects Ltd,Public Works Department (PWD)
MPLADS-DEMO-000527,DEMO-SYNTHETIC-v1,SYNTHETIC_DEMONSTRATION,MPLADS_STYLE_STRUCTURE,Odisha,Ganjam,Aska,Representative Ganjam (Simulated),Irrigation & Water Conservation,Desilting and Deepening of Traditional Village Water Reservoir in Village-15,Desilting and Deepening of Traditional Village Water Reservoir in Village-15. Execution by authorized implementing agency following standard technical specifications.,Block-6,Village-15,19.354191,85.006404,True,880000.0,851968.66,671291.89,208708.11,2023-02-10,2023-03-14,2023-04-22,2023-10-19,Completed,CONTRACTOR-DEMO-0063,Navnirman Infrastructure Ltd,Municipal Corporation Public Works
MPLADS-DEMO-000528,DEMO-SYNTHETIC-v1,SYNTHETIC_DEMONSTRATION,MPLADS_STYLE_STRUCTURE,Telangana,Nizamabad,Nizamabad,Representative Nizamabad (Simulated),Healthcare Infrastructure,Development of Emergency Cold Storage and Pharmacy Room at Hospital Village-3,Development of Emergency Cold Storage and Pharmacy Room at Hospital Village-3. Execution by authorized implementing agency following standard technical specifications.,Block-4,Village-3,18.666443,78.089447,True,1740000.0,1792887.39,1552816.07,187183.93,2023-07-07,2023-07-22,2023-09-04,2024-01-06,Completed,CONTRACTOR-DEMO-0031,Shiv Shakti Buildcon Pvt Ltd,Public Works Department (PWD)
MPLADS-DEMO-000529,DEMO-SYNTHETIC-v1,SYNTHETIC_DEMONSTRATION,MPLADS_STYLE_STRUCTURE,Gujarat,Rajkot,Rajkot,Representative Rajkot (Simulated),Renewable Energy,Installation of 10kW Rooftop Solar Power System at Primary Health Center Village-18,Installation of 10kW Rooftop Solar Power System at Primary Health Center Village-18. Execution by authorized implementing agency following standard technical specifications.,Block-9,Village-18,22.315975,70.846501,True,960000.0,931275.39,832364.68,127635.32,2023-07-15,2023-08-24,2023-10-08,2024-04-13,Completed,CONTRACTOR-DEMO-0051,Maruti Engineering Works,Rural Engineering Service (RES)
MPLADS-DEMO-000530,DEMO-SYNTHETIC-v1,SYNTHETIC_DEMONSTRATION,MPLADS_STYLE_STRUCTURE,Maharashtra,Pune,Pune,Representative Pune (Simulated),Irrigation & Water Conservation,Construction of Check Dam and Water Harvesting Percolation Tank at Village-16,Construction of Check Dam and Water Harvesting Percolation Tank at Village-16. Execution by authorized implementing agency following standard technical specifications.,Block-7,Village-16,18.471998,73.867688,True,1750000.0,1814363.79,1616135.39,133864.61,2023-06-23,2023-07-16,2023-08-09,2024-01-18,Completed,CONTRACTOR-DEMO-0078,Maruti Civil Projects,District Rural Development Agency (DRDA)
MPLADS-DEMO-000531,DEMO-SYNTHETIC-v1,SYNTHETIC_DEMONSTRATION,MPLADS_STYLE_STRUCTURE,Gujarat,Rajkot,Rajkot,Representative Rajkot (Simulated),Renewable Energy,Installation of 10kW Rooftop Solar Power System at Primary Health Center Village-169,Installation of 10kW Rooftop Solar Power System at Primary Health Center Village-169. Execution by authorized implementing agency following standard technical specifications.,Block-10,Village-169,22.327079,70.744651,True,920000.0,943491.93,808379.6,111620.4,2023-02-11,2023-03-24,2023-04-30,,In Progress,CONTRACTOR-DEMO-0055,Gitanjali Projects Ltd,Minor Irrigation Division
MPLADS-DEMO-000532,DEMO-SYNTHETIC-v1,SYNTHETIC_DEMONSTRATION,MPLADS_STYLE_STRUCTURE,Odisha,Ganjam,Aska,Representative Ganjam (Simulated),Drinking Water & Sanitation,Installation of Community RO Water Purification Plant at Village-88,Installation of Community RO Water Purification Plant at Village-88. Execution by authorized implementing agency following standard technical specifications.,Block-9,Village-88,19.339616,84.986844,True,1040000.0,1080096.01,923463.14,116536.86,2023-07-03,2023-08-07,2023-09-10,2024-01-04,Completed,CONTRACTOR-DEMO-0030,Hindustan Civil Projects,Panchayati Raj Engineering Division
MPLADS-DEMO-000533,DEMO-SYNTHETIC-v1,SYNTHETIC_DEMONSTRATION,MPLADS_STYLE_STRUCTURE,Odisha,Cuttack,Cuttack,Representative Cuttack (Simulated),Irrigation & Water Conservation,Construction of Check Dam and Water Harvesting Percolation Tank at Village-127,Construction of Check Dam and Water Harvesting Percolation Tank at Village-127. Execution by authorized implementing agency following standard technical specifications.,Block-8,Village-127,20.426023,85.818481,True,1380000.0,1401331.55,1183078.77,196921.23,2023-05-04,2023-06-02,2023-07-17,2023-12-23,Completed,CONTRACTOR-DEMO-0193,Balaji Urban Works Pvt Ltd,Panchayati Raj Engineering Division
MPLADS-DEMO-000534,DEMO-SYNTHETIC-v1,SYNTHETIC_DEMONSTRATION,MPLADS_STYLE_STRUCTURE,Uttar Pradesh,Varanasi,Varanasi,Representative Varanasi (Simulated),Education & Schools,Installation of Digital Smart Classroom and Computer Lab Infrastructure at Village-2,Installation of Digital Smart Classroom and Computer Lab Infrastructure at Village-2. Execution by authorized implementing agency following standard technical specifications.,Block-3,Village-2,25.299766,82.918485,True,730000.0,733193.99,571409.29,158590.71,2023-08-28,2023-09-23,2023-10-31,,In Progress,CONTRACTOR-DEMO-0011,Mahalaxmi Infrastructure Ltd,Rural Engineering Service (RES)
MPLADS-DEMO-000535,DEMO-SYNTHETIC-v1,SYNTHETIC_DEMONSTRATION,MPLADS_STYLE_STRUCTURE,Uttar Pradesh,Varanasi,Varanasi,Representative Varanasi (Simulated),Rural Connectivity & Roads,Interlocking Paver Block Road Installation along Main Street in Village-57,Interlocking Paver Block Road Installation along Main Street in Village-57. Execution by authorized implementing agency following standard technical specifications.,Block-8,Village-57,25.3677,83.002349,True,1230000.0,1264197.36,992083.29,237916.71,2023-04-25,2023-05-10,2023-06-05,2023-09-13,Completed,CONTRACTOR-DEMO-0009,Golden Urban Works Pvt Ltd,Minor Irrigation Division
MPLADS-DEMO-000536,DEMO-SYNTHETIC-v1,SYNTHETIC_DEMONSTRATION,MPLADS_STYLE_STRUCTURE,Maharashtra,Pune,Pune,Representative Pune (Simulated),Education & Schools,Construction of Additional Classrooms at Govt Senior Secondary School Village-87,Construction of Additional Classrooms at Govt Senior Secondary School Village-87. Execution by authorized implementing agency following standard technical specifications.,Block-8,Village-87,18.577095,73.831359,True,2010000.0,1989038.22,1679637.52,330362.48,2023-04-12,2023-05-23,2023-06-11,,In Progress,CONTRACTOR-DEMO-0037,Classic Urban Works Pvt Ltd,Rural Engineering Service (RES)
MPLADS-DEMO-000537,DEMO-SYNTHETIC-v1,SYNTHETIC_DEMONSTRATION,MPLADS_STYLE_STRUCTURE,Uttar Pradesh,Varanasi,Varanasi,Representative Varanasi (Simulated),Renewable Energy,Supply and Erection of 30 Standalone Solar Street Lights in Village-178,Supply and Erection of 30 Standalone Solar Street Lights in Village-178. Execution by authorized implementing agency following standard technical specifications.,Block-9,Village-178,25.301253,82.986841,True,900000.0,881607.57,684562.4,215437.6,2023-11-26,2023-12-22,2024-02-09,2024-06-01,Completed,CONTRACTOR-DEMO-0087,Swastik Infrastructure Ltd,Rural Engineering Service (RES)
MPLADS-DEMO-000538,DEMO-SYNTHETIC-v1,SYNTHETIC_DEMONSTRATION,MPLADS_STYLE_STRUCTURE,Gujarat,Ahmedabad,Ahmedabad West,Representative Ahmedabad (Simulated),Healthcare Infrastructure,Supply of Diagnostic Medical Equipment and Patient Beds to Rural Clinic in Village-33,Supply of Diagnostic Medical Equipment and Patient Beds to Rural Clinic in Village-33. Execution by authorized implementing agency following standard technical specifications.,Block-4,Village-33,23.068195,72.63229,True,1620000.0,1582317.19,1245332.51,374667.49,2023-09-12,2023-09-30,2023-10-25,2024-05-17,Completed,CONTRACTOR-DEMO-0099,Maruti Infrastructure Ltd,Panchayati Raj Engineering Division
MPLADS-DEMO-000539,DEMO-SYNTHETIC-v1,SYNTHETIC_DEMONSTRATION,MPLADS_STYLE_STRUCTURE,Karnataka,Mysuru,Mysuru,Representative Mysuru (Simulated),Education & Schools,Installation of Digital Smart Classroom and Computer Lab Infrastructure at Village-83,Installation of Digital Smart Classroom and Computer Lab Infrastructure at Village-83. Execution by authorized implementing agency following standard technical specifications.,Block-4,Village-83,12.323423,76.642712,True,1310000.0,1332600.11,1131580.84,178419.16,2023-06-01,2023-07-10,2023-07-27,,In Progress,CONTRACTOR-DEMO-0055,Gitanjali Projects Ltd,Panchayati Raj Engineering Division
MPLADS-DEMO-000540,DEMO-SYNTHETIC-v1,SYNTHETIC_DEMONSTRATION,MPLADS_STYLE_STRUCTURE,Odisha,Khordha,Bhubaneswar,Representative Khordha (Simulated),Drinking Water & Sanitation,Laying of Underground Drinking Water Pipeline Distribution in Village-56,Laying of Underground Drinking Water Pipeline Distribution in Village-56. Execution by authorized implementing agency following standard technical specifications.,Block-7,Village-56,20.15568,85.671732,True,1000000.0,1034839.91,836044.69,163955.31,2023-10-23,2023-11-11,2023-12-04,2024-05-02,Completed,CONTRACTOR-DEMO-0117,Riddhi Engineers & Builders,Municipal Corporation Public Works
MPLADS-DEMO-000541,DEMO-SYNTHETIC-v1,SYNTHETIC_DEMONSTRATION,MPLADS_STYLE_STRUCTURE,Rajasthan,Udaipur,Udaipur,Representative Udaipur (Simulated),Drinking Water & Sanitation,Installation of Community RO Water Purification Plant at Village-120,Installation of Community RO Water Purification Plant at Village-120. Execution by authorized implementing agency following standard technical specifications.,Block-1,Village-120,24.586994,73.691229,True,880000.0,877715.59,742772.04,137227.96,2024-03-01,2024-04-15,2024-05-20,,In Progress,CONTRACTOR-DEMO-0010,Bharat Contractors,Rural Engineering Service (RES)
MPLADS-DEMO-000542,DEMO-SYNTHETIC-v1,SYNTHETIC_DEMONSTRATION,MPLADS_STYLE_STRUCTURE,Madhya Pradesh,Jabalpur,Jabalpur,Representative Jabalpur (Simulated),Drinking Water & Sanitation,Drilling of Deep Borewell and Solar-Powered Overhead Water Tank at Village-166,Drilling of Deep Borewell and Solar-Powered Overhead Water Tank at Village-166. Execution by authorized implementing agency following standard technical specifications.,Block-7,Village-166,23.126365,80.038592,True,680000.0,698637.62,590200.51,89799.49,2023-12-10,2023-12-29,2024-01-30,2024-05-09,Completed,CONTRACTOR-DEMO-0034,Maruti Engineers & Builders,Public Works Department (PWD)
MPLADS-DEMO-000543,DEMO-SYNTHETIC-v1,SYNTHETIC_DEMONSTRATION,MPLADS_STYLE_STRUCTURE,Rajasthan,Udaipur,Udaipur,Representative Udaipur (Simulated),Community Infrastructure,Development of Public Recreation Shed and Boundary Wall in Village-86,Development of Public Recreation Shed and Boundary Wall in Village-86. Execution by authorized implementing agency following standard technical specifications.,Block-7,Village-86,24.545964,73.690301,True,1280000.0,1305109.64,1186241.35,93758.65,2024-03-22,2024-04-22,2024-05-19,2024-09-06,Completed,CONTRACTOR-DEMO-0196,Pragati Engineering Works,Minor Irrigation Division
MPLADS-DEMO-000544,DEMO-SYNTHETIC-v1,SYNTHETIC_DEMONSTRATION,MPLADS_STYLE_STRUCTURE,Kerala,Kozhikode,Kozhikode,Representative Kozhikode (Simulated),Renewable Energy,Supply and Erection of 30 Standalone Solar Street Lights in Village-3,Supply and Erection of 30 Standalone Solar Street Lights in Village-3. Execution by authorized implementing agency following standard technical specifications.,Block-4,Village-3,11.29391,75.75204,True,720000.0,736308.19,606871.13,113128.87,2023-08-10,2023-08-24,2023-10-08,2024-01-29,Completed,CONTRACTOR-DEMO-0105,Krishna Buildcon Pvt Ltd,Rural Engineering Service (RES)
MPLADS-DEMO-000545,DEMO-SYNTHETIC-v1,SYNTHETIC_DEMONSTRATION,MPLADS_STYLE_STRUCTURE,Uttar Pradesh,Lucknow,Lucknow,Representative Lucknow (Simulated),Healthcare Infrastructure,Development of Emergency Cold Storage and Pharmacy Room at Hospital Village-54,Development of Emergency Cold Storage and Pharmacy Room at Hospital Village-54. Execution by authorized implementing agency following standard technical specifications.,Block-5,Village-54,26.843377,80.948257,True,2200000.0,2209260.28,1887181.6,312818.4,2024-03-06,2024-04-18,2024-05-24,2024-10-26,Completed,CONTRACTOR-DEMO-0052,Siddhartha Urban Works Pvt Ltd,Panchayati Raj Engineering Division
MPLADS-DEMO-000546,DEMO-SYNTHETIC-v1,SYNTHETIC_DEMONSTRATION,MPLADS_STYLE_STRUCTURE,Telangana,Warangal,Warangal,Representative Warangal (Simulated),Healthcare Infrastructure,Supply of Diagnostic Medical Equipment and Patient Beds to Rural Clinic in Village-54,Supply of Diagnostic Medical Equipment and Patient Beds to Rural Clinic in Village-54. Execution by authorized implementing agency following standard technical specifications.,Block-5,Village-54,17.960929,79.639983,True,1030000.0,1019675.29,909311.75,120688.25,2023-03-21,2023-04-23,2023-05-08,2023-10-20,Completed,CONTRACTOR-DEMO-0090,Om Civil Projects,Rural Engineering Service (RES)
MPLADS-DEMO-000547,DEMO-SYNTHETIC-v1,SYNTHETIC_DEMONSTRATION,MPLADS_STYLE_STRUCTURE,Madhya Pradesh,Bhopal,Bhopal,Representative Bhopal (Simulated),Education & Schools,Setup of Science Laboratory and Learning Resource Center in Village-196,Setup of Science Laboratory and Learning Resource Center in Village-196. Execution by authorized implementing agency following standard technical specifications.,Block-7,Village-196,23.296124,77.417489,True,1310000.0,1319112.89,1153511.08,156488.92,2023-01-31,2023-02-22,2023-03-18,2023-08-24,Completed,CONTRACTOR-DEMO-0149,Classic Buildcon Pvt Ltd,Minor Irrigation Division
MPLADS-DEMO-000548,DEMO-SYNTHETIC-v1,SYNTHETIC_DEMONSTRATION,MPLADS_STYLE_STRUCTURE,Telangana,Nizamabad,Nizamabad,Representative Nizamabad (Simulated),Renewable Energy,Installation of 10kW Rooftop Solar Power System at Primary Health Center Village-147,Installation of 10kW Rooftop Solar Power System at Primary Health Center Village-147. Execution by authorized implementing agency following standard technical specifications.,Block-8,Village-147,18.720203,78.156522,True,730000.0,756203.65,558196.78,171803.22,2023-07-31,2023-08-26,2023-10-10,,In Progress,CONTRACTOR-DEMO-0149,Classic Buildcon Pvt Ltd,Panchayati Raj Engineering Division
MPLADS-DEMO-000549,DEMO-SYNTHETIC-v1,SYNTHETIC_DEMONSTRATION,MPLADS_STYLE_STRUCTURE,Tamil Nadu,Salem,Salem,Representative Salem (Simulated),Rural Connectivity & Roads,Construction of Cement Concrete (CC) Road and Drain Channel at Village-44,Construction of Cement Concrete (CC) Road and Drain Channel at Village-44. Execution by authorized implementing agency following standard technical specifications.,Block-5,Village-44,11.612861,78.152878,True,1680000.0,1723878.22,1493139.82,186860.18,2023-01-28,2023-02-22,2023-03-21,,In Progress,CONTRACTOR-DEMO-0102,Samriddhi Civil Projects,District Rural Development Agency (DRDA)
MPLADS-DEMO-000550,DEMO-SYNTHETIC-v1,SYNTHETIC_DEMONSTRATION,MPLADS_STYLE_STRUCTURE,Uttar Pradesh,Varanasi,Varanasi,Representative Varanasi (Simulated),Drinking Water & Sanitation,Drilling of Deep Borewell and Solar-Powered Overhead Water Tank at Village-169,Drilling of Deep Borewell and Solar-Powered Overhead Water Tank at Village-169. Execution by authorized implementing agency following standard technical specifications.,Block-10,Village-169,25.320771,82.968006,True,730000.0,731082.25,576349.54,153650.46,2024-03-30,2024-05-09,2024-06-18,,In Progress,CONTRACTOR-DEMO-0032,Golden Rural Developers,Rural Engineering Service (RES)
MPLADS-DEMO-000551,DEMO-SYNTHETIC-v1,SYNTHETIC_DEMONSTRATION,MPLADS_STYLE_STRUCTURE,Karnataka,Dharwad,Dharwad,Representative Dharwad (Simulated),Education & Schools,Setup of Science Laboratory and Learning Resource Center in Village-191,Setup of Science Laboratory and Learning Resource Center in Village-191. Execution by authorized implementing agency following standard technical specifications.,Block-2,Village-191,15.402839,75.066963,True,1160000.0,1125657.72,924874.62,235125.38,2023-08-24,2023-10-07,2023-11-01,2024-04-03,Completed,CONTRACTOR-DEMO-0154,Panchsheel Infrastructure Ltd,Rural Engineering Service (RES)
MPLADS-DEMO-000552,DEMO-SYNTHETIC-v1,SYNTHETIC_DEMONSTRATION,MPLADS_STYLE_STRUCTURE,Karnataka,Mysuru,Mysuru,Representative Mysuru (Simulated),Healthcare Infrastructure,Development of Emergency Cold Storage and Pharmacy Room at Hospital Village-118,Development of Emergency Cold Storage and Pharmacy Room at Hospital Village-118. Execution by authorized implementing agency following standard technical specifications.,Block-9,Village-118,12.266607,76.575368,True,1380000.0,1374008.77,1296722.52,83277.48,2023-11-20,2023-12-19,2024-02-05,2024-09-12,Completed,CONTRACTOR-DEMO-0129,Mahalaxmi Engineers & Builders,Panchayati Raj Engineering Division
MPLADS-DEMO-000553,DEMO-SYNTHETIC-v1,SYNTHETIC_DEMONSTRATION,MPLADS_STYLE_STRUCTURE,Madhya Pradesh,Jabalpur,Jabalpur,Representative Jabalpur (Simulated),Renewable Energy,Installation of Solar LED High-Mast Lighting System at Market Yard Village-189,Installation of Solar LED High-Mast Lighting System at Market Yard Village-189. Execution by authorized implementing agency following standard technical specifications.,Block-10,Village-189,23.128343,80.005419,True,740000.0,730929.48,698417.24,41582.76,2024-02-24,2024-03-28,2024-05-07,2024-09-03,Completed,CONTRACTOR-DEMO-0110,Surya Shakti Rural Developers,Rural Engineering Service (RES)
MPLADS-DEMO-000554,DEMO-SYNTHETIC-v1,SYNTHETIC_DEMONSTRATION,MPLADS_STYLE_STRUCTURE,Maharashtra,Nashik,Nashik,Representative Nashik (Simulated),Renewable Energy,Installation of 10kW Rooftop Solar Power System at Primary Health Center Village-111,Installation of 10kW Rooftop Solar Power System at Primary Health Center Village-111. Execution by authorized implementing agency following standard technical specifications.,Block-2,Village-111,19.992018,73.843208,True,710000.0,721276.05,548100.73,161899.27,2024-01-07,2024-01-23,2024-02-22,2024-06-16,Completed,CONTRACTOR-DEMO-0074,Hindustan Urban Works Pvt Ltd,Minor Irrigation Division
MPLADS-DEMO-000555,DEMO-SYNTHETIC-v1,SYNTHETIC_DEMONSTRATION,MPLADS_STYLE_STRUCTURE,Karnataka,Dharwad,Dharwad,Representative Dharwad (Simulated),Rural Connectivity & Roads,Construction of Cement Concrete (CC) Road and Drain Channel at Village-179,Construction of Cement Concrete (CC) Road and Drain Channel at Village-179. Execution by authorized implementing agency following standard technical specifications.,Block-10,Village-179,15.48835,75.060091,True,2860000.0,2839700.44,2646152.03,213847.97,2023-03-18,2023-04-24,2023-05-13,2023-12-03,Completed,CONTRACTOR-DEMO-0200,Gitanjali Construction Co,District Rural Development Agency (DRDA)
MPLADS-DEMO-000556,DEMO-SYNTHETIC-v1,SYNTHETIC_DEMONSTRATION,MPLADS_STYLE_STRUCTURE,Madhya Pradesh,Bhopal,Bhopal,Representative Bhopal (Simulated),Education & Schools,Installation of Digital Smart Classroom and Computer Lab Infrastructure at Village-65,Installation of Digital Smart Classroom and Computer Lab Infrastructure at Village-65. Execution by authorized implementing agency following standard technical specifications.,Block-6,Village-65,23.221858,77.353403,True,730000.0,705074.62,664104.15,65895.85,2024-02-02,2024-03-16,2024-04-24,2024-10-18,Completed,CONTRACTOR-DEMO-0053,Bharat Engineers & Builders,Panchayati Raj Engineering Division
MPLADS-DEMO-000557,DEMO-SYNTHETIC-v1,SYNTHETIC_DEMONSTRATION,MPLADS_STYLE_STRUCTURE,Gujarat,Ahmedabad,Ahmedabad West,Representative Ahmedabad (Simulated),Community Infrastructure,Construction of Open Air Gymnasium and Seating Area at Village-30,Construction of Open Air Gymnasium and Seating Area at Village-30. Execution by authorized implementing agency following standard technical specifications.,Block-1,Village-30,23.049683,72.524142,True,1190000.0,1188549.08,911176.51,278823.49,2023-10-22,2023-11-20,2024-01-02,,In Progress,CONTRACTOR-DEMO-0075,National Engineering Works,Rural Engineering Service (RES)
MPLADS-DEMO-000558,DEMO-SYNTHETIC-v1,SYNTHETIC_DEMONSTRATION,MPLADS_STYLE_STRUCTURE,Maharashtra,Nashik,Nashik,Representative Nashik (Simulated),Irrigation & Water Conservation,Construction of Check Dam and Water Harvesting Percolation Tank at Village-156,Construction of Check Dam and Water Harvesting Percolation Tank at Village-156. Execution by authorized implementing agency following standard technical specifications.,Block-7,Village-156,19.945567,73.763039,True,1780000.0,1814381.98,1403964.81,376035.19,2023-12-24,2024-01-07,2024-02-08,,In Progress,CONTRACTOR-DEMO-0095,Panchsheel Engineering Works,Rural Engineering Service (RES)
MPLADS-DEMO-000559,DEMO-SYNTHETIC-v1,SYNTHETIC_DEMONSTRATION,MPLADS_STYLE_STRUCTURE,Uttar Pradesh,Varanasi,Varanasi,Representative Varanasi (Simulated),Healthcare Infrastructure,Construction of Maternity & Child Healthcare Ward at Primary Health Sub-Center Village-173,Construction of Maternity & Child Healthcare Ward at Primary Health Sub-Center Village-173. Execution by authorized implementing agency following standard technical specifications.,Block-4,Village-173,25.321799,82.966368,True,1920000.0,1971686.58,1798363.62,121636.38,2023-12-09,2023-12-29,2024-02-06,2024-08-12,Completed,CONTRACTOR-DEMO-0017,Vikas Engineers & Builders,Municipal Corporation Public Works
MPLADS-DEMO-000560,DEMO-SYNTHETIC-v1,SYNTHETIC_DEMONSTRATION,MPLADS_STYLE_STRUCTURE,Gujarat,Rajkot,Rajkot,Representative Rajkot (Simulated),Community Infrastructure,Renovation and Expansion of Village Panchayat Bhavan in Village-197,Renovation and Expansion of Village Panchayat Bhavan in Village-197. Execution by authorized implementing agency following standard technical specifications.,Block-8,Village-197,22.265126,70.769661,True,2010000.0,1961757.7,1514914.57,495085.43,2023-01-29,2023-02-12,2023-03-20,2023-06-19,Completed,CONTRACTOR-DEMO-0060,Premier Contractors,Public Works Department (PWD)
MPLADS-DEMO-000561,DEMO-SYNTHETIC-v1,SYNTHETIC_DEMONSTRATION,MPLADS_STYLE_STRUCTURE,Telangana,Nizamabad,Nizamabad,Representative Nizamabad (Simulated),Irrigation & Water Conservation,Construction of Reinforced Concrete Irrigation Sluice Gate and Channel in Village-43,Construction of Reinforced Concrete Irrigation Sluice Gate and Channel in Village-43. Execution by authorized implementing agency following standard technical specifications.,Block-4,Village-43,18.701621,78.034822,True,1550000.0,1501352.79,1279125.93,270874.07,2023-10-29,2023-11-24,2023-12-22,2024-06-15,Completed,CONTRACTOR-DEMO-0113,Modern Buildcon Pvt Ltd,Public Works Department (PWD)
MPLADS-DEMO-000562,DEMO-SYNTHETIC-v1,SYNTHETIC_DEMONSTRATION,MPLADS_STYLE_STRUCTURE,Uttar Pradesh,Lucknow,Lucknow,Representative Lucknow (Simulated),Drinking Water & Sanitation,Installation of Community RO Water Purification Plant at Village-92,Installation of Community RO Water Purification Plant at Village-92. Execution by authorized implementing agency following standard technical specifications.,Block-3,Village-92,26.823738,80.883149,True,1010000.0,995152.21,847908.06,162091.94,2023-09-06,2023-10-04,2023-10-23,2024-03-17,Completed,CONTRACTOR-DEMO-0170,Alliance Rural Developers,Municipal Corporation Public Works
MPLADS-DEMO-000563,DEMO-SYNTHETIC-v1,SYNTHETIC_DEMONSTRATION,MPLADS_STYLE_STRUCTURE,Rajasthan,Udaipur,Udaipur,Representative Udaipur (Simulated),Community Infrastructure,Construction of Multipurpose Community Hall at Village Village-56,Construction of Multipurpose Community Hall at Village Village-56. Execution by authorized implementing agency following standard technical specifications.,Block-7,Village-56,24.573843,73.747281,True,1830000.0,1900726.2,1415353.34,414646.66,2023-10-16,2023-11-09,2023-12-10,2024-05-16,Completed,CONTRACTOR-DEMO-0165,Riddhi Infra Solutions,Minor Irrigation Division
MPLADS-DEMO-000564,DEMO-SYNTHETIC-v1,SYNTHETIC_DEMONSTRATION,MPLADS_STYLE_STRUCTURE,Madhya Pradesh,Indore,Indore,Representative Indore (Simulated),Healthcare Infrastructure,Development of Emergency Cold Storage and Pharmacy Room at Hospital Village-35,Development of Emergency Cold Storage and Pharmacy Room at Hospital Village-35. Execution by authorized implementing agency following standard technical specifications.,Block-6,Village-35,22.697766,75.875296,True,2330000.0,2364973.32,2271621.74,58378.26,2023-12-22,2024-02-04,2024-02-23,2024-08-30,Completed,CONTRACTOR-DEMO-0101,Bharat Construction Co,Municipal Corporation Public Works
MPLADS-DEMO-000565,DEMO-SYNTHETIC-v1,SYNTHETIC_DEMONSTRATION,MPLADS_STYLE_STRUCTURE,Tamil Nadu,Salem,Salem,Representative Salem (Simulated),Healthcare Infrastructure,Construction of Maternity & Child Healthcare Ward at Primary Health Sub-Center Village-129,Construction of Maternity & Child Healthcare Ward at Primary Health Sub-Center Village-129. Execution by authorized implementing agency following standard technical specifications.,Block-10,Village-129,11.675671,78.20949,True,2390000.0,2298456.0,2209689.88,180310.12,2023-03-19,2023-04-21,2023-05-21,2023-10-05,Completed,CONTRACTOR-DEMO-0162,Reliable Enterprises,Public Works Department (PWD)
MPLADS-DEMO-000566,DEMO-SYNTHETIC-v1,SYNTHETIC_DEMONSTRATION,MPLADS_STYLE_STRUCTURE,Gujarat,Ahmedabad,Ahmedabad West,Representative Ahmedabad (Simulated),Drinking Water & Sanitation,Drilling of Deep Borewell and Solar-Powered Overhead Water Tank at Village-128,Drilling of Deep Borewell and Solar-Powered Overhead Water Tank at Village-128. Execution by authorized implementing agency following standard technical specifications.,Block-9,Village-128,22.99606,72.526117,True,630000.0,637158.76,506995.47,123004.53,2024-01-21,2024-03-03,2024-04-08,,In Progress,CONTRACTOR-DEMO-0085,Kisan Rural Developers,Minor Irrigation Division
MPLADS-DEMO-000567,DEMO-SYNTHETIC-v1,SYNTHETIC_DEMONSTRATION,MPLADS_STYLE_STRUCTURE,Telangana,Nizamabad,Nizamabad,Representative Nizamabad (Simulated),Irrigation & Water Conservation,Construction of Check Dam and Water Harvesting Percolation Tank at Village-134,Construction of Check Dam and Water Harvesting Percolation Tank at Village-134. Execution by authorized implementing agency following standard technical specifications.,Block-5,Village-134,18.710431,78.083036,True,2140000.0,2103783.51,1616661.86,523338.14,2024-03-23,2024-04-27,2024-06-02,,In Progress,CONTRACTOR-DEMO-0142,Panchsheel Infra Solutions,Public Works Department (PWD)
MPLADS-DEMO-000568,DEMO-SYNTHETIC-v1,SYNTHETIC_DEMONSTRATION,MPLADS_STYLE_STRUCTURE,Odisha,Ganjam,Aska,Representative Ganjam (Simulated),Healthcare Infrastructure,Construction of Maternity & Child Healthcare Ward at Primary Health Sub-Center Village-176,Construction of Maternity & Child Healthcare Ward at Primary Health Sub-Center Village-176. Execution by authorized implementing agency following standard technical specifications.,Block-7,Village-176,19.405516,84.953918,True,2770000.0,2774758.18,2194436.82,575563.18,2023-12-03,2023-12-17,2024-01-05,2024-04-06,Completed,CONTRACTOR-DEMO-0053,Bharat Engineers & Builders,Public Works Department (PWD)
MPLADS-DEMO-000569,DEMO-SYNTHETIC-v1,SYNTHETIC_DEMONSTRATION,MPLADS_STYLE_STRUCTURE,Tamil Nadu,Salem,Salem,Representative Salem (Simulated),Drinking Water & Sanitation,Construction of Public Sanitation Facility and Bathing Block in Village-33,Construction of Public Sanitation Facility and Bathing Block in Village-33. Execution by authorized implementing agency following standard technical specifications.,Block-4,Village-33,11.611229,78.158042,True,1230000.0,1259050.94,980317.22,249682.78,2023-10-01,2023-10-20,2023-12-01,2024-05-03,Completed,CONTRACTOR-DEMO-0046,Classic Projects Ltd,Minor Irrigation Division
MPLADS-DEMO-000570,DEMO-SYNTHETIC-v1,SYNTHETIC_DEMONSTRATION,MPLADS_STYLE_STRUCTURE,Uttar Pradesh,Varanasi,Varanasi,Representative Varanasi (Simulated),Drinking Water & Sanitation,Laying of Underground Drinking Water Pipeline Distribution in Village-46,Laying of Underground Drinking Water Pipeline Distribution in Village-46. Execution by authorized implementing agency following standard technical specifications.,Block-7,Village-46,25.331361,82.948303,True,1370000.0,1421262.75,1090961.46,279038.54,2024-03-31,2024-05-14,2024-06-03,2024-11-17,Completed,CONTRACTOR-DEMO-0105,Krishna Buildcon Pvt Ltd,Panchayati Raj Engineering Division
MPLADS-DEMO-000571,DEMO-SYNTHETIC-v1,SYNTHETIC_DEMONSTRATION,MPLADS_STYLE_STRUCTURE,Maharashtra,Nashik,Nashik,Representative Nashik (Simulated),Education & Schools,Setup of Science Laboratory and Learning Resource Center in Village-109,Setup of Science Laboratory and Learning Resource Center in Village-109. Execution by authorized implementing agency following standard technical specifications.,Block-10,Village-109,19.998188,73.820341,True,1090000.0,1117869.45,1016445.14,73554.86,2023-01-25,2023-03-04,2023-04-15,2023-09-13,Completed,CONTRACTOR-DEMO-0156,Alliance Infra Solutions,Municipal Corporation Public Works
MPLADS-DEMO-000572,DEMO-SYNTHETIC-v1,SYNTHETIC_DEMONSTRATION,MPLADS_STYLE_STRUCTURE,Maharashtra,Pune,Pune,Representative Pune (Simulated),Renewable Energy,Installation of 10kW Rooftop Solar Power System at Primary Health Center Village-45,Installation of 10kW Rooftop Solar Power System at Primary Health Center Village-45. Execution by authorized implementing agency following standard technical specifications.,Block-6,Village-45,18.488848,73.851975,True,890000.0,874565.67,782570.49,107429.51,2023-09-18,2023-10-06,2023-11-11,,In Progress,CONTRACTOR-DEMO-0124,Samriddhi Construction Co,Rural Engineering Service (RES)
MPLADS-DEMO-000573,DEMO-SYNTHETIC-v1,SYNTHETIC_DEMONSTRATION,MPLADS_STYLE_STRUCTURE,Maharashtra,Pune,Pune,Representative Pune (Simulated),Drinking Water & Sanitation,Installation of Community RO Water Purification Plant at Village-4,Installation of Community RO Water Purification Plant at Village-4. Execution by authorized implementing agency following standard technical specifications.,Block-5,Village-4,18.567415,73.886648,True,830000.0,829432.53,799214.43,30785.57,2024-05-10,2024-06-18,2024-07-26,,In Progress,CONTRACTOR-DEMO-0082,Siddhartha Construction Co,Minor Irrigation Division
MPLADS-DEMO-000574,DEMO-SYNTHETIC-v1,SYNTHETIC_DEMONSTRATION,MPLADS_STYLE_STRUCTURE,Tamil Nadu,Coimbatore,Coimbatore,Representative Coimbatore (Simulated),Community Infrastructure,Renovation and Expansion of Village Panchayat Bhavan in Village-10,Renovation and Expansion of Village Panchayat Bhavan in Village-10. Execution by authorized implementing agency following standard technical specifications.,Block-1,Village-10,11.080821,76.906982,True,1810000.0,1765724.24,1539130.83,270869.17,2023-05-25,2023-06-30,2023-08-16,2024-02-01,Completed,CONTRACTOR-DEMO-0182,Mahalaxmi Projects Ltd,Public Works Department (PWD)
MPLADS-DEMO-000575,DEMO-SYNTHETIC-v1,SYNTHETIC_DEMONSTRATION,MPLADS_STYLE_STRUCTURE,Tamil Nadu,Salem,Salem,Representative Salem (Simulated),Education & Schools,Setup of Science Laboratory and Learning Resource Center in Village-189,Setup of Science Laboratory and Learning Resource Center in Village-189. Execution by authorized implementing agency following standard technical specifications.,Block-10,Village-189,11.631383,78.143104,True,1360000.0,1374247.66,1231585.93,128414.07,2024-01-07,2024-01-30,2024-03-01,2024-06-21,Completed,CONTRACTOR-DEMO-0069,Samriddhi Infra Solutions,Rural Engineering Service (RES)
MPLADS-DEMO-000576,DEMO-SYNTHETIC-v1,SYNTHETIC_DEMONSTRATION,MPLADS_STYLE_STRUCTURE,Tamil Nadu,Madurai,Madurai,Representative Madurai (Simulated),Renewable Energy,Installation of 10kW Rooftop Solar Power System at Primary Health Center Village-42,Installation of 10kW Rooftop Solar Power System at Primary Health Center Village-42. Execution by authorized implementing agency following standard technical specifications.,Block-3,Village-42,9.861804,78.155026,True,1010000.0,1027098.04,846783.98,163216.02,2024-01-11,2024-01-30,2024-03-18,2024-09-17,Completed,CONTRACTOR-DEMO-0046,Classic Projects Ltd,Panchayati Raj Engineering Division
MPLADS-DEMO-000577,DEMO-SYNTHETIC-v1,SYNTHETIC_DEMONSTRATION,MPLADS_STYLE_STRUCTURE,Uttar Pradesh,Gorakhpur,Gorakhpur,Representative Gorakhpur (Simulated),Healthcare Infrastructure,Supply of Diagnostic Medical Equipment and Patient Beds to Rural Clinic in Village-129,Supply of Diagnostic Medical Equipment and Patient Beds to Rural Clinic in Village-129. Execution by authorized implementing agency following standard technical specifications.,Block-10,Village-129,26.821399,83.393803,True,1480000.0,1490191.84,1359830.94,120169.06,2024-02-04,2024-02-23,2024-03-15,2024-08-25,Completed,CONTRACTOR-DEMO-0040,Balaji Rural Developers,District Rural Development Agency (DRDA)
MPLADS-DEMO-000578,DEMO-SYNTHETIC-v1,SYNTHETIC_DEMONSTRATION,MPLADS_STYLE_STRUCTURE,Kerala,Kozhikode,Kozhikode,Representative Kozhikode (Simulated),Drinking Water & Sanitation,Laying of Underground Drinking Water Pipeline Distribution in Village-179,Laying of Underground Drinking Water Pipeline Distribution in Village-179. Execution by authorized implementing agency following standard technical specifications.,Block-10,Village-179,11.233853,75.843713,True,1420000.0,1363379.33,1087810.23,332189.77,2024-01-06,2024-02-15,2024-04-03,2024-08-29,Completed,CONTRACTOR-DEMO-0191,Surya Shakti Civil Projects,Panchayati Raj Engineering Division
MPLADS-DEMO-000579,DEMO-SYNTHETIC-v1,SYNTHETIC_DEMONSTRATION,MPLADS_STYLE_STRUCTURE,Maharashtra,Nashik,Nashik,Representative Nashik (Simulated),Drinking Water & Sanitation,Drilling of Deep Borewell and Solar-Powered Overhead Water Tank at Village-48,Drilling of Deep Borewell and Solar-Powered Overhead Water Tank at Village-48. Execution by authorized implementing agency following standard technical specifications.,Block-9,Village-48,20.024026,73.750543,True,610000.0,610127.55,472966.43,137033.57,2023-11-01,2023-11-28,2023-12-24,,In Progress,CONTRACTOR-DEMO-0195,National Infra Solutions,Rural Engineering Service (RES)
MPLADS-DEMO-000580,DEMO-SYNTHETIC-v1,SYNTHETIC_DEMONSTRATION,MPLADS_STYLE_STRUCTURE,Telangana,Nizamabad,Nizamabad,Representative Nizamabad (Simulated),Irrigation & Water Conservation,Construction of Check Dam and Water Harvesting Percolation Tank at Village-67,Construction of Check Dam and Water Harvesting Percolation Tank at Village-67. Execution by authorized implementing agency following standard technical specifications.,Block-8,Village-67,18.735283,78.14241,True,1660000.0,1676844.0,1483404.11,176595.89,2024-04-03,2024-04-27,2024-05-17,2024-11-04,Completed,CONTRACTOR-DEMO-0035,Surya Shakti Urban Works Pvt Ltd,District Rural Development Agency (DRDA)
MPLADS-DEMO-000581,DEMO-SYNTHETIC-v1,SYNTHETIC_DEMONSTRATION,MPLADS_STYLE_STRUCTURE,Gujarat,Surat,Surat,Representative Surat (Simulated),Rural Connectivity & Roads,Construction of Cement Concrete (CC) Road and Drain Channel at Village-150,Construction of Cement Concrete (CC) Road and Drain Channel at Village-150. Execution by authorized implementing agency following standard technical specifications.,Block-1,Village-150,21.135721,72.829175,True,3540000.0,3426949.15,2704712.18,835287.82,2024-02-03,2024-02-17,2024-03-05,,In Progress,CONTRACTOR-DEMO-0137,Om Contractors,Public Works Department (PWD)
MPLADS-DEMO-000582,DEMO-SYNTHETIC-v1,SYNTHETIC_DEMONSTRATION,MPLADS_STYLE_STRUCTURE,Madhya Pradesh,Indore,Indore,Representative Indore (Simulated),Renewable Energy,Installation of 10kW Rooftop Solar Power System at Primary Health Center Village-195,Installation of 10kW Rooftop Solar Power System at Primary Health Center Village-195. Execution by authorized implementing agency following standard technical specifications.,Block-6,Village-195,22.689159,75.85587,True,1080000.0,1065919.39,916676.28,163323.72,2023-07-23,2023-08-27,2023-10-01,2024-03-16,Completed,CONTRACTOR-DEMO-0174,Maruti Projects Ltd,Panchayati Raj Engineering Division
MPLADS-DEMO-000583,DEMO-SYNTHETIC-v1,SYNTHETIC_DEMONSTRATION,MPLADS_STYLE_STRUCTURE,Madhya Pradesh,Indore,Indore,Representative Indore (Simulated),Renewable Energy,Installation of Solar LED High-Mast Lighting System at Market Yard Village-92,Installation of Solar LED High-Mast Lighting System at Market Yard Village-92. Execution by authorized implementing agency following standard technical specifications.,Block-3,Village-92,22.7681,75.897515,True,450000.0,448449.09,409774.91,40225.09,2024-01-21,2024-02-12,2024-02-28,2024-09-25,Completed,CONTRACTOR-DEMO-0075,National Engineering Works,Minor Irrigation Division
MPLADS-DEMO-000584,DEMO-SYNTHETIC-v1,SYNTHETIC_DEMONSTRATION,MPLADS_STYLE_STRUCTURE,Telangana,Warangal,Warangal,Representative Warangal (Simulated),Irrigation & Water Conservation,Construction of Check Dam and Water Harvesting Percolation Tank at Village-95,Construction of Check Dam and Water Harvesting Percolation Tank at Village-95. Execution by authorized implementing agency following standard technical specifications.,Block-6,Village-95,17.962649,79.618304,True,1700000.0,1702028.3,1533149.31,166850.69,2023-01-16,2023-02-19,2023-03-07,2023-06-01,Completed,CONTRACTOR-DEMO-0192,Navnirman Buildcon Pvt Ltd,District Rural Development Agency (DRDA)
MPLADS-DEMO-000585,DEMO-SYNTHETIC-v1,SYNTHETIC_DEMONSTRATION,MPLADS_STYLE_STRUCTURE,Kerala,Wayanad,Wayanad,Representative Wayanad (Simulated),Education & Schools,Installation of Digital Smart Classroom and Computer Lab Infrastructure at Village-156,Installation of Digital Smart Classroom and Computer Lab Infrastructure at Village-156. Execution by authorized implementing agency following standard technical specifications.,Block-7,Village-156,11.68339,76.163097,True,800000.0,790293.37,772791.59,27208.41,2024-05-11,2024-06-24,2024-07-15,,In Progress,CONTRACTOR-DEMO-0079,Balaji Civil Projects,Municipal Corporation Public Works
MPLADS-DEMO-000586,DEMO-SYNTHETIC-v1,SYNTHETIC_DEMONSTRATION,MPLADS_STYLE_STRUCTURE,Uttar Pradesh,Varanasi,Varanasi,Representative Varanasi (Simulated),Healthcare Infrastructure,Construction of Maternity & Child Healthcare Ward at Primary Health Sub-Center Village-134,Construction of Maternity & Child Healthcare Ward at Primary Health Sub-Center Village-134. Execution by authorized implementing agency following standard technical specifications.,Block-5,Village-134,25.36651,83.010932,True,3090000.0,2974247.55,2671375.34,418624.66,2023-02-28,2023-04-02,2023-05-22,2023-12-02,Completed,CONTRACTOR-DEMO-0047,Golden Civil Projects,Panchayati Raj Engineering Division
MPLADS-DEMO-000587,DEMO-SYNTHETIC-v1,SYNTHETIC_DEMONSTRATION,MPLADS_STYLE_STRUCTURE,Maharashtra,Nagpur,Nagpur,Representative Nagpur (Simulated),Education & Schools,Installation of Digital Smart Classroom and Computer Lab Infrastructure at Village-63,Installation of Digital Smart Classroom and Computer Lab Infrastructure at Village-63. Execution by authorized implementing agency following standard technical specifications.,Block-4,Village-63,21.108313,79.121123,True,810000.0,784434.44,792563.24,17436.76,2023-01-29,2023-02-22,2023-03-29,2023-08-22,Completed,CONTRACTOR-DEMO-0060,Premier Contractors,Minor Irrigation Division
MPLADS-DEMO-000588,DEMO-SYNTHETIC-v1,SYNTHETIC_DEMONSTRATION,MPLADS_STYLE_STRUCTURE,Uttar Pradesh,Gorakhpur,Gorakhpur,Representative Gorakhpur (Simulated),Healthcare Infrastructure,Supply of Diagnostic Medical Equipment and Patient Beds to Rural Clinic in Village-172,Supply of Diagnostic Medical Equipment and Patient Beds to Rural Clinic in Village-172. Execution by authorized implementing agency following standard technical specifications.,Block-3,Village-172,26.711603,83.325848,True,1680000.0,1697948.88,1450092.87,229907.13,2024-02-26,2024-04-01,2024-04-30,2024-07-30,Completed,CONTRACTOR-DEMO-0168,Navnirman Infra Solutions,District Rural Development Agency (DRDA)
MPLADS-DEMO-000589,DEMO-SYNTHETIC-v1,SYNTHETIC_DEMONSTRATION,MPLADS_STYLE_STRUCTURE,Madhya Pradesh,Indore,Indore,Representative Indore (Simulated),Healthcare Infrastructure,Development of Emergency Cold Storage and Pharmacy Room at Hospital Village-189,Development of Emergency Cold Storage and Pharmacy Room at Hospital Village-189. Execution by authorized implementing agency following standard technical specifications.,Block-10,Village-189,22.748854,75.87771,True,2200000.0,2210894.39,2083207.35,116792.65,2024-03-03,2024-03-31,2024-04-29,,In Progress,CONTRACTOR-DEMO-0078,Maruti Civil Projects,Public Works Department (PWD)
MPLADS-DEMO-000590,DEMO-SYNTHETIC-v1,SYNTHETIC_DEMONSTRATION,MPLADS_STYLE_STRUCTURE,Maharashtra,Nagpur,Nagpur,Representative Nagpur (Simulated),Community Infrastructure,Construction of Open Air Gymnasium and Seating Area at Village-190,Construction of Open Air Gymnasium and Seating Area at Village-190. Execution by authorized implementing agency following standard technical specifications.,Block-1,Village-190,21.157786,79.04766,True,740000.0,744312.07,576686.45,163313.55,2023-06-24,2023-08-01,2023-08-16,2024-03-15,Completed,CONTRACTOR-DEMO-0052,Siddhartha Urban Works Pvt Ltd,Panchayati Raj Engineering Division
MPLADS-DEMO-000591,DEMO-SYNTHETIC-v1,SYNTHETIC_DEMONSTRATION,MPLADS_STYLE_STRUCTURE,Madhya Pradesh,Bhopal,Bhopal,Representative Bhopal (Simulated),Rural Connectivity & Roads,Upgradation of Rural Link Road connecting Hamlet to Main Highway at Village-174,Upgradation of Rural Link Road connecting Hamlet to Main Highway at Village-174. Execution by authorized implementing agency following standard technical specifications.,Block-5,Village-174,23.31631,77.36402,True,3330000.0,3225194.49,2504537.49,825462.51,2024-03-26,2024-05-08,2024-06-12,,In Progress,CONTRACTOR-DEMO-0079,Balaji Civil Projects,Rural Engineering Service (RES)
MPLADS-DEMO-000592,DEMO-SYNTHETIC-v1,SYNTHETIC_DEMONSTRATION,MPLADS_STYLE_STRUCTURE,Karnataka,Bengaluru Rural,Bengaluru Rural,Representative Bengaluru Rural (Simulated),Healthcare Infrastructure,Supply of Diagnostic Medical Equipment and Patient Beds to Rural Clinic in Village-38,Supply of Diagnostic Medical Equipment and Patient Beds to Rural Clinic in Village-38. Execution by authorized implementing agency following standard technical specifications.,Block-9,Village-38,13.077691,77.521763,True,1850000.0,1901670.87,1739708.17,110291.83,2023-02-01,2023-03-07,2023-04-10,2023-07-25,Completed,CONTRACTOR-DEMO-0074,Hindustan Urban Works Pvt Ltd,Minor Irrigation Division
MPLADS-DEMO-000593,DEMO-SYNTHETIC-v1,SYNTHETIC_DEMONSTRATION,MPLADS_STYLE_STRUCTURE,Tamil Nadu,Coimbatore,Coimbatore,Representative Coimbatore (Simulated),Education & Schools,Installation of Digital Smart Classroom and Computer Lab Infrastructure at Village-127,Installation of Digital Smart Classroom and Computer Lab Infrastructure at Village-127. Execution by authorized implementing agency following standard technical specifications.,Block-8,Village-127,10.989694,77.016444,True,770000.0,799638.4,636499.9,133500.1,2024-03-13,2024-04-09,2024-05-08,2024-08-04,Completed,CONTRACTOR-DEMO-0049,National Buildcon Pvt Ltd,Panchayati Raj Engineering Division
MPLADS-DEMO-000594,DEMO-SYNTHETIC-v1,SYNTHETIC_DEMONSTRATION,MPLADS_STYLE_STRUCTURE,Kerala,Kozhikode,Kozhikode,Representative Kozhikode (Simulated),Education & Schools,Construction of Separate Girls Toilet and Wash Area in Govt High School Village-169,Construction of Separate Girls Toilet and Wash Area in Govt High School Village-169. Execution by authorized implementing agency following standard technical specifications.,Block-10,Village-169,11.312409,75.736095,True,510000.0,511956.07,422078.21,87921.79,2023-12-28,2024-02-10,2024-03-18,2024-09-09,Completed,CONTRACTOR-DEMO-0022,Reliable Engineers & Builders,Municipal Corporation Public Works
MPLADS-DEMO-000595,DEMO-SYNTHETIC-v1,SYNTHETIC_DEMONSTRATION,MPLADS_STYLE_STRUCTURE,Kerala,Kozhikode,Kozhikode,Representative Kozhikode (Simulated),Rural Connectivity & Roads,Upgradation of Rural Link Road connecting Hamlet to Main Highway at Village-179,Upgradation of Rural Link Road connecting Hamlet to Main Highway at Village-179. Execution by authorized implementing agency following standard technical specifications.,Block-10,Village-179,11.313798,75.806544,True,4210000.0,4074377.23,3470666.22,739333.78,2024-02-24,2024-03-12,2024-04-15,2024-08-09,Completed,CONTRACTOR-DEMO-0151,Modern Projects Ltd,Rural Engineering Service (RES)
MPLADS-DEMO-000596,DEMO-SYNTHETIC-v1,SYNTHETIC_DEMONSTRATION,MPLADS_STYLE_STRUCTURE,Madhya Pradesh,Jabalpur,Jabalpur,Representative Jabalpur (Simulated),Healthcare Infrastructure,Supply of Diagnostic Medical Equipment and Patient Beds to Rural Clinic in Village-75,Supply of Diagnostic Medical Equipment and Patient Beds to Rural Clinic in Village-75. Execution by authorized implementing agency following standard technical specifications.,Block-6,Village-75,23.233138,79.94867,True,1950000.0,1902522.19,1754580.24,195419.76,2023-07-19,2023-08-08,2023-09-01,2024-03-03,Completed,CONTRACTOR-DEMO-0177,Apex Enterprises,Rural Engineering Service (RES)
MPLADS-DEMO-000597,DEMO-SYNTHETIC-v1,SYNTHETIC_DEMONSTRATION,MPLADS_STYLE_STRUCTURE,Odisha,Ganjam,Aska,Representative Ganjam (Simulated),Community Infrastructure,Construction of Multipurpose Community Hall at Village Village-92,Construction of Multipurpose Community Hall at Village Village-92. Execution by authorized implementing agency following standard technical specifications.,Block-3,Village-92,19.441641,84.948352,True,1260000.0,1221428.56,1094373.11,165626.89,2023-07-07,2023-08-17,2023-09-10,2024-03-06,Completed,CONTRACTOR-DEMO-0066,Aditya Projects Ltd,Public Works Department (PWD)
MPLADS-DEMO-000598,DEMO-SYNTHETIC-v1,SYNTHETIC_DEMONSTRATION,MPLADS_STYLE_STRUCTURE,Maharashtra,Nagpur,Nagpur,Representative Nagpur (Simulated),Drinking Water & Sanitation,Laying of Underground Drinking Water Pipeline Distribution in Village-126,Laying of Underground Drinking Water Pipeline Distribution in Village-126. Execution by authorized implementing agency following standard technical specifications.,Block-7,Village-126,21.12015,79.1007,True,1020000.0,1032468.23,853062.19,166937.81,2024-01-04,2024-01-23,2024-03-07,2024-08-26,Completed,CONTRACTOR-DEMO-0074,Hindustan Urban Works Pvt Ltd,Minor Irrigation Division
MPLADS-DEMO-000599,DEMO-SYNTHETIC-v1,SYNTHETIC_DEMONSTRATION,MPLADS_STYLE_STRUCTURE,Tamil Nadu,Salem,Salem,Representative Salem (Simulated),Education & Schools,Construction of Separate Girls Toilet and Wash Area in Govt High School Village-3,Construction of Separate Girls Toilet and Wash Area in Govt High School Village-3. Execution by authorized implementing agency following standard technical specifications.,Block-4,Village-3,11.6149,78.091743,True,810000.0,819163.32,776749.54,33250.46,2023-05-10,2023-05-25,2023-07-09,,In Progress,CONTRACTOR-DEMO-0194,United Urban Works Pvt Ltd,Public Works Department (PWD)
MPLADS-DEMO-000600,DEMO-SYNTHETIC-v1,SYNTHETIC_DEMONSTRATION,MPLADS_STYLE_STRUCTURE,Telangana,Nizamabad,Nizamabad,Representative Nizamabad (Simulated),Renewable Energy,Installation of Solar LED High-Mast Lighting System at Market Yard Village-99,Installation of Solar LED High-Mast Lighting System at Market Yard Village-99. Execution by authorized implementing agency following standard technical specifications.,Block-10,Village-99,18.670445,78.112898,True,720000.0,708385.73,560739.15,159260.85,2023-06-30,2023-07-18,2023-09-05,,In Progress,CONTRACTOR-DEMO-0183,Shree Ganesh Infra Solutions,Public Works Department (PWD)
MPLADS-DEMO-000601,DEMO-SYNTHETIC-v1,SYNTHETIC_DEMONSTRATION,MPLADS_STYLE_STRUCTURE,Madhya Pradesh,Indore,Indore,Representative Indore (Simulated),Renewable Energy,Installation of 10kW Rooftop Solar Power System at Primary Health Center Village-136,Installation of 10kW Rooftop Solar Power System at Primary Health Center Village-136. Execution by authorized implementing agency following standard technical specifications.,Block-7,Village-136,22.718113,75.860157,True,970000.0,973024.99,910180.44,59819.56,2023-12-14,2024-01-04,2024-02-01,2024-05-16,Completed,CONTRACTOR-DEMO-0050,Sai Engineering Works,Municipal Corporation Public Works
MPLADS-DEMO-000602,DEMO-SYNTHETIC-v1,SYNTHETIC_DEMONSTRATION,MPLADS_STYLE_STRUCTURE,Kerala,Ernakulam,Ernakulam,Representative Ernakulam (Simulated),Drinking Water & Sanitation,Installation of Community RO Water Purification Plant at Village-143,Installation of Community RO Water Purification Plant at Village-143. Execution by authorized implementing agency following standard technical specifications.,Block-4,Village-143,9.97474,76.275758,True,620000.0,601589.27,494408.38,125591.62,2023-04-07,2023-04-26,2023-06-15,,In Progress,CONTRACTOR-DEMO-0196,Pragati Engineering Works,Public Works Department (PWD)
MPLADS-DEMO-000603,DEMO-SYNTHETIC-v1,SYNTHETIC_DEMONSTRATION,MPLADS_STYLE_STRUCTURE,Gujarat,Surat,Surat,Representative Surat (Simulated),Community Infrastructure,Construction of Open Air Gymnasium and Seating Area at Village-94,Construction of Open Air Gymnasium and Seating Area at Village-94. Execution by authorized implementing agency following standard technical specifications.,Block-5,Village-94,21.230816,72.788408,True,600000.0,587920.18,456370.94,143629.06,2024-05-13,2024-06-14,2024-08-02,,In Progress,CONTRACTOR-DEMO-0151,Modern Projects Ltd,Panchayati Raj Engineering Division
MPLADS-DEMO-000604,DEMO-SYNTHETIC-v1,SYNTHETIC_DEMONSTRATION,MPLADS_STYLE_STRUCTURE,Kerala,Ernakulam,Ernakulam,Representative Ernakulam (Simulated),Rural Connectivity & Roads,Upgradation of Rural Link Road connecting Hamlet to Main Highway at Village-156,Upgradation of Rural Link Road connecting Hamlet to Main Highway at Village-156. Execution by authorized implementing agency following standard technical specifications.,Block-7,Village-156,9.986567,76.262179,True,2700000.0,2735125.27,2052780.78,647219.22,2023-02-02,2023-02-28,2023-03-24,2023-08-01,Completed,CONTRACTOR-DEMO-0038,Om Infrastructure Ltd,Municipal Corporation Public Works
MPLADS-DEMO-000605,DEMO-SYNTHETIC-v1,SYNTHETIC_DEMONSTRATION,MPLADS_STYLE_STRUCTURE,Karnataka,Dharwad,Dharwad,Representative Dharwad (Simulated),Drinking Water & Sanitation,Drilling of Deep Borewell and Solar-Powered Overhead Water Tank at Village-72,Drilling of Deep Borewell and Solar-Powered Overhead Water Tank at Village-72. Execution by authorized implementing agency following standard technical specifications.,Block-3,Village-72,15.410604,75.023701,True,540000.0,542153.46,437375.77,102624.23,2023-12-13,2024-01-06,2024-02-15,2024-07-04,Completed,CONTRACTOR-DEMO-0177,Apex Enterprises,Panchayati Raj Engineering Division
MPLADS-DEMO-000606,DEMO-SYNTHETIC-v1,SYNTHETIC_DEMONSTRATION,MPLADS_STYLE_STRUCTURE,Kerala,Ernakulam,Ernakulam,Representative Ernakulam (Simulated),Drinking Water & Sanitation,Construction of Public Sanitation Facility and Bathing Block in Village-19,Construction of Public Sanitation Facility and Bathing Block in Village-19. Execution by authorized implementing agency following standard technical specifications.,Block-10,Village-19,9.998444,76.269922,True,1100000.0,1117318.66,873734.74,226265.26,2023-07-24,2023-08-17,2023-09-27,2024-02-29,Completed,CONTRACTOR-DEMO-0115,Reliable Urban Works Pvt Ltd,Panchayati Raj Engineering Division
MPLADS-DEMO-000607,DEMO-SYNTHETIC-v1,SYNTHETIC_DEMONSTRATION,MPLADS_STYLE_STRUCTURE,Gujarat,Rajkot,Rajkot,Representative Rajkot (Simulated),Renewable Energy,Installation of Solar LED High-Mast Lighting System at Market Yard Village-20,Installation of Solar LED High-Mast Lighting System at Market Yard Village-20. Execution by authorized implementing agency following standard technical specifications.,Block-1,Village-20,22.274016,70.806291,True,800000.0,794034.0,660601.78,139398.22,2023-03-01,2023-04-07,2023-05-13,2023-09-02,Completed,CONTRACTOR-DEMO-0061,Gitanjali Engineers & Builders,District Rural Development Agency (DRDA)
MPLADS-DEMO-000608,DEMO-SYNTHETIC-v1,SYNTHETIC_DEMONSTRATION,MPLADS_STYLE_STRUCTURE,Gujarat,Rajkot,Rajkot,Representative Rajkot (Simulated),Community Infrastructure,Renovation and Expansion of Village Panchayat Bhavan in Village-57,Renovation and Expansion of Village Panchayat Bhavan in Village-57. Execution by authorized implementing agency following standard technical specifications.,Block-8,Village-57,22.288122,70.75085,True,1710000.0,1665640.05,1568951.17,141048.83,2023-06-20,2023-08-04,2023-08-25,2024-01-19,Completed,CONTRACTOR-DEMO-0145,Samriddhi Urban Works Pvt Ltd,District Rural Development Agency (DRDA)
MPLADS-DEMO-000609,DEMO-SYNTHETIC-v1,SYNTHETIC_DEMONSTRATION,MPLADS_STYLE_STRUCTURE,Tamil Nadu,Madurai,Madurai,Representative Madurai (Simulated),Community Infrastructure,Construction of Multipurpose Community Hall at Village Village-44,Construction of Multipurpose Community Hall at Village Village-44. Execution by authorized implementing agency following standard technical specifications.,Block-5,Village-44,9.90154,78.152543,True,1430000.0,1412287.78,1316312.63,113687.37,2024-05-24,2024-07-02,2024-08-16,,In Progress,CONTRACTOR-DEMO-0070,Alliance Projects Ltd,Public Works Department (PWD)
MPLADS-DEMO-000610,DEMO-SYNTHETIC-v1,SYNTHETIC_DEMONSTRATION,MPLADS_STYLE_STRUCTURE,Kerala,Wayanad,Wayanad,Representative Wayanad (Simulated),Renewable Energy,Installation of 10kW Rooftop Solar Power System at Primary Health Center Village-40,Installation of 10kW Rooftop Solar Power System at Primary Health Center Village-40. Execution by authorized implementing agency following standard technical specifications.,Block-1,Village-40,11.705883,76.085547,True,960000.0,978080.44,731672.51,228327.49,2024-01-21,2024-02-27,2024-03-28,2024-09-26,Completed,CONTRACTOR-DEMO-0184,Shanti Projects Ltd,Panchayati Raj Engineering Division
MPLADS-DEMO-000611,DEMO-SYNTHETIC-v1,SYNTHETIC_DEMONSTRATION,MPLADS_STYLE_STRUCTURE,Maharashtra,Nashik,Nashik,Representative Nashik (Simulated),Education & Schools,Construction of Separate Girls Toilet and Wash Area in Govt High School Village-120,Construction of Separate Girls Toilet and Wash Area in Govt High School Village-120. Execution by authorized implementing agency following standard technical specifications.,Block-1,Village-120,19.99779,73.760657,True,770000.0,771268.63,704740.47,65259.53,2024-05-01,2024-05-29,2024-07-02,,In Progress,CONTRACTOR-DEMO-0026,Gitanjali Buildcon Pvt Ltd,District Rural Development Agency (DRDA)
MPLADS-DEMO-000612,DEMO-SYNTHETIC-v1,SYNTHETIC_DEMONSTRATION,MPLADS_STYLE_STRUCTURE,Madhya Pradesh,Bhopal,Bhopal,Representative Bhopal (Simulated),Irrigation & Water Conservation,Desilting and Deepening of Traditional Village Water Reservoir in Village-24,Desilting and Deepening of Traditional Village Water Reservoir in Village-24. Execution by authorized implementing agency following standard technical specifications.,Block-5,Village-24,23.277408,77.35757,True,1100000.0,1139148.29,866773.62,233226.38,2023-02-13,2023-03-04,2023-04-06,2023-10-24,Completed,CONTRACTOR-DEMO-0006,Apex Civil Projects,Panchayati Raj Engineering Division
MPLADS-DEMO-000613,DEMO-SYNTHETIC-v1,SYNTHETIC_DEMONSTRATION,MPLADS_STYLE_STRUCTURE,Kerala,Wayanad,Wayanad,Representative Wayanad (Simulated),Renewable Energy,Installation of 10kW Rooftop Solar Power System at Primary Health Center Village-35,Installation of 10kW Rooftop Solar Power System at Primary Health Center Village-35. Execution by authorized implementing agency following standard technical specifications.,Block-6,Village-35,11.682755,76.133951,True,1030000.0,1061977.84,937828.23,92171.77,2023-08-10,2023-08-24,2023-09-20,2023-12-05,Completed,CONTRACTOR-DEMO-0186,Classic Enterprises,Panchayati Raj Engineering Division
MPLADS-DEMO-000614,DEMO-SYNTHETIC-v1,SYNTHETIC_DEMONSTRATION,MPLADS_STYLE_STRUCTURE,Kerala,Ernakulam,Ernakulam,Representative Ernakulam (Simulated),Renewable Energy,Installation of 10kW Rooftop Solar Power System at Primary Health Center Village-89,Installation of 10kW Rooftop Solar Power System at Primary Health Center Village-89. Execution by authorized implementing agency following standard technical specifications.,Block-10,Village-89,9.948349,76.330968,True,930000.0,943695.41,706559.94,223440.06,2023-09-01,2023-09-25,2023-11-12,2024-03-10,Completed,CONTRACTOR-DEMO-0023,Reliable Buildcon Pvt Ltd,District Rural Development Agency (DRDA)
MPLADS-DEMO-000615,DEMO-SYNTHETIC-v1,SYNTHETIC_DEMONSTRATION,MPLADS_STYLE_STRUCTURE,Telangana,Karimnagar,Karimnagar,Representative Karimnagar (Simulated),Drinking Water & Sanitation,Drilling of Deep Borewell and Solar-Powered Overhead Water Tank at Village-14,Drilling of Deep Borewell and Solar-Powered Overhead Water Tank at Village-14. Execution by authorized implementing agency following standard technical specifications.,Block-5,Village-14,18.428554,79.113082,True,730000.0,757432.14,604243.25,125756.75,2023-12-28,2024-01-26,2024-03-15,2024-06-28,Completed,CONTRACTOR-DEMO-0078,Maruti Civil Projects,District Rural Development Agency (DRDA)
MPLADS-DEMO-000616,DEMO-SYNTHETIC-v1,SYNTHETIC_DEMONSTRATION,MPLADS_STYLE_STRUCTURE,Karnataka,Bengaluru Rural,Bengaluru Rural,Representative Bengaluru Rural (Simulated),Rural Connectivity & Roads,Upgradation of Rural Link Road connecting Hamlet to Main Highway at Village-55,Upgradation of Rural Link Road connecting Hamlet to Main Highway at Village-55. Execution by authorized implementing agency following standard technical specifications.,Block-6,Village-55,12.99979,77.584853,True,4210000.0,4114841.6,3452657.01,757342.99,2024-05-06,2024-05-22,2024-07-05,,In Progress,CONTRACTOR-DEMO-0128,Classic Infrastructure Ltd,Public Works Department (PWD)
MPLADS-DEMO-000617,DEMO-SYNTHETIC-v1,SYNTHETIC_DEMONSTRATION,MPLADS_STYLE_STRUCTURE,Rajasthan,Udaipur,Udaipur,Representative Udaipur (Simulated),Community Infrastructure,Renovation and Expansion of Village Panchayat Bhavan in Village-85,Renovation and Expansion of Village Panchayat Bhavan in Village-85. Execution by authorized implementing agency following standard technical specifications.,Block-6,Village-85,24.559186,73.661431,True,2290000.0,2361483.96,1815549.26,474450.74,2023-07-15,2023-07-29,2023-08-19,2023-12-22,Completed,CONTRACTOR-DEMO-0025,Aditya Infra Solutions,Municipal Corporation Public Works
MPLADS-DEMO-000618,DEMO-SYNTHETIC-v1,SYNTHETIC_DEMONSTRATION,MPLADS_STYLE_STRUCTURE,Karnataka,Mysuru,Mysuru,Representative Mysuru (Simulated),Drinking Water & Sanitation,Laying of Underground Drinking Water Pipeline Distribution in Village-32,Laying of Underground Drinking Water Pipeline Distribution in Village-32. Execution by authorized implementing agency following standard technical specifications.,Block-3,Village-32,12.349504,76.575298,True,1120000.0,1095458.13,941844.43,178155.57,2023-06-17,2023-07-24,2023-09-04,2024-04-03,Completed,CONTRACTOR-DEMO-0072,Sai Rural Developers,Public Works Department (PWD)
MPLADS-DEMO-000619,DEMO-SYNTHETIC-v1,SYNTHETIC_DEMONSTRATION,MPLADS_STYLE_STRUCTURE,Madhya Pradesh,Jabalpur,Jabalpur,Representative Jabalpur (Simulated),Healthcare Infrastructure,Supply of Diagnostic Medical Equipment and Patient Beds to Rural Clinic in Village-42,Supply of Diagnostic Medical Equipment and Patient Beds to Rural Clinic in Village-42. Execution by authorized implementing agency following standard technical specifications.,Block-3,Village-42,23.134684,80.018522,True,1000000.0,988738.94,950218.24,49781.76,2023-04-26,2023-05-17,2023-06-13,2023-09-30,Completed,CONTRACTOR-DEMO-0105,Krishna Buildcon Pvt Ltd,Panchayati Raj Engineering Division
MPLADS-DEMO-000620,DEMO-SYNTHETIC-v1,SYNTHETIC_DEMONSTRATION,MPLADS_STYLE_STRUCTURE,Kerala,Kozhikode,Kozhikode,Representative Kozhikode (Simulated),Rural Connectivity & Roads,Construction of Cement Concrete (CC) Road and Drain Channel at Village-42,Construction of Cement Concrete (CC) Road and Drain Channel at Village-42. Execution by authorized implementing agency following standard technical specifications.,Block-3,Village-42,11.280407,75.838689,True,3300000.0,3427493.18,2565163.36,734836.64,2023-09-22,2023-11-06,2023-11-29,2024-05-24,Completed,CONTRACTOR-DEMO-0132,Riddhi Infrastructure Ltd,Minor Irrigation Division
MPLADS-DEMO-000621,DEMO-SYNTHETIC-v1,SYNTHETIC_DEMONSTRATION,MPLADS_STYLE_STRUCTURE,Odisha,Ganjam,Aska,Representative Ganjam (Simulated),Healthcare Infrastructure,Supply of Diagnostic Medical Equipment and Patient Beds to Rural Clinic in Village-34,Supply of Diagnostic Medical Equipment and Patient Beds to Rural Clinic in Village-34. Execution by authorized implementing agency following standard technical specifications.,Block-5,Village-34,19.329265,84.939024,True,1020000.0,989491.68,845730.68,174269.32,2023-01-21,2023-02-19,2023-03-09,2023-08-18,Completed,CONTRACTOR-DEMO-0113,Modern Buildcon Pvt Ltd,Municipal Corporation Public Works
MPLADS-DEMO-000622,DEMO-SYNTHETIC-v1,SYNTHETIC_DEMONSTRATION,MPLADS_STYLE_STRUCTURE,Kerala,Kozhikode,Kozhikode,Representative Kozhikode (Simulated),Community Infrastructure,Renovation and Expansion of Village Panchayat Bhavan in Village-123,Renovation and Expansion of Village Panchayat Bhavan in Village-123. Execution by authorized implementing agency following standard technical specifications.,Block-4,Village-123,11.231431,75.778571,True,2490000.0,2439751.26,1954834.3,535165.7,2023-10-03,2023-10-28,2023-11-27,2024-03-10,Completed,CONTRACTOR-DEMO-0071,Kisan Infra Solutions,Minor Irrigation Division
MPLADS-DEMO-000623,DEMO-SYNTHETIC-v1,SYNTHETIC_DEMONSTRATION,MPLADS_STYLE_STRUCTURE,Uttar Pradesh,Lucknow,Lucknow,Representative Lucknow (Simulated),Healthcare Infrastructure,Supply of Diagnostic Medical Equipment and Patient Beds to Rural Clinic in Village-51,Supply of Diagnostic Medical Equipment and Patient Beds to Rural Clinic in Village-51. Execution by authorized implementing agency following standard technical specifications.,Block-2,Village-51,26.843306,80.982953,True,1130000.0,1148183.5,978056.59,151943.41,2023-04-17,2023-05-13,2023-06-06,,In Progress,CONTRACTOR-DEMO-0037,Classic Urban Works Pvt Ltd,Panchayati Raj Engineering Division
MPLADS-DEMO-000624,DEMO-SYNTHETIC-v1,SYNTHETIC_DEMONSTRATION,MPLADS_STYLE_STRUCTURE,Gujarat,Ahmedabad,Ahmedabad West,Representative Ahmedabad (Simulated),Rural Connectivity & Roads,Interlocking Paver Block Road Installation along Main Street in Village-38,Interlocking Paver Block Road Installation along Main Street in Village-38. Execution by authorized implementing agency following standard technical specifications.,Block-9,Village-38,23.012919,72.586541,True,910000.0,936524.69,762107.81,147892.19,2023-10-10,2023-11-12,2023-12-11,,In Progress,CONTRACTOR-DEMO-0113,Modern Buildcon Pvt Ltd,Panchayati Raj Engineering Division
MPLADS-DEMO-000625,DEMO-SYNTHETIC-v1,SYNTHETIC_DEMONSTRATION,MPLADS_STYLE_STRUCTURE,Gujarat,Ahmedabad,Ahmedabad West,Representative Ahmedabad (Simulated),Renewable Energy,Supply and Erection of 30 Standalone Solar Street Lights in Village-165,Supply and Erection of 30 Standalone Solar Street Lights in Village-165. Execution by authorized implementing agency following standard technical specifications.,Block-6,Village-165,22.964215,72.520707,True,730000.0,717184.47,606437.02,123562.98,2023-08-17,2023-09-15,2023-10-20,2024-02-18,Completed,CONTRACTOR-DEMO-0014,Surya Shakti Construction Co,Public Works Department (PWD)
MPLADS-DEMO-000626,DEMO-SYNTHETIC-v1,SYNTHETIC_DEMONSTRATION,MPLADS_STYLE_STRUCTURE,Gujarat,Ahmedabad,Ahmedabad West,Representative Ahmedabad (Simulated),Healthcare Infrastructure,Development of Emergency Cold Storage and Pharmacy Room at Hospital Village-83,Development of Emergency Cold Storage and Pharmacy Room at Hospital Village-83. Execution by authorized implementing agency following standard technical specifications.,Block-4,Village-83,22.985057,72.567768,True,2360000.0,2380111.32,2003896.61,356103.39,2023-05-24,2023-07-08,2023-08-15,2023-11-26,Completed,CONTRACTOR-DEMO-0028,Siddhartha Buildcon Pvt Ltd,Minor Irrigation Division
MPLADS-DEMO-000627,DEMO-SYNTHETIC-v1,SYNTHETIC_DEMONSTRATION,MPLADS_STYLE_STRUCTURE,Gujarat,Rajkot,Rajkot,Representative Rajkot (Simulated),Healthcare Infrastructure,Development of Emergency Cold Storage and Pharmacy Room at Hospital Village-198,Development of Emergency Cold Storage and Pharmacy Room at Hospital Village-198. Execution by authorized implementing agency following standard technical specifications.,Block-9,Village-198,22.350957,70.780258,True,2140000.0,2193078.03,1970671.14,169328.86,2023-11-12,2023-12-19,2024-01-18,2024-05-25,Completed,CONTRACTOR-DEMO-0153,Siddhartha Infrastructure Ltd,Panchayati Raj Engineering Division
MPLADS-DEMO-000628,DEMO-SYNTHETIC-v1,SYNTHETIC_DEMONSTRATION,MPLADS_STYLE_STRUCTURE,Gujarat,Surat,Surat,Representative Surat (Simulated),Community Infrastructure,Development of Public Recreation Shed and Boundary Wall in Village-162,Development of Public Recreation Shed and Boundary Wall in Village-162. Execution by authorized implementing agency following standard technical specifications.,Block-3,Village-162,21.201736,72.781746,True,1650000.0,1711819.58,1572993.7,77006.3,2024-03-08,2024-04-03,2024-04-30,2024-08-08,Completed,CONTRACTOR-DEMO-0023,Reliable Buildcon Pvt Ltd,Municipal Corporation Public Works
MPLADS-DEMO-000629,DEMO-SYNTHETIC-v1,SYNTHETIC_DEMONSTRATION,MPLADS_STYLE_STRUCTURE,Tamil Nadu,Madurai,Madurai,Representative Madurai (Simulated),Rural Connectivity & Roads,Upgradation of Rural Link Road connecting Hamlet to Main Highway at Village-186,Upgradation of Rural Link Road connecting Hamlet to Main Highway at Village-186. Execution by authorized implementing agency following standard technical specifications.,Block-7,Village-186,9.921846,78.153728,True,2980000.0,2871244.57,2366395.79,613604.21,2023-10-23,2023-11-22,2024-01-11,2024-06-27,Completed,CONTRACTOR-DEMO-0118,Om Rural Developers,Minor Irrigation Division
MPLADS-DEMO-000630,DEMO-SYNTHETIC-v1,SYNTHETIC_DEMONSTRATION,MPLADS_STYLE_STRUCTURE,Kerala,Ernakulam,Ernakulam,Representative Ernakulam (Simulated),Community Infrastructure,Renovation and Expansion of Village Panchayat Bhavan in Village-18,Renovation and Expansion of Village Panchayat Bhavan in Village-18. Execution by authorized implementing agency following standard technical specifications.,Block-9,Village-18,9.979367,76.302989,True,2680000.0,2742365.78,2112898.81,567101.19,2023-06-04,2023-06-26,2023-07-29,,In Progress,CONTRACTOR-DEMO-0148,National Engineers & Builders,Public Works Department (PWD)
MPLADS-DEMO-000631,DEMO-SYNTHETIC-v1,SYNTHETIC_DEMONSTRATION,MPLADS_STYLE_STRUCTURE,Telangana,Nizamabad,Nizamabad,Representative Nizamabad (Simulated),Healthcare Infrastructure,Construction of Maternity & Child Healthcare Ward at Primary Health Sub-Center Village-190,Construction of Maternity & Child Healthcare Ward at Primary Health Sub-Center Village-190. Execution by authorized implementing agency following standard technical specifications.,Block-1,Village-190,18.713389,78.093453,True,3160000.0,3253600.65,3076114.12,83885.88,2023-04-09,2023-05-21,2023-07-07,2023-12-28,Completed,CONTRACTOR-DEMO-0106,Modern Engineering Works,Municipal Corporation Public Works
MPLADS-DEMO-000632,DEMO-SYNTHETIC-v1,SYNTHETIC_DEMONSTRATION,MPLADS_STYLE_STRUCTURE,Uttar Pradesh,Gorakhpur,Gorakhpur,Representative Gorakhpur (Simulated),Drinking Water & Sanitation,Construction of Public Sanitation Facility and Bathing Block in Village-1,Construction of Public Sanitation Facility and Bathing Block in Village-1. Execution by authorized implementing agency following standard technical specifications.,Block-2,Village-1,26.7164,83.336515,True,1140000.0,1095208.15,1098486.08,41513.92,2023-10-04,2023-11-16,2024-01-02,2024-07-29,Completed,CONTRACTOR-DEMO-0070,Alliance Projects Ltd,District Rural Development Agency (DRDA)
MPLADS-DEMO-000633,DEMO-SYNTHETIC-v1,SYNTHETIC_DEMONSTRATION,MPLADS_STYLE_STRUCTURE,Odisha,Khordha,Bhubaneswar,Representative Khordha (Simulated),Drinking Water & Sanitation,Drilling of Deep Borewell and Solar-Powered Overhead Water Tank at Village-182,Drilling of Deep Borewell and Solar-Powered Overhead Water Tank at Village-182. Execution by authorized implementing agency following standard technical specifications.,Block-3,Village-182,20.150807,85.571683,True,640000.0,616735.36,515065.51,124934.49,2023-02-04,2023-02-27,2023-03-31,2023-08-22,Completed,CONTRACTOR-DEMO-0017,Vikas Engineers & Builders,Minor Irrigation Division
MPLADS-DEMO-000634,DEMO-SYNTHETIC-v1,SYNTHETIC_DEMONSTRATION,MPLADS_STYLE_STRUCTURE,Uttar Pradesh,Lucknow,Lucknow,Representative Lucknow (Simulated),Irrigation & Water Conservation,Construction of Check Dam and Water Harvesting Percolation Tank at Village-137,Construction of Check Dam and Water Harvesting Percolation Tank at Village-137. Execution by authorized implementing agency following standard technical specifications.,Block-8,Village-137,26.796804,80.965524,True,1900000.0,1915984.25,1586301.14,313698.86,2023-02-26,2023-03-28,2023-04-20,2023-09-17,Completed,CONTRACTOR-DEMO-0087,Swastik Infrastructure Ltd,Public Works Department (PWD)
MPLADS-DEMO-000635,DEMO-SYNTHETIC-v1,SYNTHETIC_DEMONSTRATION,MPLADS_STYLE_STRUCTURE,Tamil Nadu,Salem,Salem,Representative Salem (Simulated),Irrigation & Water Conservation,Construction of Check Dam and Water Harvesting Percolation Tank at Village-92,Construction of Check Dam and Water Harvesting Percolation Tank at Village-92. Execution by authorized implementing agency following standard technical specifications.,Block-3,Village-92,11.627806,78.20648,True,1320000.0,1294232.25,994747.85,325252.15,2023-12-17,2024-01-06,2024-02-14,2024-07-03,Completed,CONTRACTOR-DEMO-0164,Kisan Civil Projects,Minor Irrigation Division
MPLADS-DEMO-000636,DEMO-SYNTHETIC-v1,SYNTHETIC_DEMONSTRATION,MPLADS_STYLE_STRUCTURE,Tamil Nadu,Madurai,Madurai,Representative Madurai (Simulated),Renewable Energy,Installation of Solar LED High-Mast Lighting System at Market Yard Village-114,Installation of Solar LED High-Mast Lighting System at Market Yard Village-114. Execution by authorized implementing agency following standard technical specifications.,Block-5,Village-114,9.888883,78.089743,True,820000.0,828514.92,776860.54,43139.46,2023-08-05,2023-08-28,2023-10-10,,In Progress,CONTRACTOR-DEMO-0189,Balaji Engineers & Builders,Panchayati Raj Engineering Division
MPLADS-DEMO-000637,DEMO-SYNTHETIC-v1,SYNTHETIC_DEMONSTRATION,MPLADS_STYLE_STRUCTURE,Rajasthan,Udaipur,Udaipur,Representative Udaipur (Simulated),Drinking Water & Sanitation,Laying of Underground Drinking Water Pipeline Distribution in Village-24,Laying of Underground Drinking Water Pipeline Distribution in Village-24. Execution by authorized implementing agency following standard technical specifications.,Block-5,Village-24,24.584875,73.707221,True,1020000.0,994610.97,880075.61,139924.39,2024-01-23,2024-02-17,2024-03-21,,In Progress,CONTRACTOR-DEMO-0045,Shiv Shakti Rural Developers,Rural Engineering Service (RES)
MPLADS-DEMO-000638,DEMO-SYNTHETIC-v1,SYNTHETIC_DEMONSTRATION,MPLADS_STYLE_STRUCTURE,Telangana,Karimnagar,Karimnagar,Representative Karimnagar (Simulated),Education & Schools,Installation of Digital Smart Classroom and Computer Lab Infrastructure at Village-18,Installation of Digital Smart Classroom and Computer Lab Infrastructure at Village-18. Execution by authorized implementing agency following standard technical specifications.,Block-9,Village-18,18.392258,79.119231,True,1280000.0,1321895.02,1245681.48,34318.52,2023-03-07,2023-03-29,2023-04-13,2023-10-01,Completed,CONTRACTOR-DEMO-0102,Samriddhi Civil Projects,Public Works Department (PWD)
MPLADS-DEMO-000639,DEMO-SYNTHETIC-v1,SYNTHETIC_DEMONSTRATION,MPLADS_STYLE_STRUCTURE,Maharashtra,Nagpur,Nagpur,Representative Nagpur (Simulated),Irrigation & Water Conservation,Construction of Check Dam and Water Harvesting Percolation Tank at Village-196,Construction of Check Dam and Water Harvesting Percolation Tank at Village-196. Execution by authorized implementing agency following standard technical specifications.,Block-7,Village-196,21.188767,79.144708,True,1260000.0,1234632.97,969225.99,290774.01,2023-03-29,2023-04-12,2023-04-27,2023-08-07,Completed,CONTRACTOR-DEMO-0142,Panchsheel Infra Solutions,Minor Irrigation Division
MPLADS-DEMO-000640,DEMO-SYNTHETIC-v1,SYNTHETIC_DEMONSTRATION,MPLADS_STYLE_STRUCTURE,Telangana,Karimnagar,Karimnagar,Representative Karimnagar (Simulated),Rural Connectivity & Roads,Construction of Cement Concrete (CC) Road and Drain Channel at Village-52,Construction of Cement Concrete (CC) Road and Drain Channel at Village-52. Execution by authorized implementing agency following standard technical specifications.,Block-3,Village-52,18.3917,79.162557,True,2730000.0,2798897.54,2240507.04,489492.96,2023-09-17,2023-10-10,2023-11-09,,In Progress,CONTRACTOR-DEMO-0181,Navnirman Engineers & Builders,District Rural Development Agency (DRDA)
MPLADS-DEMO-000641,DEMO-SYNTHETIC-v1,SYNTHETIC_DEMONSTRATION,MPLADS_STYLE_STRUCTURE,Tamil Nadu,Salem,Salem,Representative Salem (Simulated),Renewable Energy,Installation of Solar LED High-Mast Lighting System at Market Yard Village-6,Installation of Solar LED High-Mast Lighting System at Market Yard Village-6. Execution by authorized implementing agency following standard technical specifications.,Block-7,Village-6,11.70654,78.094366,True,630000.0,609969.33,600947.6,29052.4,2023-08-15,2023-09-07,2023-09-22,2023-12-12,Completed,CONTRACTOR-DEMO-0062,Panchsheel Projects Ltd,Panchayati Raj Engineering Division
MPLADS-DEMO-000642,DEMO-SYNTHETIC-v1,SYNTHETIC_DEMONSTRATION,MPLADS_STYLE_STRUCTURE,Madhya Pradesh,Indore,Indore,Representative Indore (Simulated),Drinking Water & Sanitation,Drilling of Deep Borewell and Solar-Powered Overhead Water Tank at Village-168,Drilling of Deep Borewell and Solar-Powered Overhead Water Tank at Village-168. Execution by authorized implementing agency following standard technical specifications.,Block-9,Village-168,22.69189,75.91252,True,930000.0,921424.94,886635.5,43364.5,2024-03-11,2024-04-01,2024-05-17,,In Progress,CONTRACTOR-DEMO-0032,Golden Rural Developers,Rural Engineering Service (RES)
MPLADS-DEMO-000643,DEMO-SYNTHETIC-v1,SYNTHETIC_DEMONSTRATION,MPLADS_STYLE_STRUCTURE,Maharashtra,Nagpur,Nagpur,Representative Nagpur (Simulated),Rural Connectivity & Roads,Upgradation of Rural Link Road connecting Hamlet to Main Highway at Village-20,Upgradation of Rural Link Road connecting Hamlet to Main Highway at Village-20. Execution by authorized implementing agency following standard technical specifications.,Block-1,Village-20,21.160841,79.038586,True,2630000.0,2713231.4,2338165.91,291834.09,2023-04-16,2023-05-27,2023-07-14,2023-11-12,Completed,CONTRACTOR-DEMO-0177,Apex Enterprises,Panchayati Raj Engineering Division
MPLADS-DEMO-000644,DEMO-SYNTHETIC-v1,SYNTHETIC_DEMONSTRATION,MPLADS_STYLE_STRUCTURE,Maharashtra,Pune,Pune,Representative Pune (Simulated),Healthcare Infrastructure,Development of Emergency Cold Storage and Pharmacy Room at Hospital Village-78,Development of Emergency Cold Storage and Pharmacy Room at Hospital Village-78. Execution by authorized implementing agency following standard technical specifications.,Block-9,Village-78,18.536619,73.829011,True,2320000.0,2246488.03,2228902.65,91097.35,2023-12-19,2024-01-25,2024-02-25,2024-05-29,Completed,CONTRACTOR-DEMO-0004,Aditya Buildcon Pvt Ltd,Rural Engineering Service (RES)
MPLADS-DEMO-000645,DEMO-SYNTHETIC-v1,SYNTHETIC_DEMONSTRATION,MPLADS_STYLE_STRUCTURE,Telangana,Warangal,Warangal,Representative Warangal (Simulated),Healthcare Infrastructure,Construction of Maternity & Child Healthcare Ward at Primary Health Sub-Center Village-82,Construction of Maternity & Child Healthcare Ward at Primary Health Sub-Center Village-82. Execution by authorized implementing agency following standard technical specifications.,Block-3,Village-82,17.923111,79.58717,True,3020000.0,3096019.38,2343603.74,676396.26,2023-08-21,2023-09-21,2023-10-15,,In Progress,CONTRACTOR-DEMO-0036,Sai Projects Ltd,Rural Engineering Service (RES)
MPLADS-DEMO-000646,DEMO-SYNTHETIC-v1,SYNTHETIC_DEMONSTRATION,MPLADS_STYLE_STRUCTURE,Telangana,Warangal,Warangal,Representative Warangal (Simulated),Education & Schools,Construction of Separate Girls Toilet and Wash Area in Govt High School Village-82,Construction of Separate Girls Toilet and Wash Area in Govt High School Village-82. Execution by authorized implementing agency following standard technical specifications.,Block-3,Village-82,17.968147,79.591668,True,760000.0,766185.98,681278.41,78721.59,2023-03-26,2023-04-24,2023-06-02,2023-12-21,Completed,CONTRACTOR-DEMO-0141,Alliance Engineering Works,Municipal Corporation Public Works
MPLADS-DEMO-000647,DEMO-SYNTHETIC-v1,SYNTHETIC_DEMONSTRATION,MPLADS_STYLE_STRUCTURE,Karnataka,Bengaluru Rural,Bengaluru Rural,Representative Bengaluru Rural (Simulated),Renewable Energy,Installation of 10kW Rooftop Solar Power System at Primary Health Center Village-59,Installation of 10kW Rooftop Solar Power System at Primary Health Center Village-59. Execution by authorized implementing agency following standard technical specifications.,Block-10,Village-59,13.049502,77.578325,True,860000.0,861853.88,798610.01,61389.99,2024-03-05,2024-04-02,2024-04-22,,In Progress,CONTRACTOR-DEMO-0004,Aditya Buildcon Pvt Ltd,Rural Engineering Service (RES)
MPLADS-DEMO-000648,DEMO-SYNTHETIC-v1,SYNTHETIC_DEMONSTRATION,MPLADS_STYLE_STRUCTURE,Odisha,Khordha,Bhubaneswar,Representative Khordha (Simulated),Community Infrastructure,Construction of Open Air Gymnasium and Seating Area at Village-143,Construction of Open Air Gymnasium and Seating Area at Village-143. Execution by authorized implementing agency following standard technical specifications.,Block-4,Village-143,20.17751,85.573567,True,740000.0,713926.98,614458.95,125541.05,2024-03-24,2024-04-15,2024-05-18,2024-12-20,Completed,CONTRACTOR-DEMO-0111,Modern Construction Co,Rural Engineering Service (RES)
MPLADS-DEMO-000649,DEMO-SYNTHETIC-v1,SYNTHETIC_DEMONSTRATION,MPLADS_STYLE_STRUCTURE,Uttar Pradesh,Varanasi,Varanasi,Representative Varanasi (Simulated),Irrigation & Water Conservation,Construction of Check Dam and Water Harvesting Percolation Tank at Village-15,Construction of Check Dam and Water Harvesting Percolation Tank at Village-15. Execution by authorized implementing agency following standard technical specifications.,Block-6,Village-15,25.349709,82.924141,True,1990000.0,2022470.89,1665263.8,324736.2,2023-01-28,2023-03-10,2023-04-17,,In Progress,CONTRACTOR-DEMO-0031,Shiv Shakti Buildcon Pvt Ltd,Minor Irrigation Division
MPLADS-DEMO-000650,DEMO-SYNTHETIC-v1,SYNTHETIC_DEMONSTRATION,MPLADS_STYLE_STRUCTURE,Tamil Nadu,Coimbatore,Coimbatore,Representative Coimbatore (Simulated),Community Infrastructure,Renovation and Expansion of Village Panchayat Bhavan in Village-153,Renovation and Expansion of Village Panchayat Bhavan in Village-153. Execution by authorized implementing agency following standard technical specifications.,Block-4,Village-153,11.064962,76.894724,True,2330000.0,2263134.12,1878820.05,451179.95,2023-01-21,2023-03-02,2023-03-26,2023-10-07,Completed,CONTRACTOR-DEMO-0194,United Urban Works Pvt Ltd,Rural Engineering Service (RES)
MPLADS-DEMO-000651,DEMO-SYNTHETIC-v1,SYNTHETIC_DEMONSTRATION,MPLADS_STYLE_STRUCTURE,Kerala,Kozhikode,Kozhikode,Representative Kozhikode (Simulated),Renewable Energy,Installation of 10kW Rooftop Solar Power System at Primary Health Center Village-77,Installation of 10kW Rooftop Solar Power System at Primary Health Center Village-77. Execution by authorized implementing agency following standard technical specifications.,Block-8,Village-77,11.254924,75.809332,True,880000.0,899810.34,800718.0,79282.0,2023-06-10,2023-07-01,2023-07-25,,In Progress,CONTRACTOR-DEMO-0168,Navnirman Infra Solutions,Public Works Department (PWD)
MPLADS-DEMO-000652,DEMO-SYNTHETIC-v1,SYNTHETIC_DEMONSTRATION,MPLADS_STYLE_STRUCTURE,Tamil Nadu,Madurai,Madurai,Representative Madurai (Simulated),Irrigation & Water Conservation,Construction of Check Dam and Water Harvesting Percolation Tank at Village-129,Construction of Check Dam and Water Harvesting Percolation Tank at Village-129. Execution by authorized implementing agency following standard technical specifications.,Block-10,Village-129,9.881045,78.106331,True,1640000.0,1663603.34,1560418.34,79581.66,2023-10-25,2023-11-24,2024-01-10,2024-05-22,Completed,CONTRACTOR-DEMO-0112,Hindustan Infrastructure Ltd,Rural Engineering Service (RES)
MPLADS-DEMO-000653,DEMO-SYNTHETIC-v1,SYNTHETIC_DEMONSTRATION,MPLADS_STYLE_STRUCTURE,Uttar Pradesh,Gorakhpur,Gorakhpur,Representative Gorakhpur (Simulated),Community Infrastructure,Renovation and Expansion of Village Panchayat Bhavan in Village-33,Renovation and Expansion of Village Panchayat Bhavan in Village-33. Execution by authorized implementing agency following standard technical specifications.,Block-4,Village-33,26.792208,83.360252,True,1540000.0,1505369.27,1220064.33,319935.67,2024-01-31,2024-02-18,2024-04-02,2024-09-27,Completed,CONTRACTOR-DEMO-0101,Bharat Construction Co,Rural Engineering Service (RES)
MPLADS-DEMO-000654,DEMO-SYNTHETIC-v1,SYNTHETIC_DEMONSTRATION,MPLADS_STYLE_STRUCTURE,Gujarat,Ahmedabad,Ahmedabad West,Representative Ahmedabad (Simulated),Irrigation & Water Conservation,Desilting and Deepening of Traditional Village Water Reservoir in Village-166,Desilting and Deepening of Traditional Village Water Reservoir in Village-166. Execution by authorized implementing agency following standard technical specifications.,Block-7,Village-166,23.012649,72.54149,True,930000.0,898588.96,826522.38,103477.62,2024-03-23,2024-04-27,2024-05-13,,In Progress,CONTRACTOR-DEMO-0045,Shiv Shakti Rural Developers,Municipal Corporation Public Works
MPLADS-DEMO-000655,DEMO-SYNTHETIC-v1,SYNTHETIC_DEMONSTRATION,MPLADS_STYLE_STRUCTURE,Maharashtra,Nagpur,Nagpur,Representative Nagpur (Simulated),Community Infrastructure,Development of Public Recreation Shed and Boundary Wall in Village-153,Development of Public Recreation Shed and Boundary Wall in Village-153. Execution by authorized implementing agency following standard technical specifications.,Block-4,Village-153,21.082227,79.141459,True,1140000.0,1144714.25,1022385.59,117614.41,2023-01-31,2023-03-01,2023-04-02,,In Progress,CONTRACTOR-DEMO-0149,Classic Buildcon Pvt Ltd,Municipal Corporation Public Works
MPLADS-DEMO-000656,DEMO-SYNTHETIC-v1,SYNTHETIC_DEMONSTRATION,MPLADS_STYLE_STRUCTURE,Gujarat,Ahmedabad,Ahmedabad West,Representative Ahmedabad (Simulated),Renewable Energy,Supply and Erection of 30 Standalone Solar Street Lights in Village-12,Supply and Erection of 30 Standalone Solar Street Lights in Village-12. Execution by authorized implementing agency following standard technical specifications.,Block-3,Village-12,22.963746,72.518517,True,690000.0,662868.03,574100.22,115899.78,2023-06-08,2023-07-17,2023-09-02,,In Progress,CONTRACTOR-DEMO-0196,Pragati Engineering Works,Panchayati Raj Engineering Division
MPLADS-DEMO-000657,DEMO-SYNTHETIC-v1,SYNTHETIC_DEMONSTRATION,MPLADS_STYLE_STRUCTURE,Kerala,Kozhikode,Kozhikode,Representative Kozhikode (Simulated),Rural Connectivity & Roads,Interlocking Paver Block Road Installation along Main Street in Village-180,Interlocking Paver Block Road Installation along Main Street in Village-180. Execution by authorized implementing agency following standard technical specifications.,Block-1,Village-180,11.281509,75.758471,True,1740000.0,1740498.11,1505971.28,234028.72,2024-02-15,2024-03-09,2024-03-25,2024-09-13,Completed,CONTRACTOR-DEMO-0126,Swastik Engineers & Builders,Municipal Corporation Public Works
MPLADS-DEMO-000658,DEMO-SYNTHETIC-v1,SYNTHETIC_DEMONSTRATION,MPLADS_STYLE_STRUCTURE,Odisha,Khordha,Bhubaneswar,Representative Khordha (Simulated),Irrigation & Water Conservation,Construction of Check Dam and Water Harvesting Percolation Tank at Village-75,Construction of Check Dam and Water Harvesting Percolation Tank at Village-75. Execution by authorized implementing agency following standard technical specifications.,Block-6,Village-75,20.136859,85.644909,True,1200000.0,1236979.57,925748.28,274251.72,2024-01-17,2024-02-14,2024-03-13,2024-07-02,Completed,CONTRACTOR-DEMO-0200,Gitanjali Construction Co,Minor Irrigation Division
MPLADS-DEMO-000659,DEMO-SYNTHETIC-v1,SYNTHETIC_DEMONSTRATION,MPLADS_STYLE_STRUCTURE,Maharashtra,Nashik,Nashik,Representative Nashik (Simulated),Renewable Energy,Installation of 10kW Rooftop Solar Power System at Primary Health Center Village-187,Installation of 10kW Rooftop Solar Power System at Primary Health Center Village-187. Execution by authorized implementing agency following standard technical specifications.,Block-8,Village-187,20.011636,73.792827,True,1090000.0,1076171.41,1014387.71,75612.29,2023-07-07,2023-08-08,2023-09-15,2024-03-18,Completed,CONTRACTOR-DEMO-0014,Surya Shakti Construction Co,Minor Irrigation Division
MPLADS-DEMO-000660,DEMO-SYNTHETIC-v1,SYNTHETIC_DEMONSTRATION,MPLADS_STYLE_STRUCTURE,Telangana,Warangal,Warangal,Representative Warangal (Simulated),Healthcare Infrastructure,Supply of Diagnostic Medical Equipment and Patient Beds to Rural Clinic in Village-62,Supply of Diagnostic Medical Equipment and Patient Beds to Rural Clinic in Village-62. Execution by authorized implementing agency following standard technical specifications.,Block-3,Village-62,17.931047,79.60845,True,1090000.0,1129938.96,959622.05,130377.95,2023-09-26,2023-10-16,2023-10-31,,In Progress,CONTRACTOR-DEMO-0083,Maruti Buildcon Pvt Ltd,Municipal Corporation Public Works
MPLADS-DEMO-000661,DEMO-SYNTHETIC-v1,SYNTHETIC_DEMONSTRATION,MPLADS_STYLE_STRUCTURE,Odisha,Khordha,Bhubaneswar,Representative Khordha (Simulated),Irrigation & Water Conservation,Construction of Check Dam and Water Harvesting Percolation Tank at Village-128,Construction of Check Dam and Water Harvesting Percolation Tank at Village-128. Execution by authorized implementing agency following standard technical specifications.,Block-9,Village-128,20.128135,85.596983,True,1470000.0,1430189.16,1197207.67,272792.33,2023-07-20,2023-08-25,2023-09-14,,In Progress,CONTRACTOR-DEMO-0185,United Construction Co,Panchayati Raj Engineering Division
MPLADS-DEMO-000662,DEMO-SYNTHETIC-v1,SYNTHETIC_DEMONSTRATION,MPLADS_STYLE_STRUCTURE,Uttar Pradesh,Gorakhpur,Gorakhpur,Representative Gorakhpur (Simulated),Education & Schools,Construction of Separate Girls Toilet and Wash Area in Govt High School Village-196,Construction of Separate Girls Toilet and Wash Area in Govt High School Village-196. Execution by authorized implementing agency following standard technical specifications.,Block-7,Village-196,26.809566,83.392738,True,580000.0,600408.09,564622.2,15377.8,2023-09-21,2023-10-07,2023-11-14,2024-05-09,Completed,CONTRACTOR-DEMO-0108,Shanti Buildcon Pvt Ltd,Municipal Corporation Public Works
MPLADS-DEMO-000663,DEMO-SYNTHETIC-v1,SYNTHETIC_DEMONSTRATION,MPLADS_STYLE_STRUCTURE,Odisha,Ganjam,Aska,Representative Ganjam (Simulated),Healthcare Infrastructure,Construction of Maternity & Child Healthcare Ward at Primary Health Sub-Center Village-113,Construction of Maternity & Child Healthcare Ward at Primary Health Sub-Center Village-113. Execution by authorized implementing agency following standard technical specifications.,Block-4,Village-113,19.362675,85.034829,True,2600000.0,2573726.08,2357956.14,242043.86,2023-10-01,2023-11-12,2023-12-13,2024-03-07,Completed,CONTRACTOR-DEMO-0162,Reliable Enterprises,Minor Irrigation Division
MPLADS-DEMO-000664,DEMO-SYNTHETIC-v1,SYNTHETIC_DEMONSTRATION,MPLADS_STYLE_STRUCTURE,Gujarat,Ahmedabad,Ahmedabad West,Representative Ahmedabad (Simulated),Healthcare Infrastructure,Construction of Maternity & Child Healthcare Ward at Primary Health Sub-Center Village-180,Construction of Maternity & Child Healthcare Ward at Primary Health Sub-Center Village-180. Execution by authorized implementing agency following standard technical specifications.,Block-1,Village-180,23.064261,72.507433,True,2060000.0,2025500.87,1619957.91,440042.09,2023-08-07,2023-08-25,2023-09-23,2024-04-03,Completed,CONTRACTOR-DEMO-0175,Premier Projects Ltd,Public Works Department (PWD)
MPLADS-DEMO-000665,DEMO-SYNTHETIC-v1,SYNTHETIC_DEMONSTRATION,MPLADS_STYLE_STRUCTURE,Rajasthan,Udaipur,Udaipur,Representative Udaipur (Simulated),Education & Schools,Setup of Science Laboratory and Learning Resource Center in Village-165,Setup of Science Laboratory and Learning Resource Center in Village-165. Execution by authorized implementing agency following standard technical specifications.,Block-6,Village-165,24.589965,73.753878,True,1030000.0,995871.78,945858.24,84141.76,2024-04-28,2024-06-06,2024-07-18,,In Progress,CONTRACTOR-DEMO-0088,Alliance Contractors,Public Works Department (PWD)
MPLADS-DEMO-000666,DEMO-SYNTHETIC-v1,SYNTHETIC_DEMONSTRATION,MPLADS_STYLE_STRUCTURE,Rajasthan,Jodhpur,Jodhpur,Representative Jodhpur (Simulated),Rural Connectivity & Roads,Construction of Culvert and Cross-Drainage Structure on Link Road Village-55,Construction of Culvert and Cross-Drainage Structure on Link Road Village-55. Execution by authorized implementing agency following standard technical specifications.,Block-6,Village-55,26.265198,73.021209,True,1910000.0,1903059.62,1671954.18,238045.82,2024-05-14,2024-06-27,2024-07-21,,In Progress,CONTRACTOR-DEMO-0085,Kisan Rural Developers,Municipal Corporation Public Works
MPLADS-DEMO-000667,DEMO-SYNTHETIC-v1,SYNTHETIC_DEMONSTRATION,MPLADS_STYLE_STRUCTURE,Gujarat,Ahmedabad,Ahmedabad West,Representative Ahmedabad (Simulated),Renewable Energy,Supply and Erection of 30 Standalone Solar Street Lights in Village-16,Supply and Erection of 30 Standalone Solar Street Lights in Village-16. Execution by authorized implementing agency following standard technical specifications.,Block-7,Village-16,23.07924,72.553394,True,770000.0,799479.35,615296.83,154703.17,2023-05-03,2023-05-18,2023-06-29,,In Progress,CONTRACTOR-DEMO-0166,Shiv Shakti Engineers & Builders,Rural Engineering Service (RES)
MPLADS-DEMO-000668,DEMO-SYNTHETIC-v1,SYNTHETIC_DEMONSTRATION,MPLADS_STYLE_STRUCTURE,Gujarat,Surat,Surat,Representative Surat (Simulated),Drinking Water & Sanitation,Installation of Community RO Water Purification Plant at Village-71,Installation of Community RO Water Purification Plant at Village-71. Execution by authorized implementing agency following standard technical specifications.,Block-2,Village-71,21.157859,72.804884,True,1050000.0,1045919.36,888862.83,161137.17,2023-05-04,2023-06-03,2023-06-29,2023-10-05,Completed,CONTRACTOR-DEMO-0113,Modern Buildcon Pvt Ltd,District Rural Development Agency (DRDA)
MPLADS-DEMO-000669,DEMO-SYNTHETIC-v1,SYNTHETIC_DEMONSTRATION,MPLADS_STYLE_STRUCTURE,Telangana,Warangal,Warangal,Representative Warangal (Simulated),Rural Connectivity & Roads,Interlocking Paver Block Road Installation along Main Street in Village-51,Interlocking Paver Block Road Installation along Main Street in Village-51. Execution by authorized implementing agency following standard technical specifications.,Block-2,Village-51,17.949306,79.583583,True,1400000.0,1403976.7,1302402.08,97597.92,2024-05-23,2024-07-03,2024-08-09,,In Progress,CONTRACTOR-DEMO-0150,Reliable Engineering Works,Panchayati Raj Engineering Division
MPLADS-DEMO-000670,DEMO-SYNTHETIC-v1,SYNTHETIC_DEMONSTRATION,MPLADS_STYLE_STRUCTURE,Telangana,Karimnagar,Karimnagar,Representative Karimnagar (Simulated),Community Infrastructure,Development of Public Recreation Shed and Boundary Wall in Village-20,Development of Public Recreation Shed and Boundary Wall in Village-20. Execution by authorized implementing agency following standard technical specifications.,Block-1,Village-20,18.467554,79.139004,True,1080000.0,1064770.49,1055013.8,24986.2,2024-05-09,2024-06-12,2024-06-27,,In Progress,CONTRACTOR-DEMO-0121,Apex Engineering Works,Rural Engineering Service (RES)
MPLADS-DEMO-000671,DEMO-SYNTHETIC-v1,SYNTHETIC_DEMONSTRATION,MPLADS_STYLE_STRUCTURE,Karnataka,Bengaluru Rural,Bengaluru Rural,Representative Bengaluru Rural (Simulated),Irrigation & Water Conservation,Desilting and Deepening of Traditional Village Water Reservoir in Village-30,Desilting and Deepening of Traditional Village Water Reservoir in Village-30. Execution by authorized implementing agency following standard technical specifications.,Block-1,Village-30,13.102462,77.590413,True,1130000.0,1131870.53,848455.62,281544.38,2023-09-02,2023-09-24,2023-11-06,2024-02-13,Completed,CONTRACTOR-DEMO-0013,Bharat Engineering Works,Rural Engineering Service (RES)
MPLADS-DEMO-000672,DEMO-SYNTHETIC-v1,SYNTHETIC_DEMONSTRATION,MPLADS_STYLE_STRUCTURE,Kerala,Kozhikode,Kozhikode,Representative Kozhikode (Simulated),Drinking Water & Sanitation,Laying of Underground Drinking Water Pipeline Distribution in Village-179,Laying of Underground Drinking Water Pipeline Distribution in Village-179. Execution by authorized implementing agency following standard technical specifications.,Block-10,Village-179,11.264791,75.736993,True,1280000.0,1250932.46,1021754.25,258245.75,2023-04-22,2023-05-06,2023-06-13,2023-08-31,Completed,CONTRACTOR-DEMO-0081,Vanguard Urban Works Pvt Ltd,District Rural Development Agency (DRDA)
MPLADS-DEMO-000673,DEMO-SYNTHETIC-v1,SYNTHETIC_DEMONSTRATION,MPLADS_STYLE_STRUCTURE,Karnataka,Mysuru,Mysuru,Representative Mysuru (Simulated),Irrigation & Water Conservation,Construction of Check Dam and Water Harvesting Percolation Tank at Village-180,Construction of Check Dam and Water Harvesting Percolation Tank at Village-180. Execution by authorized implementing agency following standard technical specifications.,Block-1,Village-180,12.295687,76.704276,True,1620000.0,1608386.13,1346233.9,273766.1,2023-10-19,2023-11-29,2024-01-16,2024-06-24,Completed,CONTRACTOR-DEMO-0033,Golden Buildcon Pvt Ltd,Rural Engineering Service (RES)
MPLADS-DEMO-000674,DEMO-SYNTHETIC-v1,SYNTHETIC_DEMONSTRATION,MPLADS_STYLE_STRUCTURE,Madhya Pradesh,Jabalpur,Jabalpur,Representative Jabalpur (Simulated),Education & Schools,Construction of Separate Girls Toilet and Wash Area in Govt High School Village-46,Construction of Separate Girls Toilet and Wash Area in Govt High School Village-46. Execution by authorized implementing agency following standard technical specifications.,Block-7,Village-46,23.188358,79.942545,True,770000.0,762704.3,727165.72,42834.28,2024-01-02,2024-02-12,2024-03-16,2024-06-24,Completed,CONTRACTOR-DEMO-0026,Gitanjali Buildcon Pvt Ltd,Public Works Department (PWD)
MPLADS-DEMO-000675,DEMO-SYNTHETIC-v1,SYNTHETIC_DEMONSTRATION,MPLADS_STYLE_STRUCTURE,Gujarat,Surat,Surat,Representative Surat (Simulated),Healthcare Infrastructure,Construction of Maternity & Child Healthcare Ward at Primary Health Sub-Center Village-158,Construction of Maternity & Child Healthcare Ward at Primary Health Sub-Center Village-158. Execution by authorized implementing agency following standard technical specifications.,Block-9,Village-158,21.226425,72.779578,True,3190000.0,3087843.97,2718338.63,471661.37,2023-11-08,2023-11-24,2023-12-27,2024-05-04,Completed,CONTRACTOR-DEMO-0061,Gitanjali Engineers & Builders,Panchayati Raj Engineering Division
MPLADS-DEMO-000676,DEMO-SYNTHETIC-v1,SYNTHETIC_DEMONSTRATION,MPLADS_STYLE_STRUCTURE,Karnataka,Dharwad,Dharwad,Representative Dharwad (Simulated),Education & Schools,Construction of Additional Classrooms at Govt Senior Secondary School Village-51,Construction of Additional Classrooms at Govt Senior Secondary School Village-51. Execution by authorized implementing agency following standard technical specifications.,Block-2,Village-51,15.505225,75.066372,True,2290000.0,2375667.27,2198919.24,91080.76,2023-08-14,2023-09-22,2023-10-07,2024-02-16,Completed,CONTRACTOR-DEMO-0133,Mahalaxmi Contractors,District Rural Development Agency (DRDA)
MPLADS-DEMO-000677,DEMO-SYNTHETIC-v1,SYNTHETIC_DEMONSTRATION,MPLADS_STYLE_STRUCTURE,Uttar Pradesh,Gorakhpur,Gorakhpur,Representative Gorakhpur (Simulated),Healthcare Infrastructure,Supply of Diagnostic Medical Equipment and Patient Beds to Rural Clinic in Village-79,Supply of Diagnostic Medical Equipment and Patient Beds to Rural Clinic in Village-79. Execution by authorized implementing agency following standard technical specifications.,Block-10,Village-79,26.804603,83.411568,True,1530000.0,1551212.02,1148963.04,381036.96,2024-04-24,2024-06-03,2024-06-20,,In Progress,CONTRACTOR-DEMO-0043,Panchsheel Engineers & Builders,District Rural Development Agency (DRDA)
MPLADS-DEMO-000678,DEMO-SYNTHETIC-v1,SYNTHETIC_DEMONSTRATION,MPLADS_STYLE_STRUCTURE,Telangana,Karimnagar,Karimnagar,Representative Karimnagar (Simulated),Irrigation & Water Conservation,Construction of Reinforced Concrete Irrigation Sluice Gate and Channel in Village-190,Construction of Reinforced Concrete Irrigation Sluice Gate and Channel in Village-190. Execution by authorized implementing agency following standard technical specifications.,Block-1,Village-190,18.451593,79.107362,True,1630000.0,1694264.92,1313162.48,316837.52,2024-05-27,2024-07-05,2024-08-01,,In Progress,CONTRACTOR-DEMO-0104,Panchsheel Enterprises,Public Works Department (PWD)
MPLADS-DEMO-000679,DEMO-SYNTHETIC-v1,SYNTHETIC_DEMONSTRATION,MPLADS_STYLE_STRUCTURE,Telangana,Nizamabad,Nizamabad,Representative Nizamabad (Simulated),Renewable Energy,Supply and Erection of 30 Standalone Solar Street Lights in Village-33,Supply and Erection of 30 Standalone Solar Street Lights in Village-33. Execution by authorized implementing agency following standard technical specifications.,Block-4,Village-33,18.729621,78.079854,True,610000.0,605272.21,502132.93,107867.07,2023-04-06,2023-05-17,2023-06-15,,In Progress,CONTRACTOR-DEMO-0036,Sai Projects Ltd,Municipal Corporation Public Works
MPLADS-DEMO-000680,DEMO-SYNTHETIC-v1,SYNTHETIC_DEMONSTRATION,MPLADS_STYLE_STRUCTURE,Maharashtra,Nagpur,Nagpur,Representative Nagpur (Simulated),Healthcare Infrastructure,Development of Emergency Cold Storage and Pharmacy Room at Hospital Village-101,Development of Emergency Cold Storage and Pharmacy Room at Hospital Village-101. Execution by authorized implementing agency following standard technical specifications.,Block-2,Village-101,21.190394,79.104751,True,1530000.0,1571290.16,1203470.81,326529.19,2023-06-29,2023-07-26,2023-08-15,,In Progress,CONTRACTOR-DEMO-0115,Reliable Urban Works Pvt Ltd,Public Works Department (PWD)
MPLADS-DEMO-000681,DEMO-SYNTHETIC-v1,SYNTHETIC_DEMONSTRATION,MPLADS_STYLE_STRUCTURE,Tamil Nadu,Salem,Salem,Representative Salem (Simulated),Irrigation & Water Conservation,Construction of Reinforced Concrete Irrigation Sluice Gate and Channel in Village-40,Construction of Reinforced Concrete Irrigation Sluice Gate and Channel in Village-40. Execution by authorized implementing agency following standard technical specifications.,Block-1,Village-40,11.602916,78.172985,True,1000000.0,1005743.51,755816.67,244183.33,2024-01-25,2024-02-16,2024-03-31,2024-09-13,Completed,CONTRACTOR-DEMO-0051,Maruti Engineering Works,Rural Engineering Service (RES)
MPLADS-DEMO-000682,DEMO-SYNTHETIC-v1,SYNTHETIC_DEMONSTRATION,MPLADS_STYLE_STRUCTURE,Tamil Nadu,Salem,Salem,Representative Salem (Simulated),Drinking Water & Sanitation,Drilling of Deep Borewell and Solar-Powered Overhead Water Tank at Village-50,Drilling of Deep Borewell and Solar-Powered Overhead Water Tank at Village-50. Execution by authorized implementing agency following standard technical specifications.,Block-1,Village-50,11.668904,78.112883,True,990000.0,1014322.11,828594.95,161405.05,2023-05-28,2023-06-14,2023-07-16,,In Progress,CONTRACTOR-DEMO-0040,Balaji Rural Developers,Minor Irrigation Division
MPLADS-DEMO-000683,DEMO-SYNTHETIC-v1,SYNTHETIC_DEMONSTRATION,MPLADS_STYLE_STRUCTURE,Gujarat,Rajkot,Rajkot,Representative Rajkot (Simulated),Healthcare Infrastructure,Development of Emergency Cold Storage and Pharmacy Room at Hospital Village-27,Development of Emergency Cold Storage and Pharmacy Room at Hospital Village-27. Execution by authorized implementing agency following standard technical specifications.,Block-8,Village-27,22.253321,70.857736,True,1350000.0,1307564.28,1100204.77,249795.23,2024-04-17,2024-05-12,2024-06-01,,In Progress,CONTRACTOR-DEMO-0096,Kisan Contractors,Rural Engineering Service (RES)
MPLADS-DEMO-000684,DEMO-SYNTHETIC-v1,SYNTHETIC_DEMONSTRATION,MPLADS_STYLE_STRUCTURE,Madhya Pradesh,Indore,Indore,Representative Indore (Simulated),Community Infrastructure,Renovation and Expansion of Village Panchayat Bhavan in Village-6,Renovation and Expansion of Village Panchayat Bhavan in Village-6. Execution by authorized implementing agency following standard technical specifications.,Block-7,Village-6,22.708387,75.855947,True,1590000.0,1553149.65,1346060.03,243939.97,2024-04-14,2024-05-18,2024-06-30,2024-10-29,Completed,CONTRACTOR-DEMO-0080,Krishna Urban Works Pvt Ltd,Public Works Department (PWD)
MPLADS-DEMO-000685,DEMO-SYNTHETIC-v1,SYNTHETIC_DEMONSTRATION,MPLADS_STYLE_STRUCTURE,Odisha,Cuttack,Cuttack,Representative Cuttack (Simulated),Drinking Water & Sanitation,Installation of Community RO Water Purification Plant at Village-31,Installation of Community RO Water Purification Plant at Village-31. Execution by authorized implementing agency following standard technical specifications.,Block-2,Village-31,20.524369,85.947186,True,900000.0,935633.96,799198.52,100801.48,2023-01-17,2023-02-10,2023-03-30,2023-07-14,Completed,CONTRACTOR-DEMO-0053,Bharat Engineers & Builders,Municipal Corporation Public Works
MPLADS-DEMO-000686,DEMO-SYNTHETIC-v1,SYNTHETIC_DEMONSTRATION,MPLADS_STYLE_STRUCTURE,Gujarat,Rajkot,Rajkot,Representative Rajkot (Simulated),Renewable Energy,Installation of Solar LED High-Mast Lighting System at Market Yard Village-133,Installation of Solar LED High-Mast Lighting System at Market Yard Village-133. Execution by authorized implementing agency following standard technical specifications.,Block-4,Village-133,22.305427,70.757005,True,680000.0,659044.49,543932.2,136067.8,2023-07-01,2023-07-23,2023-08-21,,In Progress,CONTRACTOR-DEMO-0181,Navnirman Engineers & Builders,Rural Engineering Service (RES)
MPLADS-DEMO-000687,DEMO-SYNTHETIC-v1,SYNTHETIC_DEMONSTRATION,MPLADS_STYLE_STRUCTURE,Uttar Pradesh,Gorakhpur,Gorakhpur,Representative Gorakhpur (Simulated),Rural Connectivity & Roads,Construction of Culvert and Cross-Drainage Structure on Link Road Village-52,Construction of Culvert and Cross-Drainage Structure on Link Road Village-52. Execution by authorized implementing agency following standard technical specifications.,Block-3,Village-52,26.81952,83.353512,True,1950000.0,1944858.82,1825341.76,124658.24,2023-08-26,2023-10-04,2023-10-31,,In Progress,CONTRACTOR-DEMO-0054,Krishna Construction Co,Minor Irrigation Division
MPLADS-DEMO-000688,DEMO-SYNTHETIC-v1,SYNTHETIC_DEMONSTRATION,MPLADS_STYLE_STRUCTURE,Odisha,Khordha,Bhubaneswar,Representative Khordha (Simulated),Healthcare Infrastructure,Supply of Diagnostic Medical Equipment and Patient Beds to Rural Clinic in Village-101,Supply of Diagnostic Medical Equipment and Patient Beds to Rural Clinic in Village-101. Execution by authorized implementing agency following standard technical specifications.,Block-2,Village-101,20.129276,85.65931,True,1750000.0,1723621.92,1632125.06,117874.94,2024-05-17,2024-07-01,2024-08-12,,In Progress,CONTRACTOR-DEMO-0112,Hindustan Infrastructure Ltd,Municipal Corporation Public Works
MPLADS-DEMO-000689,DEMO-SYNTHETIC-v1,SYNTHETIC_DEMONSTRATION,MPLADS_STYLE_STRUCTURE,Kerala,Kozhikode,Kozhikode,Representative Kozhikode (Simulated),Rural Connectivity & Roads,Upgradation of Rural Link Road connecting Hamlet to Main Highway at Village-160,Upgradation of Rural Link Road connecting Hamlet to Main Highway at Village-160. Execution by authorized implementing agency following standard technical specifications.,Block-1,Village-160,11.207783,75.765196,True,3220000.0,3237295.79,2691955.14,528044.86,2023-12-04,2023-12-22,2024-02-03,,In Progress,CONTRACTOR-DEMO-0012,Vanguard Rural Developers,Municipal Corporation Public Works
MPLADS-DEMO-000690,DEMO-SYNTHETIC-v1,SYNTHETIC_DEMONSTRATION,MPLADS_STYLE_STRUCTURE,Uttar Pradesh,Gorakhpur,Gorakhpur,Representative Gorakhpur (Simulated),Renewable Energy,Supply and Erection of 30 Standalone Solar Street Lights in Village-76,Supply and Erection of 30 Standalone Solar Street Lights in Village-76. Execution by authorized implementing agency following standard technical specifications.,Block-7,Village-76,26.774105,83.422243,True,830000.0,820189.62,628215.54,201784.46,2023-04-17,2023-05-21,2023-07-02,2023-12-15,Completed,CONTRACTOR-DEMO-0066,Aditya Projects Ltd,Public Works Department (PWD)
MPLADS-DEMO-000691,DEMO-SYNTHETIC-v1,SYNTHETIC_DEMONSTRATION,MPLADS_STYLE_STRUCTURE,Uttar Pradesh,Varanasi,Varanasi,Representative Varanasi (Simulated),Healthcare Infrastructure,Supply of Diagnostic Medical Equipment and Patient Beds to Rural Clinic in Village-96,Supply of Diagnostic Medical Equipment and Patient Beds to Rural Clinic in Village-96. Execution by authorized implementing agency following standard technical specifications.,Block-7,Village-96,25.271455,82.949779,True,1010000.0,995342.0,760032.31,249967.69,2023-07-02,2023-07-29,2023-09-11,2024-02-15,Completed,CONTRACTOR-DEMO-0063,Navnirman Infrastructure Ltd,Municipal Corporation Public Works
MPLADS-DEMO-000692,DEMO-SYNTHETIC-v1,SYNTHETIC_DEMONSTRATION,MPLADS_STYLE_STRUCTURE,Gujarat,Surat,Surat,Representative Surat (Simulated),Education & Schools,Construction of Separate Girls Toilet and Wash Area in Govt High School Village-155,Construction of Separate Girls Toilet and Wash Area in Govt High School Village-155. Execution by authorized implementing agency following standard technical specifications.,Block-6,Village-155,21.132783,72.79437,True,850000.0,834907.3,756345.31,93654.69,2024-04-11,2024-04-29,2024-06-09,2024-12-12,Completed,CONTRACTOR-DEMO-0085,Kisan Rural Developers,District Rural Development Agency (DRDA)
MPLADS-DEMO-000693,DEMO-SYNTHETIC-v1,SYNTHETIC_DEMONSTRATION,MPLADS_STYLE_STRUCTURE,Uttar Pradesh,Varanasi,Varanasi,Representative Varanasi (Simulated),Drinking Water & Sanitation,Installation of Community RO Water Purification Plant at Village-127,Installation of Community RO Water Purification Plant at Village-127. Execution by authorized implementing agency following standard technical specifications.,Block-8,Village-127,25.317425,83.037634,True,860000.0,833805.02,734560.89,125439.11,2023-11-18,2023-12-22,2024-01-30,,In Progress,CONTRACTOR-DEMO-0009,Golden Urban Works Pvt Ltd,District Rural Development Agency (DRDA)
MPLADS-DEMO-000694,DEMO-SYNTHETIC-v1,SYNTHETIC_DEMONSTRATION,MPLADS_STYLE_STRUCTURE,Gujarat,Rajkot,Rajkot,Representative Rajkot (Simulated),Healthcare Infrastructure,Development of Emergency Cold Storage and Pharmacy Room at Hospital Village-2,Development of Emergency Cold Storage and Pharmacy Room at Hospital Village-2. Execution by authorized implementing agency following standard technical specifications.,Block-3,Village-2,22.357414,70.774168,True,2270000.0,2354780.61,1721821.98,548178.02,2023-10-15,2023-10-31,2023-12-06,2024-03-07,Completed,CONTRACTOR-DEMO-0124,Samriddhi Construction Co,Public Works Department (PWD)
MPLADS-DEMO-000695,DEMO-SYNTHETIC-v1,SYNTHETIC_DEMONSTRATION,MPLADS_STYLE_STRUCTURE,Telangana,Karimnagar,Karimnagar,Representative Karimnagar (Simulated),Irrigation & Water Conservation,Desilting and Deepening of Traditional Village Water Reservoir in Village-186,Desilting and Deepening of Traditional Village Water Reservoir in Village-186. Execution by authorized implementing agency following standard technical specifications.,Block-7,Village-186,18.41273,79.105035,True,1240000.0,1230114.16,1088699.6,151300.4,2023-06-24,2023-08-08,2023-08-26,2024-03-04,Completed,CONTRACTOR-DEMO-0130,Vikas Urban Works Pvt Ltd,Minor Irrigation Division
MPLADS-DEMO-000696,DEMO-SYNTHETIC-v1,SYNTHETIC_DEMONSTRATION,MPLADS_STYLE_STRUCTURE,Odisha,Ganjam,Aska,Representative Ganjam (Simulated),Community Infrastructure,Construction of Open Air Gymnasium and Seating Area at Village-159,Construction of Open Air Gymnasium and Seating Area at Village-159. Execution by authorized implementing agency following standard technical specifications.,Block-10,Village-159,19.328357,84.954122,True,610000.0,592370.24,596893.71,13106.29,2024-03-31,2024-05-11,2024-06-09,,In Progress,CONTRACTOR-DEMO-0052,Siddhartha Urban Works Pvt Ltd,Minor Irrigation Division
MPLADS-DEMO-000697,DEMO-SYNTHETIC-v1,SYNTHETIC_DEMONSTRATION,MPLADS_STYLE_STRUCTURE,Odisha,Cuttack,Cuttack,Representative Cuttack (Simulated),Irrigation & Water Conservation,Desilting and Deepening of Traditional Village Water Reservoir in Village-138,Desilting and Deepening of Traditional Village Water Reservoir in Village-138. Execution by authorized implementing agency following standard technical specifications.,Block-9,Village-138,20.526143,85.939434,True,860000.0,843466.51,800261.93,59738.07,2023-03-12,2023-03-29,2023-05-02,,In Progress,CONTRACTOR-DEMO-0088,Alliance Contractors,Minor Irrigation Division
MPLADS-DEMO-000698,DEMO-SYNTHETIC-v1,SYNTHETIC_DEMONSTRATION,MPLADS_STYLE_STRUCTURE,Tamil Nadu,Madurai,Madurai,Representative Madurai (Simulated),Irrigation & Water Conservation,Desilting and Deepening of Traditional Village Water Reservoir in Village-70,Desilting and Deepening of Traditional Village Water Reservoir in Village-70. Execution by authorized implementing agency following standard technical specifications.,Block-1,Village-70,9.951026,78.175032,True,1540000.0,1535157.47,1199731.46,340268.54,2024-03-31,2024-04-23,2024-06-03,2024-09-17,Completed,CONTRACTOR-DEMO-0137,Om Contractors,Municipal Corporation Public Works
MPLADS-DEMO-000699,DEMO-SYNTHETIC-v1,SYNTHETIC_DEMONSTRATION,MPLADS_STYLE_STRUCTURE,Uttar Pradesh,Lucknow,Lucknow,Representative Lucknow (Simulated),Renewable Energy,Supply and Erection of 30 Standalone Solar Street Lights in Village-170,Supply and Erection of 30 Standalone Solar Street Lights in Village-170. Execution by authorized implementing agency following standard technical specifications.,Block-1,Village-170,26.845413,80.91767,True,800000.0,782453.15,648541.41,151458.59,2023-06-15,2023-07-04,2023-08-10,2023-12-25,Completed,CONTRACTOR-DEMO-0172,Aditya Enterprises,Minor Irrigation Division
MPLADS-DEMO-000700,DEMO-SYNTHETIC-v1,SYNTHETIC_DEMONSTRATION,MPLADS_STYLE_STRUCTURE,Kerala,Kozhikode,Kozhikode,Representative Kozhikode (Simulated),Irrigation & Water Conservation,Construction of Check Dam and Water Harvesting Percolation Tank at Village-178,Construction of Check Dam and Water Harvesting Percolation Tank at Village-178. Execution by authorized implementing agency following standard technical specifications.,Block-9,Village-178,11.203942,75.841729,True,1170000.0,1143087.7,1057931.27,112068.73,2023-09-11,2023-10-19,2023-11-15,2024-04-25,Completed,CONTRACTOR-DEMO-0057,Universal Projects Ltd,Municipal Corporation Public Works
MPLADS-DEMO-000701,DEMO-SYNTHETIC-v1,SYNTHETIC_DEMONSTRATION,MPLADS_STYLE_STRUCTURE,Telangana,Warangal,Warangal,Representative Warangal (Simulated),Renewable Energy,Installation of 10kW Rooftop Solar Power System at Primary Health Center Village-81,Installation of 10kW Rooftop Solar Power System at Primary Health Center Village-81. Execution by authorized implementing agency following standard technical specifications.,Block-2,Village-81,18.002763,79.569637,True,890000.0,901056.6,841046.09,48953.91,2023-03-10,2023-04-01,2023-04-30,2023-10-20,Completed,CONTRACTOR-DEMO-0119,Shiv Shakti Infrastructure Ltd,Municipal Corporation Public Works
MPLADS-DEMO-000702,DEMO-SYNTHETIC-v1,SYNTHETIC_DEMONSTRATION,MPLADS_STYLE_STRUCTURE,Karnataka,Mysuru,Mysuru,Representative Mysuru (Simulated),Drinking Water & Sanitation,Laying of Underground Drinking Water Pipeline Distribution in Village-49,Laying of Underground Drinking Water Pipeline Distribution in Village-49. Execution by authorized implementing agency following standard technical specifications.,Block-10,Village-49,12.239723,76.629402,True,1190000.0,1232982.29,1050491.21,139508.79,2023-03-08,2023-03-31,2023-05-14,2023-08-25,Completed,CONTRACTOR-DEMO-0065,Kisan Enterprises,Public Works Department (PWD)
MPLADS-DEMO-000703,DEMO-SYNTHETIC-v1,SYNTHETIC_DEMONSTRATION,MPLADS_STYLE_STRUCTURE,Odisha,Cuttack,Cuttack,Representative Cuttack (Simulated),Education & Schools,Installation of Digital Smart Classroom and Computer Lab Infrastructure at Village-69,Installation of Digital Smart Classroom and Computer Lab Infrastructure at Village-69. Execution by authorized implementing agency following standard technical specifications.,Block-10,Village-69,20.401216,85.904045,True,1270000.0,1254958.81,987063.08,282936.92,2023-10-23,2023-11-11,2023-12-18,2024-04-09,Completed,CONTRACTOR-DEMO-0105,Krishna Buildcon Pvt Ltd,Municipal Corporation Public Works
MPLADS-DEMO-000704,DEMO-SYNTHETIC-v1,SYNTHETIC_DEMONSTRATION,MPLADS_STYLE_STRUCTURE,Madhya Pradesh,Bhopal,Bhopal,Representative Bhopal (Simulated),Renewable Energy,Supply and Erection of 30 Standalone Solar Street Lights in Village-14,Supply and Erection of 30 Standalone Solar Street Lights in Village-14. Execution by authorized implementing agency following standard technical specifications.,Block-5,Village-14,23.252274,77.395671,True,530000.0,536301.56,486731.0,43269.0,2023-08-19,2023-09-14,2023-10-17,,In Progress,CONTRACTOR-DEMO-0049,National Buildcon Pvt Ltd,Municipal Corporation Public Works
MPLADS-DEMO-000705,DEMO-SYNTHETIC-v1,SYNTHETIC_DEMONSTRATION,MPLADS_STYLE_STRUCTURE,Uttar Pradesh,Gorakhpur,Gorakhpur,Representative Gorakhpur (Simulated),Renewable Energy,Installation of 10kW Rooftop Solar Power System at Primary Health Center Village-127,Installation of 10kW Rooftop Solar Power System at Primary Health Center Village-127. Execution by authorized implementing agency following standard technical specifications.,Block-8,Village-127,26.76302,83.322394,True,630000.0,637375.78,611455.0,18545.0,2023-05-07,2023-05-28,2023-06-15,2023-11-05,Completed,CONTRACTOR-DEMO-0065,Kisan Enterprises,Public Works Department (PWD)
MPLADS-DEMO-000706,DEMO-SYNTHETIC-v1,SYNTHETIC_DEMONSTRATION,MPLADS_STYLE_STRUCTURE,Karnataka,Dharwad,Dharwad,Representative Dharwad (Simulated),Community Infrastructure,Construction of Open Air Gymnasium and Seating Area at Village-58,Construction of Open Air Gymnasium and Seating Area at Village-58. Execution by authorized implementing agency following standard technical specifications.,Block-9,Village-58,15.508638,75.033737,True,1110000.0,1100401.44,858362.98,251637.02,2024-01-25,2024-02-25,2024-04-11,,In Progress,CONTRACTOR-DEMO-0056,Om Construction Co,District Rural Development Agency (DRDA)
MPLADS-DEMO-000707,DEMO-SYNTHETIC-v1,SYNTHETIC_DEMONSTRATION,MPLADS_STYLE_STRUCTURE,Tamil Nadu,Salem,Salem,Representative Salem (Simulated),Rural Connectivity & Roads,Upgradation of Rural Link Road connecting Hamlet to Main Highway at Village-188,Upgradation of Rural Link Road connecting Hamlet to Main Highway at Village-188. Execution by authorized implementing agency following standard technical specifications.,Block-9,Village-188,11.599704,78.10506,True,4640000.0,4728750.49,4389856.24,250143.76,2024-01-02,2024-01-31,2024-02-25,2024-05-27,Completed,CONTRACTOR-DEMO-0046,Classic Projects Ltd,Rural Engineering Service (RES)
MPLADS-DEMO-000708,DEMO-SYNTHETIC-v1,SYNTHETIC_DEMONSTRATION,MPLADS_STYLE_STRUCTURE,Rajasthan,Jodhpur,Jodhpur,Representative Jodhpur (Simulated),Education & Schools,Installation of Digital Smart Classroom and Computer Lab Infrastructure at Village-4,Installation of Digital Smart Classroom and Computer Lab Infrastructure at Village-4. Execution by authorized implementing agency following standard technical specifications.,Block-5,Village-4,26.260484,73.01493,True,720000.0,701424.87,583690.61,136309.39,2023-02-23,2023-03-19,2023-04-03,2023-10-16,Completed,CONTRACTOR-DEMO-0153,Siddhartha Infrastructure Ltd,Public Works Department (PWD)
MPLADS-DEMO-000709,DEMO-SYNTHETIC-v1,SYNTHETIC_DEMONSTRATION,MPLADS_STYLE_STRUCTURE,Karnataka,Bengaluru Rural,Bengaluru Rural,Representative Bengaluru Rural (Simulated),Irrigation & Water Conservation,Construction of Check Dam and Water Harvesting Percolation Tank at Village-121,Construction of Check Dam and Water Harvesting Percolation Tank at Village-121. Execution by authorized implementing agency following standard technical specifications.,Block-2,Village-121,13.01372,77.60926,True,1820000.0,1846214.74,1486669.68,333330.32,2023-05-11,2023-06-04,2023-06-28,2023-10-06,Completed,CONTRACTOR-DEMO-0081,Vanguard Urban Works Pvt Ltd,Minor Irrigation Division
MPLADS-DEMO-000710,DEMO-SYNTHETIC-v1,SYNTHETIC_DEMONSTRATION,MPLADS_STYLE_STRUCTURE,Rajasthan,Jodhpur,Jodhpur,Representative Jodhpur (Simulated),Education & Schools,Setup of Science Laboratory and Learning Resource Center in Village-189,Setup of Science Laboratory and Learning Resource Center in Village-189. Execution by authorized implementing agency following standard technical specifications.,Block-10,Village-189,26.219502,73.030243,True,1740000.0,1738119.87,1450788.59,289211.41,2023-01-21,2023-02-26,2023-04-01,2023-10-25,Completed,CONTRACTOR-DEMO-0173,Kisan Infrastructure Ltd,Municipal Corporation Public Works
MPLADS-DEMO-000711,DEMO-SYNTHETIC-v1,SYNTHETIC_DEMONSTRATION,MPLADS_STYLE_STRUCTURE,Karnataka,Bengaluru Rural,Bengaluru Rural,Representative Bengaluru Rural (Simulated),Community Infrastructure,Construction of Open Air Gymnasium and Seating Area at Village-176,Construction of Open Air Gymnasium and Seating Area at Village-176. Execution by authorized implementing agency following standard technical specifications.,Block-7,Village-176,13.06701,77.585974,True,780000.0,809866.98,738614.04,41385.96,2023-12-18,2024-01-10,2024-02-16,2024-07-02,Completed,CONTRACTOR-DEMO-0151,Modern Projects Ltd,Minor Irrigation Division
MPLADS-DEMO-000712,DEMO-SYNTHETIC-v1,SYNTHETIC_DEMONSTRATION,MPLADS_STYLE_STRUCTURE,Kerala,Ernakulam,Ernakulam,Representative Ernakulam (Simulated),Education & Schools,Construction of Separate Girls Toilet and Wash Area in Govt High School Village-53,Construction of Separate Girls Toilet and Wash Area in Govt High School Village-53. Execution by authorized implementing agency following standard technical specifications.,Block-4,Village-53,10.013367,76.260099,True,740000.0,748213.04,719320.11,20679.89,2024-04-08,2024-05-20,2024-07-07,,In Progress,CONTRACTOR-DEMO-0177,Apex Enterprises,District Rural Development Agency (DRDA)
MPLADS-DEMO-000713,DEMO-SYNTHETIC-v1,SYNTHETIC_DEMONSTRATION,MPLADS_STYLE_STRUCTURE,Odisha,Cuttack,Cuttack,Representative Cuttack (Simulated),Rural Connectivity & Roads,Construction of Culvert and Cross-Drainage Structure on Link Road Village-151,Construction of Culvert and Cross-Drainage Structure on Link Road Village-151. Execution by authorized implementing agency following standard technical specifications.,Block-2,Village-151,20.451748,85.947213,True,1990000.0,1940739.17,1757744.85,232255.15,2024-01-09,2024-02-13,2024-03-06,2024-09-13,Completed,CONTRACTOR-DEMO-0149,Classic Buildcon Pvt Ltd,District Rural Development Agency (DRDA)
MPLADS-DEMO-000714,DEMO-SYNTHETIC-v1,SYNTHETIC_DEMONSTRATION,MPLADS_STYLE_STRUCTURE,Rajasthan,Jaipur,Jaipur,Representative Jaipur (Simulated),Community Infrastructure,Construction of Multipurpose Community Hall at Village Village-128,Construction of Multipurpose Community Hall at Village Village-128. Execution by authorized implementing agency following standard technical specifications.,Block-9,Village-128,26.96794,75.741427,True,2070000.0,2012077.72,2012732.29,57267.71,2023-11-30,2023-12-24,2024-01-27,2024-04-27,Completed,CONTRACTOR-DEMO-0079,Balaji Civil Projects,Public Works Department (PWD)
MPLADS-DEMO-000715,DEMO-SYNTHETIC-v1,SYNTHETIC_DEMONSTRATION,MPLADS_STYLE_STRUCTURE,Madhya Pradesh,Jabalpur,Jabalpur,Representative Jabalpur (Simulated),Community Infrastructure,Development of Public Recreation Shed and Boundary Wall in Village-73,Development of Public Recreation Shed and Boundary Wall in Village-73. Execution by authorized implementing agency following standard technical specifications.,Block-4,Village-73,23.223811,79.937447,True,1520000.0,1496387.89,1290440.86,229559.14,2023-12-19,2024-01-02,2024-01-20,,In Progress,CONTRACTOR-DEMO-0093,Reliable Infrastructure Ltd,District Rural Development Agency (DRDA)
MPLADS-DEMO-000716,DEMO-SYNTHETIC-v1,SYNTHETIC_DEMONSTRATION,MPLADS_STYLE_STRUCTURE,Telangana,Nizamabad,Nizamabad,Representative Nizamabad (Simulated),Irrigation & Water Conservation,Construction of Reinforced Concrete Irrigation Sluice Gate and Channel in Village-171,Construction of Reinforced Concrete Irrigation Sluice Gate and Channel in Village-171. Execution by authorized implementing agency following standard technical specifications.,Block-2,Village-171,18.732108,78.101997,True,1010000.0,1027226.33,790636.26,219363.74,2024-01-25,2024-02-20,2024-04-02,2024-07-06,Completed,CONTRACTOR-DEMO-0078,Maruti Civil Projects,Rural Engineering Service (RES)
MPLADS-DEMO-000717,DEMO-SYNTHETIC-v1,SYNTHETIC_DEMONSTRATION,MPLADS_STYLE_STRUCTURE,Gujarat,Ahmedabad,Ahmedabad West,Representative Ahmedabad (Simulated),Education & Schools,Construction of Separate Girls Toilet and Wash Area in Govt High School Village-64,Construction of Separate Girls Toilet and Wash Area in Govt High School Village-64. Execution by authorized implementing agency following standard technical specifications.,Block-5,Village-64,23.063022,72.589216,True,770000.0,763785.4,737627.24,32372.76,2024-04-16,2024-05-16,2024-06-19,2024-10-16,Completed,CONTRACTOR-DEMO-0148,National Engineers & Builders,Panchayati Raj Engineering Division
MPLADS-DEMO-000718,DEMO-SYNTHETIC-v1,SYNTHETIC_DEMONSTRATION,MPLADS_STYLE_STRUCTURE,Kerala,Wayanad,Wayanad,Representative Wayanad (Simulated),Rural Connectivity & Roads,Interlocking Paver Block Road Installation along Main Street in Village-175,Interlocking Paver Block Road Installation along Main Street in Village-175. Execution by authorized implementing agency following standard technical specifications.,Block-6,Village-175,11.720196,76.099503,True,1330000.0,1335775.79,1089594.95,240405.05,2023-02-27,2023-04-01,2023-05-15,2023-11-02,Completed,CONTRACTOR-DEMO-0115,Reliable Urban Works Pvt Ltd,Public Works Department (PWD)
MPLADS-DEMO-000719,DEMO-SYNTHETIC-v1,SYNTHETIC_DEMONSTRATION,MPLADS_STYLE_STRUCTURE,Maharashtra,Pune,Pune,Representative Pune (Simulated),Renewable Energy,Supply and Erection of 30 Standalone Solar Street Lights in Village-178,Supply and Erection of 30 Standalone Solar Street Lights in Village-178. Execution by authorized implementing agency following standard technical specifications.,Block-9,Village-178,18.496124,73.913234,True,950000.0,939174.48,789891.36,160108.64,2023-09-10,2023-10-20,2023-11-30,2024-07-05,Completed,CONTRACTOR-DEMO-0010,Bharat Contractors,Panchayati Raj Engineering Division
MPLADS-DEMO-000720,DEMO-SYNTHETIC-v1,SYNTHETIC_DEMONSTRATION,MPLADS_STYLE_STRUCTURE,Gujarat,Surat,Surat,Representative Surat (Simulated),Irrigation & Water Conservation,Construction of Check Dam and Water Harvesting Percolation Tank at Village-158,Construction of Check Dam and Water Harvesting Percolation Tank at Village-158. Execution by authorized implementing agency following standard technical specifications.,Block-9,Village-158,21.22309,72.868362,True,1840000.0,1841796.84,1433862.72,406137.28,2023-10-20,2023-11-21,2023-12-09,2024-06-01,Completed,CONTRACTOR-DEMO-0036,Sai Projects Ltd,Panchayati Raj Engineering Division
MPLADS-DEMO-000721,DEMO-SYNTHETIC-v1,SYNTHETIC_DEMONSTRATION,MPLADS_STYLE_STRUCTURE,Kerala,Wayanad,Wayanad,Representative Wayanad (Simulated),Community Infrastructure,Renovation and Expansion of Village Panchayat Bhavan in Village-196,Renovation and Expansion of Village Panchayat Bhavan in Village-196. Execution by authorized implementing agency following standard technical specifications.,Block-7,Village-196,11.734138,76.126829,True,1530000.0,1479162.27,1242574.53,287425.47,2023-12-13,2024-01-02,2024-02-07,2024-07-05,Completed,CONTRACTOR-DEMO-0148,National Engineers & Builders,Panchayati Raj Engineering Division
MPLADS-DEMO-000722,DEMO-SYNTHETIC-v1,SYNTHETIC_DEMONSTRATION,MPLADS_STYLE_STRUCTURE,Kerala,Ernakulam,Ernakulam,Representative Ernakulam (Simulated),Rural Connectivity & Roads,Construction of Cement Concrete (CC) Road and Drain Channel at Village-32,Construction of Cement Concrete (CC) Road and Drain Channel at Village-32. Execution by authorized implementing agency following standard technical specifications.,Block-3,Village-32,10.012861,76.322574,True,3490000.0,3550572.82,3180652.38,309347.62,2023-10-06,2023-10-29,2023-12-18,2024-07-06,Completed,CONTRACTOR-DEMO-0038,Om Infrastructure Ltd,Rural Engineering Service (RES)
MPLADS-DEMO-000723,DEMO-SYNTHETIC-v1,SYNTHETIC_DEMONSTRATION,MPLADS_STYLE_STRUCTURE,Odisha,Cuttack,Cuttack,Representative Cuttack (Simulated),Healthcare Infrastructure,Development of Emergency Cold Storage and Pharmacy Room at Hospital Village-40,Development of Emergency Cold Storage and Pharmacy Room at Hospital Village-40. Execution by authorized implementing agency following standard technical specifications.,Block-1,Village-40,20.436616,85.858416,True,2390000.0,2295633.39,2059079.84,330920.16,2024-01-02,2024-01-28,2024-02-19,,In Progress,CONTRACTOR-DEMO-0043,Panchsheel Engineers & Builders,Municipal Corporation Public Works
MPLADS-DEMO-000724,DEMO-SYNTHETIC-v1,SYNTHETIC_DEMONSTRATION,MPLADS_STYLE_STRUCTURE,Odisha,Cuttack,Cuttack,Representative Cuttack (Simulated),Community Infrastructure,Construction of Multipurpose Community Hall at Village Village-64,Construction of Multipurpose Community Hall at Village Village-64. Execution by authorized implementing agency following standard technical specifications.,Block-5,Village-64,20.424058,85.879587,True,2260000.0,2261049.45,1898093.08,361906.92,2024-05-03,2024-05-24,2024-06-27,2024-10-27,Completed,CONTRACTOR-DEMO-0064,Sai Civil Projects,Municipal Corporation Public Works
MPLADS-DEMO-000725,DEMO-SYNTHETIC-v1,SYNTHETIC_DEMONSTRATION,MPLADS_STYLE_STRUCTURE,Uttar Pradesh,Gorakhpur,Gorakhpur,Representative Gorakhpur (Simulated),Irrigation & Water Conservation,Construction of Reinforced Concrete Irrigation Sluice Gate and Channel in Village-175,Construction of Reinforced Concrete Irrigation Sluice Gate and Channel in Village-175. Execution by authorized implementing agency following standard technical specifications.,Block-6,Village-175,26.752687,83.393761,True,1050000.0,1044317.71,941141.62,108858.38,2023-04-19,2023-05-12,2023-06-11,,In Progress,CONTRACTOR-DEMO-0193,Balaji Urban Works Pvt Ltd,Minor Irrigation Division
MPLADS-DEMO-000726,DEMO-SYNTHETIC-v1,SYNTHETIC_DEMONSTRATION,MPLADS_STYLE_STRUCTURE,Karnataka,Dharwad,Dharwad,Representative Dharwad (Simulated),Drinking Water & Sanitation,Laying of Underground Drinking Water Pipeline Distribution in Village-123,Laying of Underground Drinking Water Pipeline Distribution in Village-123. Execution by authorized implementing agency following standard technical specifications.,Block-4,Village-123,15.431605,75.02958,True,1430000.0,1414823.63,1163007.15,266992.85,2023-07-31,2023-08-20,2023-10-03,2024-04-03,Completed,CONTRACTOR-DEMO-0041,Om Engineers & Builders,Public Works Department (PWD)
MPLADS-DEMO-000727,DEMO-SYNTHETIC-v1,SYNTHETIC_DEMONSTRATION,MPLADS_STYLE_STRUCTURE,Rajasthan,Jaipur,Jaipur,Representative Jaipur (Simulated),Education & Schools,Construction of Additional Classrooms at Govt Senior Secondary School Village-145,Construction of Additional Classrooms at Govt Senior Secondary School Village-145. Execution by authorized implementing agency following standard technical specifications.,Block-6,Village-145,26.898026,75.79777,True,1480000.0,1497180.9,1414052.42,65947.58,2023-11-28,2024-01-09,2024-01-26,2024-07-09,Completed,CONTRACTOR-DEMO-0039,Vanguard Engineers & Builders,Panchayati Raj Engineering Division
MPLADS-DEMO-000728,DEMO-SYNTHETIC-v1,SYNTHETIC_DEMONSTRATION,MPLADS_STYLE_STRUCTURE,Odisha,Cuttack,Cuttack,Representative Cuttack (Simulated),Healthcare Infrastructure,Supply of Diagnostic Medical Equipment and Patient Beds to Rural Clinic in Village-71,Supply of Diagnostic Medical Equipment and Patient Beds to Rural Clinic in Village-71. Execution by authorized implementing agency following standard technical specifications.,Block-2,Village-71,20.398686,85.838581,True,1640000.0,1686686.15,1419809.16,220190.84,2023-07-12,2023-08-19,2023-10-05,,In Progress,CONTRACTOR-DEMO-0171,Golden Contractors,Rural Engineering Service (RES)
MPLADS-DEMO-000729,DEMO-SYNTHETIC-v1,SYNTHETIC_DEMONSTRATION,MPLADS_STYLE_STRUCTURE,Rajasthan,Udaipur,Udaipur,Representative Udaipur (Simulated),Healthcare Infrastructure,Development of Emergency Cold Storage and Pharmacy Room at Hospital Village-145,Development of Emergency Cold Storage and Pharmacy Room at Hospital Village-145. Execution by authorized implementing agency following standard technical specifications.,Block-6,Village-145,24.564508,73.740474,True,2200000.0,2136646.92,2047190.23,152809.77,2023-12-18,2024-01-20,2024-02-29,,In Progress,CONTRACTOR-DEMO-0169,Swastik Civil Projects,Panchayati Raj Engineering Division
MPLADS-DEMO-000730,DEMO-SYNTHETIC-v1,SYNTHETIC_DEMONSTRATION,MPLADS_STYLE_STRUCTURE,Madhya Pradesh,Indore,Indore,Representative Indore (Simulated),Education & Schools,Installation of Digital Smart Classroom and Computer Lab Infrastructure at Village-148,Installation of Digital Smart Classroom and Computer Lab Infrastructure at Village-148. Execution by authorized implementing agency following standard technical specifications.,Block-9,Village-148,22.746705,75.858607,True,1370000.0,1343611.17,1247366.92,122633.08,2023-11-12,2023-12-18,2024-01-27,,In Progress,CONTRACTOR-DEMO-0011,Mahalaxmi Infrastructure Ltd,Minor Irrigation Division
MPLADS-DEMO-000731,DEMO-SYNTHETIC-v1,SYNTHETIC_DEMONSTRATION,MPLADS_STYLE_STRUCTURE,Maharashtra,Nashik,Nashik,Representative Nashik (Simulated),Drinking Water & Sanitation,Installation of Community RO Water Purification Plant at Village-171,Installation of Community RO Water Purification Plant at Village-171. Execution by authorized implementing agency following standard technical specifications.,Block-2,Village-171,19.946309,73.84625,True,900000.0,887303.48,722927.66,177072.34,2024-02-14,2024-03-14,2024-04-04,2024-08-01,Completed,CONTRACTOR-DEMO-0190,Balaji Enterprises,Panchayati Raj Engineering Division
MPLADS-DEMO-000732,DEMO-SYNTHETIC-v1,SYNTHETIC_DEMONSTRATION,MPLADS_STYLE_STRUCTURE,Telangana,Warangal,Warangal,Representative Warangal (Simulated),Education & Schools,Construction of Additional Classrooms at Govt Senior Secondary School Village-16,Construction of Additional Classrooms at Govt Senior Secondary School Village-16. Execution by authorized implementing agency following standard technical specifications.,Block-7,Village-16,17.983447,79.543982,True,1580000.0,1572609.2,1321028.66,258971.34,2023-12-04,2023-12-19,2024-01-14,2024-07-22,Completed,CONTRACTOR-DEMO-0100,Modern Civil Projects,Rural Engineering Service (RES)
MPLADS-DEMO-000733,DEMO-SYNTHETIC-v1,SYNTHETIC_DEMONSTRATION,MPLADS_STYLE_STRUCTURE,Tamil Nadu,Salem,Salem,Representative Salem (Simulated),Renewable Energy,Installation of 10kW Rooftop Solar Power System at Primary Health Center Village-52,Installation of 10kW Rooftop Solar Power System at Primary Health Center Village-52. Execution by authorized implementing agency following standard technical specifications.,Block-3,Village-52,11.624743,78.144843,True,1030000.0,1012373.76,820162.56,209837.44,2023-04-07,2023-05-18,2023-07-05,2023-11-06,Completed,CONTRACTOR-DEMO-0026,Gitanjali Buildcon Pvt Ltd,Municipal Corporation Public Works
MPLADS-DEMO-000734,DEMO-SYNTHETIC-v1,SYNTHETIC_DEMONSTRATION,MPLADS_STYLE_STRUCTURE,Gujarat,Rajkot,Rajkot,Representative Rajkot (Simulated),Healthcare Infrastructure,Development of Emergency Cold Storage and Pharmacy Room at Hospital Village-25,Development of Emergency Cold Storage and Pharmacy Room at Hospital Village-25. Execution by authorized implementing agency following standard technical specifications.,Block-6,Village-25,22.26536,70.842501,True,2340000.0,2247380.23,2171774.37,168225.63,2023-11-01,2023-11-19,2023-12-25,,In Progress,CONTRACTOR-DEMO-0190,Balaji Enterprises,Minor Irrigation Division
MPLADS-DEMO-000735,DEMO-SYNTHETIC-v1,SYNTHETIC_DEMONSTRATION,MPLADS_STYLE_STRUCTURE,Tamil Nadu,Salem,Salem,Representative Salem (Simulated),Renewable Energy,Supply and Erection of 30 Standalone Solar Street Lights in Village-49,Supply and Erection of 30 Standalone Solar Street Lights in Village-49. Execution by authorized implementing agency following standard technical specifications.,Block-10,Village-49,11.707512,78.155148,True,800000.0,800054.42,665593.28,134406.72,2024-04-19,2024-05-11,2024-05-30,2024-11-17,Completed,CONTRACTOR-DEMO-0022,Reliable Engineers & Builders,Municipal Corporation Public Works
MPLADS-DEMO-000736,DEMO-SYNTHETIC-v1,SYNTHETIC_DEMONSTRATION,MPLADS_STYLE_STRUCTURE,Gujarat,Surat,Surat,Representative Surat (Simulated),Drinking Water & Sanitation,Drilling of Deep Borewell and Solar-Powered Overhead Water Tank at Village-26,Drilling of Deep Borewell and Solar-Powered Overhead Water Tank at Village-26. Execution by authorized implementing agency following standard technical specifications.,Block-7,Village-26,21.120531,72.796075,True,880000.0,882853.88,664562.6,215437.4,2024-03-10,2024-04-11,2024-05-12,2024-10-25,Completed,CONTRACTOR-DEMO-0021,Apex Contractors,Rural Engineering Service (RES)
MPLADS-DEMO-000737,DEMO-SYNTHETIC-v1,SYNTHETIC_DEMONSTRATION,MPLADS_STYLE_STRUCTURE,Rajasthan,Jaipur,Jaipur,Representative Jaipur (Simulated),Community Infrastructure,Development of Public Recreation Shed and Boundary Wall in Village-133,Development of Public Recreation Shed and Boundary Wall in Village-133. Execution by authorized implementing agency following standard technical specifications.,Block-4,Village-133,26.968535,75.787306,True,1410000.0,1423383.15,1234548.87,175451.13,2024-04-15,2024-05-06,2024-06-20,2024-11-09,Completed,CONTRACTOR-DEMO-0171,Golden Contractors,Public Works Department (PWD)
MPLADS-DEMO-000738,DEMO-SYNTHETIC-v1,SYNTHETIC_DEMONSTRATION,MPLADS_STYLE_STRUCTURE,Gujarat,Ahmedabad,Ahmedabad West,Representative Ahmedabad (Simulated),Rural Connectivity & Roads,Construction of Culvert and Cross-Drainage Structure on Link Road Village-67,Construction of Culvert and Cross-Drainage Structure on Link Road Village-67. Execution by authorized implementing agency following standard technical specifications.,Block-8,Village-67,22.983566,72.621844,True,1350000.0,1311043.17,1182370.62,167629.38,2024-01-25,2024-02-29,2024-03-18,,In Progress,CONTRACTOR-DEMO-0022,Reliable Engineers & Builders,Municipal Corporation Public Works
MPLADS-DEMO-000739,DEMO-SYNTHETIC-v1,SYNTHETIC_DEMONSTRATION,MPLADS_STYLE_STRUCTURE,Odisha,Cuttack,Cuttack,Representative Cuttack (Simulated),Renewable Energy,Installation of 10kW Rooftop Solar Power System at Primary Health Center Village-196,Installation of 10kW Rooftop Solar Power System at Primary Health Center Village-196. Execution by authorized implementing agency following standard technical specifications.,Block-7,Village-196,20.502473,85.86296,True,640000.0,663035.28,568047.33,71952.67,2023-11-24,2023-12-13,2024-02-01,2024-05-19,Completed,CONTRACTOR-DEMO-0073,Gitanjali Engineering Works,Minor Irrigation Division
MPLADS-DEMO-000740,DEMO-SYNTHETIC-v1,SYNTHETIC_DEMONSTRATION,MPLADS_STYLE_STRUCTURE,Gujarat,Ahmedabad,Ahmedabad West,Representative Ahmedabad (Simulated),Community Infrastructure,Construction of Multipurpose Community Hall at Village Village-128,Construction of Multipurpose Community Hall at Village Village-128. Execution by authorized implementing agency following standard technical specifications.,Block-9,Village-128,23.023489,72.590944,True,1750000.0,1746862.96,1627070.59,122929.41,2024-04-07,2024-05-05,2024-05-21,2024-08-10,Completed,CONTRACTOR-DEMO-0054,Krishna Construction Co,Municipal Corporation Public Works
MPLADS-DEMO-000741,DEMO-SYNTHETIC-v1,SYNTHETIC_DEMONSTRATION,MPLADS_STYLE_STRUCTURE,Tamil Nadu,Madurai,Madurai,Representative Madurai (Simulated),Irrigation & Water Conservation,Desilting and Deepening of Traditional Village Water Reservoir in Village-175,Desilting and Deepening of Traditional Village Water Reservoir in Village-175. Execution by authorized implementing agency following standard technical specifications.,Block-6,Village-175,9.949067,78.057152,True,1410000.0,1359481.44,1305810.52,104189.48,2024-01-06,2024-01-28,2024-03-10,2024-10-11,Completed,CONTRACTOR-DEMO-0039,Vanguard Engineers & Builders,Public Works Department (PWD)
MPLADS-DEMO-000742,DEMO-SYNTHETIC-v1,SYNTHETIC_DEMONSTRATION,MPLADS_STYLE_STRUCTURE,Madhya Pradesh,Jabalpur,Jabalpur,Representative Jabalpur (Simulated),Community Infrastructure,Construction of Open Air Gymnasium and Seating Area at Village-91,Construction of Open Air Gymnasium and Seating Area at Village-91. Execution by authorized implementing agency following standard technical specifications.,Block-2,Village-91,23.141674,79.978148,True,670000.0,655965.92,516675.78,153324.22,2023-01-20,2023-02-17,2023-03-30,2023-10-28,Completed,CONTRACTOR-DEMO-0149,Classic Buildcon Pvt Ltd,Public Works Department (PWD)
MPLADS-DEMO-000743,DEMO-SYNTHETIC-v1,SYNTHETIC_DEMONSTRATION,MPLADS_STYLE_STRUCTURE,Telangana,Nizamabad,Nizamabad,Representative Nizamabad (Simulated),Community Infrastructure,Development of Public Recreation Shed and Boundary Wall in Village-15,Development of Public Recreation Shed and Boundary Wall in Village-15. Execution by authorized implementing agency following standard technical specifications.,Block-6,Village-15,18.61746,78.045573,True,1130000.0,1110346.68,929141.32,200858.68,2023-11-19,2023-12-18,2024-01-20,,In Progress,CONTRACTOR-DEMO-0105,Krishna Buildcon Pvt Ltd,Panchayati Raj Engineering Division
MPLADS-DEMO-000744,DEMO-SYNTHETIC-v1,SYNTHETIC_DEMONSTRATION,MPLADS_STYLE_STRUCTURE,Kerala,Wayanad,Wayanad,Representative Wayanad (Simulated),Community Infrastructure,Construction of Multipurpose Community Hall at Village Village-20,Construction of Multipurpose Community Hall at Village Village-20. Execution by authorized implementing agency following standard technical specifications.,Block-1,Village-20,11.652926,76.137674,True,1830000.0,1860049.36,1714870.51,115129.49,2024-04-18,2024-05-16,2024-06-28,2024-12-13,Completed,CONTRACTOR-DEMO-0145,Samriddhi Urban Works Pvt Ltd,District Rural Development Agency (DRDA)
MPLADS-DEMO-000745,DEMO-SYNTHETIC-v1,SYNTHETIC_DEMONSTRATION,MPLADS_STYLE_STRUCTURE,Odisha,Khordha,Bhubaneswar,Representative Khordha (Simulated),Healthcare Infrastructure,Construction of Maternity & Child Healthcare Ward at Primary Health Sub-Center Village-135,Construction of Maternity & Child Healthcare Ward at Primary Health Sub-Center Village-135. Execution by authorized implementing agency following standard technical specifications.,Block-6,Village-135,20.231987,85.597652,True,3180000.0,3180876.51,2424493.8,755506.2,2024-04-20,2024-05-30,2024-07-15,,In Progress,CONTRACTOR-DEMO-0056,Om Construction Co,Rural Engineering Service (RES)
MPLADS-DEMO-000746,DEMO-SYNTHETIC-v1,SYNTHETIC_DEMONSTRATION,MPLADS_STYLE_STRUCTURE,Telangana,Karimnagar,Karimnagar,Representative Karimnagar (Simulated),Renewable Energy,Installation of Solar LED High-Mast Lighting System at Market Yard Village-79,Installation of Solar LED High-Mast Lighting System at Market Yard Village-79. Execution by authorized implementing agency following standard technical specifications.,Block-10,Village-79,18.470048,79.0912,True,680000.0,692235.15,633233.82,46766.18,2023-02-02,2023-03-03,2023-04-15,2023-10-23,Completed,CONTRACTOR-DEMO-0033,Golden Buildcon Pvt Ltd,Public Works Department (PWD)
MPLADS-DEMO-000747,DEMO-SYNTHETIC-v1,SYNTHETIC_DEMONSTRATION,MPLADS_STYLE_STRUCTURE,Karnataka,Bengaluru Rural,Bengaluru Rural,Representative Bengaluru Rural (Simulated),Irrigation & Water Conservation,Construction of Check Dam and Water Harvesting Percolation Tank at Village-70,Construction of Check Dam and Water Harvesting Percolation Tank at Village-70. Execution by authorized implementing agency following standard technical specifications.,Block-1,Village-70,13.035636,77.552743,True,2150000.0,2229996.59,1642031.56,507968.44,2024-03-27,2024-05-04,2024-06-19,,In Progress,CONTRACTOR-DEMO-0101,Bharat Construction Co,Panchayati Raj Engineering Division
MPLADS-DEMO-000748,DEMO-SYNTHETIC-v1,SYNTHETIC_DEMONSTRATION,MPLADS_STYLE_STRUCTURE,Madhya Pradesh,Jabalpur,Jabalpur,Representative Jabalpur (Simulated),Community Infrastructure,Development of Public Recreation Shed and Boundary Wall in Village-53,Development of Public Recreation Shed and Boundary Wall in Village-53. Execution by authorized implementing agency following standard technical specifications.,Block-4,Village-53,23.165813,80.00719,True,1580000.0,1523405.62,1295890.81,284109.19,2023-10-19,2023-11-24,2023-12-10,2024-05-19,Completed,CONTRACTOR-DEMO-0071,Kisan Infra Solutions,Municipal Corporation Public Works
MPLADS-DEMO-000749,DEMO-SYNTHETIC-v1,SYNTHETIC_DEMONSTRATION,MPLADS_STYLE_STRUCTURE,Uttar Pradesh,Varanasi,Varanasi,Representative Varanasi (Simulated),Irrigation & Water Conservation,Construction of Check Dam and Water Harvesting Percolation Tank at Village-88,Construction of Check Dam and Water Harvesting Percolation Tank at Village-88. Execution by authorized implementing agency following standard technical specifications.,Block-9,Village-88,25.346952,82.989699,True,2200000.0,2187248.66,2018988.42,181011.58,2024-01-26,2024-02-12,2024-03-04,2024-07-30,Completed,CONTRACTOR-DEMO-0140,Krishna Enterprises,Panchayati Raj Engineering Division
MPLADS-DEMO-000750,DEMO-SYNTHETIC-v1,SYNTHETIC_DEMONSTRATION,MPLADS_STYLE_STRUCTURE,Madhya Pradesh,Bhopal,Bhopal,Representative Bhopal (Simulated),Renewable Energy,Installation of 10kW Rooftop Solar Power System at Primary Health Center Village-146,Installation of 10kW Rooftop Solar Power System at Primary Health Center Village-146. Execution by authorized implementing agency following standard technical specifications.,Block-7,Village-146,23.294872,77.381413,True,840000.0,837804.74,821772.85,18227.15,2023-05-16,2023-06-07,2023-06-22,2023-11-14,Completed,CONTRACTOR-DEMO-0025,Aditya Infra Solutions,Rural Engineering Service (RES)
MPLADS-DEMO-000751,DEMO-SYNTHETIC-v1,SYNTHETIC_DEMONSTRATION,MPLADS_STYLE_STRUCTURE,Telangana,Warangal,Warangal,Representative Warangal (Simulated),Renewable Energy,Supply and Erection of 30 Standalone Solar Street Lights in Village-87,Supply and Erection of 30 Standalone Solar Street Lights in Village-87. Execution by authorized implementing agency following standard technical specifications.,Block-8,Village-87,17.978141,79.534119,True,670000.0,662586.84,604087.33,65912.67,2024-02-19,2024-03-04,2024-03-26,2024-08-30,Completed,CONTRACTOR-DEMO-0071,Kisan Infra Solutions,Rural Engineering Service (RES)
MPLADS-DEMO-000752,DEMO-SYNTHETIC-v1,SYNTHETIC_DEMONSTRATION,MPLADS_STYLE_STRUCTURE,Madhya Pradesh,Jabalpur,Jabalpur,Representative Jabalpur (Simulated),Education & Schools,Construction of Additional Classrooms at Govt Senior Secondary School Village-113,Construction of Additional Classrooms at Govt Senior Secondary School Village-113. Execution by authorized implementing agency following standard technical specifications.,Block-4,Village-113,23.117653,79.92621,True,2310000.0,2306342.42,2181090.05,128909.95,2023-05-06,2023-06-15,2023-07-03,2023-10-06,Completed,CONTRACTOR-DEMO-0074,Hindustan Urban Works Pvt Ltd,Municipal Corporation Public Works
MPLADS-DEMO-000753,DEMO-SYNTHETIC-v1,SYNTHETIC_DEMONSTRATION,MPLADS_STYLE_STRUCTURE,Karnataka,Dharwad,Dharwad,Representative Dharwad (Simulated),Rural Connectivity & Roads,Construction of Cement Concrete (CC) Road and Drain Channel at Village-113,Construction of Cement Concrete (CC) Road and Drain Channel at Village-113. Execution by authorized implementing agency following standard technical specifications.,Block-4,Village-113,15.417275,75.042377,True,2300000.0,2255755.51,1986817.4,313182.6,2023-05-11,2023-06-05,2023-06-29,2023-09-24,Completed,CONTRACTOR-DEMO-0063,Navnirman Infrastructure Ltd,Public Works Department (PWD)
MPLADS-DEMO-000754,DEMO-SYNTHETIC-v1,SYNTHETIC_DEMONSTRATION,MPLADS_STYLE_STRUCTURE,Tamil Nadu,Salem,Salem,Representative Salem (Simulated),Community Infrastructure,Development of Public Recreation Shed and Boundary Wall in Village-176,Development of Public Recreation Shed and Boundary Wall in Village-176. Execution by authorized implementing agency following standard technical specifications.,Block-7,Village-176,11.665173,78.13824,True,1300000.0,1252363.38,1189489.95,110510.05,2023-02-15,2023-03-17,2023-04-17,,In Progress,CONTRACTOR-DEMO-0094,Panchsheel Construction Co,Municipal Corporation Public Works
MPLADS-DEMO-000755,DEMO-SYNTHETIC-v1,SYNTHETIC_DEMONSTRATION,MPLADS_STYLE_STRUCTURE,Kerala,Ernakulam,Ernakulam,Representative Ernakulam (Simulated),Community Infrastructure,Development of Public Recreation Shed and Boundary Wall in Village-90,Development of Public Recreation Shed and Boundary Wall in Village-90. Execution by authorized implementing agency following standard technical specifications.,Block-1,Village-90,9.930791,76.300802,True,1040000.0,1040918.16,836685.31,203314.69,2023-06-30,2023-08-06,2023-09-16,,In Progress,CONTRACTOR-DEMO-0113,Modern Buildcon Pvt Ltd,District Rural Development Agency (DRDA)
MPLADS-DEMO-000756,DEMO-SYNTHETIC-v1,SYNTHETIC_DEMONSTRATION,MPLADS_STYLE_STRUCTURE,Maharashtra,Pune,Pune,Representative Pune (Simulated),Community Infrastructure,Construction of Open Air Gymnasium and Seating Area at Village-156,Construction of Open Air Gymnasium and Seating Area at Village-156. Execution by authorized implementing agency following standard technical specifications.,Block-7,Village-156,18.557861,73.835248,True,1120000.0,1155606.34,936526.74,183473.26,2024-05-11,2024-06-12,2024-06-28,,In Progress,CONTRACTOR-DEMO-0015,Maruti Contractors,District Rural Development Agency (DRDA)
MPLADS-DEMO-000757,DEMO-SYNTHETIC-v1,SYNTHETIC_DEMONSTRATION,MPLADS_STYLE_STRUCTURE,Odisha,Ganjam,Aska,Representative Ganjam (Simulated),Drinking Water & Sanitation,Installation of Community RO Water Purification Plant at Village-28,Installation of Community RO Water Purification Plant at Village-28. Execution by authorized implementing agency following standard technical specifications.,Block-9,Village-28,19.394175,85.030044,True,920000.0,935880.52,847016.39,72983.61,2024-02-20,2024-03-27,2024-04-24,2024-07-16,Completed,CONTRACTOR-DEMO-0172,Aditya Enterprises,Minor Irrigation Division
MPLADS-DEMO-000758,DEMO-SYNTHETIC-v1,SYNTHETIC_DEMONSTRATION,MPLADS_STYLE_STRUCTURE,Maharashtra,Pune,Pune,Representative Pune (Simulated),Education & Schools,Construction of Additional Classrooms at Govt Senior Secondary School Village-20,Construction of Additional Classrooms at Govt Senior Secondary School Village-20. Execution by authorized implementing agency following standard technical specifications.,Block-1,Village-20,18.580021,73.920702,True,2680000.0,2786731.1,2398531.94,281468.06,2024-01-25,2024-03-05,2024-04-23,2024-11-19,Completed,CONTRACTOR-DEMO-0017,Vikas Engineers & Builders,Municipal Corporation Public Works
MPLADS-DEMO-000759,DEMO-SYNTHETIC-v1,SYNTHETIC_DEMONSTRATION,MPLADS_STYLE_STRUCTURE,Karnataka,Bengaluru Rural,Bengaluru Rural,Representative Bengaluru Rural (Simulated),Healthcare Infrastructure,Development of Emergency Cold Storage and Pharmacy Room at Hospital Village-134,Development of Emergency Cold Storage and Pharmacy Room at Hospital Village-134. Execution by authorized implementing agency following standard technical specifications.,Block-5,Village-134,13.056832,77.537794,True,2270000.0,2283664.26,2178169.4,91830.6,2023-07-02,2023-07-31,2023-09-07,,In Progress,CONTRACTOR-DEMO-0084,Apex Buildcon Pvt Ltd,Minor Irrigation Division
MPLADS-DEMO-000760,DEMO-SYNTHETIC-v1,SYNTHETIC_DEMONSTRATION,MPLADS_STYLE_STRUCTURE,Maharashtra,Nagpur,Nagpur,Representative Nagpur (Simulated),Healthcare Infrastructure,Construction of Maternity & Child Healthcare Ward at Primary Health Sub-Center Village-114,Construction of Maternity & Child Healthcare Ward at Primary Health Sub-Center Village-114. Execution by authorized implementing agency following standard technical specifications.,Block-5,Village-114,21.176064,79.137629,True,2720000.0,2628540.56,2390621.98,329378.02,2023-02-23,2023-04-01,2023-05-16,2023-11-21,Completed,CONTRACTOR-DEMO-0111,Modern Construction Co,Rural Engineering Service (RES)
MPLADS-DEMO-000761,DEMO-SYNTHETIC-v1,SYNTHETIC_DEMONSTRATION,MPLADS_STYLE_STRUCTURE,Tamil Nadu,Coimbatore,Coimbatore,Representative Coimbatore (Simulated),Irrigation & Water Conservation,Construction of Check Dam and Water Harvesting Percolation Tank at Village-138,Construction of Check Dam and Water Harvesting Percolation Tank at Village-138. Execution by authorized implementing agency following standard technical specifications.,Block-9,Village-138,10.983643,77.009005,True,1960000.0,1973289.64,1532273.58,427726.42,2023-05-28,2023-06-29,2023-08-04,2023-11-07,Completed,CONTRACTOR-DEMO-0108,Shanti Buildcon Pvt Ltd,Panchayati Raj Engineering Division
MPLADS-DEMO-000762,DEMO-SYNTHETIC-v1,SYNTHETIC_DEMONSTRATION,MPLADS_STYLE_STRUCTURE,Karnataka,Mysuru,Mysuru,Representative Mysuru (Simulated),Drinking Water & Sanitation,Laying of Underground Drinking Water Pipeline Distribution in Village-162,Laying of Underground Drinking Water Pipeline Distribution in Village-162. Execution by authorized implementing agency following standard technical specifications.,Block-3,Village-162,12.345387,76.600154,True,1030000.0,1061015.83,776174.85,253825.15,2023-03-17,2023-04-26,2023-05-27,2023-12-08,Completed,CONTRACTOR-DEMO-0194,United Urban Works Pvt Ltd,Public Works Department (PWD)
MPLADS-DEMO-000763,DEMO-SYNTHETIC-v1,SYNTHETIC_DEMONSTRATION,MPLADS_STYLE_STRUCTURE,Maharashtra,Pune,Pune,Representative Pune (Simulated),Irrigation & Water Conservation,Construction of Check Dam and Water Harvesting Percolation Tank at Village-111,Construction of Check Dam and Water Harvesting Percolation Tank at Village-111. Execution by authorized implementing agency following standard technical specifications.,Block-2,Village-111,18.458511,73.813402,True,1190000.0,1155002.36,1129765.05,60234.95,2024-04-29,2024-06-06,2024-07-18,,In Progress,CONTRACTOR-DEMO-0106,Modern Engineering Works,Minor Irrigation Division
MPLADS-DEMO-000764,DEMO-SYNTHETIC-v1,SYNTHETIC_DEMONSTRATION,MPLADS_STYLE_STRUCTURE,Karnataka,Dharwad,Dharwad,Representative Dharwad (Simulated),Drinking Water & Sanitation,Drilling of Deep Borewell and Solar-Powered Overhead Water Tank at Village-31,Drilling of Deep Borewell and Solar-Powered Overhead Water Tank at Village-31. Execution by authorized implementing agency following standard technical specifications.,Block-2,Village-31,15.437685,75.050013,True,710000.0,715195.95,633195.61,76804.39,2024-01-19,2024-02-04,2024-02-23,2024-08-06,Completed,CONTRACTOR-DEMO-0118,Om Rural Developers,Panchayati Raj Engineering Division
MPLADS-DEMO-000765,DEMO-SYNTHETIC-v1,SYNTHETIC_DEMONSTRATION,MPLADS_STYLE_STRUCTURE,Tamil Nadu,Salem,Salem,Representative Salem (Simulated),Education & Schools,Setup of Science Laboratory and Learning Resource Center in Village-75,Setup of Science Laboratory and Learning Resource Center in Village-75. Execution by authorized implementing agency following standard technical specifications.,Block-6,Village-75,11.697796,78.172015,True,1130000.0,1150223.15,1000726.16,129273.84,2024-03-09,2024-03-28,2024-04-21,2024-10-07,Completed,CONTRACTOR-DEMO-0176,Surya Shakti Infrastructure Ltd,Minor Irrigation Division
MPLADS-DEMO-000766,DEMO-SYNTHETIC-v1,SYNTHETIC_DEMONSTRATION,MPLADS_STYLE_STRUCTURE,Madhya Pradesh,Jabalpur,Jabalpur,Representative Jabalpur (Simulated),Education & Schools,Construction of Separate Girls Toilet and Wash Area in Govt High School Village-113,Construction of Separate Girls Toilet and Wash Area in Govt High School Village-113. Execution by authorized implementing agency following standard technical specifications.,Block-4,Village-113,23.139474,80.015329,True,670000.0,693839.57,517432.07,152567.93,2023-06-16,2023-07-31,2023-09-05,,In Progress,CONTRACTOR-DEMO-0136,Shree Ganesh Engineering Works,Municipal Corporation Public Works
MPLADS-DEMO-000767,DEMO-SYNTHETIC-v1,SYNTHETIC_DEMONSTRATION,MPLADS_STYLE_STRUCTURE,Tamil Nadu,Coimbatore,Coimbatore,Representative Coimbatore (Simulated),Renewable Energy,Supply and Erection of 30 Standalone Solar Street Lights in Village-74,Supply and Erection of 30 Standalone Solar Street Lights in Village-74. Execution by authorized implementing agency following standard technical specifications.,Block-5,Village-74,10.993764,76.932215,True,610000.0,632131.47,463383.4,146616.6,2024-05-12,2024-06-08,2024-07-20,,In Progress,CONTRACTOR-DEMO-0151,Modern Projects Ltd,Municipal Corporation Public Works
MPLADS-DEMO-000768,DEMO-SYNTHETIC-v1,SYNTHETIC_DEMONSTRATION,MPLADS_STYLE_STRUCTURE,Rajasthan,Jodhpur,Jodhpur,Representative Jodhpur (Simulated),Community Infrastructure,Construction of Open Air Gymnasium and Seating Area at Village-73,Construction of Open Air Gymnasium and Seating Area at Village-73. Execution by authorized implementing agency following standard technical specifications.,Block-4,Village-73,26.195427,72.99672,True,1220000.0,1214038.27,1163428.98,56571.02,2023-06-11,2023-07-11,2023-08-01,2023-12-25,Completed,CONTRACTOR-DEMO-0040,Balaji Rural Developers,Public Works Department (PWD)
MPLADS-DEMO-000769,DEMO-SYNTHETIC-v1,SYNTHETIC_DEMONSTRATION,MPLADS_STYLE_STRUCTURE,Uttar Pradesh,Varanasi,Varanasi,Representative Varanasi (Simulated),Renewable Energy,Installation of 10kW Rooftop Solar Power System at Primary Health Center Village-194,Installation of 10kW Rooftop Solar Power System at Primary Health Center Village-194. Execution by authorized implementing agency following standard technical specifications.,Block-5,Village-194,25.274551,82.986691,True,620000.0,642808.89,541979.72,78020.28,2024-02-28,2024-03-25,2024-04-09,2024-06-29,Completed,CONTRACTOR-DEMO-0098,Vanguard Civil Projects,Rural Engineering Service (RES)
MPLADS-DEMO-000770,DEMO-SYNTHETIC-v1,SYNTHETIC_DEMONSTRATION,MPLADS_STYLE_STRUCTURE,Rajasthan,Jaipur,Jaipur,Representative Jaipur (Simulated),Renewable Energy,Supply and Erection of 30 Standalone Solar Street Lights in Village-188,Supply and Erection of 30 Standalone Solar Street Lights in Village-188. Execution by authorized implementing agency following standard technical specifications.,Block-9,Village-188,26.905227,75.738703,True,790000.0,777040.31,612417.02,177582.98,2024-01-11,2024-02-01,2024-03-15,2024-10-02,Completed,CONTRACTOR-DEMO-0071,Kisan Infra Solutions,Public Works Department (PWD)
MPLADS-DEMO-000771,DEMO-SYNTHETIC-v1,SYNTHETIC_DEMONSTRATION,MPLADS_STYLE_STRUCTURE,Odisha,Khordha,Bhubaneswar,Representative Khordha (Simulated),Drinking Water & Sanitation,Drilling of Deep Borewell and Solar-Powered Overhead Water Tank at Village-188,Drilling of Deep Borewell and Solar-Powered Overhead Water Tank at Village-188. Execution by authorized implementing agency following standard technical specifications.,Block-9,Village-188,20.202833,85.682097,True,550000.0,560748.21,440638.88,109361.12,2023-02-22,2023-03-28,2023-04-22,2023-09-14,Completed,CONTRACTOR-DEMO-0120,Golden Projects Ltd,Minor Irrigation Division
MPLADS-DEMO-000772,DEMO-SYNTHETIC-v1,SYNTHETIC_DEMONSTRATION,MPLADS_STYLE_STRUCTURE,Kerala,Kozhikode,Kozhikode,Representative Kozhikode (Simulated),Renewable Energy,Installation of 10kW Rooftop Solar Power System at Primary Health Center Village-199,Installation of 10kW Rooftop Solar Power System at Primary Health Center Village-199. Execution by authorized implementing agency following standard technical specifications.,Block-10,Village-199,11.203432,75.804832,True,620000.0,616695.53,597955.68,22044.32,2024-02-25,2024-03-30,2024-04-26,2024-07-19,Completed,CONTRACTOR-DEMO-0166,Shiv Shakti Engineers & Builders,Minor Irrigation Division
MPLADS-DEMO-000773,DEMO-SYNTHETIC-v1,SYNTHETIC_DEMONSTRATION,MPLADS_STYLE_STRUCTURE,Gujarat,Rajkot,Rajkot,Representative Rajkot (Simulated),Drinking Water & Sanitation,Construction of Public Sanitation Facility and Bathing Block in Village-151,Construction of Public Sanitation Facility and Bathing Block in Village-151. Execution by authorized implementing agency following standard technical specifications.,Block-2,Village-151,22.287807,70.859811,True,1130000.0,1102489.32,969682.99,160317.01,2023-09-20,2023-10-15,2023-11-30,2024-04-03,Completed,CONTRACTOR-DEMO-0166,Shiv Shakti Engineers & Builders,Public Works Department (PWD)
MPLADS-DEMO-000774,DEMO-SYNTHETIC-v1,SYNTHETIC_DEMONSTRATION,MPLADS_STYLE_STRUCTURE,Karnataka,Mysuru,Mysuru,Representative Mysuru (Simulated),Irrigation & Water Conservation,Construction of Reinforced Concrete Irrigation Sluice Gate and Channel in Village-192,Construction of Reinforced Concrete Irrigation Sluice Gate and Channel in Village-192. Execution by authorized implementing agency following standard technical specifications.,Block-3,Village-192,12.258645,76.630861,True,1520000.0,1527020.84,1212908.02,307091.98,2023-04-16,2023-05-02,2023-06-12,2023-12-01,Completed,CONTRACTOR-DEMO-0165,Riddhi Infra Solutions,Municipal Corporation Public Works
MPLADS-DEMO-000775,DEMO-SYNTHETIC-v1,SYNTHETIC_DEMONSTRATION,MPLADS_STYLE_STRUCTURE,Uttar Pradesh,Lucknow,Lucknow,Representative Lucknow (Simulated),Healthcare Infrastructure,Supply of Diagnostic Medical Equipment and Patient Beds to Rural Clinic in Village-124,Supply of Diagnostic Medical Equipment and Patient Beds to Rural Clinic in Village-124. Execution by authorized implementing agency following standard technical specifications.,Block-5,Village-124,26.85066,81.005264,True,1380000.0,1417612.38,1312737.4,67262.6,2023-12-23,2024-02-06,2024-03-23,2024-09-14,Completed,CONTRACTOR-DEMO-0157,Surya Shakti Infra Solutions,District Rural Development Agency (DRDA)
MPLADS-DEMO-000776,DEMO-SYNTHETIC-v1,SYNTHETIC_DEMONSTRATION,MPLADS_STYLE_STRUCTURE,Karnataka,Dharwad,Dharwad,Representative Dharwad (Simulated),Education & Schools,Construction of Separate Girls Toilet and Wash Area in Govt High School Village-25,Construction of Separate Girls Toilet and Wash Area in Govt High School Village-25. Execution by authorized implementing agency following standard technical specifications.,Block-6,Village-25,15.422361,75.067979,True,680000.0,675625.92,579937.84,100062.16,2023-05-21,2023-07-01,2023-07-23,,In Progress,CONTRACTOR-DEMO-0085,Kisan Rural Developers,Minor Irrigation Division
MPLADS-DEMO-000777,DEMO-SYNTHETIC-v1,SYNTHETIC_DEMONSTRATION,MPLADS_STYLE_STRUCTURE,Maharashtra,Nagpur,Nagpur,Representative Nagpur (Simulated),Rural Connectivity & Roads,Construction of Culvert and Cross-Drainage Structure on Link Road Village-181,Construction of Culvert and Cross-Drainage Structure on Link Road Village-181. Execution by authorized implementing agency following standard technical specifications.,Block-2,Village-181,21.097448,79.137882,True,2450000.0,2469807.52,2224749.56,225250.44,2023-01-29,2023-03-02,2023-04-03,2023-09-29,Completed,CONTRACTOR-DEMO-0019,Samriddhi Infrastructure Ltd,Municipal Corporation Public Works
MPLADS-DEMO-000778,DEMO-SYNTHETIC-v1,SYNTHETIC_DEMONSTRATION,MPLADS_STYLE_STRUCTURE,Telangana,Warangal,Warangal,Representative Warangal (Simulated),Rural Connectivity & Roads,Upgradation of Rural Link Road connecting Hamlet to Main Highway at Village-173,Upgradation of Rural Link Road connecting Hamlet to Main Highway at Village-173. Execution by authorized implementing agency following standard technical specifications.,Block-4,Village-173,17.94519,79.579979,True,4460000.0,4433311.1,3612425.43,847574.57,2023-02-11,2023-03-14,2023-04-29,2023-10-07,Completed,CONTRACTOR-DEMO-0166,Shiv Shakti Engineers & Builders,Public Works Department (PWD)
MPLADS-DEMO-000779,DEMO-SYNTHETIC-v1,SYNTHETIC_DEMONSTRATION,MPLADS_STYLE_STRUCTURE,Rajasthan,Jaipur,Jaipur,Representative Jaipur (Simulated),Education & Schools,Setup of Science Laboratory and Learning Resource Center in Village-57,Setup of Science Laboratory and Learning Resource Center in Village-57. Execution by authorized implementing agency following standard technical specifications.,Block-8,Village-57,26.921826,75.74395,True,1160000.0,1185942.43,899432.21,260567.79,2024-05-24,2024-06-28,2024-07-21,,In Progress,CONTRACTOR-DEMO-0009,Golden Urban Works Pvt Ltd,Minor Irrigation Division
MPLADS-DEMO-000780,DEMO-SYNTHETIC-v1,SYNTHETIC_DEMONSTRATION,MPLADS_STYLE_STRUCTURE,Gujarat,Rajkot,Rajkot,Representative Rajkot (Simulated),Irrigation & Water Conservation,Desilting and Deepening of Traditional Village Water Reservoir in Village-24,Desilting and Deepening of Traditional Village Water Reservoir in Village-24. Execution by authorized implementing agency following standard technical specifications.,Block-5,Village-24,22.340356,70.780527,True,1250000.0,1276684.21,1096457.08,153542.92,2023-12-16,2024-01-02,2024-02-19,,In Progress,CONTRACTOR-DEMO-0141,Alliance Engineering Works,Rural Engineering Service (RES)
MPLADS-DEMO-000781,DEMO-SYNTHETIC-v1,SYNTHETIC_DEMONSTRATION,MPLADS_STYLE_STRUCTURE,Maharashtra,Nashik,Nashik,Representative Nashik (Simulated),Irrigation & Water Conservation,Construction of Reinforced Concrete Irrigation Sluice Gate and Channel in Village-102,Construction of Reinforced Concrete Irrigation Sluice Gate and Channel in Village-102. Execution by authorized implementing agency following standard technical specifications.,Block-3,Village-102,20.044264,73.754613,True,1100000.0,1136137.53,908870.03,191129.97,2023-05-05,2023-06-03,2023-06-18,,In Progress,CONTRACTOR-DEMO-0009,Golden Urban Works Pvt Ltd,Municipal Corporation Public Works
MPLADS-DEMO-000782,DEMO-SYNTHETIC-v1,SYNTHETIC_DEMONSTRATION,MPLADS_STYLE_STRUCTURE,Maharashtra,Nagpur,Nagpur,Representative Nagpur (Simulated),Renewable Energy,Supply and Erection of 30 Standalone Solar Street Lights in Village-125,Supply and Erection of 30 Standalone Solar Street Lights in Village-125. Execution by authorized implementing agency following standard technical specifications.,Block-6,Village-125,21.086297,79.060002,True,510000.0,498984.21,473103.88,36896.12,2023-05-21,2023-06-06,2023-07-08,2023-12-26,Completed,CONTRACTOR-DEMO-0171,Golden Contractors,Panchayati Raj Engineering Division
MPLADS-DEMO-000783,DEMO-SYNTHETIC-v1,SYNTHETIC_DEMONSTRATION,MPLADS_STYLE_STRUCTURE,Maharashtra,Pune,Pune,Representative Pune (Simulated),Irrigation & Water Conservation,Construction of Reinforced Concrete Irrigation Sluice Gate and Channel in Village-70,Construction of Reinforced Concrete Irrigation Sluice Gate and Channel in Village-70. Execution by authorized implementing agency following standard technical specifications.,Block-1,Village-70,18.567458,73.801649,True,1540000.0,1567364.31,1425037.12,114962.88,2023-08-15,2023-08-30,2023-09-14,2024-04-14,Completed,CONTRACTOR-DEMO-0158,Vikas Rural Developers,Rural Engineering Service (RES)
MPLADS-DEMO-000784,DEMO-SYNTHETIC-v1,SYNTHETIC_DEMONSTRATION,MPLADS_STYLE_STRUCTURE,Maharashtra,Nagpur,Nagpur,Representative Nagpur (Simulated),Healthcare Infrastructure,Development of Emergency Cold Storage and Pharmacy Room at Hospital Village-101,Development of Emergency Cold Storage and Pharmacy Room at Hospital Village-101. Execution by authorized implementing agency following standard technical specifications.,Block-2,Village-101,21.106057,79.10194,True,1590000.0,1626222.97,1347978.35,242021.65,2024-01-30,2024-02-14,2024-03-19,,In Progress,CONTRACTOR-DEMO-0055,Gitanjali Projects Ltd,Public Works Department (PWD)
MPLADS-DEMO-000785,DEMO-SYNTHETIC-v1,SYNTHETIC_DEMONSTRATION,MPLADS_STYLE_STRUCTURE,Uttar Pradesh,Gorakhpur,Gorakhpur,Representative Gorakhpur (Simulated),Healthcare Infrastructure,Development of Emergency Cold Storage and Pharmacy Room at Hospital Village-121,Development of Emergency Cold Storage and Pharmacy Room at Hospital Village-121. Execution by authorized implementing agency following standard technical specifications.,Block-2,Village-121,26.744555,83.364039,True,1480000.0,1535279.34,1300963.13,179036.87,2023-09-19,2023-10-21,2023-12-09,2024-05-29,Completed,CONTRACTOR-DEMO-0008,Apex Projects Ltd,Panchayati Raj Engineering Division
MPLADS-DEMO-000786,DEMO-SYNTHETIC-v1,SYNTHETIC_DEMONSTRATION,MPLADS_STYLE_STRUCTURE,Kerala,Kozhikode,Kozhikode,Representative Kozhikode (Simulated),Education & Schools,Construction of Separate Girls Toilet and Wash Area in Govt High School Village-196,Construction of Separate Girls Toilet and Wash Area in Govt High School Village-196. Execution by authorized implementing agency following standard technical specifications.,Block-7,Village-196,11.264856,75.72948,True,640000.0,643987.43,483664.08,156335.92,2024-02-13,2024-03-12,2024-04-24,2024-11-29,Completed,CONTRACTOR-DEMO-0031,Shiv Shakti Buildcon Pvt Ltd,Minor Irrigation Division
MPLADS-DEMO-000787,DEMO-SYNTHETIC-v1,SYNTHETIC_DEMONSTRATION,MPLADS_STYLE_STRUCTURE,Rajasthan,Jaipur,Jaipur,Representative Jaipur (Simulated),Rural Connectivity & Roads,Interlocking Paver Block Road Installation along Main Street in Village-162,Interlocking Paver Block Road Installation along Main Street in Village-162. Execution by authorized implementing agency following standard technical specifications.,Block-3,Village-162,26.974256,75.734701,True,1010000.0,986380.69,976348.27,33651.73,2023-11-14,2023-12-13,2024-01-02,,In Progress,CONTRACTOR-DEMO-0161,Sai Infrastructure Ltd,Panchayati Raj Engineering Division
MPLADS-DEMO-000788,DEMO-SYNTHETIC-v1,SYNTHETIC_DEMONSTRATION,MPLADS_STYLE_STRUCTURE,Karnataka,Mysuru,Mysuru,Representative Mysuru (Simulated),Healthcare Infrastructure,Development of Emergency Cold Storage and Pharmacy Room at Hospital Village-195,Development of Emergency Cold Storage and Pharmacy Room at Hospital Village-195. Execution by authorized implementing agency following standard technical specifications.,Block-6,Village-195,12.261016,76.674163,True,1520000.0,1509282.0,1398882.69,121117.31,2024-03-17,2024-04-09,2024-04-26,2024-12-01,Completed,CONTRACTOR-DEMO-0157,Surya Shakti Infra Solutions,Panchayati Raj Engineering Division
MPLADS-DEMO-000789,DEMO-SYNTHETIC-v1,SYNTHETIC_DEMONSTRATION,MPLADS_STYLE_STRUCTURE,Odisha,Khordha,Bhubaneswar,Representative Khordha (Simulated),Community Infrastructure,Construction of Open Air Gymnasium and Seating Area at Village-177,Construction of Open Air Gymnasium and Seating Area at Village-177. Execution by authorized implementing agency following standard technical specifications.,Block-8,Village-177,20.143099,85.629313,True,1220000.0,1224449.46,1002832.34,217167.66,2023-12-14,2024-01-12,2024-02-16,2024-09-01,Completed,CONTRACTOR-DEMO-0135,Pragati Rural Developers,Municipal Corporation Public Works
MPLADS-DEMO-000790,DEMO-SYNTHETIC-v1,SYNTHETIC_DEMONSTRATION,MPLADS_STYLE_STRUCTURE,Odisha,Khordha,Bhubaneswar,Representative Khordha (Simulated),Healthcare Infrastructure,Development of Emergency Cold Storage and Pharmacy Room at Hospital Village-21,Development of Emergency Cold Storage and Pharmacy Room at Hospital Village-21. Execution by authorized implementing agency following standard technical specifications.,Block-2,Village-21,20.23566,85.611541,True,1290000.0,1277170.8,1192068.29,97931.71,2023-04-07,2023-04-28,2023-05-23,,In Progress,CONTRACTOR-DEMO-0033,Golden Buildcon Pvt Ltd,Public Works Department (PWD)
MPLADS-DEMO-000791,DEMO-SYNTHETIC-v1,SYNTHETIC_DEMONSTRATION,MPLADS_STYLE_STRUCTURE,Odisha,Cuttack,Cuttack,Representative Cuttack (Simulated),Education & Schools,Setup of Science Laboratory and Learning Resource Center in Village-44,Setup of Science Laboratory and Learning Resource Center in Village-44. Execution by authorized implementing agency following standard technical specifications.,Block-5,Village-44,20.478901,85.886197,True,1070000.0,1091313.84,937137.63,132862.37,2023-08-07,2023-08-21,2023-09-23,,In Progress,CONTRACTOR-DEMO-0079,Balaji Civil Projects,Minor Irrigation Division
MPLADS-DEMO-000792,DEMO-SYNTHETIC-v1,SYNTHETIC_DEMONSTRATION,MPLADS_STYLE_STRUCTURE,Odisha,Ganjam,Aska,Representative Ganjam (Simulated),Healthcare Infrastructure,Supply of Diagnostic Medical Equipment and Patient Beds to Rural Clinic in Village-134,Supply of Diagnostic Medical Equipment and Patient Beds to Rural Clinic in Village-134. Execution by authorized implementing agency following standard technical specifications.,Block-5,Village-134,19.35691,85.040641,True,1720000.0,1740670.37,1345984.36,374015.64,2023-10-09,2023-11-05,2023-12-13,2024-04-30,Completed,CONTRACTOR-DEMO-0124,Samriddhi Construction Co,Panchayati Raj Engineering Division
MPLADS-DEMO-000793,DEMO-SYNTHETIC-v1,SYNTHETIC_DEMONSTRATION,MPLADS_STYLE_STRUCTURE,Uttar Pradesh,Varanasi,Varanasi,Representative Varanasi (Simulated),Rural Connectivity & Roads,Interlocking Paver Block Road Installation along Main Street in Village-43,Interlocking Paver Block Road Installation along Main Street in Village-43. Execution by authorized implementing agency following standard technical specifications.,Block-4,Village-43,25.320769,83.016723,True,810000.0,798186.18,640889.76,169110.24,2023-09-12,2023-09-30,2023-10-15,2024-02-15,Completed,CONTRACTOR-DEMO-0055,Gitanjali Projects Ltd,Minor Irrigation Division
MPLADS-DEMO-000794,DEMO-SYNTHETIC-v1,SYNTHETIC_DEMONSTRATION,MPLADS_STYLE_STRUCTURE,Maharashtra,Nagpur,Nagpur,Representative Nagpur (Simulated),Renewable Energy,Supply and Erection of 30 Standalone Solar Street Lights in Village-85,Supply and Erection of 30 Standalone Solar Street Lights in Village-85. Execution by authorized implementing agency following standard technical specifications.,Block-6,Village-85,21.093113,79.104446,True,880000.0,855814.29,730931.65,149068.35,2023-10-28,2023-11-25,2024-01-01,2024-05-04,Completed,CONTRACTOR-DEMO-0074,Hindustan Urban Works Pvt Ltd,District Rural Development Agency (DRDA)
MPLADS-DEMO-000795,DEMO-SYNTHETIC-v1,SYNTHETIC_DEMONSTRATION,MPLADS_STYLE_STRUCTURE,Telangana,Karimnagar,Karimnagar,Representative Karimnagar (Simulated),Irrigation & Water Conservation,Desilting and Deepening of Traditional Village Water Reservoir in Village-150,Desilting and Deepening of Traditional Village Water Reservoir in Village-150. Execution by authorized implementing agency following standard technical specifications.,Block-1,Village-150,18.468412,79.111546,True,1310000.0,1355515.47,1151563.13,158436.87,2023-12-09,2024-01-04,2024-01-23,2024-05-03,Completed,CONTRACTOR-DEMO-0191,Surya Shakti Civil Projects,Rural Engineering Service (RES)
MPLADS-DEMO-000796,DEMO-SYNTHETIC-v1,SYNTHETIC_DEMONSTRATION,MPLADS_STYLE_STRUCTURE,Uttar Pradesh,Gorakhpur,Gorakhpur,Representative Gorakhpur (Simulated),Drinking Water & Sanitation,Drilling of Deep Borewell and Solar-Powered Overhead Water Tank at Village-145,Drilling of Deep Borewell and Solar-Powered Overhead Water Tank at Village-145. Execution by authorized implementing agency following standard technical specifications.,Block-6,Village-145,26.708902,83.411795,True,870000.0,880080.18,729127.6,140872.4,2023-11-05,2023-12-06,2024-01-20,,In Progress,CONTRACTOR-DEMO-0004,Aditya Buildcon Pvt Ltd,Rural Engineering Service (RES)
MPLADS-DEMO-000797,DEMO-SYNTHETIC-v1,SYNTHETIC_DEMONSTRATION,MPLADS_STYLE_STRUCTURE,Uttar Pradesh,Varanasi,Varanasi,Representative Varanasi (Simulated),Community Infrastructure,Development of Public Recreation Shed and Boundary Wall in Village-37,Development of Public Recreation Shed and Boundary Wall in Village-37. Execution by authorized implementing agency following standard technical specifications.,Block-8,Village-37,25.274026,83.0226,True,1310000.0,1265752.12,1274713.42,35286.58,2023-03-26,2023-05-07,2023-06-18,2023-11-23,Completed,CONTRACTOR-DEMO-0081,Vanguard Urban Works Pvt Ltd,Municipal Corporation Public Works
MPLADS-DEMO-000798,DEMO-SYNTHETIC-v1,SYNTHETIC_DEMONSTRATION,MPLADS_STYLE_STRUCTURE,Telangana,Warangal,Warangal,Representative Warangal (Simulated),Community Infrastructure,Development of Public Recreation Shed and Boundary Wall in Village-144,Development of Public Recreation Shed and Boundary Wall in Village-144. Execution by authorized implementing agency following standard technical specifications.,Block-5,Village-144,17.955022,79.62971,True,1800000.0,1796324.83,1479069.4,320930.6,2023-10-09,2023-11-12,2023-12-30,,In Progress,CONTRACTOR-DEMO-0158,Vikas Rural Developers,Rural Engineering Service (RES)
MPLADS-DEMO-000799,DEMO-SYNTHETIC-v1,SYNTHETIC_DEMONSTRATION,MPLADS_STYLE_STRUCTURE,Maharashtra,Nashik,Nashik,Representative Nashik (Simulated),Healthcare Infrastructure,Supply of Diagnostic Medical Equipment and Patient Beds to Rural Clinic in Village-183,Supply of Diagnostic Medical Equipment and Patient Beds to Rural Clinic in Village-183. Execution by authorized implementing agency following standard technical specifications.,Block-4,Village-183,19.951075,73.781642,True,1560000.0,1558763.67,1453080.66,106919.34,2023-12-31,2024-01-21,2024-03-11,2024-08-22,Completed,CONTRACTOR-DEMO-0049,National Buildcon Pvt Ltd,Public Works Department (PWD)
MPLADS-DEMO-000800,DEMO-SYNTHETIC-v1,SYNTHETIC_DEMONSTRATION,MPLADS_STYLE_STRUCTURE,Odisha,Khordha,Bhubaneswar,Representative Khordha (Simulated),Rural Connectivity & Roads,Construction of Culvert and Cross-Drainage Structure on Link Road Village-198,Construction of Culvert and Cross-Drainage Structure on Link Road Village-198. Execution by authorized implementing agency following standard technical specifications.,Block-9,Village-198,20.203005,85.650904,True,1740000.0,1756282.81,1655693.19,84306.81,2024-04-30,2024-05-26,2024-07-04,,In Progress,CONTRACTOR-DEMO-0195,National Infra Solutions,Public Works Department (PWD)
MPLADS-DEMO-000801,DEMO-SYNTHETIC-v1,SYNTHETIC_DEMONSTRATION,MPLADS_STYLE_STRUCTURE,Uttar Pradesh,Varanasi,Varanasi,Representative Varanasi (Simulated),Education & Schools,Construction of Separate Girls Toilet and Wash Area in Govt High School Village-135,Construction of Separate Girls Toilet and Wash Area in Govt High School Village-135. Execution by authorized implementing agency following standard technical specifications.,Block-6,Village-135,25.277936,82.985104,True,710000.0,686945.36,592736.05,117263.95,2023-05-24,2023-06-07,2023-07-09,,In Progress,CONTRACTOR-DEMO-0074,Hindustan Urban Works Pvt Ltd,Minor Irrigation Division
MPLADS-DEMO-000802,DEMO-SYNTHETIC-v1,SYNTHETIC_DEMONSTRATION,MPLADS_STYLE_STRUCTURE,Karnataka,Bengaluru Rural,Bengaluru Rural,Representative Bengaluru Rural (Simulated),Education & Schools,Construction of Additional Classrooms at Govt Senior Secondary School Village-179,Construction of Additional Classrooms at Govt Senior Secondary School Village-179. Execution by authorized implementing agency following standard technical specifications.,Block-10,Village-179,13.091054,77.538443,True,1540000.0,1598044.53,1446621.97,93378.03,2024-03-31,2024-05-14,2024-06-27,2025-01-09,Completed,CONTRACTOR-DEMO-0195,National Infra Solutions,Minor Irrigation Division
MPLADS-DEMO-000803,DEMO-SYNTHETIC-v1,SYNTHETIC_DEMONSTRATION,MPLADS_STYLE_STRUCTURE,Telangana,Warangal,Warangal,Representative Warangal (Simulated),Renewable Energy,Installation of Solar LED High-Mast Lighting System at Market Yard Village-10,Installation of Solar LED High-Mast Lighting System at Market Yard Village-10. Execution by authorized implementing agency following standard technical specifications.,Block-1,Village-10,17.951939,79.60878,True,540000.0,548883.63,426971.93,113028.07,2024-03-25,2024-04-16,2024-05-06,2024-08-19,Completed,CONTRACTOR-DEMO-0018,Bharat Civil Projects,Panchayati Raj Engineering Division
MPLADS-DEMO-000804,DEMO-SYNTHETIC-v1,SYNTHETIC_DEMONSTRATION,MPLADS_STYLE_STRUCTURE,Tamil Nadu,Salem,Salem,Representative Salem (Simulated),Healthcare Infrastructure,Construction of Maternity & Child Healthcare Ward at Primary Health Sub-Center Village-81,Construction of Maternity & Child Healthcare Ward at Primary Health Sub-Center Village-81. Execution by authorized implementing agency following standard technical specifications.,Block-2,Village-81,11.611972,78.151731,True,2290000.0,2318415.28,2105916.83,184083.17,2023-07-04,2023-08-07,2023-09-01,2024-02-16,Completed,CONTRACTOR-DEMO-0136,Shree Ganesh Engineering Works,Public Works Department (PWD)
MPLADS-DEMO-000805,DEMO-SYNTHETIC-v1,SYNTHETIC_DEMONSTRATION,MPLADS_STYLE_STRUCTURE,Kerala,Wayanad,Wayanad,Representative Wayanad (Simulated),Education & Schools,Setup of Science Laboratory and Learning Resource Center in Village-171,Setup of Science Laboratory and Learning Resource Center in Village-171. Execution by authorized implementing agency following standard technical specifications.,Block-2,Village-171,11.707453,76.075444,True,1540000.0,1496573.72,1249442.44,290557.56,2023-04-13,2023-05-25,2023-06-11,,In Progress,CONTRACTOR-DEMO-0054,Krishna Construction Co,Minor Irrigation Division
MPLADS-DEMO-000806,DEMO-SYNTHETIC-v1,SYNTHETIC_DEMONSTRATION,MPLADS_STYLE_STRUCTURE,Karnataka,Mysuru,Mysuru,Representative Mysuru (Simulated),Education & Schools,Installation of Digital Smart Classroom and Computer Lab Infrastructure at Village-163,Installation of Digital Smart Classroom and Computer Lab Infrastructure at Village-163. Execution by authorized implementing agency following standard technical specifications.,Block-4,Village-163,12.327888,76.683322,True,700000.0,689425.21,615250.06,84749.94,2023-03-16,2023-04-20,2023-06-03,2023-09-08,Completed,CONTRACTOR-DEMO-0148,National Engineers & Builders,Panchayati Raj Engineering Division
MPLADS-DEMO-000807,DEMO-SYNTHETIC-v1,SYNTHETIC_DEMONSTRATION,MPLADS_STYLE_STRUCTURE,Gujarat,Surat,Surat,Representative Surat (Simulated),Community Infrastructure,Construction of Multipurpose Community Hall at Village Village-47,Construction of Multipurpose Community Hall at Village Village-47. Execution by authorized implementing agency following standard technical specifications.,Block-8,Village-47,21.200042,72.790236,True,1950000.0,1969753.49,1471518.16,478481.84,2023-04-11,2023-04-25,2023-05-23,2023-12-01,Completed,CONTRACTOR-DEMO-0024,Modern Contractors,Minor Irrigation Division
MPLADS-DEMO-000808,DEMO-SYNTHETIC-v1,SYNTHETIC_DEMONSTRATION,MPLADS_STYLE_STRUCTURE,Uttar Pradesh,Lucknow,Lucknow,Representative Lucknow (Simulated),Rural Connectivity & Roads,Interlocking Paver Block Road Installation along Main Street in Village-192,Interlocking Paver Block Road Installation along Main Street in Village-192. Execution by authorized implementing agency following standard technical specifications.,Block-3,Village-192,26.879958,80.898456,True,860000.0,851696.56,701783.74,158216.26,2023-06-06,2023-06-28,2023-08-02,2023-12-03,Completed,CONTRACTOR-DEMO-0073,Gitanjali Engineering Works,Rural Engineering Service (RES)
MPLADS-DEMO-000809,DEMO-SYNTHETIC-v1,SYNTHETIC_DEMONSTRATION,MPLADS_STYLE_STRUCTURE,Maharashtra,Nashik,Nashik,Representative Nashik (Simulated),Rural Connectivity & Roads,Upgradation of Rural Link Road connecting Hamlet to Main Highway at Village-179,Upgradation of Rural Link Road connecting Hamlet to Main Highway at Village-179. Execution by authorized implementing agency following standard technical specifications.,Block-10,Village-179,19.989648,73.736814,True,4010000.0,4035245.73,3329252.84,680747.16,2023-12-09,2024-01-20,2024-02-14,,In Progress,CONTRACTOR-DEMO-0153,Siddhartha Infrastructure Ltd,Panchayati Raj Engineering Division
MPLADS-DEMO-000810,DEMO-SYNTHETIC-v1,SYNTHETIC_DEMONSTRATION,MPLADS_STYLE_STRUCTURE,Maharashtra,Pune,Pune,Representative Pune (Simulated),Renewable Energy,Installation of 10kW Rooftop Solar Power System at Primary Health Center Village-54,Installation of 10kW Rooftop Solar Power System at Primary Health Center Village-54. Execution by authorized implementing agency following standard technical specifications.,Block-5,Village-54,18.584588,73.848101,True,1010000.0,1035121.39,942473.85,67526.15,2023-05-01,2023-06-05,2023-07-22,2023-12-12,Completed,CONTRACTOR-DEMO-0027,Modern Rural Developers,Municipal Corporation Public Works
MPLADS-DEMO-000811,DEMO-SYNTHETIC-v1,SYNTHETIC_DEMONSTRATION,MPLADS_STYLE_STRUCTURE,Telangana,Warangal,Warangal,Representative Warangal (Simulated),Drinking Water & Sanitation,Drilling of Deep Borewell and Solar-Powered Overhead Water Tank at Village-56,Drilling of Deep Borewell and Solar-Powered Overhead Water Tank at Village-56. Execution by authorized implementing agency following standard technical specifications.,Block-7,Village-56,17.964699,79.533188,True,570000.0,570776.56,510239.0,59761.0,2023-09-15,2023-10-07,2023-11-20,2024-05-08,Completed,CONTRACTOR-DEMO-0148,National Engineers & Builders,Panchayati Raj Engineering Division
MPLADS-DEMO-000812,DEMO-SYNTHETIC-v1,SYNTHETIC_DEMONSTRATION,MPLADS_STYLE_STRUCTURE,Kerala,Wayanad,Wayanad,Representative Wayanad (Simulated),Renewable Energy,Installation of Solar LED High-Mast Lighting System at Market Yard Village-83,Installation of Solar LED High-Mast Lighting System at Market Yard Village-83. Execution by authorized implementing agency following standard technical specifications.,Block-4,Village-83,11.711567,76.148831,True,450000.0,437715.02,386713.83,63286.17,2023-07-06,2023-07-26,2023-08-21,2024-01-21,Completed,CONTRACTOR-DEMO-0045,Shiv Shakti Rural Developers,Panchayati Raj Engineering Division
MPLADS-DEMO-000813,DEMO-SYNTHETIC-v1,SYNTHETIC_DEMONSTRATION,MPLADS_STYLE_STRUCTURE,Karnataka,Dharwad,Dharwad,Representative Dharwad (Simulated),Drinking Water & Sanitation,Installation of Community RO Water Purification Plant at Village-113,Installation of Community RO Water Purification Plant at Village-113. Execution by authorized implementing agency following standard technical specifications.,Block-4,Village-113,15.499099,75.002138,True,960000.0,974937.48,881394.83,78605.17,2023-09-14,2023-10-13,2023-11-13,2024-04-22,Completed,CONTRACTOR-DEMO-0127,Samriddhi Engineering Works,Minor Irrigation Division
MPLADS-DEMO-000814,DEMO-SYNTHETIC-v1,SYNTHETIC_DEMONSTRATION,MPLADS_STYLE_STRUCTURE,Madhya Pradesh,Indore,Indore,Representative Indore (Simulated),Rural Connectivity & Roads,Construction of Cement Concrete (CC) Road and Drain Channel at Village-60,Construction of Cement Concrete (CC) Road and Drain Channel at Village-60. Execution by authorized implementing agency following standard technical specifications.,Block-1,Village-60,22.753812,75.909813,True,2890000.0,2799336.15,2450591.89,439408.11,2023-06-01,2023-07-10,2023-07-26,,In Progress,CONTRACTOR-DEMO-0046,Classic Projects Ltd,District Rural Development Agency (DRDA)
MPLADS-DEMO-000815,DEMO-SYNTHETIC-v1,SYNTHETIC_DEMONSTRATION,MPLADS_STYLE_STRUCTURE,Odisha,Cuttack,Cuttack,Representative Cuttack (Simulated),Renewable Energy,Installation of 10kW Rooftop Solar Power System at Primary Health Center Village-135,Installation of 10kW Rooftop Solar Power System at Primary Health Center Village-135. Execution by authorized implementing agency following standard technical specifications.,Block-6,Village-135,20.4233,85.944416,True,1080000.0,1048857.05,974790.15,105209.85,2024-02-22,2024-03-10,2024-03-30,2024-07-19,Completed,CONTRACTOR-DEMO-0092,Apex Infra Solutions,Panchayati Raj Engineering Division
MPLADS-DEMO-000816,DEMO-SYNTHETIC-v1,SYNTHETIC_DEMONSTRATION,MPLADS_STYLE_STRUCTURE,Madhya Pradesh,Indore,Indore,Representative Indore (Simulated),Drinking Water & Sanitation,Laying of Underground Drinking Water Pipeline Distribution in Village-1,Laying of Underground Drinking Water Pipeline Distribution in Village-1. Execution by authorized implementing agency following standard technical specifications.,Block-2,Village-1,22.740219,75.818753,True,1020000.0,1003784.64,783856.04,236143.96,2023-05-15,2023-06-11,2023-07-23,,In Progress,CONTRACTOR-DEMO-0066,Aditya Projects Ltd,Rural Engineering Service (RES)
MPLADS-DEMO-000817,DEMO-SYNTHETIC-v1,SYNTHETIC_DEMONSTRATION,MPLADS_STYLE_STRUCTURE,Kerala,Wayanad,Wayanad,Representative Wayanad (Simulated),Renewable Energy,Supply and Erection of 30 Standalone Solar Street Lights in Village-2,Supply and Erection of 30 Standalone Solar Street Lights in Village-2. Execution by authorized implementing agency following standard technical specifications.,Block-3,Village-2,11.682455,76.111813,True,800000.0,803189.06,672504.7,127495.3,2023-05-03,2023-06-16,2023-07-25,2023-12-09,Completed,CONTRACTOR-DEMO-0199,Shanti Civil Projects,Public Works Department (PWD)
MPLADS-DEMO-000818,DEMO-SYNTHETIC-v1,SYNTHETIC_DEMONSTRATION,MPLADS_STYLE_STRUCTURE,Madhya Pradesh,Indore,Indore,Representative Indore (Simulated),Drinking Water & Sanitation,Drilling of Deep Borewell and Solar-Powered Overhead Water Tank at Village-196,Drilling of Deep Borewell and Solar-Powered Overhead Water Tank at Village-196. Execution by authorized implementing agency following standard technical specifications.,Block-7,Village-196,22.776184,75.844685,True,700000.0,722289.19,656986.36,43013.64,2024-01-23,2024-03-04,2024-04-13,2024-09-23,Completed,CONTRACTOR-DEMO-0129,Mahalaxmi Engineers & Builders,Minor Irrigation Division
MPLADS-DEMO-000819,DEMO-SYNTHETIC-v1,SYNTHETIC_DEMONSTRATION,MPLADS_STYLE_STRUCTURE,Kerala,Kozhikode,Kozhikode,Representative Kozhikode (Simulated),Renewable Energy,Installation of Solar LED High-Mast Lighting System at Market Yard Village-57,Installation of Solar LED High-Mast Lighting System at Market Yard Village-57. Execution by authorized implementing agency following standard technical specifications.,Block-8,Village-57,11.308926,75.738561,True,600000.0,593718.36,496899.43,103100.57,2024-03-11,2024-03-25,2024-05-04,2024-09-14,Completed,CONTRACTOR-DEMO-0039,Vanguard Engineers & Builders,Panchayati Raj Engineering Division
MPLADS-DEMO-000820,DEMO-SYNTHETIC-v1,SYNTHETIC_DEMONSTRATION,MPLADS_STYLE_STRUCTURE,Uttar Pradesh,Varanasi,Varanasi,Representative Varanasi (Simulated),Community Infrastructure,Development of Public Recreation Shed and Boundary Wall in Village-78,Development of Public Recreation Shed and Boundary Wall in Village-78. Execution by authorized implementing agency following standard technical specifications.,Block-9,Village-78,25.309202,82.953046,True,1730000.0,1685694.79,1357482.46,372517.54,2023-06-23,2023-07-31,2023-09-14,,In Progress,CONTRACTOR-DEMO-0111,Modern Construction Co,Rural Engineering Service (RES)
MPLADS-DEMO-000821,DEMO-SYNTHETIC-v1,SYNTHETIC_DEMONSTRATION,MPLADS_STYLE_STRUCTURE,Maharashtra,Nashik,Nashik,Representative Nashik (Simulated),Education & Schools,Construction of Additional Classrooms at Govt Senior Secondary School Village-120,Construction of Additional Classrooms at Govt Senior Secondary School Village-120. Execution by authorized implementing agency following standard technical specifications.,Block-1,Village-120,20.03731,73.769817,True,1650000.0,1670574.66,1390997.71,259002.29,2024-03-03,2024-03-17,2024-04-11,2024-11-01,Completed,CONTRACTOR-DEMO-0102,Samriddhi Civil Projects,Minor Irrigation Division
MPLADS-DEMO-000822,DEMO-SYNTHETIC-v1,SYNTHETIC_DEMONSTRATION,MPLADS_STYLE_STRUCTURE,Madhya Pradesh,Jabalpur,Jabalpur,Representative Jabalpur (Simulated),Community Infrastructure,Renovation and Expansion of Village Panchayat Bhavan in Village-168,Renovation and Expansion of Village Panchayat Bhavan in Village-168. Execution by authorized implementing agency following standard technical specifications.,Block-9,Village-168,23.24129,79.973621,True,1530000.0,1505881.63,1238518.6,291481.4,2023-12-05,2023-12-26,2024-02-07,2024-08-21,Completed,CONTRACTOR-DEMO-0186,Classic Enterprises,District Rural Development Agency (DRDA)
MPLADS-DEMO-000823,DEMO-SYNTHETIC-v1,SYNTHETIC_DEMONSTRATION,MPLADS_STYLE_STRUCTURE,Odisha,Khordha,Bhubaneswar,Representative Khordha (Simulated),Renewable Energy,Supply and Erection of 30 Standalone Solar Street Lights in Village-29,Supply and Erection of 30 Standalone Solar Street Lights in Village-29. Execution by authorized implementing agency following standard technical specifications.,Block-10,Village-29,20.218014,85.683695,True,840000.0,857445.84,798144.72,41855.28,2023-02-24,2023-03-19,2023-04-03,2023-08-22,Completed,CONTRACTOR-DEMO-0054,Krishna Construction Co,Municipal Corporation Public Works
MPLADS-DEMO-000824,DEMO-SYNTHETIC-v1,SYNTHETIC_DEMONSTRATION,MPLADS_STYLE_STRUCTURE,Telangana,Karimnagar,Karimnagar,Representative Karimnagar (Simulated),Renewable Energy,Installation of 10kW Rooftop Solar Power System at Primary Health Center Village-117,Installation of 10kW Rooftop Solar Power System at Primary Health Center Village-117. Execution by authorized implementing agency following standard technical specifications.,Block-8,Village-117,18.430135,79.124219,True,620000.0,601228.95,534820.01,85179.99,2023-07-21,2023-08-07,2023-09-14,,In Progress,CONTRACTOR-DEMO-0090,Om Civil Projects,Minor Irrigation Division
MPLADS-DEMO-000825,DEMO-SYNTHETIC-v1,SYNTHETIC_DEMONSTRATION,MPLADS_STYLE_STRUCTURE,Rajasthan,Jaipur,Jaipur,Representative Jaipur (Simulated),Irrigation & Water Conservation,Construction of Check Dam and Water Harvesting Percolation Tank at Village-139,Construction of Check Dam and Water Harvesting Percolation Tank at Village-139. Execution by authorized implementing agency following standard technical specifications.,Block-10,Village-139,26.882141,75.760421,True,1630000.0,1567084.48,1344204.74,285795.26,2023-12-06,2023-12-22,2024-01-13,2024-04-06,Completed,CONTRACTOR-DEMO-0140,Krishna Enterprises,Minor Irrigation Division
MPLADS-DEMO-000826,DEMO-SYNTHETIC-v1,SYNTHETIC_DEMONSTRATION,MPLADS_STYLE_STRUCTURE,Madhya Pradesh,Indore,Indore,Representative Indore (Simulated),Drinking Water & Sanitation,Construction of Public Sanitation Facility and Bathing Block in Village-22,Construction of Public Sanitation Facility and Bathing Block in Village-22. Execution by authorized implementing agency following standard technical specifications.,Block-3,Village-22,22.724148,75.809087,True,790000.0,798400.55,670830.97,119169.03,2023-06-04,2023-07-10,2023-08-23,2024-01-07,Completed,CONTRACTOR-DEMO-0191,Surya Shakti Civil Projects,Municipal Corporation Public Works
MPLADS-DEMO-000827,DEMO-SYNTHETIC-v1,SYNTHETIC_DEMONSTRATION,MPLADS_STYLE_STRUCTURE,Tamil Nadu,Coimbatore,Coimbatore,Representative Coimbatore (Simulated),Education & Schools,Construction of Additional Classrooms at Govt Senior Secondary School Village-20,Construction of Additional Classrooms at Govt Senior Secondary School Village-20. Execution by authorized implementing agency following standard technical specifications.,Block-1,Village-20,10.994257,76.895777,True,1650000.0,1634412.52,1609511.13,40488.87,2023-02-24,2023-03-31,2023-05-04,2023-07-23,Completed,CONTRACTOR-DEMO-0051,Maruti Engineering Works,Minor Irrigation Division
MPLADS-DEMO-000828,DEMO-SYNTHETIC-v1,SYNTHETIC_DEMONSTRATION,MPLADS_STYLE_STRUCTURE,Uttar Pradesh,Gorakhpur,Gorakhpur,Representative Gorakhpur (Simulated),Healthcare Infrastructure,Development of Emergency Cold Storage and Pharmacy Room at Hospital Village-191,Development of Emergency Cold Storage and Pharmacy Room at Hospital Village-191. Execution by authorized implementing agency following standard technical specifications.,Block-2,Village-191,26.81038,83.416991,True,1750000.0,1815122.41,1631942.03,118057.97,2023-11-03,2023-12-03,2024-01-06,2024-08-06,Completed,CONTRACTOR-DEMO-0066,Aditya Projects Ltd,Minor Irrigation Division
MPLADS-DEMO-000829,DEMO-SYNTHETIC-v1,SYNTHETIC_DEMONSTRATION,MPLADS_STYLE_STRUCTURE,Telangana,Nizamabad,Nizamabad,Representative Nizamabad (Simulated),Community Infrastructure,Construction of Open Air Gymnasium and Seating Area at Village-147,Construction of Open Air Gymnasium and Seating Area at Village-147. Execution by authorized implementing agency following standard technical specifications.,Block-8,Village-147,18.668979,78.127993,True,1150000.0,1129280.38,1044704.34,105295.66,2023-04-20,2023-05-21,2023-07-07,2023-12-31,Completed,CONTRACTOR-DEMO-0050,Sai Engineering Works,Minor Irrigation Division
MPLADS-DEMO-000830,DEMO-SYNTHETIC-v1,SYNTHETIC_DEMONSTRATION,MPLADS_STYLE_STRUCTURE,Rajasthan,Jaipur,Jaipur,Representative Jaipur (Simulated),Rural Connectivity & Roads,Construction of Cement Concrete (CC) Road and Drain Channel at Village-105,Construction of Cement Concrete (CC) Road and Drain Channel at Village-105. Execution by authorized implementing agency following standard technical specifications.,Block-6,Village-105,26.874328,75.823967,True,3280000.0,3182850.85,2661464.99,618535.01,2023-11-17,2023-12-21,2024-01-11,,In Progress,CONTRACTOR-DEMO-0008,Apex Projects Ltd,Minor Irrigation Division
MPLADS-DEMO-000831,DEMO-SYNTHETIC-v1,SYNTHETIC_DEMONSTRATION,MPLADS_STYLE_STRUCTURE,Rajasthan,Jodhpur,Jodhpur,Representative Jodhpur (Simulated),Drinking Water & Sanitation,Installation of Community RO Water Purification Plant at Village-157,Installation of Community RO Water Purification Plant at Village-157. Execution by authorized implementing agency following standard technical specifications.,Block-8,Village-157,26.211318,73.051864,True,890000.0,896259.49,797437.96,92562.04,2023-07-02,2023-08-09,2023-09-23,2023-12-10,Completed,CONTRACTOR-DEMO-0091,Reliable Construction Co,District Rural Development Agency (DRDA)
MPLADS-DEMO-000832,DEMO-SYNTHETIC-v1,SYNTHETIC_DEMONSTRATION,MPLADS_STYLE_STRUCTURE,Rajasthan,Jodhpur,Jodhpur,Representative Jodhpur (Simulated),Rural Connectivity & Roads,Construction of Culvert and Cross-Drainage Structure on Link Road Village-39,Construction of Culvert and Cross-Drainage Structure on Link Road Village-39. Execution by authorized implementing agency following standard technical specifications.,Block-10,Village-39,26.233953,73.055834,True,1730000.0,1734462.07,1365148.34,364851.66,2023-08-02,2023-09-01,2023-10-11,,In Progress,CONTRACTOR-DEMO-0150,Reliable Engineering Works,Public Works Department (PWD)
MPLADS-DEMO-000833,DEMO-SYNTHETIC-v1,SYNTHETIC_DEMONSTRATION,MPLADS_STYLE_STRUCTURE,Tamil Nadu,Salem,Salem,Representative Salem (Simulated),Education & Schools,Construction of Separate Girls Toilet and Wash Area in Govt High School Village-22,Construction of Separate Girls Toilet and Wash Area in Govt High School Village-22. Execution by authorized implementing agency following standard technical specifications.,Block-3,Village-22,11.626282,78.209033,True,730000.0,718555.51,673568.98,56431.02,2023-09-03,2023-10-16,2023-11-01,,In Progress,CONTRACTOR-DEMO-0153,Siddhartha Infrastructure Ltd,Rural Engineering Service (RES)
MPLADS-DEMO-000834,DEMO-SYNTHETIC-v1,SYNTHETIC_DEMONSTRATION,MPLADS_STYLE_STRUCTURE,Tamil Nadu,Madurai,Madurai,Representative Madurai (Simulated),Rural Connectivity & Roads,Construction of Culvert and Cross-Drainage Structure on Link Road Village-107,Construction of Culvert and Cross-Drainage Structure on Link Road Village-107. Execution by authorized implementing agency following standard technical specifications.,Block-8,Village-107,9.989657,78.057843,True,1920000.0,1928669.11,1656718.24,263281.76,2023-05-15,2023-06-22,2023-08-10,,In Progress,CONTRACTOR-DEMO-0159,Samriddhi Engineers & Builders,Public Works Department (PWD)
MPLADS-DEMO-000835,DEMO-SYNTHETIC-v1,SYNTHETIC_DEMONSTRATION,MPLADS_STYLE_STRUCTURE,Maharashtra,Nagpur,Nagpur,Representative Nagpur (Simulated),Education & Schools,Installation of Digital Smart Classroom and Computer Lab Infrastructure at Village-55,Installation of Digital Smart Classroom and Computer Lab Infrastructure at Village-55. Execution by authorized implementing agency following standard technical specifications.,Block-6,Village-55,21.209777,79.097397,True,920000.0,946856.15,852270.67,67729.33,2024-01-26,2024-03-05,2024-04-24,2024-09-01,Completed,CONTRACTOR-DEMO-0111,Modern Construction Co,Municipal Corporation Public Works
MPLADS-DEMO-000836,DEMO-SYNTHETIC-v1,SYNTHETIC_DEMONSTRATION,MPLADS_STYLE_STRUCTURE,Uttar Pradesh,Gorakhpur,Gorakhpur,Representative Gorakhpur (Simulated),Rural Connectivity & Roads,Upgradation of Rural Link Road connecting Hamlet to Main Highway at Village-162,Upgradation of Rural Link Road connecting Hamlet to Main Highway at Village-162. Execution by authorized implementing agency following standard technical specifications.,Block-3,Village-162,26.709333,83.423219,True,3820000.0,3820704.31,3332861.88,487138.12,2023-05-10,2023-06-18,2023-08-03,2023-12-29,Completed,CONTRACTOR-DEMO-0119,Shiv Shakti Infrastructure Ltd,Rural Engineering Service (RES)
MPLADS-DEMO-000837,DEMO-SYNTHETIC-v1,SYNTHETIC_DEMONSTRATION,MPLADS_STYLE_STRUCTURE,Odisha,Ganjam,Aska,Representative Ganjam (Simulated),Irrigation & Water Conservation,Construction of Check Dam and Water Harvesting Percolation Tank at Village-103,Construction of Check Dam and Water Harvesting Percolation Tank at Village-103. Execution by authorized implementing agency following standard technical specifications.,Block-4,Village-103,19.352493,84.994247,True,1520000.0,1551972.88,1369404.24,150595.76,2023-12-30,2024-01-19,2024-02-27,2024-08-27,Completed,CONTRACTOR-DEMO-0111,Modern Construction Co,Panchayati Raj Engineering Division
MPLADS-DEMO-000838,DEMO-SYNTHETIC-v1,SYNTHETIC_DEMONSTRATION,MPLADS_STYLE_STRUCTURE,Uttar Pradesh,Varanasi,Varanasi,Representative Varanasi (Simulated),Healthcare Infrastructure,Construction of Maternity & Child Healthcare Ward at Primary Health Sub-Center Village-159,Construction of Maternity & Child Healthcare Ward at Primary Health Sub-Center Village-159. Execution by authorized implementing agency following standard technical specifications.,Block-10,Village-159,25.281745,82.988162,True,3080000.0,3202931.4,2734734.09,345265.91,2024-01-24,2024-03-04,2024-03-20,2024-08-05,Completed,CONTRACTOR-DEMO-0046,Classic Projects Ltd,Municipal Corporation Public Works
MPLADS-DEMO-000839,DEMO-SYNTHETIC-v1,SYNTHETIC_DEMONSTRATION,MPLADS_STYLE_STRUCTURE,Tamil Nadu,Salem,Salem,Representative Salem (Simulated),Education & Schools,Construction of Additional Classrooms at Govt Senior Secondary School Village-95,Construction of Additional Classrooms at Govt Senior Secondary School Village-95. Execution by authorized implementing agency following standard technical specifications.,Block-6,Village-95,11.602254,78.159175,True,2390000.0,2399953.37,2267132.02,122867.98,2024-03-25,2024-04-18,2024-06-01,2024-10-15,Completed,CONTRACTOR-DEMO-0048,Shanti Rural Developers,Panchayati Raj Engineering Division
MPLADS-DEMO-000840,DEMO-SYNTHETIC-v1,SYNTHETIC_DEMONSTRATION,MPLADS_STYLE_STRUCTURE,Odisha,Ganjam,Aska,Representative Ganjam (Simulated),Healthcare Infrastructure,Construction of Maternity & Child Healthcare Ward at Primary Health Sub-Center Village-83,Construction of Maternity & Child Healthcare Ward at Primary Health Sub-Center Village-83. Execution by authorized implementing agency following standard technical specifications.,Block-4,Village-83,19.332245,84.933426,True,1870000.0,1826168.29,1600853.34,269146.66,2023-05-20,2023-07-01,2023-07-31,2024-02-09,Completed,CONTRACTOR-DEMO-0132,Riddhi Infrastructure Ltd,Minor Irrigation Division
MPLADS-DEMO-000841,DEMO-SYNTHETIC-v1,SYNTHETIC_DEMONSTRATION,MPLADS_STYLE_STRUCTURE,Maharashtra,Nagpur,Nagpur,Representative Nagpur (Simulated),Irrigation & Water Conservation,Construction of Reinforced Concrete Irrigation Sluice Gate and Channel in Village-85,Construction of Reinforced Concrete Irrigation Sluice Gate and Channel in Village-85. Execution by authorized implementing agency following standard technical specifications.,Block-6,Village-85,21.194171,79.141354,True,1210000.0,1206342.14,1175356.52,34643.48,2023-01-18,2023-02-03,2023-03-16,2023-09-27,Completed,CONTRACTOR-DEMO-0102,Samriddhi Civil Projects,Public Works Department (PWD)
MPLADS-DEMO-000842,DEMO-SYNTHETIC-v1,SYNTHETIC_DEMONSTRATION,MPLADS_STYLE_STRUCTURE,Telangana,Nizamabad,Nizamabad,Representative Nizamabad (Simulated),Education & Schools,Construction of Separate Girls Toilet and Wash Area in Govt High School Village-184,Construction of Separate Girls Toilet and Wash Area in Govt High School Village-184. Execution by authorized implementing agency following standard technical specifications.,Block-5,Village-184,18.677354,78.122153,True,880000.0,890355.09,768116.17,111883.83,2023-01-27,2023-03-10,2023-04-24,2023-07-23,Completed,CONTRACTOR-DEMO-0078,Maruti Civil Projects,Panchayati Raj Engineering Division
MPLADS-DEMO-000843,DEMO-SYNTHETIC-v1,SYNTHETIC_DEMONSTRATION,MPLADS_STYLE_STRUCTURE,Telangana,Karimnagar,Karimnagar,Representative Karimnagar (Simulated),Irrigation & Water Conservation,Construction of Reinforced Concrete Irrigation Sluice Gate and Channel in Village-197,Construction of Reinforced Concrete Irrigation Sluice Gate and Channel in Village-197. Execution by authorized implementing agency following standard technical specifications.,Block-8,Village-197,18.378788,79.115726,True,1550000.0,1566029.26,1319376.33,230623.67,2024-02-22,2024-03-14,2024-04-04,,In Progress,CONTRACTOR-DEMO-0071,Kisan Infra Solutions,Municipal Corporation Public Works
MPLADS-DEMO-000844,DEMO-SYNTHETIC-v1,SYNTHETIC_DEMONSTRATION,MPLADS_STYLE_STRUCTURE,Telangana,Warangal,Warangal,Representative Warangal (Simulated),Irrigation & Water Conservation,Construction of Check Dam and Water Harvesting Percolation Tank at Village-185,Construction of Check Dam and Water Harvesting Percolation Tank at Village-185. Execution by authorized implementing agency following standard technical specifications.,Block-6,Village-185,17.925864,79.582776,True,1530000.0,1486174.69,1233035.87,296964.13,2023-09-19,2023-10-16,2023-11-16,,In Progress,CONTRACTOR-DEMO-0168,Navnirman Infra Solutions,Minor Irrigation Division
MPLADS-DEMO-000845,DEMO-SYNTHETIC-v1,SYNTHETIC_DEMONSTRATION,MPLADS_STYLE_STRUCTURE,Gujarat,Surat,Surat,Representative Surat (Simulated),Education & Schools,Setup of Science Laboratory and Learning Resource Center in Village-193,Setup of Science Laboratory and Learning Resource Center in Village-193. Execution by authorized implementing agency following standard technical specifications.,Block-4,Village-193,21.137015,72.7999,True,1270000.0,1289222.12,1049086.14,220913.86,2023-09-02,2023-10-02,2023-11-03,2024-02-21,Completed,CONTRACTOR-DEMO-0041,Om Engineers & Builders,Municipal Corporation Public Works
MPLADS-DEMO-000846,DEMO-SYNTHETIC-v1,SYNTHETIC_DEMONSTRATION,MPLADS_STYLE_STRUCTURE,Rajasthan,Jaipur,Jaipur,Representative Jaipur (Simulated),Community Infrastructure,Development of Public Recreation Shed and Boundary Wall in Village-95,Development of Public Recreation Shed and Boundary Wall in Village-95. Execution by authorized implementing agency following standard technical specifications.,Block-6,Village-95,26.92066,75.815094,True,1290000.0,1335902.53,1014468.34,275531.66,2023-12-05,2024-01-07,2024-02-21,2024-07-20,Completed,CONTRACTOR-DEMO-0043,Panchsheel Engineers & Builders,Minor Irrigation Division
MPLADS-DEMO-000847,DEMO-SYNTHETIC-v1,SYNTHETIC_DEMONSTRATION,MPLADS_STYLE_STRUCTURE,Telangana,Nizamabad,Nizamabad,Representative Nizamabad (Simulated),Healthcare Infrastructure,Construction of Maternity & Child Healthcare Ward at Primary Health Sub-Center Village-38,Construction of Maternity & Child Healthcare Ward at Primary Health Sub-Center Village-38. Execution by authorized implementing agency following standard technical specifications.,Block-9,Village-38,18.686468,78.140789,True,2450000.0,2476805.42,1853280.65,596719.35,2023-05-03,2023-06-05,2023-06-29,2023-11-17,Completed,CONTRACTOR-DEMO-0097,Surya Shakti Buildcon Pvt Ltd,Minor Irrigation Division
MPLADS-DEMO-000848,DEMO-SYNTHETIC-v1,SYNTHETIC_DEMONSTRATION,MPLADS_STYLE_STRUCTURE,Karnataka,Mysuru,Mysuru,Representative Mysuru (Simulated),Healthcare Infrastructure,Development of Emergency Cold Storage and Pharmacy Room at Hospital Village-104,Development of Emergency Cold Storage and Pharmacy Room at Hospital Village-104. Execution by authorized implementing agency following standard technical specifications.,Block-5,Village-104,12.292807,76.691401,True,1640000.0,1658873.32,1451467.48,188532.52,2023-09-28,2023-11-01,2023-12-19,2024-07-05,Completed,CONTRACTOR-DEMO-0169,Swastik Civil Projects,Rural Engineering Service (RES)
MPLADS-DEMO-000849,DEMO-SYNTHETIC-v1,SYNTHETIC_DEMONSTRATION,MPLADS_STYLE_STRUCTURE,Odisha,Khordha,Bhubaneswar,Representative Khordha (Simulated),Renewable Energy,Supply and Erection of 30 Standalone Solar Street Lights in Village-45,Supply and Erection of 30 Standalone Solar Street Lights in Village-45. Execution by authorized implementing agency following standard technical specifications.,Block-6,Village-45,20.17882,85.605583,True,920000.0,952895.39,762444.86,157555.14,2023-06-22,2023-07-19,2023-08-17,,In Progress,CONTRACTOR-DEMO-0159,Samriddhi Engineers & Builders,Minor Irrigation Division
MPLADS-DEMO-000850,DEMO-SYNTHETIC-v1,SYNTHETIC_DEMONSTRATION,MPLADS_STYLE_STRUCTURE,Telangana,Nizamabad,Nizamabad,Representative Nizamabad (Simulated),Community Infrastructure,Development of Public Recreation Shed and Boundary Wall in Village-92,Development of Public Recreation Shed and Boundary Wall in Village-92. Execution by authorized implementing agency following standard technical specifications.,Block-3,Village-92,18.672343,78.103123,True,1710000.0,1765582.12,1612863.01,97136.99,2024-03-23,2024-04-20,2024-05-17,2024-08-08,Completed,CONTRACTOR-DEMO-0106,Modern Engineering Works,Minor Irrigation Division
MPLADS-DEMO-000851,DEMO-SYNTHETIC-v1,SYNTHETIC_DEMONSTRATION,MPLADS_STYLE_STRUCTURE,Maharashtra,Nagpur,Nagpur,Representative Nagpur (Simulated),Rural Connectivity & Roads,Construction of Cement Concrete (CC) Road and Drain Channel at Village-70,Construction of Cement Concrete (CC) Road and Drain Channel at Village-70. Execution by authorized implementing agency following standard technical specifications.,Block-1,Village-70,21.152727,79.092718,True,3490000.0,3500533.96,2681272.34,808727.66,2024-02-27,2024-03-15,2024-04-27,2024-09-12,Completed,CONTRACTOR-DEMO-0066,Aditya Projects Ltd,District Rural Development Agency (DRDA)
MPLADS-DEMO-000852,DEMO-SYNTHETIC-v1,SYNTHETIC_DEMONSTRATION,MPLADS_STYLE_STRUCTURE,Telangana,Nizamabad,Nizamabad,Representative Nizamabad (Simulated),Healthcare Infrastructure,Construction of Maternity & Child Healthcare Ward at Primary Health Sub-Center Village-177,Construction of Maternity & Child Healthcare Ward at Primary Health Sub-Center Village-177. Execution by authorized implementing agency following standard technical specifications.,Block-8,Village-177,18.729223,78.140578,True,2380000.0,2416106.97,2034650.56,345349.44,2023-02-04,2023-03-07,2023-04-26,,In Progress,CONTRACTOR-DEMO-0194,United Urban Works Pvt Ltd,Rural Engineering Service (RES)
MPLADS-DEMO-000853,DEMO-SYNTHETIC-v1,SYNTHETIC_DEMONSTRATION,MPLADS_STYLE_STRUCTURE,Kerala,Kozhikode,Kozhikode,Representative Kozhikode (Simulated),Irrigation & Water Conservation,Construction of Check Dam and Water Harvesting Percolation Tank at Village-34,Construction of Check Dam and Water Harvesting Percolation Tank at Village-34. Execution by authorized implementing agency following standard technical specifications.,Block-5,Village-34,11.261733,75.723312,True,1390000.0,1361526.19,1286009.25,103990.75,2023-09-16,2023-10-29,2023-11-19,2024-02-15,Completed,CONTRACTOR-DEMO-0085,Kisan Rural Developers,Minor Irrigation Division
MPLADS-DEMO-000854,DEMO-SYNTHETIC-v1,SYNTHETIC_DEMONSTRATION,MPLADS_STYLE_STRUCTURE,Gujarat,Surat,Surat,Representative Surat (Simulated),Drinking Water & Sanitation,Laying of Underground Drinking Water Pipeline Distribution in Village-30,Laying of Underground Drinking Water Pipeline Distribution in Village-30. Execution by authorized implementing agency following standard technical specifications.,Block-1,Village-30,21.162647,72.827985,True,920000.0,923118.35,735492.72,184507.28,2023-09-21,2023-10-24,2023-11-08,2024-02-19,Completed,CONTRACTOR-DEMO-0188,Universal Contractors,Panchayati Raj Engineering Division
MPLADS-DEMO-000855,DEMO-SYNTHETIC-v1,SYNTHETIC_DEMONSTRATION,MPLADS_STYLE_STRUCTURE,Telangana,Warangal,Warangal,Representative Warangal (Simulated),Healthcare Infrastructure,Construction of Maternity & Child Healthcare Ward at Primary Health Sub-Center Village-151,Construction of Maternity & Child Healthcare Ward at Primary Health Sub-Center Village-151. Execution by authorized implementing agency following standard technical specifications.,Block-2,Village-151,18.00865,79.608974,True,2960000.0,3076561.88,2391389.89,568610.11,2023-08-11,2023-09-11,2023-10-27,2024-04-03,Completed,CONTRACTOR-DEMO-0133,Mahalaxmi Contractors,Panchayati Raj Engineering Division
MPLADS-DEMO-000856,DEMO-SYNTHETIC-v1,SYNTHETIC_DEMONSTRATION,MPLADS_STYLE_STRUCTURE,Karnataka,Mysuru,Mysuru,Representative Mysuru (Simulated),Rural Connectivity & Roads,Upgradation of Rural Link Road connecting Hamlet to Main Highway at Village-68,Upgradation of Rural Link Road connecting Hamlet to Main Highway at Village-68. Execution by authorized implementing agency following standard technical specifications.,Block-9,Village-68,12.343544,76.606773,True,3600000.0,3651218.66,3116535.57,483464.43,2023-12-01,2024-01-12,2024-02-03,2024-06-03,Completed,CONTRACTOR-DEMO-0128,Classic Infrastructure Ltd,Public Works Department (PWD)
MPLADS-DEMO-000857,DEMO-SYNTHETIC-v1,SYNTHETIC_DEMONSTRATION,MPLADS_STYLE_STRUCTURE,Rajasthan,Jodhpur,Jodhpur,Representative Jodhpur (Simulated),Renewable Energy,Supply and Erection of 30 Standalone Solar Street Lights in Village-127,Supply and Erection of 30 Standalone Solar Street Lights in Village-127. Execution by authorized implementing agency following standard technical specifications.,Block-8,Village-127,26.195107,72.967823,True,770000.0,780655.33,594247.99,175752.01,2024-03-31,2024-05-12,2024-06-17,2025-01-15,Completed,CONTRACTOR-DEMO-0050,Sai Engineering Works,Rural Engineering Service (RES)
MPLADS-DEMO-000858,DEMO-SYNTHETIC-v1,SYNTHETIC_DEMONSTRATION,MPLADS_STYLE_STRUCTURE,Telangana,Warangal,Warangal,Representative Warangal (Simulated),Community Infrastructure,Development of Public Recreation Shed and Boundary Wall in Village-55,Development of Public Recreation Shed and Boundary Wall in Village-55. Execution by authorized implementing agency following standard technical specifications.,Block-6,Village-55,17.943836,79.5688,True,1570000.0,1566467.58,1424761.9,145238.1,2024-05-03,2024-05-30,2024-06-23,2024-10-25,Completed,CONTRACTOR-DEMO-0200,Gitanjali Construction Co,Panchayati Raj Engineering Division
MPLADS-DEMO-000859,DEMO-SYNTHETIC-v1,SYNTHETIC_DEMONSTRATION,MPLADS_STYLE_STRUCTURE,Telangana,Nizamabad,Nizamabad,Representative Nizamabad (Simulated),Drinking Water & Sanitation,Construction of Public Sanitation Facility and Bathing Block in Village-157,Construction of Public Sanitation Facility and Bathing Block in Village-157. Execution by authorized implementing agency following standard technical specifications.,Block-8,Village-157,18.693637,78.071439,True,1030000.0,1069647.12,927311.93,102688.07,2024-02-22,2024-04-02,2024-05-04,,In Progress,CONTRACTOR-DEMO-0071,Kisan Infra Solutions,Panchayati Raj Engineering Division
MPLADS-DEMO-000860,DEMO-SYNTHETIC-v1,SYNTHETIC_DEMONSTRATION,MPLADS_STYLE_STRUCTURE,Odisha,Ganjam,Aska,Representative Ganjam (Simulated),Irrigation & Water Conservation,Desilting and Deepening of Traditional Village Water Reservoir in Village-95,Desilting and Deepening of Traditional Village Water Reservoir in Village-95. Execution by authorized implementing agency following standard technical specifications.,Block-6,Village-95,19.333848,84.968384,True,1250000.0,1282923.13,1028162.16,221837.84,2023-06-21,2023-08-01,2023-09-10,2023-11-25,Completed,CONTRACTOR-DEMO-0199,Shanti Civil Projects,Panchayati Raj Engineering Division
MPLADS-DEMO-000861,DEMO-SYNTHETIC-v1,SYNTHETIC_DEMONSTRATION,MPLADS_STYLE_STRUCTURE,Gujarat,Ahmedabad,Ahmedabad West,Representative Ahmedabad (Simulated),Education & Schools,Construction of Separate Girls Toilet and Wash Area in Govt High School Village-166,Construction of Separate Girls Toilet and Wash Area in Govt High School Village-166. Execution by authorized implementing agency following standard technical specifications.,Block-7,Village-166,23.062198,72.633148,True,670000.0,644244.11,611038.63,58961.37,2023-05-01,2023-05-31,2023-07-03,2023-09-22,Completed,CONTRACTOR-DEMO-0086,Swastik Buildcon Pvt Ltd,Panchayati Raj Engineering Division
MPLADS-DEMO-000862,DEMO-SYNTHETIC-v1,SYNTHETIC_DEMONSTRATION,MPLADS_STYLE_STRUCTURE,Telangana,Nizamabad,Nizamabad,Representative Nizamabad (Simulated),Education & Schools,Construction of Separate Girls Toilet and Wash Area in Govt High School Village-143,Construction of Separate Girls Toilet and Wash Area in Govt High School Village-143. Execution by authorized implementing agency following standard technical specifications.,Block-4,Village-143,18.680296,78.055029,True,630000.0,635924.81,536270.95,93729.05,2023-06-04,2023-06-24,2023-07-13,,In Progress,CONTRACTOR-DEMO-0087,Swastik Infrastructure Ltd,Minor Irrigation Division
MPLADS-DEMO-000863,DEMO-SYNTHETIC-v1,SYNTHETIC_DEMONSTRATION,MPLADS_STYLE_STRUCTURE,Karnataka,Bengaluru Rural,Bengaluru Rural,Representative Bengaluru Rural (Simulated),Healthcare Infrastructure,Development of Emergency Cold Storage and Pharmacy Room at Hospital Village-121,Development of Emergency Cold Storage and Pharmacy Room at Hospital Village-121. Execution by authorized implementing agency following standard technical specifications.,Block-2,Village-121,13.123266,77.625872,True,2190000.0,2217930.07,1988945.35,201054.65,2024-04-24,2024-06-08,2024-07-08,,In Progress,CONTRACTOR-DEMO-0159,Samriddhi Engineers & Builders,Municipal Corporation Public Works
MPLADS-DEMO-000864,DEMO-SYNTHETIC-v1,SYNTHETIC_DEMONSTRATION,MPLADS_STYLE_STRUCTURE,Madhya Pradesh,Indore,Indore,Representative Indore (Simulated),Community Infrastructure,Construction of Multipurpose Community Hall at Village Village-15,Construction of Multipurpose Community Hall at Village Village-15. Execution by authorized implementing agency following standard technical specifications.,Block-6,Village-15,22.737752,75.828586,True,1670000.0,1661733.42,1361674.79,308325.21,2023-09-13,2023-10-05,2023-10-24,2024-04-21,Completed,CONTRACTOR-DEMO-0042,Balaji Construction Co,Rural Engineering Service (RES)
MPLADS-DEMO-000865,DEMO-SYNTHETIC-v1,SYNTHETIC_DEMONSTRATION,MPLADS_STYLE_STRUCTURE,Tamil Nadu,Coimbatore,Coimbatore,Representative Coimbatore (Simulated),Rural Connectivity & Roads,Interlocking Paver Block Road Installation along Main Street in Village-144,Interlocking Paver Block Road Installation along Main Street in Village-144. Execution by authorized implementing agency following standard technical specifications.,Block-5,Village-144,10.963241,76.922679,True,1530000.0,1535702.02,1379997.09,150002.91,2023-10-27,2023-11-28,2023-12-14,,In Progress,CONTRACTOR-DEMO-0021,Apex Contractors,Minor Irrigation Division
MPLADS-DEMO-000866,DEMO-SYNTHETIC-v1,SYNTHETIC_DEMONSTRATION,MPLADS_STYLE_STRUCTURE,Kerala,Ernakulam,Ernakulam,Representative Ernakulam (Simulated),Healthcare Infrastructure,Supply of Diagnostic Medical Equipment and Patient Beds to Rural Clinic in Village-93,Supply of Diagnostic Medical Equipment and Patient Beds to Rural Clinic in Village-93. Execution by authorized implementing agency following standard technical specifications.,Block-4,Village-93,10.034263,76.292859,True,1270000.0,1237908.63,1089298.14,180701.86,2023-09-07,2023-10-14,2023-11-19,,In Progress,CONTRACTOR-DEMO-0184,Shanti Projects Ltd,District Rural Development Agency (DRDA)
MPLADS-DEMO-000867,DEMO-SYNTHETIC-v1,SYNTHETIC_DEMONSTRATION,MPLADS_STYLE_STRUCTURE,Uttar Pradesh,Gorakhpur,Gorakhpur,Representative Gorakhpur (Simulated),Renewable Energy,Installation of 10kW Rooftop Solar Power System at Primary Health Center Village-6,Installation of 10kW Rooftop Solar Power System at Primary Health Center Village-6. Execution by authorized implementing agency following standard technical specifications.,Block-7,Village-6,26.713835,83.391691,True,870000.0,862783.04,749820.14,120179.86,2023-02-08,2023-02-25,2023-04-13,2023-11-18,Completed,CONTRACTOR-DEMO-0115,Reliable Urban Works Pvt Ltd,Public Works Department (PWD)
MPLADS-DEMO-000868,DEMO-SYNTHETIC-v1,SYNTHETIC_DEMONSTRATION,MPLADS_STYLE_STRUCTURE,Karnataka,Mysuru,Mysuru,Representative Mysuru (Simulated),Irrigation & Water Conservation,Desilting and Deepening of Traditional Village Water Reservoir in Village-138,Desilting and Deepening of Traditional Village Water Reservoir in Village-138. Execution by authorized implementing agency following standard technical specifications.,Block-9,Village-138,12.294761,76.649126,True,1610000.0,1554243.7,1235477.12,374522.88,2023-03-03,2023-03-24,2023-05-12,,In Progress,CONTRACTOR-DEMO-0135,Pragati Rural Developers,Public Works Department (PWD)
MPLADS-DEMO-000869,DEMO-SYNTHETIC-v1,SYNTHETIC_DEMONSTRATION,MPLADS_STYLE_STRUCTURE,Tamil Nadu,Coimbatore,Coimbatore,Representative Coimbatore (Simulated),Education & Schools,Installation of Digital Smart Classroom and Computer Lab Infrastructure at Village-193,Installation of Digital Smart Classroom and Computer Lab Infrastructure at Village-193. Execution by authorized implementing agency following standard technical specifications.,Block-4,Village-193,10.961301,76.979714,True,1050000.0,1047120.07,1002279.42,47720.58,2024-01-28,2024-02-20,2024-03-27,,In Progress,CONTRACTOR-DEMO-0169,Swastik Civil Projects,Municipal Corporation Public Works
MPLADS-DEMO-000870,DEMO-SYNTHETIC-v1,SYNTHETIC_DEMONSTRATION,MPLADS_STYLE_STRUCTURE,Rajasthan,Jodhpur,Jodhpur,Representative Jodhpur (Simulated),Education & Schools,Setup of Science Laboratory and Learning Resource Center in Village-6,Setup of Science Laboratory and Learning Resource Center in Village-6. Execution by authorized implementing agency following standard technical specifications.,Block-7,Village-6,26.226091,72.997496,True,1690000.0,1734375.7,1274835.41,415164.59,2023-05-10,2023-06-13,2023-07-25,,In Progress,CONTRACTOR-DEMO-0061,Gitanjali Engineers & Builders,Municipal Corporation Public Works
MPLADS-DEMO-000871,DEMO-SYNTHETIC-v1,SYNTHETIC_DEMONSTRATION,MPLADS_STYLE_STRUCTURE,Kerala,Wayanad,Wayanad,Representative Wayanad (Simulated),Irrigation & Water Conservation,Desilting and Deepening of Traditional Village Water Reservoir in Village-137,Desilting and Deepening of Traditional Village Water Reservoir in Village-137. Execution by authorized implementing agency following standard technical specifications.,Block-8,Village-137,11.679908,76.153502,True,1530000.0,1582063.64,1461832.4,68167.6,2024-01-16,2024-02-08,2024-03-06,2024-07-11,Completed,CONTRACTOR-DEMO-0082,Siddhartha Construction Co,Rural Engineering Service (RES)
MPLADS-DEMO-000872,DEMO-SYNTHETIC-v1,SYNTHETIC_DEMONSTRATION,MPLADS_STYLE_STRUCTURE,Maharashtra,Nagpur,Nagpur,Representative Nagpur (Simulated),Community Infrastructure,Construction of Multipurpose Community Hall at Village Village-200,Construction of Multipurpose Community Hall at Village Village-200. Execution by authorized implementing agency following standard technical specifications.,Block-1,Village-200,21.097352,79.068508,True,1280000.0,1262332.01,1052834.99,227165.01,2023-05-12,2023-06-08,2023-07-05,2024-01-04,Completed,CONTRACTOR-DEMO-0073,Gitanjali Engineering Works,Rural Engineering Service (RES)
MPLADS-DEMO-000873,DEMO-SYNTHETIC-v1,SYNTHETIC_DEMONSTRATION,MPLADS_STYLE_STRUCTURE,Odisha,Ganjam,Aska,Representative Ganjam (Simulated),Drinking Water & Sanitation,Drilling of Deep Borewell and Solar-Powered Overhead Water Tank at Village-7,Drilling of Deep Borewell and Solar-Powered Overhead Water Tank at Village-7. Execution by authorized implementing agency following standard technical specifications.,Block-8,Village-7,19.332851,85.041854,True,780000.0,756482.07,755073.66,24926.34,2023-01-28,2023-03-11,2023-04-08,2023-10-14,Completed,CONTRACTOR-DEMO-0116,Samriddhi Projects Ltd,Panchayati Raj Engineering Division
MPLADS-DEMO-000874,DEMO-SYNTHETIC-v1,SYNTHETIC_DEMONSTRATION,MPLADS_STYLE_STRUCTURE,Uttar Pradesh,Varanasi,Varanasi,Representative Varanasi (Simulated),Drinking Water & Sanitation,Laying of Underground Drinking Water Pipeline Distribution in Village-152,Laying of Underground Drinking Water Pipeline Distribution in Village-152. Execution by authorized implementing agency following standard technical specifications.,Block-3,Village-152,25.358485,82.920971,True,1020000.0,1020546.99,900670.01,119329.99,2023-10-06,2023-10-27,2023-11-21,2024-03-05,Completed,CONTRACTOR-DEMO-0129,Mahalaxmi Engineers & Builders,Minor Irrigation Division
MPLADS-DEMO-000875,DEMO-SYNTHETIC-v1,SYNTHETIC_DEMONSTRATION,MPLADS_STYLE_STRUCTURE,Tamil Nadu,Madurai,Madurai,Representative Madurai (Simulated),Rural Connectivity & Roads,Upgradation of Rural Link Road connecting Hamlet to Main Highway at Village-107,Upgradation of Rural Link Road connecting Hamlet to Main Highway at Village-107. Execution by authorized implementing agency following standard technical specifications.,Block-8,Village-107,9.885028,78.18287,True,4790000.0,4736297.77,3873746.97,916253.03,2023-03-13,2023-04-25,2023-05-11,,In Progress,CONTRACTOR-DEMO-0111,Modern Construction Co,Panchayati Raj Engineering Division
MPLADS-DEMO-000876,DEMO-SYNTHETIC-v1,SYNTHETIC_DEMONSTRATION,MPLADS_STYLE_STRUCTURE,Odisha,Khordha,Bhubaneswar,Representative Khordha (Simulated),Community Infrastructure,Construction of Open Air Gymnasium and Seating Area at Village-93,Construction of Open Air Gymnasium and Seating Area at Village-93. Execution by authorized implementing agency following standard technical specifications.,Block-4,Village-93,20.238845,85.66495,True,1150000.0,1191026.53,1034954.49,115045.51,2023-05-12,2023-05-31,2023-07-09,2023-09-26,Completed,CONTRACTOR-DEMO-0074,Hindustan Urban Works Pvt Ltd,Minor Irrigation Division
MPLADS-DEMO-000877,DEMO-SYNTHETIC-v1,SYNTHETIC_DEMONSTRATION,MPLADS_STYLE_STRUCTURE,Tamil Nadu,Salem,Salem,Representative Salem (Simulated),Rural Connectivity & Roads,Construction of Cement Concrete (CC) Road and Drain Channel at Village-37,Construction of Cement Concrete (CC) Road and Drain Channel at Village-37. Execution by authorized implementing agency following standard technical specifications.,Block-8,Village-37,11.709464,78.104057,True,1620000.0,1571782.1,1273035.55,346964.45,2024-01-05,2024-02-18,2024-03-06,,In Progress,CONTRACTOR-DEMO-0057,Universal Projects Ltd,Minor Irrigation Division
MPLADS-DEMO-000878,DEMO-SYNTHETIC-v1,SYNTHETIC_DEMONSTRATION,MPLADS_STYLE_STRUCTURE,Kerala,Wayanad,Wayanad,Representative Wayanad (Simulated),Rural Connectivity & Roads,Upgradation of Rural Link Road connecting Hamlet to Main Highway at Village-159,Upgradation of Rural Link Road connecting Hamlet to Main Highway at Village-159. Execution by authorized implementing agency following standard technical specifications.,Block-10,Village-159,11.674334,76.087473,True,3080000.0,2999830.68,2677376.01,402623.99,2023-04-02,2023-04-27,2023-06-04,2023-09-15,Completed,CONTRACTOR-DEMO-0045,Shiv Shakti Rural Developers,Public Works Department (PWD)
MPLADS-DEMO-000879,DEMO-SYNTHETIC-v1,SYNTHETIC_DEMONSTRATION,MPLADS_STYLE_STRUCTURE,Karnataka,Bengaluru Rural,Bengaluru Rural,Representative Bengaluru Rural (Simulated),Drinking Water & Sanitation,Drilling of Deep Borewell and Solar-Powered Overhead Water Tank at Village-104,Drilling of Deep Borewell and Solar-Powered Overhead Water Tank at Village-104. Execution by authorized implementing agency following standard technical specifications.,Block-5,Village-104,13.080791,77.620968,True,660000.0,666437.04,499322.99,160677.01,2023-01-28,2023-03-04,2023-03-20,2023-06-11,Completed,CONTRACTOR-DEMO-0192,Navnirman Buildcon Pvt Ltd,Rural Engineering Service (RES)
MPLADS-DEMO-000880,DEMO-SYNTHETIC-v1,SYNTHETIC_DEMONSTRATION,MPLADS_STYLE_STRUCTURE,Odisha,Ganjam,Aska,Representative Ganjam (Simulated),Education & Schools,Construction of Additional Classrooms at Govt Senior Secondary School Village-139,Construction of Additional Classrooms at Govt Senior Secondary School Village-139. Execution by authorized implementing agency following standard technical specifications.,Block-10,Village-139,19.364015,85.002806,True,2740000.0,2667607.06,2118092.63,621907.37,2023-07-12,2023-08-09,2023-08-29,2023-11-28,Completed,CONTRACTOR-DEMO-0032,Golden Rural Developers,Panchayati Raj Engineering Division
MPLADS-DEMO-000881,DEMO-SYNTHETIC-v1,SYNTHETIC_DEMONSTRATION,MPLADS_STYLE_STRUCTURE,Madhya Pradesh,Jabalpur,Jabalpur,Representative Jabalpur (Simulated),Education & Schools,Setup of Science Laboratory and Learning Resource Center in Village-35,Setup of Science Laboratory and Learning Resource Center in Village-35. Execution by authorized implementing agency following standard technical specifications.,Block-6,Village-35,23.227899,80.026625,True,900000.0,886423.02,772183.81,127816.19,2024-04-21,2024-05-21,2024-06-13,2025-01-12,Completed,CONTRACTOR-DEMO-0097,Surya Shakti Buildcon Pvt Ltd,Municipal Corporation Public Works
MPLADS-DEMO-000882,DEMO-SYNTHETIC-v1,SYNTHETIC_DEMONSTRATION,MPLADS_STYLE_STRUCTURE,Kerala,Wayanad,Wayanad,Representative Wayanad (Simulated),Healthcare Infrastructure,Construction of Maternity & Child Healthcare Ward at Primary Health Sub-Center Village-123,Construction of Maternity & Child Healthcare Ward at Primary Health Sub-Center Village-123. Execution by authorized implementing agency following standard technical specifications.,Block-4,Village-123,11.684464,76.175042,True,2300000.0,2231153.27,1997294.3,302705.7,2024-03-02,2024-03-25,2024-04-23,2024-07-31,Completed,CONTRACTOR-DEMO-0187,Balaji Engineering Works,Panchayati Raj Engineering Division
MPLADS-DEMO-000883,DEMO-SYNTHETIC-v1,SYNTHETIC_DEMONSTRATION,MPLADS_STYLE_STRUCTURE,Rajasthan,Jaipur,Jaipur,Representative Jaipur (Simulated),Renewable Energy,Installation of Solar LED High-Mast Lighting System at Market Yard Village-64,Installation of Solar LED High-Mast Lighting System at Market Yard Village-64. Execution by authorized implementing agency following standard technical specifications.,Block-5,Village-64,26.876809,75.746301,True,640000.0,631225.64,623366.43,16633.57,2023-12-23,2024-01-23,2024-02-15,2024-08-03,Completed,CONTRACTOR-DEMO-0173,Kisan Infrastructure Ltd,Rural Engineering Service (RES)
MPLADS-DEMO-000884,DEMO-SYNTHETIC-v1,SYNTHETIC_DEMONSTRATION,MPLADS_STYLE_STRUCTURE,Tamil Nadu,Coimbatore,Coimbatore,Representative Coimbatore (Simulated),Healthcare Infrastructure,Construction of Maternity & Child Healthcare Ward at Primary Health Sub-Center Village-192,Construction of Maternity & Child Healthcare Ward at Primary Health Sub-Center Village-192. Execution by authorized implementing agency following standard technical specifications.,Block-3,Village-192,11.069582,76.940854,True,1920000.0,1965188.33,1872560.72,47439.28,2023-01-22,2023-02-14,2023-03-03,2023-07-16,Completed,CONTRACTOR-DEMO-0045,Shiv Shakti Rural Developers,Panchayati Raj Engineering Division
MPLADS-DEMO-000885,DEMO-SYNTHETIC-v1,SYNTHETIC_DEMONSTRATION,MPLADS_STYLE_STRUCTURE,Rajasthan,Jodhpur,Jodhpur,Representative Jodhpur (Simulated),Community Infrastructure,Renovation and Expansion of Village Panchayat Bhavan in Village-124,Renovation and Expansion of Village Panchayat Bhavan in Village-124. Execution by authorized implementing agency following standard technical specifications.,Block-5,Village-124,26.285398,72.983707,True,2430000.0,2420689.04,1942571.95,487428.05,2023-11-29,2023-12-29,2024-02-16,2024-07-11,Completed,CONTRACTOR-DEMO-0171,Golden Contractors,Municipal Corporation Public Works
MPLADS-DEMO-000886,DEMO-SYNTHETIC-v1,SYNTHETIC_DEMONSTRATION,MPLADS_STYLE_STRUCTURE,Odisha,Ganjam,Aska,Representative Ganjam (Simulated),Rural Connectivity & Roads,Upgradation of Rural Link Road connecting Hamlet to Main Highway at Village-48,Upgradation of Rural Link Road connecting Hamlet to Main Highway at Village-48. Execution by authorized implementing agency following standard technical specifications.,Block-9,Village-48,19.348187,85.029909,True,4690000.0,4792057.32,4009728.08,680271.92,2023-03-05,2023-04-09,2023-05-27,,In Progress,CONTRACTOR-DEMO-0097,Surya Shakti Buildcon Pvt Ltd,Panchayati Raj Engineering Division
MPLADS-DEMO-000887,DEMO-SYNTHETIC-v1,SYNTHETIC_DEMONSTRATION,MPLADS_STYLE_STRUCTURE,Tamil Nadu,Salem,Salem,Representative Salem (Simulated),Community Infrastructure,Development of Public Recreation Shed and Boundary Wall in Village-25,Development of Public Recreation Shed and Boundary Wall in Village-25. Execution by authorized implementing agency following standard technical specifications.,Block-6,Village-25,11.628826,78.140466,True,1040000.0,1008407.11,950476.73,89523.27,2023-03-20,2023-04-25,2023-05-29,2023-12-31,Completed,CONTRACTOR-DEMO-0025,Aditya Infra Solutions,Municipal Corporation Public Works
MPLADS-DEMO-000888,DEMO-SYNTHETIC-v1,SYNTHETIC_DEMONSTRATION,MPLADS_STYLE_STRUCTURE,Maharashtra,Nashik,Nashik,Representative Nashik (Simulated),Education & Schools,Installation of Digital Smart Classroom and Computer Lab Infrastructure at Village-37,Installation of Digital Smart Classroom and Computer Lab Infrastructure at Village-37. Execution by authorized implementing agency following standard technical specifications.,Block-8,Village-37,20.041702,73.753641,True,720000.0,702643.8,663305.06,56694.94,2023-10-11,2023-11-03,2023-12-21,2024-07-19,Completed,CONTRACTOR-DEMO-0096,Kisan Contractors,Municipal Corporation Public Works
MPLADS-DEMO-000889,DEMO-SYNTHETIC-v1,SYNTHETIC_DEMONSTRATION,MPLADS_STYLE_STRUCTURE,Uttar Pradesh,Lucknow,Lucknow,Representative Lucknow (Simulated),Healthcare Infrastructure,Development of Emergency Cold Storage and Pharmacy Room at Hospital Village-43,Development of Emergency Cold Storage and Pharmacy Room at Hospital Village-43. Execution by authorized implementing agency following standard technical specifications.,Block-4,Village-43,26.830381,80.894218,True,1410000.0,1425217.55,1336054.51,73945.49,2023-05-10,2023-06-02,2023-07-21,2024-01-20,Completed,CONTRACTOR-DEMO-0055,Gitanjali Projects Ltd,District Rural Development Agency (DRDA)
MPLADS-DEMO-000890,DEMO-SYNTHETIC-v1,SYNTHETIC_DEMONSTRATION,MPLADS_STYLE_STRUCTURE,Gujarat,Ahmedabad,Ahmedabad West,Representative Ahmedabad (Simulated),Education & Schools,Construction of Separate Girls Toilet and Wash Area in Govt High School Village-100,Construction of Separate Girls Toilet and Wash Area in Govt High School Village-100. Execution by authorized implementing agency following standard technical specifications.,Block-1,Village-100,23.074624,72.632761,True,800000.0,797952.27,625046.06,174953.94,2024-05-09,2024-06-11,2024-06-26,,In Progress,CONTRACTOR-DEMO-0185,United Construction Co,Municipal Corporation Public Works
MPLADS-DEMO-000891,DEMO-SYNTHETIC-v1,SYNTHETIC_DEMONSTRATION,MPLADS_STYLE_STRUCTURE,Kerala,Wayanad,Wayanad,Representative Wayanad (Simulated),Rural Connectivity & Roads,Interlocking Paver Block Road Installation along Main Street in Village-188,Interlocking Paver Block Road Installation along Main Street in Village-188. Execution by authorized implementing agency following standard technical specifications.,Block-9,Village-188,11.700105,76.191706,True,870000.0,887759.8,680574.68,189425.32,2023-09-18,2023-10-12,2023-11-11,2024-03-05,Completed,CONTRACTOR-DEMO-0169,Swastik Civil Projects,Panchayati Raj Engineering Division
MPLADS-DEMO-000892,DEMO-SYNTHETIC-v1,SYNTHETIC_DEMONSTRATION,MPLADS_STYLE_STRUCTURE,Madhya Pradesh,Indore,Indore,Representative Indore (Simulated),Renewable Energy,Installation of Solar LED High-Mast Lighting System at Market Yard Village-64,Installation of Solar LED High-Mast Lighting System at Market Yard Village-64. Execution by authorized implementing agency following standard technical specifications.,Block-5,Village-64,22.763063,75.801869,True,620000.0,602165.84,522245.42,97754.58,2024-01-21,2024-02-13,2024-03-12,2024-08-04,Completed,CONTRACTOR-DEMO-0198,Aditya Infrastructure Ltd,District Rural Development Agency (DRDA)
MPLADS-DEMO-000893,DEMO-SYNTHETIC-v1,SYNTHETIC_DEMONSTRATION,MPLADS_STYLE_STRUCTURE,Gujarat,Rajkot,Rajkot,Representative Rajkot (Simulated),Healthcare Infrastructure,Construction of Maternity & Child Healthcare Ward at Primary Health Sub-Center Village-134,Construction of Maternity & Child Healthcare Ward at Primary Health Sub-Center Village-134. Execution by authorized implementing agency following standard technical specifications.,Block-5,Village-134,22.279351,70.75054,True,3000000.0,2935723.48,2552407.67,447592.33,2024-03-10,2024-03-31,2024-05-19,2024-11-26,Completed,CONTRACTOR-DEMO-0043,Panchsheel Engineers & Builders,Public Works Department (PWD)
MPLADS-DEMO-000894,DEMO-SYNTHETIC-v1,SYNTHETIC_DEMONSTRATION,MPLADS_STYLE_STRUCTURE,Odisha,Cuttack,Cuttack,Representative Cuttack (Simulated),Irrigation & Water Conservation,Construction of Reinforced Concrete Irrigation Sluice Gate and Channel in Village-88,Construction of Reinforced Concrete Irrigation Sluice Gate and Channel in Village-88. Execution by authorized implementing agency following standard technical specifications.,Block-9,Village-88,20.511281,85.941433,True,950000.0,940994.13,907209.01,42790.99,2023-03-13,2023-04-25,2023-06-06,2023-12-22,Completed,CONTRACTOR-DEMO-0198,Aditya Infrastructure Ltd,District Rural Development Agency (DRDA)
MPLADS-DEMO-000895,DEMO-SYNTHETIC-v1,SYNTHETIC_DEMONSTRATION,MPLADS_STYLE_STRUCTURE,Uttar Pradesh,Lucknow,Lucknow,Representative Lucknow (Simulated),Renewable Energy,Installation of Solar LED High-Mast Lighting System at Market Yard Village-23,Installation of Solar LED High-Mast Lighting System at Market Yard Village-23. Execution by authorized implementing agency following standard technical specifications.,Block-4,Village-23,26.911389,80.959631,True,830000.0,854241.65,668562.76,161437.24,2024-03-25,2024-05-09,2024-06-20,2024-09-29,Completed,CONTRACTOR-DEMO-0075,National Engineering Works,Minor Irrigation Division
MPLADS-DEMO-000896,DEMO-SYNTHETIC-v1,SYNTHETIC_DEMONSTRATION,MPLADS_STYLE_STRUCTURE,Kerala,Kozhikode,Kozhikode,Representative Kozhikode (Simulated),Rural Connectivity & Roads,Upgradation of Rural Link Road connecting Hamlet to Main Highway at Village-164,Upgradation of Rural Link Road connecting Hamlet to Main Highway at Village-164. Execution by authorized implementing agency following standard technical specifications.,Block-5,Village-164,11.259817,75.769954,True,3480000.0,3614491.31,2676507.93,803492.07,2023-03-07,2023-04-21,2023-05-21,2023-09-29,Completed,CONTRACTOR-DEMO-0155,Reliable Contractors,Panchayati Raj Engineering Division
MPLADS-DEMO-000897,DEMO-SYNTHETIC-v1,SYNTHETIC_DEMONSTRATION,MPLADS_STYLE_STRUCTURE,Kerala,Wayanad,Wayanad,Representative Wayanad (Simulated),Rural Connectivity & Roads,Construction of Cement Concrete (CC) Road and Drain Channel at Village-200,Construction of Cement Concrete (CC) Road and Drain Channel at Village-200. Execution by authorized implementing agency following standard technical specifications.,Block-1,Village-200,11.727814,76.130422,True,3150000.0,3235027.83,2634783.29,515216.71,2023-10-07,2023-11-14,2023-12-01,2024-03-10,Completed,CONTRACTOR-DEMO-0151,Modern Projects Ltd,Public Works Department (PWD)
MPLADS-DEMO-000898,DEMO-SYNTHETIC-v1,SYNTHETIC_DEMONSTRATION,MPLADS_STYLE_STRUCTURE,Maharashtra,Nagpur,Nagpur,Representative Nagpur (Simulated),Irrigation & Water Conservation,Construction of Check Dam and Water Harvesting Percolation Tank at Village-93,Construction of Check Dam and Water Harvesting Percolation Tank at Village-93. Execution by authorized implementing agency following standard technical specifications.,Block-4,Village-93,21.156216,79.11541,True,1870000.0,1858305.67,1571849.77,298150.23,2024-01-31,2024-02-16,2024-03-24,2024-09-27,Completed,CONTRACTOR-DEMO-0121,Apex Engineering Works,Municipal Corporation Public Works
MPLADS-DEMO-000899,DEMO-SYNTHETIC-v1,SYNTHETIC_DEMONSTRATION,MPLADS_STYLE_STRUCTURE,Odisha,Khordha,Bhubaneswar,Representative Khordha (Simulated),Renewable Energy,Installation of Solar LED High-Mast Lighting System at Market Yard Village-103,Installation of Solar LED High-Mast Lighting System at Market Yard Village-103. Execution by authorized implementing agency following standard technical specifications.,Block-4,Village-103,20.221611,85.637855,True,720000.0,729738.34,544246.08,175753.92,2023-11-01,2023-11-26,2023-12-12,2024-05-19,Completed,CONTRACTOR-DEMO-0029,Pragati Construction Co,District Rural Development Agency (DRDA)
MPLADS-DEMO-000900,DEMO-SYNTHETIC-v1,SYNTHETIC_DEMONSTRATION,MPLADS_STYLE_STRUCTURE,Odisha,Ganjam,Aska,Representative Ganjam (Simulated),Education & Schools,Construction of Additional Classrooms at Govt Senior Secondary School Village-187,Construction of Additional Classrooms at Govt Senior Secondary School Village-187. Execution by authorized implementing agency following standard technical specifications.,Block-8,Village-187,19.374361,85.040823,True,2310000.0,2368834.49,1915293.62,394706.38,2024-05-27,2024-06-25,2024-07-27,,In Progress,CONTRACTOR-DEMO-0016,Om Buildcon Pvt Ltd,District Rural Development Agency (DRDA)
MPLADS-DEMO-000901,DEMO-SYNTHETIC-v1,SYNTHETIC_DEMONSTRATION,MPLADS_STYLE_STRUCTURE,Madhya Pradesh,Jabalpur,Jabalpur,Representative Jabalpur (Simulated),Healthcare Infrastructure,Development of Emergency Cold Storage and Pharmacy Room at Hospital Village-68,Development of Emergency Cold Storage and Pharmacy Room at Hospital Village-68. Execution by authorized implementing agency following standard technical specifications.,Block-9,Village-68,23.216419,79.942277,True,1910000.0,1951379.6,1672919.1,237080.9,2023-06-28,2023-08-06,2023-09-12,2024-01-09,Completed,CONTRACTOR-DEMO-0131,Panchsheel Rural Developers,Public Works Department (PWD)
MPLADS-DEMO-000902,DEMO-SYNTHETIC-v1,SYNTHETIC_DEMONSTRATION,MPLADS_STYLE_STRUCTURE,Rajasthan,Jodhpur,Jodhpur,Representative Jodhpur (Simulated),Rural Connectivity & Roads,Interlocking Paver Block Road Installation along Main Street in Village-82,Interlocking Paver Block Road Installation along Main Street in Village-82. Execution by authorized implementing agency following standard technical specifications.,Block-3,Village-82,26.281629,72.972469,True,1720000.0,1663643.51,1450639.42,269360.58,2023-11-29,2024-01-13,2024-02-08,2024-06-13,Completed,CONTRACTOR-DEMO-0071,Kisan Infra Solutions,Minor Irrigation Division
MPLADS-DEMO-000903,DEMO-SYNTHETIC-v1,SYNTHETIC_DEMONSTRATION,MPLADS_STYLE_STRUCTURE,Karnataka,Bengaluru Rural,Bengaluru Rural,Representative Bengaluru Rural (Simulated),Rural Connectivity & Roads,Upgradation of Rural Link Road connecting Hamlet to Main Highway at Village-113,Upgradation of Rural Link Road connecting Hamlet to Main Highway at Village-113. Execution by authorized implementing agency following standard technical specifications.,Block-4,Village-113,13.115951,77.60092,True,3060000.0,3016611.59,2373460.05,686539.95,2023-11-08,2023-12-11,2024-01-27,2024-09-01,Completed,CONTRACTOR-DEMO-0079,Balaji Civil Projects,Municipal Corporation Public Works
MPLADS-DEMO-000904,DEMO-SYNTHETIC-v1,SYNTHETIC_DEMONSTRATION,MPLADS_STYLE_STRUCTURE,Karnataka,Dharwad,Dharwad,Representative Dharwad (Simulated),Drinking Water & Sanitation,Laying of Underground Drinking Water Pipeline Distribution in Village-159,Laying of Underground Drinking Water Pipeline Distribution in Village-159. Execution by authorized implementing agency following standard technical specifications.,Block-10,Village-159,15.484333,74.968621,True,910000.0,925409.25,873946.15,36053.85,2023-12-20,2024-01-28,2024-02-28,,In Progress,CONTRACTOR-DEMO-0091,Reliable Construction Co,Municipal Corporation Public Works
MPLADS-DEMO-000905,DEMO-SYNTHETIC-v1,SYNTHETIC_DEMONSTRATION,MPLADS_STYLE_STRUCTURE,Rajasthan,Udaipur,Udaipur,Representative Udaipur (Simulated),Education & Schools,Installation of Digital Smart Classroom and Computer Lab Infrastructure at Village-99,Installation of Digital Smart Classroom and Computer Lab Infrastructure at Village-99. Execution by authorized implementing agency following standard technical specifications.,Block-10,Village-99,24.533871,73.77179,True,1070000.0,1079708.75,1041400.41,28599.59,2023-06-29,2023-07-27,2023-09-08,2024-01-23,Completed,CONTRACTOR-DEMO-0144,Navnirman Engineering Works,Rural Engineering Service (RES)
MPLADS-DEMO-000906,DEMO-SYNTHETIC-v1,SYNTHETIC_DEMONSTRATION,MPLADS_STYLE_STRUCTURE,Kerala,Wayanad,Wayanad,Representative Wayanad (Simulated),Rural Connectivity & Roads,Construction of Cement Concrete (CC) Road and Drain Channel at Village-127,Construction of Cement Concrete (CC) Road and Drain Channel at Village-127. Execution by authorized implementing agency following standard technical specifications.,Block-8,Village-127,11.649581,76.15736,True,2160000.0,2115996.78,1732193.66,427806.34,2023-12-12,2024-01-08,2024-02-01,,In Progress,CONTRACTOR-DEMO-0066,Aditya Projects Ltd,Public Works Department (PWD)
MPLADS-DEMO-000907,DEMO-SYNTHETIC-v1,SYNTHETIC_DEMONSTRATION,MPLADS_STYLE_STRUCTURE,Odisha,Khordha,Bhubaneswar,Representative Khordha (Simulated),Renewable Energy,Supply and Erection of 30 Standalone Solar Street Lights in Village-113,Supply and Erection of 30 Standalone Solar Street Lights in Village-113. Execution by authorized implementing agency following standard technical specifications.,Block-4,Village-113,20.169788,85.627859,True,860000.0,838826.05,681802.28,178197.72,2023-10-07,2023-11-15,2023-12-24,2024-06-09,Completed,CONTRACTOR-DEMO-0071,Kisan Infra Solutions,Panchayati Raj Engineering Division
MPLADS-DEMO-000908,DEMO-SYNTHETIC-v1,SYNTHETIC_DEMONSTRATION,MPLADS_STYLE_STRUCTURE,Rajasthan,Udaipur,Udaipur,Representative Udaipur (Simulated),Rural Connectivity & Roads,Interlocking Paver Block Road Installation along Main Street in Village-82,Interlocking Paver Block Road Installation along Main Street in Village-82. Execution by authorized implementing agency following standard technical specifications.,Block-3,Village-82,24.590648,73.657515,True,1680000.0,1630875.83,1592282.63,87717.37,2024-01-09,2024-02-07,2024-03-27,2024-07-04,Completed,CONTRACTOR-DEMO-0133,Mahalaxmi Contractors,Minor Irrigation Division
MPLADS-DEMO-000909,DEMO-SYNTHETIC-v1,SYNTHETIC_DEMONSTRATION,MPLADS_STYLE_STRUCTURE,Karnataka,Bengaluru Rural,Bengaluru Rural,Representative Bengaluru Rural (Simulated),Renewable Energy,Supply and Erection of 30 Standalone Solar Street Lights in Village-27,Supply and Erection of 30 Standalone Solar Street Lights in Village-27. Execution by authorized implementing agency following standard technical specifications.,Block-8,Village-27,13.104443,77.581332,True,720000.0,732531.72,646806.36,73193.64,2023-10-25,2023-11-22,2024-01-05,,In Progress,CONTRACTOR-DEMO-0017,Vikas Engineers & Builders,Panchayati Raj Engineering Division
MPLADS-DEMO-000910,DEMO-SYNTHETIC-v1,SYNTHETIC_DEMONSTRATION,MPLADS_STYLE_STRUCTURE,Tamil Nadu,Madurai,Madurai,Representative Madurai (Simulated),Education & Schools,Setup of Science Laboratory and Learning Resource Center in Village-152,Setup of Science Laboratory and Learning Resource Center in Village-152. Execution by authorized implementing agency following standard technical specifications.,Block-3,Village-152,9.916904,78.178711,True,1110000.0,1067563.83,946993.95,163006.05,2023-12-13,2023-12-30,2024-02-05,2024-05-27,Completed,CONTRACTOR-DEMO-0020,Universal Engineering Works,Minor Irrigation Division
MPLADS-DEMO-000911,DEMO-SYNTHETIC-v1,SYNTHETIC_DEMONSTRATION,MPLADS_STYLE_STRUCTURE,Rajasthan,Udaipur,Udaipur,Representative Udaipur (Simulated),Community Infrastructure,Construction of Open Air Gymnasium and Seating Area at Village-146,Construction of Open Air Gymnasium and Seating Area at Village-146. Execution by authorized implementing agency following standard technical specifications.,Block-7,Village-146,24.553162,73.764049,True,630000.0,640766.05,543618.34,86381.66,2024-01-10,2024-02-01,2024-03-12,,In Progress,CONTRACTOR-DEMO-0119,Shiv Shakti Infrastructure Ltd,District Rural Development Agency (DRDA)
MPLADS-DEMO-000912,DEMO-SYNTHETIC-v1,SYNTHETIC_DEMONSTRATION,MPLADS_STYLE_STRUCTURE,Karnataka,Dharwad,Dharwad,Representative Dharwad (Simulated),Healthcare Infrastructure,Development of Emergency Cold Storage and Pharmacy Room at Hospital Village-78,Development of Emergency Cold Storage and Pharmacy Room at Hospital Village-78. Execution by authorized implementing agency following standard technical specifications.,Block-9,Village-78,15.436869,75.016881,True,2320000.0,2321476.44,1957250.97,362749.03,2024-02-11,2024-03-16,2024-03-31,2024-06-27,Completed,CONTRACTOR-DEMO-0186,Classic Enterprises,District Rural Development Agency (DRDA)
MPLADS-DEMO-000913,DEMO-SYNTHETIC-v1,SYNTHETIC_DEMONSTRATION,MPLADS_STYLE_STRUCTURE,Tamil Nadu,Coimbatore,Coimbatore,Representative Coimbatore (Simulated),Community Infrastructure,Construction of Multipurpose Community Hall at Village Village-158,Construction of Multipurpose Community Hall at Village Village-158. Execution by authorized implementing agency following standard technical specifications.,Block-9,Village-158,10.960072,76.944582,True,1400000.0,1426046.31,1130113.45,269886.55,2023-11-18,2023-12-13,2024-01-08,,In Progress,CONTRACTOR-DEMO-0130,Vikas Urban Works Pvt Ltd,Minor Irrigation Division
MPLADS-DEMO-000914,DEMO-SYNTHETIC-v1,SYNTHETIC_DEMONSTRATION,MPLADS_STYLE_STRUCTURE,Maharashtra,Nagpur,Nagpur,Representative Nagpur (Simulated),Rural Connectivity & Roads,Construction of Cement Concrete (CC) Road and Drain Channel at Village-25,Construction of Cement Concrete (CC) Road and Drain Channel at Village-25. Execution by authorized implementing agency following standard technical specifications.,Block-6,Village-25,21.203799,79.09782,True,3350000.0,3319836.91,2826535.91,523464.09,2024-01-06,2024-02-19,2024-03-13,2024-07-12,Completed,CONTRACTOR-DEMO-0028,Siddhartha Buildcon Pvt Ltd,District Rural Development Agency (DRDA)
MPLADS-DEMO-000915,DEMO-SYNTHETIC-v1,SYNTHETIC_DEMONSTRATION,MPLADS_STYLE_STRUCTURE,Rajasthan,Udaipur,Udaipur,Representative Udaipur (Simulated),Drinking Water & Sanitation,Laying of Underground Drinking Water Pipeline Distribution in Village-65,Laying of Underground Drinking Water Pipeline Distribution in Village-65. Execution by authorized implementing agency following standard technical specifications.,Block-6,Village-65,24.585359,73.671494,True,1310000.0,1278623.64,1088316.77,221683.23,2023-12-12,2023-12-31,2024-02-05,2024-05-14,Completed,CONTRACTOR-DEMO-0138,Pragati Buildcon Pvt Ltd,District Rural Development Agency (DRDA)
MPLADS-DEMO-000916,DEMO-SYNTHETIC-v1,SYNTHETIC_DEMONSTRATION,MPLADS_STYLE_STRUCTURE,Gujarat,Rajkot,Rajkot,Representative Rajkot (Simulated),Renewable Energy,Installation of Solar LED High-Mast Lighting System at Market Yard Village-143,Installation of Solar LED High-Mast Lighting System at Market Yard Village-143. Execution by authorized implementing agency following standard technical specifications.,Block-4,Village-143,22.246589,70.785709,True,550000.0,528076.07,537118.78,12881.22,2023-01-21,2023-02-04,2023-03-11,2023-06-01,Completed,CONTRACTOR-DEMO-0149,Classic Buildcon Pvt Ltd,Municipal Corporation Public Works
MPLADS-DEMO-000917,DEMO-SYNTHETIC-v1,SYNTHETIC_DEMONSTRATION,MPLADS_STYLE_STRUCTURE,Rajasthan,Udaipur,Udaipur,Representative Udaipur (Simulated),Irrigation & Water Conservation,Construction of Check Dam and Water Harvesting Percolation Tank at Village-45,Construction of Check Dam and Water Harvesting Percolation Tank at Village-45. Execution by authorized implementing agency following standard technical specifications.,Block-6,Village-45,24.544903,73.728213,True,1330000.0,1333746.77,1295989.38,34010.62,2023-03-05,2023-03-28,2023-05-05,2023-11-08,Completed,CONTRACTOR-DEMO-0184,Shanti Projects Ltd,Rural Engineering Service (RES)
MPLADS-DEMO-000918,DEMO-SYNTHETIC-v1,SYNTHETIC_DEMONSTRATION,MPLADS_STYLE_STRUCTURE,Karnataka,Mysuru,Mysuru,Representative Mysuru (Simulated),Drinking Water & Sanitation,Laying of Underground Drinking Water Pipeline Distribution in Village-8,Laying of Underground Drinking Water Pipeline Distribution in Village-8. Execution by authorized implementing agency following standard technical specifications.,Block-9,Village-8,12.311671,76.695988,True,950000.0,973347.57,780598.88,169401.12,2023-06-13,2023-07-03,2023-08-09,2024-03-03,Completed,CONTRACTOR-DEMO-0046,Classic Projects Ltd,Public Works Department (PWD)
MPLADS-DEMO-000919,DEMO-SYNTHETIC-v1,SYNTHETIC_DEMONSTRATION,MPLADS_STYLE_STRUCTURE,Karnataka,Bengaluru Rural,Bengaluru Rural,Representative Bengaluru Rural (Simulated),Drinking Water & Sanitation,Construction of Public Sanitation Facility and Bathing Block in Village-157,Construction of Public Sanitation Facility and Bathing Block in Village-157. Execution by authorized implementing agency following standard technical specifications.,Block-8,Village-157,13.1191,77.624716,True,1290000.0,1306355.96,1214286.2,75713.8,2024-02-20,2024-04-02,2024-04-24,2024-07-24,Completed,CONTRACTOR-DEMO-0090,Om Civil Projects,Rural Engineering Service (RES)
MPLADS-DEMO-000920,DEMO-SYNTHETIC-v1,SYNTHETIC_DEMONSTRATION,MPLADS_STYLE_STRUCTURE,Rajasthan,Udaipur,Udaipur,Representative Udaipur (Simulated),Drinking Water & Sanitation,Construction of Public Sanitation Facility and Bathing Block in Village-126,Construction of Public Sanitation Facility and Bathing Block in Village-126. Execution by authorized implementing agency following standard technical specifications.,Block-7,Village-126,24.544884,73.700057,True,920000.0,887514.74,897864.34,22135.66,2023-09-17,2023-10-07,2023-11-24,,In Progress,CONTRACTOR-DEMO-0171,Golden Contractors,District Rural Development Agency (DRDA)
MPLADS-DEMO-000921,DEMO-SYNTHETIC-v1,SYNTHETIC_DEMONSTRATION,MPLADS_STYLE_STRUCTURE,Odisha,Ganjam,Aska,Representative Ganjam (Simulated),Renewable Energy,Installation of 10kW Rooftop Solar Power System at Primary Health Center Village-148,Installation of 10kW Rooftop Solar Power System at Primary Health Center Village-148. Execution by authorized implementing agency following standard technical specifications.,Block-9,Village-148,19.406287,84.992817,True,1080000.0,1084007.33,859911.53,220088.47,2023-06-28,2023-07-20,2023-09-01,2024-01-28,Completed,CONTRACTOR-DEMO-0164,Kisan Civil Projects,Panchayati Raj Engineering Division
MPLADS-DEMO-000922,DEMO-SYNTHETIC-v1,SYNTHETIC_DEMONSTRATION,MPLADS_STYLE_STRUCTURE,Madhya Pradesh,Indore,Indore,Representative Indore (Simulated),Education & Schools,Setup of Science Laboratory and Learning Resource Center in Village-22,Setup of Science Laboratory and Learning Resource Center in Village-22. Execution by authorized implementing agency following standard technical specifications.,Block-3,Village-22,22.71836,75.856561,True,1310000.0,1316419.31,1166191.53,143808.47,2023-06-20,2023-08-04,2023-09-06,2023-12-04,Completed,CONTRACTOR-DEMO-0139,Premier Enterprises,Public Works Department (PWD)
MPLADS-DEMO-000923,DEMO-SYNTHETIC-v1,SYNTHETIC_DEMONSTRATION,MPLADS_STYLE_STRUCTURE,Uttar Pradesh,Varanasi,Varanasi,Representative Varanasi (Simulated),Community Infrastructure,Construction of Open Air Gymnasium and Seating Area at Village-151,Construction of Open Air Gymnasium and Seating Area at Village-151. Execution by authorized implementing agency following standard technical specifications.,Block-2,Village-151,25.349821,82.983166,True,820000.0,829245.17,754423.88,65576.12,2023-10-15,2023-10-30,2023-11-17,2024-05-08,Completed,CONTRACTOR-DEMO-0052,Siddhartha Urban Works Pvt Ltd,District Rural Development Agency (DRDA)
MPLADS-DEMO-000924,DEMO-SYNTHETIC-v1,SYNTHETIC_DEMONSTRATION,MPLADS_STYLE_STRUCTURE,Karnataka,Dharwad,Dharwad,Representative Dharwad (Simulated),Community Infrastructure,Renovation and Expansion of Village Panchayat Bhavan in Village-190,Renovation and Expansion of Village Panchayat Bhavan in Village-190. Execution by authorized implementing agency following standard technical specifications.,Block-1,Village-190,15.459989,75.053199,True,2700000.0,2672097.97,2459192.71,240807.29,2024-04-25,2024-05-22,2024-06-12,2024-10-12,Completed,CONTRACTOR-DEMO-0060,Premier Contractors,Minor Irrigation Division
MPLADS-DEMO-000925,DEMO-SYNTHETIC-v1,SYNTHETIC_DEMONSTRATION,MPLADS_STYLE_STRUCTURE,Rajasthan,Jodhpur,Jodhpur,Representative Jodhpur (Simulated),Community Infrastructure,Development of Public Recreation Shed and Boundary Wall in Village-127,Development of Public Recreation Shed and Boundary Wall in Village-127. Execution by authorized implementing agency following standard technical specifications.,Block-8,Village-127,26.200776,73.042555,True,910000.0,876893.03,762345.59,147654.41,2024-04-19,2024-05-10,2024-06-12,,In Progress,CONTRACTOR-DEMO-0065,Kisan Enterprises,Minor Irrigation Division
MPLADS-DEMO-000926,DEMO-SYNTHETIC-v1,SYNTHETIC_DEMONSTRATION,MPLADS_STYLE_STRUCTURE,Telangana,Karimnagar,Karimnagar,Representative Karimnagar (Simulated),Irrigation & Water Conservation,Desilting and Deepening of Traditional Village Water Reservoir in Village-46,Desilting and Deepening of Traditional Village Water Reservoir in Village-46. Execution by authorized implementing agency following standard technical specifications.,Block-7,Village-46,18.501921,79.171254,True,1270000.0,1312426.5,1069912.15,200087.85,2023-04-04,2023-04-27,2023-05-27,2023-10-15,Completed,CONTRACTOR-DEMO-0112,Hindustan Infrastructure Ltd,Minor Irrigation Division
MPLADS-DEMO-000927,DEMO-SYNTHETIC-v1,SYNTHETIC_DEMONSTRATION,MPLADS_STYLE_STRUCTURE,Tamil Nadu,Coimbatore,Coimbatore,Representative Coimbatore (Simulated),Healthcare Infrastructure,Development of Emergency Cold Storage and Pharmacy Room at Hospital Village-80,Development of Emergency Cold Storage and Pharmacy Room at Hospital Village-80. Execution by authorized implementing agency following standard technical specifications.,Block-1,Village-80,10.978434,77.005029,True,2140000.0,2210831.63,1806409.92,333590.08,2023-01-20,2023-03-01,2023-04-11,2023-08-12,Completed,CONTRACTOR-DEMO-0128,Classic Infrastructure Ltd,District Rural Development Agency (DRDA)
MPLADS-DEMO-000928,DEMO-SYNTHETIC-v1,SYNTHETIC_DEMONSTRATION,MPLADS_STYLE_STRUCTURE,Tamil Nadu,Madurai,Madurai,Representative Madurai (Simulated),Community Infrastructure,Renovation and Expansion of Village Panchayat Bhavan in Village-11,Renovation and Expansion of Village Panchayat Bhavan in Village-11. Execution by authorized implementing agency following standard technical specifications.,Block-2,Village-11,9.95068,78.113187,True,1970000.0,1902314.64,1529325.75,440674.25,2023-04-06,2023-05-21,2023-06-09,,In Progress,CONTRACTOR-DEMO-0087,Swastik Infrastructure Ltd,Rural Engineering Service (RES)
MPLADS-DEMO-000929,DEMO-SYNTHETIC-v1,SYNTHETIC_DEMONSTRATION,MPLADS_STYLE_STRUCTURE,Kerala,Kozhikode,Kozhikode,Representative Kozhikode (Simulated),Rural Connectivity & Roads,Construction of Culvert and Cross-Drainage Structure on Link Road Village-73,Construction of Culvert and Cross-Drainage Structure on Link Road Village-73. Execution by authorized implementing agency following standard technical specifications.,Block-4,Village-73,11.263514,75.752412,True,1860000.0,1801743.62,1446079.62,413920.38,2024-03-11,2024-04-06,2024-04-26,2024-11-14,Completed,CONTRACTOR-DEMO-0055,Gitanjali Projects Ltd,Rural Engineering Service (RES)
MPLADS-DEMO-000930,DEMO-SYNTHETIC-v1,SYNTHETIC_DEMONSTRATION,MPLADS_STYLE_STRUCTURE,Karnataka,Mysuru,Mysuru,Representative Mysuru (Simulated),Community Infrastructure,Renovation and Expansion of Village Panchayat Bhavan in Village-123,Renovation and Expansion of Village Panchayat Bhavan in Village-123. Execution by authorized implementing agency following standard technical specifications.,Block-4,Village-123,12.245015,76.604124,True,2390000.0,2329672.26,2211669.01,178330.99,2024-03-02,2024-03-20,2024-04-19,2024-10-05,Completed,CONTRACTOR-DEMO-0116,Samriddhi Projects Ltd,Minor Irrigation Division
MPLADS-DEMO-000931,DEMO-SYNTHETIC-v1,SYNTHETIC_DEMONSTRATION,MPLADS_STYLE_STRUCTURE,Maharashtra,Pune,Pune,Representative Pune (Simulated),Education & Schools,Construction of Additional Classrooms at Govt Senior Secondary School Village-170,Construction of Additional Classrooms at Govt Senior Secondary School Village-170. Execution by authorized implementing agency following standard technical specifications.,Block-1,Village-170,18.57677,73.891383,True,1880000.0,1920389.8,1723451.15,156548.85,2023-02-06,2023-02-20,2023-03-16,2023-08-02,Completed,CONTRACTOR-DEMO-0048,Shanti Rural Developers,District Rural Development Agency (DRDA)
MPLADS-DEMO-000932,DEMO-SYNTHETIC-v1,SYNTHETIC_DEMONSTRATION,MPLADS_STYLE_STRUCTURE,Madhya Pradesh,Jabalpur,Jabalpur,Representative Jabalpur (Simulated),Drinking Water & Sanitation,Installation of Community RO Water Purification Plant at Village-101,Installation of Community RO Water Purification Plant at Village-101. Execution by authorized implementing agency following standard technical specifications.,Block-2,Village-101,23.165904,80.044487,True,920000.0,887884.59,728926.61,191073.39,2023-04-24,2023-05-29,2023-07-11,,In Progress,CONTRACTOR-DEMO-0116,Samriddhi Projects Ltd,Public Works Department (PWD)
MPLADS-DEMO-000933,DEMO-SYNTHETIC-v1,SYNTHETIC_DEMONSTRATION,MPLADS_STYLE_STRUCTURE,Telangana,Karimnagar,Karimnagar,Representative Karimnagar (Simulated),Drinking Water & Sanitation,Drilling of Deep Borewell and Solar-Powered Overhead Water Tank at Village-143,Drilling of Deep Borewell and Solar-Powered Overhead Water Tank at Village-143. Execution by authorized implementing agency following standard technical specifications.,Block-4,Village-143,18.394543,79.134926,True,700000.0,675175.94,635246.82,64753.18,2023-08-12,2023-08-27,2023-09-21,2024-02-25,Completed,CONTRACTOR-DEMO-0098,Vanguard Civil Projects,Public Works Department (PWD)
MPLADS-DEMO-000934,DEMO-SYNTHETIC-v1,SYNTHETIC_DEMONSTRATION,MPLADS_STYLE_STRUCTURE,Maharashtra,Pune,Pune,Representative Pune (Simulated),Community Infrastructure,Development of Public Recreation Shed and Boundary Wall in Village-2,Development of Public Recreation Shed and Boundary Wall in Village-2. Execution by authorized implementing agency following standard technical specifications.,Block-3,Village-2,18.504958,73.864853,True,1390000.0,1419878.93,1080749.58,309250.42,2023-05-09,2023-05-25,2023-07-13,,In Progress,CONTRACTOR-DEMO-0170,Alliance Rural Developers,Panchayati Raj Engineering Division
MPLADS-DEMO-000935,DEMO-SYNTHETIC-v1,SYNTHETIC_DEMONSTRATION,MPLADS_STYLE_STRUCTURE,Odisha,Ganjam,Aska,Representative Ganjam (Simulated),Renewable Energy,Installation of 10kW Rooftop Solar Power System at Primary Health Center Village-99,Installation of 10kW Rooftop Solar Power System at Primary Health Center Village-99. Execution by authorized implementing agency following standard technical specifications.,Block-10,Village-99,19.351721,85.005086,True,880000.0,908880.97,708104.22,171895.78,2023-09-23,2023-10-23,2023-11-29,2024-06-07,Completed,CONTRACTOR-DEMO-0126,Swastik Engineers & Builders,Rural Engineering Service (RES)
MPLADS-DEMO-000936,DEMO-SYNTHETIC-v1,SYNTHETIC_DEMONSTRATION,MPLADS_STYLE_STRUCTURE,Madhya Pradesh,Jabalpur,Jabalpur,Representative Jabalpur (Simulated),Renewable Energy,Supply and Erection of 30 Standalone Solar Street Lights in Village-58,Supply and Erection of 30 Standalone Solar Street Lights in Village-58. Execution by authorized implementing agency following standard technical specifications.,Block-9,Village-58,23.135273,80.004222,True,610000.0,632596.34,511999.78,98000.22,2023-05-26,2023-06-19,2023-07-27,2024-01-28,Completed,CONTRACTOR-DEMO-0080,Krishna Urban Works Pvt Ltd,Rural Engineering Service (RES)
MPLADS-DEMO-000937,DEMO-SYNTHETIC-v1,SYNTHETIC_DEMONSTRATION,MPLADS_STYLE_STRUCTURE,Gujarat,Ahmedabad,Ahmedabad West,Representative Ahmedabad (Simulated),Education & Schools,Setup of Science Laboratory and Learning Resource Center in Village-182,Setup of Science Laboratory and Learning Resource Center in Village-182. Execution by authorized implementing agency following standard technical specifications.,Block-3,Village-182,23.071875,72.617119,True,1410000.0,1367702.73,1260673.92,149326.08,2023-05-01,2023-06-09,2023-07-20,2024-01-28,Completed,CONTRACTOR-DEMO-0191,Surya Shakti Civil Projects,Panchayati Raj Engineering Division
MPLADS-DEMO-000938,DEMO-SYNTHETIC-v1,SYNTHETIC_DEMONSTRATION,MPLADS_STYLE_STRUCTURE,Madhya Pradesh,Jabalpur,Jabalpur,Representative Jabalpur (Simulated),Education & Schools,Setup of Science Laboratory and Learning Resource Center in Village-94,Setup of Science Laboratory and Learning Resource Center in Village-94. Execution by authorized implementing agency following standard technical specifications.,Block-5,Village-94,23.160414,80.007899,True,1070000.0,1089115.14,853175.7,216824.3,2023-05-06,2023-06-01,2023-06-28,2023-12-13,Completed,CONTRACTOR-DEMO-0122,Shanti Construction Co,Municipal Corporation Public Works
MPLADS-DEMO-000939,DEMO-SYNTHETIC-v1,SYNTHETIC_DEMONSTRATION,MPLADS_STYLE_STRUCTURE,Odisha,Khordha,Bhubaneswar,Representative Khordha (Simulated),Irrigation & Water Conservation,Desilting and Deepening of Traditional Village Water Reservoir in Village-96,Desilting and Deepening of Traditional Village Water Reservoir in Village-96. Execution by authorized implementing agency following standard technical specifications.,Block-7,Village-96,20.19962,85.583957,True,980000.0,977666.22,857353.59,122646.41,2023-09-03,2023-10-06,2023-11-16,,In Progress,CONTRACTOR-DEMO-0059,National Rural Developers,District Rural Development Agency (DRDA)
MPLADS-DEMO-000940,DEMO-SYNTHETIC-v1,SYNTHETIC_DEMONSTRATION,MPLADS_STYLE_STRUCTURE,Karnataka,Dharwad,Dharwad,Representative Dharwad (Simulated),Drinking Water & Sanitation,Laying of Underground Drinking Water Pipeline Distribution in Village-133,Laying of Underground Drinking Water Pipeline Distribution in Village-133. Execution by authorized implementing agency following standard technical specifications.,Block-4,Village-133,15.450032,75.065416,True,830000.0,842879.58,696181.8,133818.2,2023-12-22,2024-01-16,2024-02-17,2024-09-23,Completed,CONTRACTOR-DEMO-0200,Gitanjali Construction Co,Rural Engineering Service (RES)
MPLADS-DEMO-000941,DEMO-SYNTHETIC-v1,SYNTHETIC_DEMONSTRATION,MPLADS_STYLE_STRUCTURE,Tamil Nadu,Salem,Salem,Representative Salem (Simulated),Education & Schools,Installation of Digital Smart Classroom and Computer Lab Infrastructure at Village-39,Installation of Digital Smart Classroom and Computer Lab Infrastructure at Village-39. Execution by authorized implementing agency following standard technical specifications.,Block-10,Village-39,11.652768,78.141915,True,860000.0,878068.27,741266.29,118733.71,2023-11-23,2023-12-09,2023-12-30,2024-04-04,Completed,CONTRACTOR-DEMO-0009,Golden Urban Works Pvt Ltd,Public Works Department (PWD)
MPLADS-DEMO-000942,DEMO-SYNTHETIC-v1,SYNTHETIC_DEMONSTRATION,MPLADS_STYLE_STRUCTURE,Odisha,Ganjam,Aska,Representative Ganjam (Simulated),Irrigation & Water Conservation,Construction of Check Dam and Water Harvesting Percolation Tank at Village-85,Construction of Check Dam and Water Harvesting Percolation Tank at Village-85. Execution by authorized implementing agency following standard technical specifications.,Block-6,Village-85,19.425838,84.965728,True,1550000.0,1513172.88,1216189.95,333810.05,2023-05-04,2023-06-06,2023-06-25,2023-11-27,Completed,CONTRACTOR-DEMO-0153,Siddhartha Infrastructure Ltd,Panchayati Raj Engineering Division
MPLADS-DEMO-000943,DEMO-SYNTHETIC-v1,SYNTHETIC_DEMONSTRATION,MPLADS_STYLE_STRUCTURE,Karnataka,Bengaluru Rural,Bengaluru Rural,Representative Bengaluru Rural (Simulated),Rural Connectivity & Roads,Interlocking Paver Block Road Installation along Main Street in Village-75,Interlocking Paver Block Road Installation along Main Street in Village-75. Execution by authorized implementing agency following standard technical specifications.,Block-6,Village-75,13.038921,77.607104,True,1000000.0,1032065.36,784963.89,215036.11,2023-08-15,2023-09-05,2023-10-24,2024-04-20,Completed,CONTRACTOR-DEMO-0044,United Engineering Works,Municipal Corporation Public Works
MPLADS-DEMO-000944,DEMO-SYNTHETIC-v1,SYNTHETIC_DEMONSTRATION,MPLADS_STYLE_STRUCTURE,Karnataka,Dharwad,Dharwad,Representative Dharwad (Simulated),Healthcare Infrastructure,Supply of Diagnostic Medical Equipment and Patient Beds to Rural Clinic in Village-180,Supply of Diagnostic Medical Equipment and Patient Beds to Rural Clinic in Village-180. Execution by authorized implementing agency following standard technical specifications.,Block-1,Village-180,15.521729,75.032495,True,1310000.0,1359897.87,1182523.76,127476.24,2023-03-31,2023-05-12,2023-06-02,2023-09-19,Completed,CONTRACTOR-DEMO-0101,Bharat Construction Co,Panchayati Raj Engineering Division
MPLADS-DEMO-000945,DEMO-SYNTHETIC-v1,SYNTHETIC_DEMONSTRATION,MPLADS_STYLE_STRUCTURE,Madhya Pradesh,Indore,Indore,Representative Indore (Simulated),Education & Schools,Installation of Digital Smart Classroom and Computer Lab Infrastructure at Village-197,Installation of Digital Smart Classroom and Computer Lab Infrastructure at Village-197. Execution by authorized implementing agency following standard technical specifications.,Block-8,Village-197,22.657194,75.882156,True,1160000.0,1199991.43,1026048.97,133951.03,2023-04-18,2023-05-30,2023-06-15,2024-01-21,Completed,CONTRACTOR-DEMO-0092,Apex Infra Solutions,District Rural Development Agency (DRDA)
MPLADS-DEMO-000946,DEMO-SYNTHETIC-v1,SYNTHETIC_DEMONSTRATION,MPLADS_STYLE_STRUCTURE,Gujarat,Surat,Surat,Representative Surat (Simulated),Rural Connectivity & Roads,Construction of Cement Concrete (CC) Road and Drain Channel at Village-46,Construction of Cement Concrete (CC) Road and Drain Channel at Village-46. Execution by authorized implementing agency following standard technical specifications.,Block-7,Village-46,21.122743,72.805114,True,2600000.0,2686686.91,2016361.15,583638.85,2024-05-07,2024-06-02,2024-07-07,,In Progress,CONTRACTOR-DEMO-0025,Aditya Infra Solutions,District Rural Development Agency (DRDA)
MPLADS-DEMO-000947,DEMO-SYNTHETIC-v1,SYNTHETIC_DEMONSTRATION,MPLADS_STYLE_STRUCTURE,Tamil Nadu,Madurai,Madurai,Representative Madurai (Simulated),Irrigation & Water Conservation,Desilting and Deepening of Traditional Village Water Reservoir in Village-5,Desilting and Deepening of Traditional Village Water Reservoir in Village-5. Execution by authorized implementing agency following standard technical specifications.,Block-6,Village-5,9.941042,78.131542,True,1010000.0,999109.45,816205.87,193794.13,2023-10-04,2023-11-04,2023-12-22,2024-03-12,Completed,CONTRACTOR-DEMO-0129,Mahalaxmi Engineers & Builders,District Rural Development Agency (DRDA)
MPLADS-DEMO-000948,DEMO-SYNTHETIC-v1,SYNTHETIC_DEMONSTRATION,MPLADS_STYLE_STRUCTURE,Odisha,Cuttack,Cuttack,Representative Cuttack (Simulated),Drinking Water & Sanitation,Installation of Community RO Water Purification Plant at Village-167,Installation of Community RO Water Purification Plant at Village-167. Execution by authorized implementing agency following standard technical specifications.,Block-8,Village-167,20.428545,85.857863,True,880000.0,914929.24,728313.61,151686.39,2023-06-03,2023-07-16,2023-08-05,2023-10-27,Completed,CONTRACTOR-DEMO-0037,Classic Urban Works Pvt Ltd,Municipal Corporation Public Works
MPLADS-DEMO-000949,DEMO-SYNTHETIC-v1,SYNTHETIC_DEMONSTRATION,MPLADS_STYLE_STRUCTURE,Gujarat,Rajkot,Rajkot,Representative Rajkot (Simulated),Healthcare Infrastructure,Development of Emergency Cold Storage and Pharmacy Room at Hospital Village-5,Development of Emergency Cold Storage and Pharmacy Room at Hospital Village-5. Execution by authorized implementing agency following standard technical specifications.,Block-6,Village-5,22.278252,70.763154,True,1800000.0,1782722.44,1364897.03,435102.97,2023-12-25,2024-01-25,2024-03-04,2024-09-26,Completed,CONTRACTOR-DEMO-0112,Hindustan Infrastructure Ltd,Panchayati Raj Engineering Division
MPLADS-DEMO-000950,DEMO-SYNTHETIC-v1,SYNTHETIC_DEMONSTRATION,MPLADS_STYLE_STRUCTURE,Kerala,Ernakulam,Ernakulam,Representative Ernakulam (Simulated),Rural Connectivity & Roads,Interlocking Paver Block Road Installation along Main Street in Village-89,Interlocking Paver Block Road Installation along Main Street in Village-89. Execution by authorized implementing agency following standard technical specifications.,Block-10,Village-89,10.010085,76.30671,True,1420000.0,1395194.43,1092207.78,327792.22,2023-09-02,2023-09-21,2023-10-26,2024-02-07,Completed,CONTRACTOR-DEMO-0009,Golden Urban Works Pvt Ltd,Rural Engineering Service (RES)
MPLADS-DEMO-000951,DEMO-SYNTHETIC-v1,SYNTHETIC_DEMONSTRATION,MPLADS_STYLE_STRUCTURE,Telangana,Nizamabad,Nizamabad,Representative Nizamabad (Simulated),Irrigation & Water Conservation,Construction of Check Dam and Water Harvesting Percolation Tank at Village-63,Construction of Check Dam and Water Harvesting Percolation Tank at Village-63. Execution by authorized implementing agency following standard technical specifications.,Block-4,Village-63,18.617174,78.07764,True,1290000.0,1297420.99,1037801.68,252198.32,2023-02-28,2023-03-18,2023-04-02,2023-09-11,Completed,CONTRACTOR-DEMO-0162,Reliable Enterprises,Public Works Department (PWD)
MPLADS-DEMO-000952,DEMO-SYNTHETIC-v1,SYNTHETIC_DEMONSTRATION,MPLADS_STYLE_STRUCTURE,Maharashtra,Pune,Pune,Representative Pune (Simulated),Renewable Energy,Installation of 10kW Rooftop Solar Power System at Primary Health Center Village-118,Installation of 10kW Rooftop Solar Power System at Primary Health Center Village-118. Execution by authorized implementing agency following standard technical specifications.,Block-9,Village-118,18.53743,73.834717,True,1020000.0,987835.95,793616.13,226383.87,2024-01-10,2024-02-01,2024-02-28,2024-06-02,Completed,CONTRACTOR-DEMO-0051,Maruti Engineering Works,Public Works Department (PWD)
MPLADS-DEMO-000953,DEMO-SYNTHETIC-v1,SYNTHETIC_DEMONSTRATION,MPLADS_STYLE_STRUCTURE,Kerala,Ernakulam,Ernakulam,Representative Ernakulam (Simulated),Community Infrastructure,Construction of Multipurpose Community Hall at Village Village-111,Construction of Multipurpose Community Hall at Village Village-111. Execution by authorized implementing agency following standard technical specifications.,Block-2,Village-111,10.019507,76.2652,True,1260000.0,1281871.5,1057123.89,202876.11,2023-12-01,2023-12-27,2024-02-10,2024-08-29,Completed,CONTRACTOR-DEMO-0158,Vikas Rural Developers,Minor Irrigation Division
MPLADS-DEMO-000954,DEMO-SYNTHETIC-v1,SYNTHETIC_DEMONSTRATION,MPLADS_STYLE_STRUCTURE,Maharashtra,Nashik,Nashik,Representative Nashik (Simulated),Education & Schools,Construction of Separate Girls Toilet and Wash Area in Govt High School Village-188,Construction of Separate Girls Toilet and Wash Area in Govt High School Village-188. Execution by authorized implementing agency following standard technical specifications.,Block-9,Village-188,20.020401,73.837251,True,530000.0,527562.69,459374.54,70625.46,2023-02-24,2023-03-21,2023-04-17,,In Progress,CONTRACTOR-DEMO-0142,Panchsheel Infra Solutions,Municipal Corporation Public Works
MPLADS-DEMO-000955,DEMO-SYNTHETIC-v1,SYNTHETIC_DEMONSTRATION,MPLADS_STYLE_STRUCTURE,Uttar Pradesh,Varanasi,Varanasi,Representative Varanasi (Simulated),Healthcare Infrastructure,Construction of Maternity & Child Healthcare Ward at Primary Health Sub-Center Village-180,Construction of Maternity & Child Healthcare Ward at Primary Health Sub-Center Village-180. Execution by authorized implementing agency following standard technical specifications.,Block-1,Village-180,25.351617,82.933366,True,2620000.0,2673717.6,2102221.39,517778.61,2023-08-05,2023-09-06,2023-10-17,2024-03-13,Completed,CONTRACTOR-DEMO-0059,National Rural Developers,Panchayati Raj Engineering Division
MPLADS-DEMO-000956,DEMO-SYNTHETIC-v1,SYNTHETIC_DEMONSTRATION,MPLADS_STYLE_STRUCTURE,Uttar Pradesh,Gorakhpur,Gorakhpur,Representative Gorakhpur (Simulated),Irrigation & Water Conservation,Desilting and Deepening of Traditional Village Water Reservoir in Village-189,Desilting and Deepening of Traditional Village Water Reservoir in Village-189. Execution by authorized implementing agency following standard technical specifications.,Block-10,Village-189,26.7269,83.309108,True,1670000.0,1636822.87,1542225.51,127774.49,2023-02-17,2023-03-06,2023-03-25,2023-06-23,Completed,CONTRACTOR-DEMO-0162,Reliable Enterprises,Panchayati Raj Engineering Division
MPLADS-DEMO-000957,DEMO-SYNTHETIC-v1,SYNTHETIC_DEMONSTRATION,MPLADS_STYLE_STRUCTURE,Gujarat,Surat,Surat,Representative Surat (Simulated),Healthcare Infrastructure,Development of Emergency Cold Storage and Pharmacy Room at Hospital Village-115,Development of Emergency Cold Storage and Pharmacy Room at Hospital Village-115. Execution by authorized implementing agency following standard technical specifications.,Block-6,Village-115,21.10676,72.862855,True,1310000.0,1290968.12,1214918.63,95081.37,2024-04-27,2024-06-03,2024-06-22,2024-11-25,Completed,CONTRACTOR-DEMO-0119,Shiv Shakti Infrastructure Ltd,District Rural Development Agency (DRDA)
MPLADS-DEMO-000958,DEMO-SYNTHETIC-v1,SYNTHETIC_DEMONSTRATION,MPLADS_STYLE_STRUCTURE,Kerala,Kozhikode,Kozhikode,Representative Kozhikode (Simulated),Irrigation & Water Conservation,Desilting and Deepening of Traditional Village Water Reservoir in Village-95,Desilting and Deepening of Traditional Village Water Reservoir in Village-95. Execution by authorized implementing agency following standard technical specifications.,Block-6,Village-95,11.25876,75.814644,True,1200000.0,1204408.02,1105611.54,94388.46,2023-05-11,2023-06-04,2023-06-21,2023-12-17,Completed,CONTRACTOR-DEMO-0123,Navnirman Urban Works Pvt Ltd,Panchayati Raj Engineering Division
MPLADS-DEMO-000959,DEMO-SYNTHETIC-v1,SYNTHETIC_DEMONSTRATION,MPLADS_STYLE_STRUCTURE,Rajasthan,Jodhpur,Jodhpur,Representative Jodhpur (Simulated),Irrigation & Water Conservation,Desilting and Deepening of Traditional Village Water Reservoir in Village-119,Desilting and Deepening of Traditional Village Water Reservoir in Village-119. Execution by authorized implementing agency following standard technical specifications.,Block-10,Village-119,26.286829,73.019671,True,990000.0,961652.96,913400.71,76599.29,2023-08-17,2023-09-01,2023-09-24,2024-03-14,Completed,CONTRACTOR-DEMO-0165,Riddhi Infra Solutions,Rural Engineering Service (RES)
MPLADS-DEMO-000960,DEMO-SYNTHETIC-v1,SYNTHETIC_DEMONSTRATION,MPLADS_STYLE_STRUCTURE,Madhya Pradesh,Indore,Indore,Representative Indore (Simulated),Rural Connectivity & Roads,Construction of Cement Concrete (CC) Road and Drain Channel at Village-112,Construction of Cement Concrete (CC) Road and Drain Channel at Village-112. Execution by authorized implementing agency following standard technical specifications.,Block-3,Village-112,22.757479,75.87873,True,2040000.0,1983049.51,1973883.34,66116.66,2023-05-06,2023-05-26,2023-06-11,2023-10-02,Completed,CONTRACTOR-DEMO-0073,Gitanjali Engineering Works,District Rural Development Agency (DRDA)
MPLADS-DEMO-000961,DEMO-SYNTHETIC-v1,SYNTHETIC_DEMONSTRATION,MPLADS_STYLE_STRUCTURE,Uttar Pradesh,Varanasi,Varanasi,Representative Varanasi (Simulated),Community Infrastructure,Renovation and Expansion of Village Panchayat Bhavan in Village-101,Renovation and Expansion of Village Panchayat Bhavan in Village-101. Execution by authorized implementing agency following standard technical specifications.,Block-2,Village-101,25.273181,83.016771,True,2800000.0,2750197.99,2222325.26,577674.74,2023-11-21,2024-01-05,2024-02-16,2024-06-10,Completed,CONTRACTOR-DEMO-0128,Classic Infrastructure Ltd,Minor Irrigation Division
MPLADS-DEMO-000962,DEMO-SYNTHETIC-v1,SYNTHETIC_DEMONSTRATION,MPLADS_STYLE_STRUCTURE,Gujarat,Ahmedabad,Ahmedabad West,Representative Ahmedabad (Simulated),Rural Connectivity & Roads,Construction of Cement Concrete (CC) Road and Drain Channel at Village-18,Construction of Cement Concrete (CC) Road and Drain Channel at Village-18. Execution by authorized implementing agency following standard technical specifications.,Block-9,Village-18,23.081384,72.598183,True,3150000.0,3096909.11,2532867.93,617132.07,2024-05-11,2024-06-25,2024-07-23,,In Progress,CONTRACTOR-DEMO-0007,Vikas Civil Projects,District Rural Development Agency (DRDA)
MPLADS-DEMO-000963,DEMO-SYNTHETIC-v1,SYNTHETIC_DEMONSTRATION,MPLADS_STYLE_STRUCTURE,Tamil Nadu,Salem,Salem,Representative Salem (Simulated),Drinking Water & Sanitation,Drilling of Deep Borewell and Solar-Powered Overhead Water Tank at Village-162,Drilling of Deep Borewell and Solar-Powered Overhead Water Tank at Village-162. Execution by authorized implementing agency following standard technical specifications.,Block-3,Village-162,11.63968,78.161402,True,890000.0,863075.53,693993.93,196006.07,2023-06-08,2023-07-13,2023-08-20,2023-12-05,Completed,CONTRACTOR-DEMO-0098,Vanguard Civil Projects,Municipal Corporation Public Works
MPLADS-DEMO-000964,DEMO-SYNTHETIC-v1,SYNTHETIC_DEMONSTRATION,MPLADS_STYLE_STRUCTURE,Karnataka,Bengaluru Rural,Bengaluru Rural,Representative Bengaluru Rural (Simulated),Community Infrastructure,Construction of Multipurpose Community Hall at Village Village-115,Construction of Multipurpose Community Hall at Village Village-115. Execution by authorized implementing agency following standard technical specifications.,Block-6,Village-115,13.047601,77.534794,True,2400000.0,2366630.52,1928857.97,471142.03,2024-04-05,2024-05-09,2024-06-23,2025-01-26,Completed,CONTRACTOR-DEMO-0091,Reliable Construction Co,Municipal Corporation Public Works
MPLADS-DEMO-000965,DEMO-SYNTHETIC-v1,SYNTHETIC_DEMONSTRATION,MPLADS_STYLE_STRUCTURE,Telangana,Nizamabad,Nizamabad,Representative Nizamabad (Simulated),Rural Connectivity & Roads,Interlocking Paver Block Road Installation along Main Street in Village-33,Interlocking Paver Block Road Installation along Main Street in Village-33. Execution by authorized implementing agency following standard technical specifications.,Block-4,Village-33,18.733012,78.130707,True,1530000.0,1587667.01,1228059.31,301940.69,2023-11-14,2023-12-13,2024-01-12,2024-07-25,Completed,CONTRACTOR-DEMO-0008,Apex Projects Ltd,District Rural Development Agency (DRDA)
MPLADS-DEMO-000966,DEMO-SYNTHETIC-v1,SYNTHETIC_DEMONSTRATION,MPLADS_STYLE_STRUCTURE,Karnataka,Mysuru,Mysuru,Representative Mysuru (Simulated),Community Infrastructure,Renovation and Expansion of Village Panchayat Bhavan in Village-193,Renovation and Expansion of Village Panchayat Bhavan in Village-193. Execution by authorized implementing agency following standard technical specifications.,Block-4,Village-193,12.250086,76.616215,True,2750000.0,2748006.91,2443644.36,306355.64,2024-04-15,2024-05-16,2024-06-04,2024-10-06,Completed,CONTRACTOR-DEMO-0074,Hindustan Urban Works Pvt Ltd,Minor Irrigation Division
MPLADS-DEMO-000967,DEMO-SYNTHETIC-v1,SYNTHETIC_DEMONSTRATION,MPLADS_STYLE_STRUCTURE,Maharashtra,Pune,Pune,Representative Pune (Simulated),Rural Connectivity & Roads,Construction of Cement Concrete (CC) Road and Drain Channel at Village-122,Construction of Cement Concrete (CC) Road and Drain Channel at Village-122. Execution by authorized implementing agency following standard technical specifications.,Block-3,Village-122,18.487456,73.873999,True,2430000.0,2402039.21,2169382.69,260617.31,2023-10-29,2023-11-21,2023-12-23,2024-07-09,Completed,CONTRACTOR-DEMO-0084,Apex Buildcon Pvt Ltd,Municipal Corporation Public Works
MPLADS-DEMO-000968,DEMO-SYNTHETIC-v1,SYNTHETIC_DEMONSTRATION,MPLADS_STYLE_STRUCTURE,Odisha,Cuttack,Cuttack,Representative Cuttack (Simulated),Renewable Energy,Installation of Solar LED High-Mast Lighting System at Market Yard Village-166,Installation of Solar LED High-Mast Lighting System at Market Yard Village-166. Execution by authorized implementing agency following standard technical specifications.,Block-7,Village-166,20.421965,85.938082,True,830000.0,804792.06,762509.86,67490.14,2024-01-26,2024-02-21,2024-04-09,2024-09-03,Completed,CONTRACTOR-DEMO-0067,Premier Infra Solutions,Panchayati Raj Engineering Division
MPLADS-DEMO-000969,DEMO-SYNTHETIC-v1,SYNTHETIC_DEMONSTRATION,MPLADS_STYLE_STRUCTURE,Madhya Pradesh,Bhopal,Bhopal,Representative Bhopal (Simulated),Healthcare Infrastructure,Construction of Maternity & Child Healthcare Ward at Primary Health Sub-Center Village-77,Construction of Maternity & Child Healthcare Ward at Primary Health Sub-Center Village-77. Execution by authorized implementing agency following standard technical specifications.,Block-8,Village-77,23.228828,77.366328,True,1860000.0,1789888.6,1670498.19,189501.81,2023-08-18,2023-09-06,2023-10-14,2024-02-03,Completed,CONTRACTOR-DEMO-0118,Om Rural Developers,Minor Irrigation Division
MPLADS-DEMO-000970,DEMO-SYNTHETIC-v1,SYNTHETIC_DEMONSTRATION,MPLADS_STYLE_STRUCTURE,Madhya Pradesh,Indore,Indore,Representative Indore (Simulated),Renewable Energy,Installation of Solar LED High-Mast Lighting System at Market Yard Village-153,Installation of Solar LED High-Mast Lighting System at Market Yard Village-153. Execution by authorized implementing agency following standard technical specifications.,Block-4,Village-153,22.712338,75.833531,True,620000.0,617814.78,493203.53,126796.47,2023-11-21,2024-01-03,2024-02-05,,In Progress,CONTRACTOR-DEMO-0036,Sai Projects Ltd,District Rural Development Agency (DRDA)
MPLADS-DEMO-000971,DEMO-SYNTHETIC-v1,SYNTHETIC_DEMONSTRATION,MPLADS_STYLE_STRUCTURE,Gujarat,Rajkot,Rajkot,Representative Rajkot (Simulated),Community Infrastructure,Construction of Multipurpose Community Hall at Village Village-84,Construction of Multipurpose Community Hall at Village Village-84. Execution by authorized implementing agency following standard technical specifications.,Block-5,Village-84,22.310735,70.785147,True,1600000.0,1642470.96,1338010.69,261989.31,2023-01-28,2023-03-10,2023-04-14,2023-09-19,Completed,CONTRACTOR-DEMO-0160,Krishna Engineering Works,Public Works Department (PWD)
MPLADS-DEMO-000972,DEMO-SYNTHETIC-v1,SYNTHETIC_DEMONSTRATION,MPLADS_STYLE_STRUCTURE,Tamil Nadu,Salem,Salem,Representative Salem (Simulated),Rural Connectivity & Roads,Upgradation of Rural Link Road connecting Hamlet to Main Highway at Village-145,Upgradation of Rural Link Road connecting Hamlet to Main Highway at Village-145. Execution by authorized implementing agency following standard technical specifications.,Block-6,Village-145,11.697644,78.08612,True,2480000.0,2524198.89,2267074.02,212925.98,2023-09-26,2023-10-14,2023-11-02,,In Progress,CONTRACTOR-DEMO-0030,Hindustan Civil Projects,Municipal Corporation Public Works
MPLADS-DEMO-000973,DEMO-SYNTHETIC-v1,SYNTHETIC_DEMONSTRATION,MPLADS_STYLE_STRUCTURE,Maharashtra,Nashik,Nashik,Representative Nashik (Simulated),Healthcare Infrastructure,Construction of Maternity & Child Healthcare Ward at Primary Health Sub-Center Village-24,Construction of Maternity & Child Healthcare Ward at Primary Health Sub-Center Village-24. Execution by authorized implementing agency following standard technical specifications.,Block-5,Village-24,20.030606,73.851202,True,2660000.0,2570870.58,2205198.02,454801.98,2023-02-19,2023-04-05,2023-05-15,2023-12-10,Completed,CONTRACTOR-DEMO-0110,Surya Shakti Rural Developers,Minor Irrigation Division
MPLADS-DEMO-000974,DEMO-SYNTHETIC-v1,SYNTHETIC_DEMONSTRATION,MPLADS_STYLE_STRUCTURE,Telangana,Nizamabad,Nizamabad,Representative Nizamabad (Simulated),Education & Schools,Installation of Digital Smart Classroom and Computer Lab Infrastructure at Village-141,Installation of Digital Smart Classroom and Computer Lab Infrastructure at Village-141. Execution by authorized implementing agency following standard technical specifications.,Block-2,Village-141,18.71447,78.134967,True,1270000.0,1235360.54,1175303.39,94696.61,2024-04-03,2024-05-03,2024-06-01,,In Progress,CONTRACTOR-DEMO-0169,Swastik Civil Projects,Minor Irrigation Division
MPLADS-DEMO-000975,DEMO-SYNTHETIC-v1,SYNTHETIC_DEMONSTRATION,MPLADS_STYLE_STRUCTURE,Karnataka,Dharwad,Dharwad,Representative Dharwad (Simulated),Community Infrastructure,Construction of Multipurpose Community Hall at Village Village-165,Construction of Multipurpose Community Hall at Village Village-165. Execution by authorized implementing agency following standard technical specifications.,Block-6,Village-165,15.503476,74.972118,True,1250000.0,1204217.59,1155576.73,94423.27,2024-05-15,2024-06-07,2024-06-30,2024-12-04,Completed,CONTRACTOR-DEMO-0103,Om Enterprises,Minor Irrigation Division
MPLADS-DEMO-000976,DEMO-SYNTHETIC-v1,SYNTHETIC_DEMONSTRATION,MPLADS_STYLE_STRUCTURE,Kerala,Wayanad,Wayanad,Representative Wayanad (Simulated),Education & Schools,Construction of Additional Classrooms at Govt Senior Secondary School Village-131,Construction of Additional Classrooms at Govt Senior Secondary School Village-131. Execution by authorized implementing agency following standard technical specifications.,Block-2,Village-131,11.71992,76.13099,True,2460000.0,2469846.12,1867705.57,592294.43,2023-11-12,2023-11-28,2023-12-26,,In Progress,CONTRACTOR-DEMO-0129,Mahalaxmi Engineers & Builders,Public Works Department (PWD)
MPLADS-DEMO-000977,DEMO-SYNTHETIC-v1,SYNTHETIC_DEMONSTRATION,MPLADS_STYLE_STRUCTURE,Rajasthan,Udaipur,Udaipur,Representative Udaipur (Simulated),Healthcare Infrastructure,Construction of Maternity & Child Healthcare Ward at Primary Health Sub-Center Village-149,Construction of Maternity & Child Healthcare Ward at Primary Health Sub-Center Village-149. Execution by authorized implementing agency following standard technical specifications.,Block-10,Village-149,24.635014,73.713689,True,2220000.0,2201739.43,1742741.84,477258.16,2023-01-18,2023-02-19,2023-03-23,2023-10-14,Completed,CONTRACTOR-DEMO-0103,Om Enterprises,Rural Engineering Service (RES)
MPLADS-DEMO-000978,DEMO-SYNTHETIC-v1,SYNTHETIC_DEMONSTRATION,MPLADS_STYLE_STRUCTURE,Telangana,Karimnagar,Karimnagar,Representative Karimnagar (Simulated),Drinking Water & Sanitation,Drilling of Deep Borewell and Solar-Powered Overhead Water Tank at Village-86,Drilling of Deep Borewell and Solar-Powered Overhead Water Tank at Village-86. Execution by authorized implementing agency following standard technical specifications.,Block-7,Village-86,18.39905,79.180531,True,750000.0,727150.06,611728.35,138271.65,2023-01-29,2023-03-12,2023-04-28,2023-09-02,Completed,CONTRACTOR-DEMO-0051,Maruti Engineering Works,Public Works Department (PWD)
MPLADS-DEMO-000979,DEMO-SYNTHETIC-v1,SYNTHETIC_DEMONSTRATION,MPLADS_STYLE_STRUCTURE,Gujarat,Ahmedabad,Ahmedabad West,Representative Ahmedabad (Simulated),Education & Schools,Construction of Additional Classrooms at Govt Senior Secondary School Village-191,Construction of Additional Classrooms at Govt Senior Secondary School Village-191. Execution by authorized implementing agency following standard technical specifications.,Block-2,Village-191,23.078801,72.533126,True,2160000.0,2217530.25,1954945.71,205054.29,2024-04-12,2024-05-15,2024-06-22,2024-11-02,Completed,CONTRACTOR-DEMO-0149,Classic Buildcon Pvt Ltd,District Rural Development Agency (DRDA)
MPLADS-DEMO-000980,DEMO-SYNTHETIC-v1,SYNTHETIC_DEMONSTRATION,MPLADS_STYLE_STRUCTURE,Uttar Pradesh,Varanasi,Varanasi,Representative Varanasi (Simulated),Renewable Energy,Installation of Solar LED High-Mast Lighting System at Market Yard Village-80,Installation of Solar LED High-Mast Lighting System at Market Yard Village-80. Execution by authorized implementing agency following standard technical specifications.,Block-1,Village-80,25.254207,83.016746,True,660000.0,644495.42,638723.49,21276.51,2023-08-01,2023-09-04,2023-10-18,2024-02-12,Completed,CONTRACTOR-DEMO-0129,Mahalaxmi Engineers & Builders,Panchayati Raj Engineering Division
MPLADS-DEMO-000981,DEMO-SYNTHETIC-v1,SYNTHETIC_DEMONSTRATION,MPLADS_STYLE_STRUCTURE,Karnataka,Dharwad,Dharwad,Representative Dharwad (Simulated),Renewable Energy,Supply and Erection of 30 Standalone Solar Street Lights in Village-171,Supply and Erection of 30 Standalone Solar Street Lights in Village-171. Execution by authorized implementing agency following standard technical specifications.,Block-2,Village-171,15.505357,74.975107,True,890000.0,862037.03,667555.42,222444.58,2023-01-30,2023-02-16,2023-03-03,2023-05-17,Completed,CONTRACTOR-DEMO-0081,Vanguard Urban Works Pvt Ltd,Panchayati Raj Engineering Division
MPLADS-DEMO-000982,DEMO-SYNTHETIC-v1,SYNTHETIC_DEMONSTRATION,MPLADS_STYLE_STRUCTURE,Madhya Pradesh,Indore,Indore,Representative Indore (Simulated),Healthcare Infrastructure,Development of Emergency Cold Storage and Pharmacy Room at Hospital Village-41,Development of Emergency Cold Storage and Pharmacy Room at Hospital Village-41. Execution by authorized implementing agency following standard technical specifications.,Block-2,Village-41,22.66724,75.840546,True,2020000.0,1970030.93,1711602.77,308397.23,2024-04-07,2024-05-14,2024-06-02,,In Progress,CONTRACTOR-DEMO-0171,Golden Contractors,Public Works Department (PWD)
MPLADS-DEMO-000983,DEMO-SYNTHETIC-v1,SYNTHETIC_DEMONSTRATION,MPLADS_STYLE_STRUCTURE,Rajasthan,Jaipur,Jaipur,Representative Jaipur (Simulated),Irrigation & Water Conservation,Construction of Check Dam and Water Harvesting Percolation Tank at Village-31,Construction of Check Dam and Water Harvesting Percolation Tank at Village-31. Execution by authorized implementing agency following standard technical specifications.,Block-2,Village-31,26.886667,75.756454,True,2120000.0,2190310.4,1648670.48,471329.52,2023-12-06,2023-12-21,2024-02-04,,In Progress,CONTRACTOR-DEMO-0032,Golden Rural Developers,Public Works Department (PWD)
MPLADS-DEMO-000984,DEMO-SYNTHETIC-v1,SYNTHETIC_DEMONSTRATION,MPLADS_STYLE_STRUCTURE,Kerala,Kozhikode,Kozhikode,Representative Kozhikode (Simulated),Drinking Water & Sanitation,Laying of Underground Drinking Water Pipeline Distribution in Village-149,Laying of Underground Drinking Water Pipeline Distribution in Village-149. Execution by authorized implementing agency following standard technical specifications.,Block-10,Village-149,11.284139,75.750907,True,820000.0,833308.71,705476.13,114523.87,2024-01-24,2024-02-16,2024-03-15,,In Progress,CONTRACTOR-DEMO-0177,Apex Enterprises,Panchayati Raj Engineering Division
MPLADS-DEMO-000985,DEMO-SYNTHETIC-v1,SYNTHETIC_DEMONSTRATION,MPLADS_STYLE_STRUCTURE,Gujarat,Rajkot,Rajkot,Representative Rajkot (Simulated),Community Infrastructure,Renovation and Expansion of Village Panchayat Bhavan in Village-111,Renovation and Expansion of Village Panchayat Bhavan in Village-111. Execution by authorized implementing agency following standard technical specifications.,Block-2,Village-111,22.346859,70.790815,True,1430000.0,1438781.42,1086982.69,343017.31,2023-02-16,2023-03-19,2023-04-21,2023-08-25,Completed,CONTRACTOR-DEMO-0072,Sai Rural Developers,Public Works Department (PWD)
MPLADS-DEMO-000986,DEMO-SYNTHETIC-v1,SYNTHETIC_DEMONSTRATION,MPLADS_STYLE_STRUCTURE,Kerala,Wayanad,Wayanad,Representative Wayanad (Simulated),Rural Connectivity & Roads,Interlocking Paver Block Road Installation along Main Street in Village-61,Interlocking Paver Block Road Installation along Main Street in Village-61. Execution by authorized implementing agency following standard technical specifications.,Block-2,Village-61,11.710058,76.172346,True,1630000.0,1570553.65,1433648.17,196351.83,2024-03-28,2024-05-08,2024-06-27,2025-01-13,Completed,CONTRACTOR-DEMO-0063,Navnirman Infrastructure Ltd,Minor Irrigation Division
MPLADS-DEMO-000987,DEMO-SYNTHETIC-v1,SYNTHETIC_DEMONSTRATION,MPLADS_STYLE_STRUCTURE,Odisha,Khordha,Bhubaneswar,Representative Khordha (Simulated),Healthcare Infrastructure,Construction of Maternity & Child Healthcare Ward at Primary Health Sub-Center Village-74,Construction of Maternity & Child Healthcare Ward at Primary Health Sub-Center Village-74. Execution by authorized implementing agency following standard technical specifications.,Block-5,Village-74,20.163225,85.633946,True,2960000.0,3035945.12,2590757.38,369242.62,2023-07-25,2023-08-31,2023-10-20,2024-03-25,Completed,CONTRACTOR-DEMO-0192,Navnirman Buildcon Pvt Ltd,Minor Irrigation Division
MPLADS-DEMO-000988,DEMO-SYNTHETIC-v1,SYNTHETIC_DEMONSTRATION,MPLADS_STYLE_STRUCTURE,Rajasthan,Udaipur,Udaipur,Representative Udaipur (Simulated),Education & Schools,Installation of Digital Smart Classroom and Computer Lab Infrastructure at Village-149,Installation of Digital Smart Classroom and Computer Lab Infrastructure at Village-149. Execution by authorized implementing agency following standard technical specifications.,Block-10,Village-149,24.572631,73.708273,True,1140000.0,1164378.97,893709.42,246290.58,2023-12-25,2024-02-08,2024-03-28,2024-09-29,Completed,CONTRACTOR-DEMO-0026,Gitanjali Buildcon Pvt Ltd,Municipal Corporation Public Works
MPLADS-DEMO-000989,DEMO-SYNTHETIC-v1,SYNTHETIC_DEMONSTRATION,MPLADS_STYLE_STRUCTURE,Uttar Pradesh,Gorakhpur,Gorakhpur,Representative Gorakhpur (Simulated),Drinking Water & Sanitation,Drilling of Deep Borewell and Solar-Powered Overhead Water Tank at Village-92,Drilling of Deep Borewell and Solar-Powered Overhead Water Tank at Village-92. Execution by authorized implementing agency following standard technical specifications.,Block-3,Village-92,26.77951,83.3668,True,840000.0,864312.96,661738.15,178261.85,2023-02-05,2023-03-12,2023-04-28,2023-08-18,Completed,CONTRACTOR-DEMO-0157,Surya Shakti Infra Solutions,District Rural Development Agency (DRDA)
MPLADS-DEMO-000990,DEMO-SYNTHETIC-v1,SYNTHETIC_DEMONSTRATION,MPLADS_STYLE_STRUCTURE,Karnataka,Dharwad,Dharwad,Representative Dharwad (Simulated),Healthcare Infrastructure,Development of Emergency Cold Storage and Pharmacy Room at Hospital Village-41,Development of Emergency Cold Storage and Pharmacy Room at Hospital Village-41. Execution by authorized implementing agency following standard technical specifications.,Block-2,Village-41,15.504543,75.01738,True,2240000.0,2292376.18,2104877.97,135122.03,2023-08-05,2023-08-24,2023-10-04,2024-04-24,Completed,CONTRACTOR-DEMO-0143,Mahalaxmi Rural Developers,Public Works Department (PWD)
MPLADS-DEMO-000991,DEMO-SYNTHETIC-v1,SYNTHETIC_DEMONSTRATION,MPLADS_STYLE_STRUCTURE,Karnataka,Mysuru,Mysuru,Representative Mysuru (Simulated),Community Infrastructure,Construction of Multipurpose Community Hall at Village Village-66,Construction of Multipurpose Community Hall at Village Village-66. Execution by authorized implementing agency following standard technical specifications.,Block-7,Village-66,12.352286,76.660803,True,1410000.0,1437039.43,1279324.67,130675.33,2024-02-22,2024-03-28,2024-05-13,,In Progress,CONTRACTOR-DEMO-0191,Surya Shakti Civil Projects,District Rural Development Agency (DRDA)
MPLADS-DEMO-000992,DEMO-SYNTHETIC-v1,SYNTHETIC_DEMONSTRATION,MPLADS_STYLE_STRUCTURE,Karnataka,Dharwad,Dharwad,Representative Dharwad (Simulated),Education & Schools,Setup of Science Laboratory and Learning Resource Center in Village-57,Setup of Science Laboratory and Learning Resource Center in Village-57. Execution by authorized implementing agency following standard technical specifications.,Block-8,Village-57,15.468913,75.040277,True,1780000.0,1815822.93,1378571.06,401428.94,2023-12-08,2024-01-20,2024-02-13,2024-06-15,Completed,CONTRACTOR-DEMO-0187,Balaji Engineering Works,Public Works Department (PWD)
MPLADS-DEMO-000993,DEMO-SYNTHETIC-v1,SYNTHETIC_DEMONSTRATION,MPLADS_STYLE_STRUCTURE,Odisha,Cuttack,Cuttack,Representative Cuttack (Simulated),Irrigation & Water Conservation,Construction of Reinforced Concrete Irrigation Sluice Gate and Channel in Village-28,Construction of Reinforced Concrete Irrigation Sluice Gate and Channel in Village-28. Execution by authorized implementing agency following standard technical specifications.,Block-9,Village-28,20.461876,85.93706,True,1780000.0,1844095.75,1434006.57,345993.43,2023-08-10,2023-09-12,2023-10-10,2024-01-17,Completed,CONTRACTOR-DEMO-0052,Siddhartha Urban Works Pvt Ltd,Public Works Department (PWD)
MPLADS-DEMO-000994,DEMO-SYNTHETIC-v1,SYNTHETIC_DEMONSTRATION,MPLADS_STYLE_STRUCTURE,Gujarat,Rajkot,Rajkot,Representative Rajkot (Simulated),Community Infrastructure,Construction of Open Air Gymnasium and Seating Area at Village-31,Construction of Open Air Gymnasium and Seating Area at Village-31. Execution by authorized implementing agency following standard technical specifications.,Block-2,Village-31,22.265821,70.844795,True,690000.0,666099.61,589327.52,100672.48,2023-03-16,2023-04-26,2023-06-02,2023-08-18,Completed,CONTRACTOR-DEMO-0182,Mahalaxmi Projects Ltd,Municipal Corporation Public Works
MPLADS-DEMO-000995,DEMO-SYNTHETIC-v1,SYNTHETIC_DEMONSTRATION,MPLADS_STYLE_STRUCTURE,Rajasthan,Jaipur,Jaipur,Representative Jaipur (Simulated),Rural Connectivity & Roads,Construction of Culvert and Cross-Drainage Structure on Link Road Village-96,Construction of Culvert and Cross-Drainage Structure on Link Road Village-96. Execution by authorized implementing agency following standard technical specifications.,Block-7,Village-96,26.874498,75.778008,True,2420000.0,2446178.51,2145250.92,274749.08,2023-12-28,2024-02-11,2024-02-28,2024-08-10,Completed,CONTRACTOR-DEMO-0011,Mahalaxmi Infrastructure Ltd,District Rural Development Agency (DRDA)
MPLADS-DEMO-000996,DEMO-SYNTHETIC-v1,SYNTHETIC_DEMONSTRATION,MPLADS_STYLE_STRUCTURE,Kerala,Ernakulam,Ernakulam,Representative Ernakulam (Simulated),Education & Schools,Setup of Science Laboratory and Learning Resource Center in Village-193,Setup of Science Laboratory and Learning Resource Center in Village-193. Execution by authorized implementing agency following standard technical specifications.,Block-4,Village-193,9.986672,76.247641,True,1780000.0,1792406.56,1695532.28,84467.72,2024-05-14,2024-06-28,2024-07-14,,In Progress,CONTRACTOR-DEMO-0128,Classic Infrastructure Ltd,Public Works Department (PWD)
MPLADS-DEMO-000997,DEMO-SYNTHETIC-v1,SYNTHETIC_DEMONSTRATION,MPLADS_STYLE_STRUCTURE,Karnataka,Bengaluru Rural,Bengaluru Rural,Representative Bengaluru Rural (Simulated),Rural Connectivity & Roads,Construction of Cement Concrete (CC) Road and Drain Channel at Village-22,Construction of Cement Concrete (CC) Road and Drain Channel at Village-22. Execution by authorized implementing agency following standard technical specifications.,Block-3,Village-22,13.031401,77.610782,True,3210000.0,3318449.44,2743194.82,466805.18,2024-02-02,2024-03-08,2024-04-07,2024-10-19,Completed,CONTRACTOR-DEMO-0012,Vanguard Rural Developers,District Rural Development Agency (DRDA)
MPLADS-DEMO-000998,DEMO-SYNTHETIC-v1,SYNTHETIC_DEMONSTRATION,MPLADS_STYLE_STRUCTURE,Rajasthan,Jaipur,Jaipur,Representative Jaipur (Simulated),Renewable Energy,Installation of 10kW Rooftop Solar Power System at Primary Health Center Village-116,Installation of 10kW Rooftop Solar Power System at Primary Health Center Village-116. Execution by authorized implementing agency following standard technical specifications.,Block-7,Village-116,26.875552,75.775679,True,600000.0,608823.54,531893.21,68106.79,2023-12-26,2024-01-10,2024-02-26,2024-09-16,Completed,CONTRACTOR-DEMO-0050,Sai Engineering Works,Panchayati Raj Engineering Division
MPLADS-DEMO-000999,DEMO-SYNTHETIC-v1,SYNTHETIC_DEMONSTRATION,MPLADS_STYLE_STRUCTURE,Uttar Pradesh,Gorakhpur,Gorakhpur,Representative Gorakhpur (Simulated),Healthcare Infrastructure,Development of Emergency Cold Storage and Pharmacy Room at Hospital Village-100,Development of Emergency Cold Storage and Pharmacy Room at Hospital Village-100. Execution by authorized implementing agency following standard technical specifications.,Block-1,Village-100,26.79977,83.377836,True,2120000.0,2043462.04,1875568.33,244431.67,2024-01-07,2024-02-21,2024-03-18,2024-08-15,Completed,CONTRACTOR-DEMO-0045,Shiv Shakti Rural Developers,Public Works Department (PWD)
MPLADS-DEMO-001000,DEMO-SYNTHETIC-v1,SYNTHETIC_DEMONSTRATION,MPLADS_STYLE_STRUCTURE,Rajasthan,Jaipur,Jaipur,Representative Jaipur (Simulated),Renewable Energy,Supply and Erection of 30 Standalone Solar Street Lights in Village-110,Supply and Erection of 30 Standalone Solar Street Lights in Village-110. Execution by authorized implementing agency following standard technical specifications.,Block-1,Village-110,26.861658,75.742424,True,540000.0,527002.12,465391.93,74608.07,2023-01-17,2023-02-24,2023-03-22,2023-06-16,Completed,CONTRACTOR-DEMO-0081,Vanguard Urban Works Pvt Ltd,Rural Engineering Service (RES)
