tender_id,project_id,tender_title,tender_reference_no,procurement_method,tender_stage,publishing_date,closing_date,award_date,estimated_tender_value,awarded_contract_value,winning_contractor_id,winning_contractor_name,bidder_count,status
TENDER-DEMO-00001,MPLADS-DEMO-000001,Procurement for Construction of Multipurpose Community Hall at Village-Kalyanpur,NIT/Pub/RAJ/2023/0002,E-Procurement,Notice Inviting Tender (NIT),2023-01-24,2023-02-14,2023-02-21,6721677.72,6500000.0,CONTRACTOR-DEMO-0001,Apex Infrastructure Ltd,3,Completed
TENDER-DEMO-00002,MPLADS-DEMO-000001,Procurement for Construction of Multipurpose Community Hall at Village-Kalyanpur,WO/RAJ/2023/0003,E-Procurement,Work Order Issued,2023-02-01,2023-02-10,2023-02-15,6500000.0,6500000.0,CONTRACTOR-DEMO-0001,Apex Infrastructure Ltd,1,Awarded
TENDER-DEMO-00003,MPLADS-DEMO-000002,Procurement for Development of Community Hall and Boundary Wall in Village-Kalyanpur,NIT/Pub/RAJ/2023/0004,E-Procurement,Notice Inviting Tender (NIT),2023-04-12,2023-04-29,2023-05-09,1852302.85,1850000.0,CONTRACTOR-DEMO-0001,Apex Infrastructure Ltd,7,Completed
TENDER-DEMO-00004,MPLADS-DEMO-000002,Procurement for Development of Community Hall and Boundary Wall in Village-Kalyanpur,WO/RAJ/2023/0005,E-Procurement,Work Order Issued,2023-04-26,2023-05-05,2023-05-10,1850000.0,1850000.0,CONTRACTOR-DEMO-0001,Apex Infrastructure Ltd,1,Awarded
TENDER-DEMO-00005,MPLADS-DEMO-000003,Procurement for Construction of Community Center and Peripheral Wall in Village-Kalyanpur,NIT/Pub/RAJ/2023/0006,E-Procurement,Notice Inviting Tender (NIT),2023-04-08,2023-04-24,2023-05-01,1924420.64,1900000.0,CONTRACTOR-DEMO-0002,Shree Ganesh Construction Co,3,Completed
TENDER-DEMO-00006,MPLADS-DEMO-000003,Procurement for Construction of Community Center and Peripheral Wall in Village-Kalyanpur,WO/RAJ/2023/0007,E-Procurement,Work Order Issued,2023-04-28,2023-05-08,2023-05-14,1900000.0,1900000.0,CONTRACTOR-DEMO-0002,Shree Ganesh Construction Co,1,Awarded
TENDER-DEMO-00007,MPLADS-DEMO-000004,Procurement for Interlocking Paver Block Road and Drain Channel Part 1 in Village-Sundarpur,NIT/Rur/RAJ/2023/0008,Quotation / Direct Award,Notice Inviting Tender (NIT),2023-08-26,2023-09-09,2023-09-18,517468.67,495000.0,CONTRACTOR-DEMO-0001,Apex Infrastructure Ltd,2,Completed
TENDER-DEMO-00008,MPLADS-DEMO-000004,Procurement for Interlocking Paver Block Road and Drain Channel Part 1 in Village-Sundarpur,WO/RAJ/2023/0009,E-Procurement,Work Order Issued,2023-09-04,2023-09-12,2023-09-16,495000.0,495000.0,CONTRACTOR-DEMO-0001,Apex Infrastructure Ltd,1,Awarded
TENDER-DEMO-00009,MPLADS-DEMO-000005,Procurement for Interlocking Paver Block Road and Drain Channel Part 2 in Village-Sundarpur,NIT/Rur/RAJ/2023/0010,Quotation / Direct Award,Notice Inviting Tender (NIT),2023-08-19,2023-09-01,2023-09-09,494162.8,492000.0,CONTRACTOR-DEMO-0001,Apex Infrastructure Ltd,2,Completed
TENDER-DEMO-00010,MPLADS-DEMO-000005,Procurement for Interlocking Paver Block Road and Drain Channel Part 2 in Village-Sundarpur,WO/RAJ/2023/0011,E-Procurement,Work Order Issued,2023-09-05,2023-09-13,2023-09-17,492000.0,492000.0,CONTRACTOR-DEMO-0001,Apex Infrastructure Ltd,1,Awarded
TENDER-DEMO-00011,MPLADS-DEMO-000006,Procurement for Interlocking Paver Block Road and Drain Channel Part 3 in Village-Sundarpur,NIT/Rur/RAJ/2023/0012,Quotation / Direct Award,Notice Inviting Tender (NIT),2023-08-17,2023-08-31,2023-09-09,498659.5,488000.0,CONTRACTOR-DEMO-0001,Apex Infrastructure Ltd,1,Completed
TENDER-DEMO-00012,MPLADS-DEMO-000006,Procurement for Interlocking Paver Block Road and Drain Channel Part 3 in Village-Sundarpur,WO/RAJ/2023/0013,E-Procurement,Work Order Issued,2023-09-07,2023-09-14,2023-09-21,488000.0,488000.0,CONTRACTOR-DEMO-0001,Apex Infrastructure Ltd,1,Awarded
TENDER-DEMO-00013,MPLADS-DEMO-000007,Procurement for Widening of Rural Link Road connecting Village-Sundarpur,NIT/Pub/RAJ/2023/0014,E-Procurement,Notice Inviting Tender (NIT),2023-06-01,2023-06-14,2023-06-24,2471720.33,2400000.0,CONTRACTOR-DEMO-0001,Apex Infrastructure Ltd,7,Completed
TENDER-DEMO-00014,MPLADS-DEMO-000007,Procurement for Widening of Rural Link Road connecting Village-Sundarpur,WO/RAJ/2023/0015,E-Procurement,Work Order Issued,2023-06-17,2023-06-25,2023-06-30,2400000.0,2400000.0,CONTRACTOR-DEMO-0001,Apex Infrastructure Ltd,1,Awarded
TENDER-DEMO-00015,MPLADS-DEMO-000008,Procurement for Construction of CC Road and Drain in Village-Navagam,NIT/Rur/RAJ/2023/0016,E-Procurement,Notice Inviting Tender (NIT),2023-06-30,2023-07-11,2023-07-20,2254343.69,2200000.0,CONTRACTOR-DEMO-0004,Aditya Buildcon Pvt Ltd,4,Completed
TENDER-DEMO-00016,MPLADS-DEMO-000008,Procurement for Construction of CC Road and Drain in Village-Navagam,WO/RAJ/2023/0017,E-Procurement,Work Order Issued,2023-07-13,2023-07-20,2023-07-27,2200000.0,2200000.0,CONTRACTOR-DEMO-0004,Aditya Buildcon Pvt Ltd,1,Awarded
TENDER-DEMO-00017,MPLADS-DEMO-000009,Procurement for Installation of Community RO Water Purification Plant at Village-Sundarpur,NIT/Pan/RAJ/2023/0018,E-Procurement,Notice Inviting Tender (NIT),2023-05-02,2023-05-17,2023-05-25,755560.59,750000.0,CONTRACTOR-DEMO-0005,Shanti Contractors,5,Completed
TENDER-DEMO-00018,MPLADS-DEMO-000009,Procurement for Installation of Community RO Water Purification Plant at Village-Sundarpur,WO/RAJ/2023/0019,E-Procurement,Work Order Issued,2023-05-22,2023-06-01,2023-06-04,750000.0,750000.0,CONTRACTOR-DEMO-0005,Shanti Contractors,1,Awarded
TENDER-DEMO-00019,MPLADS-DEMO-000010,Procurement for Construction of Solar-Powered Community Facility and High-Mast Lighting at Village-Sundarpur,NIT/Pub/RAJ/2023/0020,Limited Tender,Notice Inviting Tender (NIT),2023-09-09,2023-09-28,2023-10-04,2400000.0,4850000.0,CONTRACTOR-DEMO-0001,Apex Infrastructure Ltd,1,Completed
TENDER-DEMO-00020,MPLADS-DEMO-000010,Procurement for Construction of Solar-Powered Community Facility and High-Mast Lighting at Village-Sundarpur,WO/RAJ/2023/0021,E-Procurement,Work Order Issued,2023-09-27,2023-10-02,2023-10-04,4850000.0,4850000.0,CONTRACTOR-DEMO-0001,Apex Infrastructure Ltd,1,Awarded
TENDER-DEMO-00021,MPLADS-DEMO-000011,Procurement for Supply of Diagnostic Medical Equipment and Patient Beds to Rural Clinic in Village-59,NIT/Dis/SAL/2023/0022,E-Procurement,Notice Inviting Tender (NIT),2023-03-28,2023-04-11,2023-04-23,1133253.23,1120000.0,CONTRACTOR-DEMO-0015,Maruti Contractors,7,Completed
TENDER-DEMO-00022,MPLADS-DEMO-000011,Procurement for Supply of Diagnostic Medical Equipment and Patient Beds to Rural Clinic in Village-59,WO/SAL/2023/0023,E-Procurement,Work Order Issued,2023-04-07,2023-04-18,2023-04-21,1120000.0,1120000.0,CONTRACTOR-DEMO-0015,Maruti Contractors,1,Awarded
TENDER-DEMO-00023,MPLADS-DEMO-000012,Procurement for Construction of Open Air Gymnasium and Seating Area at Village-92,NIT/Mun/NIZ/2023/0024,Open Tender,Notice Inviting Tender (NIT),2023-04-18,2023-04-28,2023-05-09,1300439.22,1270000.0,CONTRACTOR-DEMO-0101,Bharat Construction Co,6,Completed
TENDER-DEMO-00024,MPLADS-DEMO-000012,Procurement for Construction of Open Air Gymnasium and Seating Area at Village-92,WO/NIZ/2023/0025,E-Procurement,Work Order Issued,2023-04-29,2023-05-11,2023-05-16,1270000.0,1270000.0,CONTRACTOR-DEMO-0101,Bharat Construction Co,1,Awarded
TENDER-DEMO-00025,MPLADS-DEMO-000013,Procurement for Laying of Underground Drinking Water Pipeline Distribution in Village-150,NIT/Pub/WAY/2024/0026,E-Procurement,Notice Inviting Tender (NIT),2024-05-05,2024-05-20,2024-05-26,1108554.63,1120000.0,CONTRACTOR-DEMO-0044,United Engineering Works,3,Completed
TENDER-DEMO-00026,MPLADS-DEMO-000013,Procurement for Laying of Underground Drinking Water Pipeline Distribution in Village-150,WO/WAY/2024/0027,E-Procurement,Work Order Issued,2024-05-27,2024-06-01,2024-06-03,1120000.0,1120000.0,CONTRACTOR-DEMO-0044,United Engineering Works,1,Awarded
TENDER-DEMO-00027,MPLADS-DEMO-000014,Procurement for Upgradation of Rural Link Road connecting Hamlet to Main Highway at Village-164,NIT/Dis/JAB/2023/0028,Open Tender,Notice Inviting Tender (NIT),2023-08-26,2023-09-09,2023-09-15,4613326.4,4530000.0,CONTRACTOR-DEMO-0150,Reliable Engineering Works,5,Completed
TENDER-DEMO-00028,MPLADS-DEMO-000014,Procurement for Upgradation of Rural Link Road connecting Hamlet to Main Highway at Village-164,WO/JAB/2023/0029,E-Procurement,Work Order Issued,2023-09-06,2023-09-12,2023-09-19,4530000.0,4530000.0,CONTRACTOR-DEMO-0150,Reliable Engineering Works,1,Awarded
TENDER-DEMO-00029,MPLADS-DEMO-000015,Procurement for Upgradation of Rural Link Road connecting Hamlet to Main Highway at Village-6,NIT/Mun/COI/2024/0030,Open Tender,Notice Inviting Tender (NIT),2024-02-06,2024-02-19,2024-02-24,3752610.51,3600000.0,CONTRACTOR-DEMO-0062,Panchsheel Projects Ltd,7,Completed
TENDER-DEMO-00030,MPLADS-DEMO-000015,Procurement for Upgradation of Rural Link Road connecting Hamlet to Main Highway at Village-6,WO/COI/2024/0031,E-Procurement,Work Order Issued,2024-02-29,2024-03-05,2024-03-07,3600000.0,3600000.0,CONTRACTOR-DEMO-0062,Panchsheel Projects Ltd,1,Awarded
TENDER-DEMO-00031,MPLADS-DEMO-000016,Procurement for Interlocking Paver Block Road Installation along Main Street in Village-163,NIT/Pan/NIZ/2024/0032,Open Tender,Notice Inviting Tender (NIT),2024-03-16,2024-04-04,2024-04-13,1759811.97,1760000.0,CONTRACTOR-DEMO-0083,Maruti Buildcon Pvt Ltd,4,Completed
TENDER-DEMO-00032,MPLADS-DEMO-000016,Procurement for Interlocking Paver Block Road Installation along Main Street in Village-163,WO/NIZ/2024/0033,E-Procurement,Work Order Issued,2024-04-02,2024-04-10,2024-04-16,1760000.0,1760000.0,CONTRACTOR-DEMO-0083,Maruti Buildcon Pvt Ltd,1,Awarded
TENDER-DEMO-00033,MPLADS-DEMO-000017,Procurement for Supply and Erection of 30 Standalone Solar Street Lights in Village-188,NIT/Dis/AHM/2023/0034,Open Tender,Notice Inviting Tender (NIT),2023-04-06,2023-04-24,2023-05-04,727197.63,700000.0,CONTRACTOR-DEMO-0046,Classic Projects Ltd,4,Completed
TENDER-DEMO-00034,MPLADS-DEMO-000017,Procurement for Supply and Erection of 30 Standalone Solar Street Lights in Village-188,WO/AHM/2023/0035,E-Procurement,Work Order Issued,2023-04-19,2023-04-29,2023-05-02,700000.0,700000.0,CONTRACTOR-DEMO-0046,Classic Projects Ltd,1,Awarded
TENDER-DEMO-00035,MPLADS-DEMO-000018,Procurement for Desilting and Deepening of Traditional Village Water Reservoir in Village-76,NIT/Pub/GAN/2024/0036,Open Tender,Notice Inviting Tender (NIT),2024-02-13,2024-02-29,2024-03-08,956844.6,940000.0,CONTRACTOR-DEMO-0097,Surya Shakti Buildcon Pvt Ltd,3,Completed
TENDER-DEMO-00036,MPLADS-DEMO-000018,Procurement for Desilting and Deepening of Traditional Village Water Reservoir in Village-76,WO/GAN/2024/0037,E-Procurement,Work Order Issued,2024-02-27,2024-03-04,2024-03-10,940000.0,940000.0,CONTRACTOR-DEMO-0097,Surya Shakti Buildcon Pvt Ltd,1,Awarded
TENDER-DEMO-00037,MPLADS-DEMO-000019,Procurement for Construction of Additional Classrooms at Govt Senior Secondary School Village-68,NIT/Pub/NIZ/2024/0038,Open Tender,Notice Inviting Tender (NIT),2024-05-24,2024-06-10,2024-06-16,2042464.56,2070000.0,CONTRACTOR-DEMO-0124,Samriddhi Construction Co,6,Completed
TENDER-DEMO-00038,MPLADS-DEMO-000019,Procurement for Construction of Additional Classrooms at Govt Senior Secondary School Village-68,WO/NIZ/2024/0039,E-Procurement,Work Order Issued,2024-06-08,2024-06-16,2024-06-21,2070000.0,2070000.0,CONTRACTOR-DEMO-0124,Samriddhi Construction Co,1,Awarded
TENDER-DEMO-00039,MPLADS-DEMO-000020,Procurement for Supply and Erection of 30 Standalone Solar Street Lights in Village-157,NIT/Dis/MAD/2023/0040,Open Tender,Notice Inviting Tender (NIT),2023-08-13,2023-08-25,2023-09-02,789654.73,790000.0,CONTRACTOR-DEMO-0013,Bharat Engineering Works,3,Completed
TENDER-DEMO-00040,MPLADS-DEMO-000020,Procurement for Supply and Erection of 30 Standalone Solar Street Lights in Village-157,WO/MAD/2023/0041,E-Procurement,Work Order Issued,2023-08-24,2023-09-02,2023-09-07,790000.0,790000.0,CONTRACTOR-DEMO-0013,Bharat Engineering Works,1,Awarded
TENDER-DEMO-00041,MPLADS-DEMO-000021,Procurement for Construction of Multipurpose Community Hall at Village Village-61,NIT/Mun/BEN/2024/0042,E-Procurement,Notice Inviting Tender (NIT),2024-01-19,2024-02-05,2024-02-13,1773329.72,1780000.0,CONTRACTOR-DEMO-0129,Mahalaxmi Engineers & Builders,3,Completed
TENDER-DEMO-00042,MPLADS-DEMO-000021,Procurement for Construction of Multipurpose Community Hall at Village Village-61,WO/BEN/2024/0043,E-Procurement,Work Order Issued,2024-02-03,2024-02-15,2024-02-20,1780000.0,1780000.0,CONTRACTOR-DEMO-0129,Mahalaxmi Engineers & Builders,1,Awarded
TENDER-DEMO-00043,MPLADS-DEMO-000022,Procurement for Construction of Cement Concrete (CC) Road and Drain Channel at Village-177,NIT/Pan/BHO/2024/0044,Open Tender,Notice Inviting Tender (NIT),2024-01-19,2024-02-09,2024-02-20,2286990.3,2200000.0,CONTRACTOR-DEMO-0019,Samriddhi Infrastructure Ltd,6,Completed
TENDER-DEMO-00044,MPLADS-DEMO-000022,Procurement for Construction of Cement Concrete (CC) Road and Drain Channel at Village-177,WO/BHO/2024/0045,E-Procurement,Work Order Issued,2024-01-29,2024-02-07,2024-02-10,2200000.0,2200000.0,CONTRACTOR-DEMO-0019,Samriddhi Infrastructure Ltd,1,Awarded
TENDER-DEMO-00045,MPLADS-DEMO-000023,Procurement for Installation of Community RO Water Purification Plant at Village-117,NIT/Pub/GOR/2024/0046,E-Procurement,Notice Inviting Tender (NIT),2024-02-26,2024-03-13,2024-03-23,1002545.6,1000000.0,CONTRACTOR-DEMO-0056,Om Construction Co,6,Completed
TENDER-DEMO-00046,MPLADS-DEMO-000023,Procurement for Installation of Community RO Water Purification Plant at Village-117,WO/GOR/2024/0047,E-Procurement,Work Order Issued,2024-03-15,2024-03-27,2024-04-02,1000000.0,1000000.0,CONTRACTOR-DEMO-0056,Om Construction Co,1,Awarded
TENDER-DEMO-00047,MPLADS-DEMO-000024,Procurement for Construction of Reinforced Concrete Irrigation Sluice Gate and Channel in Village-54,NIT/Mun/KAR/2024/0048,E-Procurement,Notice Inviting Tender (NIT),2024-04-13,2024-04-28,2024-05-05,1224797.92,1190000.0,CONTRACTOR-DEMO-0037,Classic Urban Works Pvt Ltd,7,Completed
TENDER-DEMO-00048,MPLADS-DEMO-000024,Procurement for Construction of Reinforced Concrete Irrigation Sluice Gate and Channel in Village-54,WO/KAR/2024/0049,E-Procurement,Work Order Issued,2024-04-27,2024-05-04,2024-05-09,1190000.0,1190000.0,CONTRACTOR-DEMO-0037,Classic Urban Works Pvt Ltd,1,Awarded
TENDER-DEMO-00049,MPLADS-DEMO-000025,Procurement for Construction of Check Dam and Water Harvesting Percolation Tank at Village-29,NIT/Rur/GOR/2023/0050,Open Tender,Notice Inviting Tender (NIT),2023-11-25,2023-12-08,2023-12-18,1115248.73,1110000.0,CONTRACTOR-DEMO-0017,Vikas Engineers & Builders,5,Completed
TENDER-DEMO-00050,MPLADS-DEMO-000025,Procurement for Construction of Check Dam and Water Harvesting Percolation Tank at Village-29,WO/GOR/2023/0051,E-Procurement,Work Order Issued,2023-12-07,2023-12-16,2023-12-19,1110000.0,1110000.0,CONTRACTOR-DEMO-0017,Vikas Engineers & Builders,1,Awarded
TENDER-DEMO-00051,MPLADS-DEMO-000026,Procurement for Construction of Additional Classrooms at Govt Senior Secondary School Village-191,NIT/Pan/KOZ/2023/0052,Open Tender,Notice Inviting Tender (NIT),2023-09-30,2023-10-19,2023-10-31,2429610.38,2320000.0,CONTRACTOR-DEMO-0081,Vanguard Urban Works Pvt Ltd,7,Completed
TENDER-DEMO-00052,MPLADS-DEMO-000026,Procurement for Construction of Additional Classrooms at Govt Senior Secondary School Village-191,WO/KOZ/2023/0053,E-Procurement,Work Order Issued,2023-10-21,2023-10-27,2023-11-01,2320000.0,2320000.0,CONTRACTOR-DEMO-0081,Vanguard Urban Works Pvt Ltd,1,Awarded
TENDER-DEMO-00053,MPLADS-DEMO-000027,Procurement for Construction of Multipurpose Community Hall at Village Village-123,NIT/Dis/SAL/2023/0054,E-Procurement,Notice Inviting Tender (NIT),2023-02-25,2023-03-13,2023-03-23,1336871.37,1330000.0,CONTRACTOR-DEMO-0036,Sai Projects Ltd,3,Completed
TENDER-DEMO-00054,MPLADS-DEMO-000027,Procurement for Construction of Multipurpose Community Hall at Village Village-123,WO/SAL/2023/0055,E-Procurement,Work Order Issued,2023-03-01,2023-03-12,2023-03-19,1330000.0,1330000.0,CONTRACTOR-DEMO-0036,Sai Projects Ltd,1,Awarded
TENDER-DEMO-00055,MPLADS-DEMO-000028,Procurement for Development of Emergency Cold Storage and Pharmacy Room at Hospital Village-141,NIT/Min/MAD/2023/0056,Open Tender,Notice Inviting Tender (NIT),2023-12-02,2023-12-18,2023-12-24,1980806.11,1960000.0,CONTRACTOR-DEMO-0171,Golden Contractors,5,Completed
TENDER-DEMO-00056,MPLADS-DEMO-000028,Procurement for Development of Emergency Cold Storage and Pharmacy Room at Hospital Village-141,WO/MAD/2023/0057,E-Procurement,Work Order Issued,2023-12-22,2023-12-31,2024-01-04,1960000.0,1960000.0,CONTRACTOR-DEMO-0171,Golden Contractors,1,Awarded
TENDER-DEMO-00057,MPLADS-DEMO-000029,Procurement for Construction of Reinforced Concrete Irrigation Sluice Gate and Channel in Village-185,NIT/Dis/CUT/2023/0058,Open Tender,Notice Inviting Tender (NIT),2023-08-24,2023-09-10,2023-09-17,1180239.52,1190000.0,CONTRACTOR-DEMO-0174,Maruti Projects Ltd,7,Completed
TENDER-DEMO-00058,MPLADS-DEMO-000029,Procurement for Construction of Reinforced Concrete Irrigation Sluice Gate and Channel in Village-185,WO/CUT/2023/0059,E-Procurement,Work Order Issued,2023-09-11,2023-09-16,2023-09-21,1190000.0,1190000.0,CONTRACTOR-DEMO-0174,Maruti Projects Ltd,1,Awarded
TENDER-DEMO-00059,MPLADS-DEMO-000030,Procurement for Laying of Underground Drinking Water Pipeline Distribution in Village-18,NIT/Mun/UDA/2024/0060,Open Tender,Notice Inviting Tender (NIT),2024-03-01,2024-03-11,2024-03-19,1331502.4,1350000.0,CONTRACTOR-DEMO-0147,Alliance Engineers & Builders,4,Completed
TENDER-DEMO-00060,MPLADS-DEMO-000030,Procurement for Laying of Underground Drinking Water Pipeline Distribution in Village-18,WO/UDA/2024/0061,E-Procurement,Work Order Issued,2024-03-22,2024-03-27,2024-03-31,1350000.0,1350000.0,CONTRACTOR-DEMO-0147,Alliance Engineers & Builders,1,Awarded
TENDER-DEMO-00061,MPLADS-DEMO-000031,Procurement for Construction of Maternity & Child Healthcare Ward at Primary Health Sub-Center Village-106,NIT/Mun/JOD/2024/0062,Open Tender,Notice Inviting Tender (NIT),2024-06-08,2024-06-26,2024-07-05,2913745.13,2880000.0,CONTRACTOR-DEMO-0151,Modern Projects Ltd,5,Completed
TENDER-DEMO-00062,MPLADS-DEMO-000031,Procurement for Construction of Maternity & Child Healthcare Ward at Primary Health Sub-Center Village-106,WO/JOD/2024/0063,E-Procurement,Work Order Issued,2024-06-14,2024-06-25,2024-06-29,2880000.0,2880000.0,CONTRACTOR-DEMO-0151,Modern Projects Ltd,1,Awarded
TENDER-DEMO-00063,MPLADS-DEMO-000032,Procurement for Laying of Underground Drinking Water Pipeline Distribution in Village-58,NIT/Mun/VAR/2023/0064,Open Tender,Notice Inviting Tender (NIT),2023-05-31,2023-06-13,2023-06-24,1272301.09,1270000.0,CONTRACTOR-DEMO-0010,Bharat Contractors,7,Completed
TENDER-DEMO-00064,MPLADS-DEMO-000032,Procurement for Laying of Underground Drinking Water Pipeline Distribution in Village-58,WO/VAR/2023/0065,E-Procurement,Work Order Issued,2023-06-12,2023-06-20,2023-06-22,1270000.0,1270000.0,CONTRACTOR-DEMO-0010,Bharat Contractors,1,Awarded
TENDER-DEMO-00065,MPLADS-DEMO-000033,Procurement for Development of Emergency Cold Storage and Pharmacy Room at Hospital Village-69,NIT/Rur/GAN/2023/0066,E-Procurement,Notice Inviting Tender (NIT),2023-01-27,2023-02-15,2023-02-22,2170384.11,2170000.0,CONTRACTOR-DEMO-0021,Apex Contractors,6,Completed
TENDER-DEMO-00066,MPLADS-DEMO-000033,Procurement for Development of Emergency Cold Storage and Pharmacy Room at Hospital Village-69,WO/GAN/2023/0067,E-Procurement,Work Order Issued,2023-02-05,2023-02-12,2023-02-15,2170000.0,2170000.0,CONTRACTOR-DEMO-0021,Apex Contractors,1,Awarded
TENDER-DEMO-00067,MPLADS-DEMO-000034,Procurement for Construction of Maternity & Child Healthcare Ward at Primary Health Sub-Center Village-24,NIT/Mun/KOZ/2023/0068,E-Procurement,Notice Inviting Tender (NIT),2023-07-12,2023-07-25,2023-07-31,2826137.06,2870000.0,CONTRACTOR-DEMO-0044,United Engineering Works,3,Completed
TENDER-DEMO-00068,MPLADS-DEMO-000034,Procurement for Construction of Maternity & Child Healthcare Ward at Primary Health Sub-Center Village-24,WO/KOZ/2023/0069,E-Procurement,Work Order Issued,2023-07-20,2023-07-27,2023-08-02,2870000.0,2870000.0,CONTRACTOR-DEMO-0044,United Engineering Works,1,Awarded
TENDER-DEMO-00069,MPLADS-DEMO-000035,Procurement for Construction of Maternity & Child Healthcare Ward at Primary Health Sub-Center Village-70,NIT/Min/AHM/2023/0070,Open Tender,Notice Inviting Tender (NIT),2023-10-07,2023-10-24,2023-11-03,3019730.06,2930000.0,CONTRACTOR-DEMO-0177,Apex Enterprises,4,Completed
TENDER-DEMO-00070,MPLADS-DEMO-000035,Procurement for Construction of Maternity & Child Healthcare Ward at Primary Health Sub-Center Village-70,WO/AHM/2023/0071,E-Procurement,Work Order Issued,2023-10-17,2023-10-25,2023-10-27,2930000.0,2930000.0,CONTRACTOR-DEMO-0177,Apex Enterprises,1,Awarded
TENDER-DEMO-00071,MPLADS-DEMO-000036,Procurement for Construction of Separate Girls Toilet and Wash Area in Govt High School Village-12,NIT/Pan/COI/2023/0072,Open Tender,Notice Inviting Tender (NIT),2023-04-30,2023-05-12,2023-05-21,538441.42,530000.0,CONTRACTOR-DEMO-0005,Shanti Contractors,3,Completed
TENDER-DEMO-00072,MPLADS-DEMO-000036,Procurement for Construction of Separate Girls Toilet and Wash Area in Govt High School Village-12,WO/COI/2023/0073,E-Procurement,Work Order Issued,2023-05-14,2023-05-25,2023-05-28,530000.0,530000.0,CONTRACTOR-DEMO-0005,Shanti Contractors,1,Awarded
TENDER-DEMO-00073,MPLADS-DEMO-000037,Procurement for Installation of Digital Smart Classroom and Computer Lab Infrastructure at Village-34,NIT/Pub/KOZ/2023/0074,Open Tender,Notice Inviting Tender (NIT),2023-07-13,2023-07-23,2023-08-04,1327824.3,1340000.0,CONTRACTOR-DEMO-0115,Reliable Urban Works Pvt Ltd,4,Completed
TENDER-DEMO-00074,MPLADS-DEMO-000037,Procurement for Installation of Digital Smart Classroom and Computer Lab Infrastructure at Village-34,WO/KOZ/2023/0075,E-Procurement,Work Order Issued,2023-07-23,2023-08-02,2023-08-08,1340000.0,1340000.0,CONTRACTOR-DEMO-0115,Reliable Urban Works Pvt Ltd,1,Awarded
TENDER-DEMO-00075,MPLADS-DEMO-000038,Procurement for Construction of Open Air Gymnasium and Seating Area at Village-148,NIT/Pan/JAB/2024/0076,Open Tender,Notice Inviting Tender (NIT),2024-06-03,2024-06-20,2024-06-28,1143386.08,1130000.0,CONTRACTOR-DEMO-0162,Reliable Enterprises,3,Completed
TENDER-DEMO-00076,MPLADS-DEMO-000038,Procurement for Construction of Open Air Gymnasium and Seating Area at Village-148,WO/JAB/2024/0077,E-Procurement,Work Order Issued,2024-06-19,2024-06-26,2024-07-03,1130000.0,1130000.0,CONTRACTOR-DEMO-0162,Reliable Enterprises,1,Awarded
TENDER-DEMO-00077,MPLADS-DEMO-000039,Procurement for Supply of Diagnostic Medical Equipment and Patient Beds to Rural Clinic in Village-23,NIT/Pub/KAR/2023/0078,E-Procurement,Notice Inviting Tender (NIT),2023-08-22,2023-09-02,2023-09-13,1533745.61,1550000.0,CONTRACTOR-DEMO-0047,Golden Civil Projects,5,Completed
TENDER-DEMO-00078,MPLADS-DEMO-000039,Procurement for Supply of Diagnostic Medical Equipment and Patient Beds to Rural Clinic in Village-23,WO/KAR/2023/0079,E-Procurement,Work Order Issued,2023-08-26,2023-09-07,2023-09-14,1550000.0,1550000.0,CONTRACTOR-DEMO-0047,Golden Civil Projects,1,Awarded
TENDER-DEMO-00079,MPLADS-DEMO-000040,Procurement for Construction of Maternity & Child Healthcare Ward at Primary Health Sub-Center Village-136,NIT/Rur/MYS/2024/0080,E-Procurement,Notice Inviting Tender (NIT),2023-12-07,2023-12-25,2024-01-05,2803559.66,2690000.0,CONTRACTOR-DEMO-0069,Samriddhi Infra Solutions,6,Completed
TENDER-DEMO-00080,MPLADS-DEMO-000040,Procurement for Construction of Maternity & Child Healthcare Ward at Primary Health Sub-Center Village-136,WO/MYS/2024/0081,E-Procurement,Work Order Issued,2023-12-23,2024-01-03,2024-01-07,2690000.0,2690000.0,CONTRACTOR-DEMO-0069,Samriddhi Infra Solutions,1,Awarded
TENDER-DEMO-00081,MPLADS-DEMO-000041,Procurement for Installation of Solar LED High-Mast Lighting System at Market Yard Village-195,NIT/Pan/NAS/2024/0082,Open Tender,Notice Inviting Tender (NIT),2024-02-22,2024-03-05,2024-03-17,840511.27,850000.0,CONTRACTOR-DEMO-0042,Balaji Construction Co,3,Completed
TENDER-DEMO-00082,MPLADS-DEMO-000041,Procurement for Installation of Solar LED High-Mast Lighting System at Market Yard Village-195,WO/NAS/2024/0083,E-Procurement,Work Order Issued,2024-03-15,2024-03-21,2024-03-27,850000.0,850000.0,CONTRACTOR-DEMO-0042,Balaji Construction Co,1,Awarded
TENDER-DEMO-00083,MPLADS-DEMO-000042,Procurement for Setup of Science Laboratory and Learning Resource Center in Village-162,NIT/Pub/SUR/2023/0084,E-Procurement,Notice Inviting Tender (NIT),2023-09-24,2023-10-08,2023-10-14,991638.47,970000.0,CONTRACTOR-DEMO-0077,Aditya Construction Co,6,Completed
TENDER-DEMO-00084,MPLADS-DEMO-000042,Procurement for Setup of Science Laboratory and Learning Resource Center in Village-162,WO/SUR/2023/0085,E-Procurement,Work Order Issued,2023-10-09,2023-10-20,2023-10-24,970000.0,970000.0,CONTRACTOR-DEMO-0077,Aditya Construction Co,1,Awarded
TENDER-DEMO-00085,MPLADS-DEMO-000043,Procurement for Construction of Check Dam and Water Harvesting Percolation Tank at Village-158,NIT/Mun/SAL/2024/0086,Open Tender,Notice Inviting Tender (NIT),2024-04-07,2024-04-17,2024-04-27,1865954.14,1840000.0,CONTRACTOR-DEMO-0086,Swastik Buildcon Pvt Ltd,3,Completed
TENDER-DEMO-00086,MPLADS-DEMO-000043,Procurement for Construction of Check Dam and Water Harvesting Percolation Tank at Village-158,WO/SAL/2024/0087,E-Procurement,Work Order Issued,2024-04-22,2024-05-03,2024-05-10,1840000.0,1840000.0,CONTRACTOR-DEMO-0086,Swastik Buildcon Pvt Ltd,1,Awarded
TENDER-DEMO-00087,MPLADS-DEMO-000044,Procurement for Installation of Solar LED High-Mast Lighting System at Market Yard Village-16,NIT/Pan/BEN/2024/0088,E-Procurement,Notice Inviting Tender (NIT),2023-12-17,2024-01-03,2024-01-10,676787.09,660000.0,CONTRACTOR-DEMO-0116,Samriddhi Projects Ltd,5,Completed
TENDER-DEMO-00088,MPLADS-DEMO-000044,Procurement for Installation of Solar LED High-Mast Lighting System at Market Yard Village-16,WO/BEN/2024/0089,E-Procurement,Work Order Issued,2023-12-28,2024-01-05,2024-01-08,660000.0,660000.0,CONTRACTOR-DEMO-0116,Samriddhi Projects Ltd,1,Awarded
TENDER-DEMO-00089,MPLADS-DEMO-000045,Procurement for Installation of 10kW Rooftop Solar Power System at Primary Health Center Village-41,NIT/Mun/MYS/2023/0090,E-Procurement,Notice Inviting Tender (NIT),2023-11-19,2023-12-02,2023-12-14,838071.69,840000.0,CONTRACTOR-DEMO-0028,Siddhartha Buildcon Pvt Ltd,6,Completed
TENDER-DEMO-00090,MPLADS-DEMO-000045,Procurement for Installation of 10kW Rooftop Solar Power System at Primary Health Center Village-41,WO/MYS/2023/0091,E-Procurement,Work Order Issued,2023-11-22,2023-12-04,2023-12-08,840000.0,840000.0,CONTRACTOR-DEMO-0028,Siddhartha Buildcon Pvt Ltd,1,Awarded
TENDER-DEMO-00091,MPLADS-DEMO-000046,Procurement for Construction of Separate Girls Toilet and Wash Area in Govt High School Village-65,NIT/Mun/WAY/2023/0092,Open Tender,Notice Inviting Tender (NIT),2023-11-11,2023-11-28,2023-12-05,888013.28,880000.0,CONTRACTOR-DEMO-0037,Classic Urban Works Pvt Ltd,3,Completed
TENDER-DEMO-00092,MPLADS-DEMO-000046,Procurement for Construction of Separate Girls Toilet and Wash Area in Govt High School Village-65,WO/WAY/2023/0093,E-Procurement,Work Order Issued,2023-11-25,2023-12-02,2023-12-09,880000.0,880000.0,CONTRACTOR-DEMO-0037,Classic Urban Works Pvt Ltd,1,Awarded
TENDER-DEMO-00093,MPLADS-DEMO-000047,Procurement for Construction of Open Air Gymnasium and Seating Area at Village-144,NIT/Dis/ERN/2024/0094,E-Procurement,Notice Inviting Tender (NIT),2024-01-29,2024-02-12,2024-02-22,747625.95,760000.0,CONTRACTOR-DEMO-0096,Kisan Contractors,6,Completed
TENDER-DEMO-00094,MPLADS-DEMO-000047,Procurement for Construction of Open Air Gymnasium and Seating Area at Village-144,WO/ERN/2024/0095,E-Procurement,Work Order Issued,2024-02-05,2024-02-16,2024-02-18,760000.0,760000.0,CONTRACTOR-DEMO-0096,Kisan Contractors,1,Awarded
TENDER-DEMO-00095,MPLADS-DEMO-000048,Procurement for Drilling of Deep Borewell and Solar-Powered Overhead Water Tank at Village-197,NIT/Min/NAS/2024/0096,Open Tender,Notice Inviting Tender (NIT),2024-02-18,2024-03-04,2024-03-16,570045.29,580000.0,CONTRACTOR-DEMO-0013,Bharat Engineering Works,6,Completed
TENDER-DEMO-00096,MPLADS-DEMO-000048,Procurement for Drilling of Deep Borewell and Solar-Powered Overhead Water Tank at Village-197,WO/NAS/2024/0097,E-Procurement,Work Order Issued,2024-03-03,2024-03-13,2024-03-17,580000.0,580000.0,CONTRACTOR-DEMO-0013,Bharat Engineering Works,1,Awarded
TENDER-DEMO-00097,MPLADS-DEMO-000049,Procurement for Construction of Reinforced Concrete Irrigation Sluice Gate and Channel in Village-34,NIT/Min/JOD/2024/0098,Open Tender,Notice Inviting Tender (NIT),2024-03-07,2024-03-21,2024-03-28,1108274.54,1130000.0,CONTRACTOR-DEMO-0097,Surya Shakti Buildcon Pvt Ltd,3,Completed
TENDER-DEMO-00098,MPLADS-DEMO-000049,Procurement for Construction of Reinforced Concrete Irrigation Sluice Gate and Channel in Village-34,WO/JOD/2024/0099,E-Procurement,Work Order Issued,2024-03-19,2024-03-28,2024-03-30,1130000.0,1130000.0,CONTRACTOR-DEMO-0097,Surya Shakti Buildcon Pvt Ltd,1,Awarded
TENDER-DEMO-00099,MPLADS-DEMO-000050,Procurement for Laying of Underground Drinking Water Pipeline Distribution in Village-157,NIT/Pan/KOZ/2024/0100,Open Tender,Notice Inviting Tender (NIT),2024-06-21,2024-07-09,2024-07-17,1403081.69,1370000.0,CONTRACTOR-DEMO-0150,Reliable Engineering Works,5,Completed
TENDER-DEMO-00100,MPLADS-DEMO-000050,Procurement for Laying of Underground Drinking Water Pipeline Distribution in Village-157,WO/KOZ/2024/0101,E-Procurement,Work Order Issued,2024-06-24,2024-07-06,2024-07-11,1370000.0,1370000.0,CONTRACTOR-DEMO-0150,Reliable Engineering Works,1,Awarded
TENDER-DEMO-00101,MPLADS-DEMO-000051,Procurement for Desilting and Deepening of Traditional Village Water Reservoir in Village-200,NIT/Pub/JAB/2023/0102,E-Procurement,Notice Inviting Tender (NIT),2023-01-21,2023-02-09,2023-02-21,6226565.77,6200000.0,CONTRACTOR-DEMO-0145,Samriddhi Urban Works Pvt Ltd,5,Completed
TENDER-DEMO-00102,MPLADS-DEMO-000051,Procurement for Desilting and Deepening of Traditional Village Water Reservoir in Village-200,WO/JAB/2023/0103,E-Procurement,Work Order Issued,2023-02-05,2023-02-15,2023-02-17,6200000.0,6200000.0,CONTRACTOR-DEMO-0145,Samriddhi Urban Works Pvt Ltd,1,Awarded
TENDER-DEMO-00103,MPLADS-DEMO-000052,Procurement for Construction of Reinforced Concrete Irrigation Sluice Gate and Channel in Village-32,NIT/Dis/ERN/2023/0104,Open Tender,Notice Inviting Tender (NIT),2023-01-28,2023-02-14,2023-02-26,7072370.01,7000000.0,CONTRACTOR-DEMO-0119,Shiv Shakti Infrastructure Ltd,7,Completed
TENDER-DEMO-00104,MPLADS-DEMO-000052,Procurement for Construction of Reinforced Concrete Irrigation Sluice Gate and Channel in Village-32,WO/ERN/2023/0105,E-Procurement,Work Order Issued,2023-02-09,2023-02-15,2023-02-18,7000000.0,7000000.0,CONTRACTOR-DEMO-0119,Shiv Shakti Infrastructure Ltd,1,Awarded
TENDER-DEMO-00105,MPLADS-DEMO-000053,Procurement for Renovation and Expansion of Village Panchayat Bhavan in Village-14,NIT/Rur/GAN/2023/0106,Open Tender,Notice Inviting Tender (NIT),2023-01-19,2023-02-03,2023-02-15,7115290.27,6900000.0,CONTRACTOR-DEMO-0041,Om Engineers & Builders,5,Completed
TENDER-DEMO-00106,MPLADS-DEMO-000053,Procurement for Renovation and Expansion of Village Panchayat Bhavan in Village-14,WO/GAN/2023/0107,E-Procurement,Work Order Issued,2023-02-08,2023-02-15,2023-02-18,6900000.0,6900000.0,CONTRACTOR-DEMO-0041,Om Engineers & Builders,1,Awarded
TENDER-DEMO-00107,MPLADS-DEMO-000054,Procurement for Construction of Culvert and Cross-Drainage Structure on Link Road Village-179,NIT/Mun/AHM/2023/0108,Open Tender,Notice Inviting Tender (NIT),2023-01-29,2023-02-17,2023-02-28,5795958.49,5800000.0,CONTRACTOR-DEMO-0042,Balaji Construction Co,4,Completed
TENDER-DEMO-00108,MPLADS-DEMO-000054,Procurement for Construction of Culvert and Cross-Drainage Structure on Link Road Village-179,WO/AHM/2023/0109,E-Procurement,Work Order Issued,2023-02-10,2023-02-15,2023-02-19,5800000.0,5800000.0,CONTRACTOR-DEMO-0042,Balaji Construction Co,1,Awarded
TENDER-DEMO-00109,MPLADS-DEMO-000055,Procurement for Installation of 10kW Rooftop Solar Power System at Primary Health Center Village-109,NIT/Mun/KOZ/2023/0110,E-Procurement,Notice Inviting Tender (NIT),2023-01-31,2023-02-12,2023-02-20,5954789.24,5900000.0,CONTRACTOR-DEMO-0131,Panchsheel Rural Developers,4,Completed
TENDER-DEMO-00110,MPLADS-DEMO-000055,Procurement for Installation of 10kW Rooftop Solar Power System at Primary Health Center Village-109,WO/KOZ/2023/0111,E-Procurement,Work Order Issued,2023-02-08,2023-02-15,2023-02-20,5900000.0,5900000.0,CONTRACTOR-DEMO-0131,Panchsheel Rural Developers,1,Awarded
TENDER-DEMO-00111,MPLADS-DEMO-000056,Procurement for Development of Public Recreation Shed and Boundary Wall in Village-184,NIT/Mun/DHA/2023/0112,Open Tender,Notice Inviting Tender (NIT),2023-01-23,2023-02-05,2023-02-10,5771545.2,5500000.0,CONTRACTOR-DEMO-0138,Pragati Buildcon Pvt Ltd,4,Completed
TENDER-DEMO-00112,MPLADS-DEMO-000056,Procurement for Development of Public Recreation Shed and Boundary Wall in Village-184,WO/DHA/2023/0113,E-Procurement,Work Order Issued,2023-02-06,2023-02-15,2023-02-22,5500000.0,5500000.0,CONTRACTOR-DEMO-0138,Pragati Buildcon Pvt Ltd,1,Awarded
TENDER-DEMO-00113,MPLADS-DEMO-000057,Procurement for Construction of Reinforced Concrete Irrigation Sluice Gate and Channel in Village-142,NIT/Min/MYS/2023/0114,E-Procurement,Notice Inviting Tender (NIT),2023-01-16,2023-01-27,2023-02-04,6684357.66,6600000.0,CONTRACTOR-DEMO-0065,Kisan Enterprises,4,Completed
TENDER-DEMO-00114,MPLADS-DEMO-000057,Procurement for Construction of Reinforced Concrete Irrigation Sluice Gate and Channel in Village-142,WO/MYS/2023/0115,E-Procurement,Work Order Issued,2023-02-09,2023-02-15,2023-02-17,6600000.0,6600000.0,CONTRACTOR-DEMO-0065,Kisan Enterprises,1,Awarded
TENDER-DEMO-00115,MPLADS-DEMO-000058,Procurement for Construction of Maternity & Child Healthcare Ward at Primary Health Sub-Center Village-198,NIT/Rur/WAY/2023/0116,E-Procurement,Notice Inviting Tender (NIT),2023-01-17,2023-02-01,2023-02-11,5717478.62,5500000.0,CONTRACTOR-DEMO-0165,Riddhi Infra Solutions,5,Completed
TENDER-DEMO-00116,MPLADS-DEMO-000058,Procurement for Construction of Maternity & Child Healthcare Ward at Primary Health Sub-Center Village-198,WO/WAY/2023/0117,E-Procurement,Work Order Issued,2023-02-05,2023-02-15,2023-02-21,5500000.0,5500000.0,CONTRACTOR-DEMO-0165,Riddhi Infra Solutions,1,Awarded
TENDER-DEMO-00117,MPLADS-DEMO-000059,Procurement for Installation of Community RO Water Purification Plant at Village-184,NIT/Mun/NIZ/2023/0118,Open Tender,Notice Inviting Tender (NIT),2023-01-27,2023-02-16,2023-02-25,6840459.3,6600000.0,CONTRACTOR-DEMO-0105,Krishna Buildcon Pvt Ltd,4,Completed
TENDER-DEMO-00118,MPLADS-DEMO-000059,Procurement for Installation of Community RO Water Purification Plant at Village-184,WO/NIZ/2023/0119,E-Procurement,Work Order Issued,2023-02-10,2023-02-15,2023-02-20,6600000.0,6600000.0,CONTRACTOR-DEMO-0105,Krishna Buildcon Pvt Ltd,1,Awarded
TENDER-DEMO-00119,MPLADS-DEMO-000060,Procurement for Construction of Cement Concrete (CC) Road and Drain Channel at Village-193,NIT/Pan/BEN/2023/0120,E-Procurement,Notice Inviting Tender (NIT),2023-01-16,2023-01-30,2023-02-09,6065615.66,5800000.0,CONTRACTOR-DEMO-0194,United Urban Works Pvt Ltd,5,Completed
TENDER-DEMO-00120,MPLADS-DEMO-000060,Procurement for Construction of Cement Concrete (CC) Road and Drain Channel at Village-193,WO/BEN/2023/0121,E-Procurement,Work Order Issued,2023-02-04,2023-02-15,2023-02-17,5800000.0,5800000.0,CONTRACTOR-DEMO-0194,United Urban Works Pvt Ltd,1,Awarded
TENDER-DEMO-00121,MPLADS-DEMO-000061,Procurement for Construction of Separate Girls Toilet and Wash Area in Govt High School Village-48,NIT/Dis/CUT/2023/0122,Open Tender,Notice Inviting Tender (NIT),2023-08-15,2023-08-29,2023-09-04,861278.41,830000.0,CONTRACTOR-DEMO-0143,Mahalaxmi Rural Developers,7,Completed
TENDER-DEMO-00122,MPLADS-DEMO-000061,Procurement for Construction of Separate Girls Toilet and Wash Area in Govt High School Village-48,WO/CUT/2023/0123,E-Procurement,Work Order Issued,2023-08-31,2023-09-08,2023-09-11,830000.0,830000.0,CONTRACTOR-DEMO-0143,Mahalaxmi Rural Developers,1,Awarded
TENDER-DEMO-00123,MPLADS-DEMO-000062,Procurement for Construction of Multipurpose Community Hall at Village Village-84,NIT/Mun/JOD/2023/0124,E-Procurement,Notice Inviting Tender (NIT),2023-09-06,2023-09-18,2023-09-24,2026768.94,1970000.0,CONTRACTOR-DEMO-0094,Panchsheel Construction Co,7,Completed
TENDER-DEMO-00124,MPLADS-DEMO-000062,Procurement for Construction of Multipurpose Community Hall at Village Village-84,WO/JOD/2023/0125,E-Procurement,Work Order Issued,2023-09-24,2023-10-05,2023-10-12,1970000.0,1970000.0,CONTRACTOR-DEMO-0094,Panchsheel Construction Co,1,Awarded
TENDER-DEMO-00125,MPLADS-DEMO-000063,Procurement for Construction of Cement Concrete (CC) Road and Drain Channel at Village-20,NIT/Rur/BHO/2024/0126,Open Tender,Notice Inviting Tender (NIT),2024-05-04,2024-05-20,2024-05-30,2912723.52,2910000.0,CONTRACTOR-DEMO-0012,Vanguard Rural Developers,4,Completed
TENDER-DEMO-00126,MPLADS-DEMO-000063,Procurement for Construction of Cement Concrete (CC) Road and Drain Channel at Village-20,WO/BHO/2024/0127,E-Procurement,Work Order Issued,2024-05-19,2024-05-31,2024-06-07,2910000.0,2910000.0,CONTRACTOR-DEMO-0012,Vanguard Rural Developers,1,Awarded
TENDER-DEMO-00127,MPLADS-DEMO-000064,Procurement for Drilling of Deep Borewell and Solar-Powered Overhead Water Tank at Village-93,NIT/Dis/SUR/2023/0128,Open Tender,Notice Inviting Tender (NIT),2023-08-12,2023-08-27,2023-09-01,889234.4,880000.0,CONTRACTOR-DEMO-0139,Premier Enterprises,6,Completed
TENDER-DEMO-00128,MPLADS-DEMO-000064,Procurement for Drilling of Deep Borewell and Solar-Powered Overhead Water Tank at Village-93,WO/SUR/2023/0129,E-Procurement,Work Order Issued,2023-08-18,2023-08-29,2023-09-03,880000.0,880000.0,CONTRACTOR-DEMO-0139,Premier Enterprises,1,Awarded
TENDER-DEMO-00129,MPLADS-DEMO-000065,Procurement for Upgradation of Rural Link Road connecting Hamlet to Main Highway at Village-64,NIT/Mun/IND/2023/0130,E-Procurement,Notice Inviting Tender (NIT),2023-11-04,2023-11-19,2023-11-29,3113068.92,3150000.0,CONTRACTOR-DEMO-0058,Panchsheel Urban Works Pvt Ltd,4,Completed
TENDER-DEMO-00130,MPLADS-DEMO-000065,Procurement for Upgradation of Rural Link Road connecting Hamlet to Main Highway at Village-64,WO/IND/2023/0131,E-Procurement,Work Order Issued,2023-11-07,2023-11-19,2023-11-24,3150000.0,3150000.0,CONTRACTOR-DEMO-0058,Panchsheel Urban Works Pvt Ltd,1,Awarded
TENDER-DEMO-00131,MPLADS-DEMO-000066,Procurement for Supply of Diagnostic Medical Equipment and Patient Beds to Rural Clinic in Village-52,NIT/Dis/JAI/2023/0132,Open Tender,Notice Inviting Tender (NIT),2023-03-13,2023-03-29,2023-04-09,1631954.56,1570000.0,CONTRACTOR-DEMO-0142,Panchsheel Infra Solutions,5,Completed
TENDER-DEMO-00132,MPLADS-DEMO-000066,Procurement for Supply of Diagnostic Medical Equipment and Patient Beds to Rural Clinic in Village-52,WO/JAI/2023/0133,E-Procurement,Work Order Issued,2023-03-27,2023-04-03,2023-04-07,1570000.0,1570000.0,CONTRACTOR-DEMO-0142,Panchsheel Infra Solutions,1,Awarded
TENDER-DEMO-00133,MPLADS-DEMO-000067,Procurement for Interlocking Paver Block Road Installation along Main Street in Village-183,NIT/Pub/CUT/2023/0134,Open Tender,Notice Inviting Tender (NIT),2023-03-24,2023-04-12,2023-04-22,1041972.05,1020000.0,CONTRACTOR-DEMO-0130,Vikas Urban Works Pvt Ltd,3,Completed
TENDER-DEMO-00134,MPLADS-DEMO-000067,Procurement for Interlocking Paver Block Road Installation along Main Street in Village-183,WO/CUT/2023/0135,E-Procurement,Work Order Issued,2023-04-07,2023-04-13,2023-04-15,1020000.0,1020000.0,CONTRACTOR-DEMO-0130,Vikas Urban Works Pvt Ltd,1,Awarded
TENDER-DEMO-00135,MPLADS-DEMO-000068,Procurement for Installation of 10kW Rooftop Solar Power System at Primary Health Center Village-95,NIT/Pub/UDA/2023/0136,Open Tender,Notice Inviting Tender (NIT),2023-07-16,2023-07-28,2023-08-08,689850.07,680000.0,CONTRACTOR-DEMO-0151,Modern Projects Ltd,3,Completed
TENDER-DEMO-00136,MPLADS-DEMO-000068,Procurement for Installation of 10kW Rooftop Solar Power System at Primary Health Center Village-95,WO/UDA/2023/0137,E-Procurement,Work Order Issued,2023-07-26,2023-07-31,2023-08-02,680000.0,680000.0,CONTRACTOR-DEMO-0151,Modern Projects Ltd,1,Awarded
TENDER-DEMO-00137,MPLADS-DEMO-000069,Procurement for Construction of Cement Concrete (CC) Road and Drain Channel at Village-116,NIT/Mun/PUN/2024/0138,E-Procurement,Notice Inviting Tender (NIT),2023-12-03,2023-12-15,2023-12-20,1899540.16,1920000.0,CONTRACTOR-DEMO-0035,Surya Shakti Urban Works Pvt Ltd,5,Completed
TENDER-DEMO-00138,MPLADS-DEMO-000069,Procurement for Construction of Cement Concrete (CC) Road and Drain Channel at Village-116,WO/PUN/2024/0139,E-Procurement,Work Order Issued,2023-12-27,2024-01-02,2024-01-04,1920000.0,1920000.0,CONTRACTOR-DEMO-0035,Surya Shakti Urban Works Pvt Ltd,1,Awarded
TENDER-DEMO-00139,MPLADS-DEMO-000070,Procurement for Interlocking Paver Block Road Installation along Main Street in Village-42,NIT/Dis/PUN/2023/0140,Open Tender,Notice Inviting Tender (NIT),2023-06-08,2023-06-22,2023-07-02,1223877.51,1240000.0,CONTRACTOR-DEMO-0145,Samriddhi Urban Works Pvt Ltd,7,Completed
TENDER-DEMO-00140,MPLADS-DEMO-000070,Procurement for Interlocking Paver Block Road Installation along Main Street in Village-42,WO/PUN/2023/0141,E-Procurement,Work Order Issued,2023-06-23,2023-06-28,2023-07-04,1240000.0,1240000.0,CONTRACTOR-DEMO-0145,Samriddhi Urban Works Pvt Ltd,1,Awarded
TENDER-DEMO-00141,MPLADS-DEMO-000071,Procurement for Supply and Erection of 30 Standalone Solar Street Lights in Village-158,NIT/Pub/PUN/2023/0142,Open Tender,Notice Inviting Tender (NIT),2023-05-02,2023-05-15,2023-05-22,4901131.47,4700000.0,CONTRACTOR-DEMO-0024,Modern Contractors,6,Completed
TENDER-DEMO-00142,MPLADS-DEMO-000071,Procurement for Supply and Erection of 30 Standalone Solar Street Lights in Village-158,WO/PUN/2023/0143,E-Procurement,Work Order Issued,2023-05-08,2023-05-17,2023-05-23,4700000.0,4700000.0,CONTRACTOR-DEMO-0024,Modern Contractors,1,Awarded
TENDER-DEMO-00143,MPLADS-DEMO-000072,Procurement for Supply and Erection of 30 Standalone Solar Street Lights in Village-68,NIT/Pan/SAL/2024/0144,Open Tender,Notice Inviting Tender (NIT),2024-04-22,2024-05-11,2024-05-17,6437002.16,6200000.0,CONTRACTOR-DEMO-0080,Krishna Urban Works Pvt Ltd,5,Completed
TENDER-DEMO-00144,MPLADS-DEMO-000072,Procurement for Supply and Erection of 30 Standalone Solar Street Lights in Village-68,WO/SAL/2024/0145,E-Procurement,Work Order Issued,2024-05-10,2024-05-16,2024-05-21,6200000.0,6200000.0,CONTRACTOR-DEMO-0080,Krishna Urban Works Pvt Ltd,1,Awarded
TENDER-DEMO-00145,MPLADS-DEMO-000073,Procurement for Supply and Erection of 30 Standalone Solar Street Lights in Village-41,NIT/Dis/SUR/2024/0146,E-Procurement,Notice Inviting Tender (NIT),2024-04-11,2024-04-23,2024-04-29,7306193.42,7200000.0,CONTRACTOR-DEMO-0198,Aditya Infrastructure Ltd,4,Completed
TENDER-DEMO-00146,MPLADS-DEMO-000073,Procurement for Supply and Erection of 30 Standalone Solar Street Lights in Village-41,WO/SUR/2024/0147,E-Procurement,Work Order Issued,2024-04-29,2024-05-04,2024-05-09,7200000.0,7200000.0,CONTRACTOR-DEMO-0198,Aditya Infrastructure Ltd,1,Awarded
TENDER-DEMO-00147,MPLADS-DEMO-000074,Procurement for Supply and Erection of 30 Standalone Solar Street Lights in Village-82,NIT/Dis/MYS/2023/0148,E-Procurement,Notice Inviting Tender (NIT),2023-06-25,2023-07-15,2023-07-22,8229148.91,8000000.0,CONTRACTOR-DEMO-0044,United Engineering Works,6,Completed
TENDER-DEMO-00148,MPLADS-DEMO-000074,Procurement for Supply and Erection of 30 Standalone Solar Street Lights in Village-82,WO/MYS/2023/0149,E-Procurement,Work Order Issued,2023-07-11,2023-07-20,2023-07-24,8000000.0,8000000.0,CONTRACTOR-DEMO-0044,United Engineering Works,1,Awarded
TENDER-DEMO-00149,MPLADS-DEMO-000075,Procurement for Supply and Erection of 30 Standalone Solar Street Lights in Village-81,NIT/Rur/GAN/2023/0150,E-Procurement,Notice Inviting Tender (NIT),2023-09-14,2023-09-30,2023-10-08,7456305.78,7200000.0,CONTRACTOR-DEMO-0121,Apex Engineering Works,5,Completed
TENDER-DEMO-00150,MPLADS-DEMO-000075,Procurement for Supply and Erection of 30 Standalone Solar Street Lights in Village-81,WO/GAN/2023/0151,E-Procurement,Work Order Issued,2023-10-03,2023-10-11,2023-10-14,7200000.0,7200000.0,CONTRACTOR-DEMO-0121,Apex Engineering Works,1,Awarded
TENDER-DEMO-00151,MPLADS-DEMO-000076,Procurement for Supply and Erection of 30 Standalone Solar Street Lights in Village-13,NIT/Min/VAR/2023/0152,Open Tender,Notice Inviting Tender (NIT),2023-01-10,2023-01-22,2023-01-29,4814621.59,4900000.0,CONTRACTOR-DEMO-0071,Kisan Infra Solutions,3,Completed
TENDER-DEMO-00152,MPLADS-DEMO-000076,Procurement for Supply and Erection of 30 Standalone Solar Street Lights in Village-13,WO/VAR/2023/0153,E-Procurement,Work Order Issued,2023-02-01,2023-02-08,2023-02-10,4900000.0,4900000.0,CONTRACTOR-DEMO-0071,Kisan Infra Solutions,1,Awarded
TENDER-DEMO-00153,MPLADS-DEMO-000077,Procurement for Supply and Erection of 30 Standalone Solar Street Lights in Village-94,NIT/Mun/UDA/2023/0154,E-Procurement,Notice Inviting Tender (NIT),2023-03-02,2023-03-14,2023-03-21,5049910.02,4900000.0,CONTRACTOR-DEMO-0075,National Engineering Works,5,Completed
TENDER-DEMO-00154,MPLADS-DEMO-000077,Procurement for Supply and Erection of 30 Standalone Solar Street Lights in Village-94,WO/UDA/2023/0155,E-Procurement,Work Order Issued,2023-03-21,2023-03-31,2023-04-06,4900000.0,4900000.0,CONTRACTOR-DEMO-0075,National Engineering Works,1,Awarded
TENDER-DEMO-00155,MPLADS-DEMO-000078,Procurement for Supply and Erection of 30 Standalone Solar Street Lights in Village-33,NIT/Pub/WAY/2023/0156,E-Procurement,Notice Inviting Tender (NIT),2023-04-02,2023-04-23,2023-05-05,5052367.19,5000000.0,CONTRACTOR-DEMO-0015,Maruti Contractors,3,Completed
TENDER-DEMO-00156,MPLADS-DEMO-000078,Procurement for Supply and Erection of 30 Standalone Solar Street Lights in Village-33,WO/WAY/2023/0157,E-Procurement,Work Order Issued,2023-04-16,2023-04-24,2023-04-29,5000000.0,5000000.0,CONTRACTOR-DEMO-0015,Maruti Contractors,1,Awarded
TENDER-DEMO-00157,MPLADS-DEMO-000079,Procurement for Supply and Erection of 30 Standalone Solar Street Lights in Village-122,NIT/Dis/PUN/2023/0158,Open Tender,Notice Inviting Tender (NIT),2023-07-05,2023-07-20,2023-07-27,6144869.16,6100000.0,CONTRACTOR-DEMO-0155,Reliable Contractors,5,Completed
TENDER-DEMO-00158,MPLADS-DEMO-000079,Procurement for Supply and Erection of 30 Standalone Solar Street Lights in Village-122,WO/PUN/2023/0159,E-Procurement,Work Order Issued,2023-07-16,2023-07-21,2023-07-23,6100000.0,6100000.0,CONTRACTOR-DEMO-0155,Reliable Contractors,1,Awarded
TENDER-DEMO-00159,MPLADS-DEMO-000080,Procurement for Supply and Erection of 30 Standalone Solar Street Lights in Village-137,NIT/Pan/MYS/2024/0160,E-Procurement,Notice Inviting Tender (NIT),2023-12-23,2024-01-08,2024-01-15,9020823.95,8700000.0,CONTRACTOR-DEMO-0156,Alliance Infra Solutions,6,Completed
TENDER-DEMO-00160,MPLADS-DEMO-000080,Procurement for Supply and Erection of 30 Standalone Solar Street Lights in Village-137,WO/MYS/2024/0161,E-Procurement,Work Order Issued,2024-01-05,2024-01-15,2024-01-20,8700000.0,8700000.0,CONTRACTOR-DEMO-0156,Alliance Infra Solutions,1,Awarded
TENDER-DEMO-00161,MPLADS-DEMO-000081,Procurement for Supply and Erection of 30 Standalone Solar Street Lights in Village-148,NIT/Mun/GOR/2024/0162,Open Tender,Notice Inviting Tender (NIT),2023-12-17,2024-01-01,2024-01-12,6874791.86,6700000.0,CONTRACTOR-DEMO-0012,Vanguard Rural Developers,7,Completed
TENDER-DEMO-00162,MPLADS-DEMO-000081,Procurement for Supply and Erection of 30 Standalone Solar Street Lights in Village-148,WO/GOR/2024/0163,E-Procurement,Work Order Issued,2023-12-31,2024-01-05,2024-01-08,6700000.0,6700000.0,CONTRACTOR-DEMO-0012,Vanguard Rural Developers,1,Awarded
TENDER-DEMO-00163,MPLADS-DEMO-000082,Procurement for Supply and Erection of 30 Standalone Solar Street Lights in Village-5,NIT/Mun/ERN/2024/0164,Open Tender,Notice Inviting Tender (NIT),2024-03-07,2024-03-23,2024-03-29,7605619.46,7500000.0,CONTRACTOR-DEMO-0057,Universal Projects Ltd,5,Completed
TENDER-DEMO-00164,MPLADS-DEMO-000082,Procurement for Supply and Erection of 30 Standalone Solar Street Lights in Village-5,WO/ERN/2024/0165,E-Procurement,Work Order Issued,2024-03-25,2024-03-30,2024-04-02,7500000.0,7500000.0,CONTRACTOR-DEMO-0057,Universal Projects Ltd,1,Awarded
TENDER-DEMO-00165,MPLADS-DEMO-000083,Procurement for Supply of Diagnostic Medical Equipment and Patient Beds to Rural Clinic in Village-135,NIT/Dis/JOD/2023/0166,Open Tender,Notice Inviting Tender (NIT),2023-07-23,2023-08-10,2023-08-22,1654251.12,1580000.0,CONTRACTOR-DEMO-0067,Premier Infra Solutions,4,Completed
TENDER-DEMO-00166,MPLADS-DEMO-000083,Procurement for Supply of Diagnostic Medical Equipment and Patient Beds to Rural Clinic in Village-135,WO/JOD/2023/0167,E-Procurement,Work Order Issued,2023-08-03,2023-08-14,2023-08-16,1580000.0,1580000.0,CONTRACTOR-DEMO-0067,Premier Infra Solutions,1,Awarded
TENDER-DEMO-00167,MPLADS-DEMO-000084,Procurement for Interlocking Paver Block Road Installation along Main Street in Village-77,NIT/Mun/DHA/2023/0168,E-Procurement,Notice Inviting Tender (NIT),2023-07-28,2023-08-17,2023-08-27,1730056.55,1680000.0,CONTRACTOR-DEMO-0177,Apex Enterprises,7,Completed
TENDER-DEMO-00168,MPLADS-DEMO-000084,Procurement for Interlocking Paver Block Road Installation along Main Street in Village-77,WO/DHA/2023/0169,E-Procurement,Work Order Issued,2023-08-02,2023-08-12,2023-08-14,1680000.0,1680000.0,CONTRACTOR-DEMO-0177,Apex Enterprises,1,Awarded
TENDER-DEMO-00169,MPLADS-DEMO-000085,Procurement for Construction of Separate Girls Toilet and Wash Area in Govt High School Village-198,NIT/Rur/IND/2024/0170,E-Procurement,Notice Inviting Tender (NIT),2024-05-26,2024-06-12,2024-06-20,676446.54,680000.0,CONTRACTOR-DEMO-0058,Panchsheel Urban Works Pvt Ltd,5,Completed
TENDER-DEMO-00170,MPLADS-DEMO-000085,Procurement for Construction of Separate Girls Toilet and Wash Area in Govt High School Village-198,WO/IND/2024/0171,E-Procurement,Work Order Issued,2024-06-02,2024-06-13,2024-06-19,680000.0,680000.0,CONTRACTOR-DEMO-0058,Panchsheel Urban Works Pvt Ltd,1,Awarded
TENDER-DEMO-00171,MPLADS-DEMO-000086,Procurement for Supply and Erection of 30 Standalone Solar Street Lights in Village-144,NIT/Dis/KAR/2023/0172,E-Procurement,Notice Inviting Tender (NIT),2023-02-16,2023-03-04,2023-03-09,900543.54,890000.0,CONTRACTOR-DEMO-0109,Surya Shakti Contractors,7,Completed
TENDER-DEMO-00172,MPLADS-DEMO-000086,Procurement for Supply and Erection of 30 Standalone Solar Street Lights in Village-144,WO/KAR/2023/0173,E-Procurement,Work Order Issued,2023-02-25,2023-03-09,2023-03-11,890000.0,890000.0,CONTRACTOR-DEMO-0109,Surya Shakti Contractors,1,Awarded
TENDER-DEMO-00173,MPLADS-DEMO-000087,Procurement for Construction of Additional Classrooms at Govt Senior Secondary School Village-175,NIT/Dis/ERN/2024/0174,E-Procurement,Notice Inviting Tender (NIT),2024-01-04,2024-01-19,2024-01-24,2823837.91,2800000.0,CONTRACTOR-DEMO-0086,Swastik Buildcon Pvt Ltd,3,Completed
TENDER-DEMO-00174,MPLADS-DEMO-000087,Procurement for Construction of Additional Classrooms at Govt Senior Secondary School Village-175,WO/ERN/2024/0175,E-Procurement,Work Order Issued,2024-01-17,2024-01-28,2024-02-02,2800000.0,2800000.0,CONTRACTOR-DEMO-0086,Swastik Buildcon Pvt Ltd,1,Awarded
TENDER-DEMO-00175,MPLADS-DEMO-000088,Procurement for Construction of Multipurpose Community Hall at Village Village-167,NIT/Pub/SAL/2024/0176,Open Tender,Notice Inviting Tender (NIT),2024-05-03,2024-05-18,2024-05-26,2144271.87,2120000.0,CONTRACTOR-DEMO-0049,National Buildcon Pvt Ltd,5,Completed
TENDER-DEMO-00176,MPLADS-DEMO-000088,Procurement for Construction of Multipurpose Community Hall at Village Village-167,WO/SAL/2024/0177,E-Procurement,Work Order Issued,2024-05-17,2024-05-25,2024-06-01,2120000.0,2120000.0,CONTRACTOR-DEMO-0049,National Buildcon Pvt Ltd,1,Awarded
TENDER-DEMO-00177,MPLADS-DEMO-000089,Procurement for Setup of Science Laboratory and Learning Resource Center in Village-48,NIT/Pan/KAR/2023/0178,Open Tender,Notice Inviting Tender (NIT),2023-10-29,2023-11-14,2023-11-23,1244980.94,1270000.0,CONTRACTOR-DEMO-0138,Pragati Buildcon Pvt Ltd,4,Completed
TENDER-DEMO-00178,MPLADS-DEMO-000089,Procurement for Setup of Science Laboratory and Learning Resource Center in Village-48,WO/KAR/2023/0179,E-Procurement,Work Order Issued,2023-11-13,2023-11-21,2023-11-26,1270000.0,1270000.0,CONTRACTOR-DEMO-0138,Pragati Buildcon Pvt Ltd,1,Awarded
TENDER-DEMO-00179,MPLADS-DEMO-000090,Procurement for Laying of Underground Drinking Water Pipeline Distribution in Village-70,NIT/Min/CUT/2024/0180,E-Procurement,Notice Inviting Tender (NIT),2024-01-20,2024-02-05,2024-02-10,1010100.75,1000000.0,CONTRACTOR-DEMO-0149,Classic Buildcon Pvt Ltd,3,Completed
TENDER-DEMO-00180,MPLADS-DEMO-000090,Procurement for Laying of Underground Drinking Water Pipeline Distribution in Village-70,WO/CUT/2024/0181,E-Procurement,Work Order Issued,2024-01-31,2024-02-11,2024-02-13,1000000.0,1000000.0,CONTRACTOR-DEMO-0149,Classic Buildcon Pvt Ltd,1,Awarded
TENDER-DEMO-00181,MPLADS-DEMO-000091,Procurement for Construction of Public Sanitation Facility and Bathing Block in Village-157,NIT/Rur/WAR/2023/0182,Open Tender,Notice Inviting Tender (NIT),2023-10-08,2023-10-27,2023-11-01,4160534.42,4100000.0,CONTRACTOR-DEMO-0086,Swastik Buildcon Pvt Ltd,7,Completed
TENDER-DEMO-00182,MPLADS-DEMO-000091,Procurement for Construction of Public Sanitation Facility and Bathing Block in Village-157,WO/WAR/2023/0183,E-Procurement,Work Order Issued,2023-10-23,2023-11-01,2023-11-03,4100000.0,4100000.0,CONTRACTOR-DEMO-0086,Swastik Buildcon Pvt Ltd,1,Awarded
TENDER-DEMO-00183,MPLADS-DEMO-000092,Procurement for Construction of Culvert and Cross-Drainage Structure on Link Road Village-61,NIT/Pub/RAJ/2023/0184,Open Tender,Notice Inviting Tender (NIT),2023-10-10,2023-10-26,2023-11-05,3771144.97,3800000.0,CONTRACTOR-DEMO-0174,Maruti Projects Ltd,4,Completed
TENDER-DEMO-00184,MPLADS-DEMO-000092,Procurement for Construction of Culvert and Cross-Drainage Structure on Link Road Village-61,WO/RAJ/2023/0185,E-Procurement,Work Order Issued,2023-10-21,2023-11-01,2023-11-03,3800000.0,3800000.0,CONTRACTOR-DEMO-0174,Maruti Projects Ltd,1,Awarded
TENDER-DEMO-00185,MPLADS-DEMO-000093,Procurement for Interlocking Paver Block Road Installation along Main Street in Village-104,NIT/Pan/JAB/2023/0186,Open Tender,Notice Inviting Tender (NIT),2023-10-07,2023-10-27,2023-11-04,3766537.8,3600000.0,CONTRACTOR-DEMO-0038,Om Infrastructure Ltd,3,Completed
TENDER-DEMO-00186,MPLADS-DEMO-000093,Procurement for Interlocking Paver Block Road Installation along Main Street in Village-104,WO/JAB/2023/0187,E-Procurement,Work Order Issued,2023-10-25,2023-11-01,2023-11-08,3600000.0,3600000.0,CONTRACTOR-DEMO-0038,Om Infrastructure Ltd,1,Awarded
TENDER-DEMO-00187,MPLADS-DEMO-000094,Procurement for Construction of Separate Girls Toilet and Wash Area in Govt High School Village-107,NIT/Dis/PUN/2023/0188,Open Tender,Notice Inviting Tender (NIT),2023-10-09,2023-10-21,2023-10-30,3799999.01,3700000.0,CONTRACTOR-DEMO-0184,Shanti Projects Ltd,6,Completed
TENDER-DEMO-00188,MPLADS-DEMO-000094,Procurement for Construction of Separate Girls Toilet and Wash Area in Govt High School Village-107,WO/PUN/2023/0189,E-Procurement,Work Order Issued,2023-10-21,2023-11-01,2023-11-04,3700000.0,3700000.0,CONTRACTOR-DEMO-0184,Shanti Projects Ltd,1,Awarded
TENDER-DEMO-00189,MPLADS-DEMO-000095,Procurement for Installation of Solar LED High-Mast Lighting System at Market Yard Village-16,NIT/Mun/SUR/2023/0190,E-Procurement,Notice Inviting Tender (NIT),2023-10-12,2023-10-27,2023-11-02,4547648.55,4400000.0,CONTRACTOR-DEMO-0027,Modern Rural Developers,5,Completed
TENDER-DEMO-00190,MPLADS-DEMO-000095,Procurement for Installation of Solar LED High-Mast Lighting System at Market Yard Village-16,WO/SUR/2023/0191,E-Procurement,Work Order Issued,2023-10-26,2023-11-01,2023-11-03,4400000.0,4400000.0,CONTRACTOR-DEMO-0027,Modern Rural Developers,1,Awarded
TENDER-DEMO-00191,MPLADS-DEMO-000096,Procurement for Construction of Check Dam and Water Harvesting Percolation Tank at Village-117,NIT/Rur/JAB/2023/0192,E-Procurement,Notice Inviting Tender (NIT),2023-10-13,2023-10-24,2023-10-29,4710379.44,4500000.0,CONTRACTOR-DEMO-0194,United Urban Works Pvt Ltd,3,Completed
TENDER-DEMO-00192,MPLADS-DEMO-000096,Procurement for Construction of Check Dam and Water Harvesting Percolation Tank at Village-117,WO/JAB/2023/0193,E-Procurement,Work Order Issued,2023-10-25,2023-11-01,2023-11-03,4500000.0,4500000.0,CONTRACTOR-DEMO-0194,United Urban Works Pvt Ltd,1,Awarded
TENDER-DEMO-00193,MPLADS-DEMO-000097,Procurement for Construction of Multipurpose Community Hall at Village Village-109,NIT/Rur/COI/2023/0194,E-Procurement,Notice Inviting Tender (NIT),2023-10-03,2023-10-18,2023-10-24,4263136.14,4200000.0,CONTRACTOR-DEMO-0050,Sai Engineering Works,7,Completed
TENDER-DEMO-00194,MPLADS-DEMO-000097,Procurement for Construction of Multipurpose Community Hall at Village Village-109,WO/COI/2023/0195,E-Procurement,Work Order Issued,2023-10-26,2023-11-01,2023-11-06,4200000.0,4200000.0,CONTRACTOR-DEMO-0050,Sai Engineering Works,1,Awarded
TENDER-DEMO-00195,MPLADS-DEMO-000098,Procurement for Development of Emergency Cold Storage and Pharmacy Room at Hospital Village-166,NIT/Mun/WAR/2023/0196,Open Tender,Notice Inviting Tender (NIT),2023-10-09,2023-10-20,2023-10-30,4451489.01,4300000.0,CONTRACTOR-DEMO-0173,Kisan Infrastructure Ltd,5,Completed
TENDER-DEMO-00196,MPLADS-DEMO-000098,Procurement for Development of Emergency Cold Storage and Pharmacy Room at Hospital Village-166,WO/WAR/2023/0197,E-Procurement,Work Order Issued,2023-10-21,2023-11-01,2023-11-04,4300000.0,4300000.0,CONTRACTOR-DEMO-0173,Kisan Infrastructure Ltd,1,Awarded
TENDER-DEMO-00197,MPLADS-DEMO-000099,Procurement for Supply of Diagnostic Medical Equipment and Patient Beds to Rural Clinic in Village-31,NIT/Min/PUN/2024/0198,Open Tender,Notice Inviting Tender (NIT),2024-03-08,2024-03-29,2024-04-03,1743086.54,1670000.0,CONTRACTOR-DEMO-0176,Surya Shakti Infrastructure Ltd,7,Completed
TENDER-DEMO-00198,MPLADS-DEMO-000099,Procurement for Supply of Diagnostic Medical Equipment and Patient Beds to Rural Clinic in Village-31,WO/PUN/2024/0199,E-Procurement,Work Order Issued,2024-03-25,2024-03-31,2024-04-03,1670000.0,1670000.0,CONTRACTOR-DEMO-0176,Surya Shakti Infrastructure Ltd,1,Awarded
TENDER-DEMO-00199,MPLADS-DEMO-000100,Procurement for Setup of Science Laboratory and Learning Resource Center in Village-59,NIT/Pub/DHA/2024/0200,Open Tender,Notice Inviting Tender (NIT),2024-02-12,2024-02-27,2024-03-05,1270682.59,1250000.0,CONTRACTOR-DEMO-0161,Sai Infrastructure Ltd,7,Completed
TENDER-DEMO-00200,MPLADS-DEMO-000100,Procurement for Setup of Science Laboratory and Learning Resource Center in Village-59,WO/DHA/2024/0201,E-Procurement,Work Order Issued,2024-02-19,2024-03-02,2024-03-09,1250000.0,1250000.0,CONTRACTOR-DEMO-0161,Sai Infrastructure Ltd,1,Awarded
TENDER-DEMO-00201,MPLADS-DEMO-000101,Procurement for Installation of Community RO Water Purification Plant at Village-26,NIT/Pub/LUC/2024/0202,Open Tender,Notice Inviting Tender (NIT),2024-01-19,2024-01-29,2024-02-08,1070937.8,1030000.0,CONTRACTOR-DEMO-0059,National Rural Developers,6,Completed
TENDER-DEMO-00202,MPLADS-DEMO-000101,Procurement for Installation of Community RO Water Purification Plant at Village-26,WO/LUC/2024/0203,E-Procurement,Work Order Issued,2024-02-03,2024-02-14,2024-02-17,1030000.0,1030000.0,CONTRACTOR-DEMO-0059,National Rural Developers,1,Awarded
TENDER-DEMO-00203,MPLADS-DEMO-000102,Procurement for Supply and Erection of 30 Standalone Solar Street Lights in Village-60,NIT/Mun/PUN/2024/0204,Open Tender,Notice Inviting Tender (NIT),2024-03-23,2024-04-05,2024-04-17,723899.71,700000.0,CONTRACTOR-DEMO-0173,Kisan Infrastructure Ltd,3,Completed
TENDER-DEMO-00204,MPLADS-DEMO-000102,Procurement for Supply and Erection of 30 Standalone Solar Street Lights in Village-60,WO/PUN/2024/0205,E-Procurement,Work Order Issued,2024-03-31,2024-04-12,2024-04-18,700000.0,700000.0,CONTRACTOR-DEMO-0173,Kisan Infrastructure Ltd,1,Awarded
TENDER-DEMO-00205,MPLADS-DEMO-000103,Procurement for Construction of Separate Girls Toilet and Wash Area in Govt High School Village-71,NIT/Dis/LUC/2023/0206,Open Tender,Notice Inviting Tender (NIT),2023-09-13,2023-09-29,2023-10-09,625235.92,610000.0,CONTRACTOR-DEMO-0138,Pragati Buildcon Pvt Ltd,4,Completed
TENDER-DEMO-00206,MPLADS-DEMO-000103,Procurement for Construction of Separate Girls Toilet and Wash Area in Govt High School Village-71,WO/LUC/2023/0207,E-Procurement,Work Order Issued,2023-10-07,2023-10-12,2023-10-17,610000.0,610000.0,CONTRACTOR-DEMO-0138,Pragati Buildcon Pvt Ltd,1,Awarded
TENDER-DEMO-00207,MPLADS-DEMO-000104,Procurement for Setup of Science Laboratory and Learning Resource Center in Village-39,NIT/Pan/ERN/2023/0208,E-Procurement,Notice Inviting Tender (NIT),2023-06-19,2023-06-29,2023-07-09,1550293.62,1580000.0,CONTRACTOR-DEMO-0109,Surya Shakti Contractors,5,Completed
TENDER-DEMO-00208,MPLADS-DEMO-000104,Procurement for Setup of Science Laboratory and Learning Resource Center in Village-39,WO/ERN/2023/0209,E-Procurement,Work Order Issued,2023-06-29,2023-07-10,2023-07-17,1580000.0,1580000.0,CONTRACTOR-DEMO-0109,Surya Shakti Contractors,1,Awarded
TENDER-DEMO-00209,MPLADS-DEMO-000105,Procurement for Installation of Solar LED High-Mast Lighting System at Market Yard Village-100,NIT/Mun/DHA/2023/0210,Quotation / Direct Award,Notice Inviting Tender (NIT),2023-03-14,2023-03-29,2023-04-10,492982.88,500000.0,CONTRACTOR-DEMO-0176,Surya Shakti Infrastructure Ltd,1,Completed
TENDER-DEMO-00210,MPLADS-DEMO-000105,Procurement for Installation of Solar LED High-Mast Lighting System at Market Yard Village-100,WO/DHA/2023/0211,E-Procurement,Work Order Issued,2023-03-23,2023-03-29,2023-04-04,500000.0,500000.0,CONTRACTOR-DEMO-0176,Surya Shakti Infrastructure Ltd,1,Awarded
TENDER-DEMO-00211,MPLADS-DEMO-000106,Procurement for Construction of Multipurpose Community Hall at Village Village-49,NIT/Rur/MAD/2024/0212,E-Procurement,Notice Inviting Tender (NIT),2024-04-20,2024-05-07,2024-05-19,2088439.46,2050000.0,CONTRACTOR-DEMO-0058,Panchsheel Urban Works Pvt Ltd,7,Completed
TENDER-DEMO-00212,MPLADS-DEMO-000106,Procurement for Construction of Multipurpose Community Hall at Village Village-49,WO/MAD/2024/0213,E-Procurement,Work Order Issued,2024-05-03,2024-05-09,2024-05-15,2050000.0,2050000.0,CONTRACTOR-DEMO-0058,Panchsheel Urban Works Pvt Ltd,1,Awarded
TENDER-DEMO-00213,MPLADS-DEMO-000107,Procurement for Renovation and Expansion of Village Panchayat Bhavan in Village-63,NIT/Dis/KOZ/2024/0214,E-Procurement,Notice Inviting Tender (NIT),2024-03-03,2024-03-23,2024-04-02,2403306.54,2410000.0,CONTRACTOR-DEMO-0082,Siddhartha Construction Co,7,Completed
TENDER-DEMO-00214,MPLADS-DEMO-000107,Procurement for Renovation and Expansion of Village Panchayat Bhavan in Village-63,WO/KOZ/2024/0215,E-Procurement,Work Order Issued,2024-03-10,2024-03-19,2024-03-21,2410000.0,2410000.0,CONTRACTOR-DEMO-0082,Siddhartha Construction Co,1,Awarded
TENDER-DEMO-00215,MPLADS-DEMO-000108,Procurement for Supply and Erection of 30 Standalone Solar Street Lights in Village-120,NIT/Min/UDA/2023/0216,E-Procurement,Notice Inviting Tender (NIT),2023-05-18,2023-05-28,2023-06-06,821230.13,800000.0,CONTRACTOR-DEMO-0060,Premier Contractors,4,Completed
TENDER-DEMO-00216,MPLADS-DEMO-000108,Procurement for Supply and Erection of 30 Standalone Solar Street Lights in Village-120,WO/UDA/2023/0217,E-Procurement,Work Order Issued,2023-05-25,2023-06-05,2023-06-08,800000.0,800000.0,CONTRACTOR-DEMO-0060,Premier Contractors,1,Awarded
TENDER-DEMO-00217,MPLADS-DEMO-000109,Procurement for Construction of Open Air Gymnasium and Seating Area at Village-142,NIT/Pan/PUN/2023/0218,E-Procurement,Notice Inviting Tender (NIT),2023-05-27,2023-06-11,2023-06-22,1185021.64,1130000.0,CONTRACTOR-DEMO-0069,Samriddhi Infra Solutions,7,Completed
TENDER-DEMO-00218,MPLADS-DEMO-000109,Procurement for Construction of Open Air Gymnasium and Seating Area at Village-142,WO/PUN/2023/0219,E-Procurement,Work Order Issued,2023-06-13,2023-06-19,2023-06-24,1130000.0,1130000.0,CONTRACTOR-DEMO-0069,Samriddhi Infra Solutions,1,Awarded
TENDER-DEMO-00219,MPLADS-DEMO-000110,Procurement for Development of Emergency Cold Storage and Pharmacy Room at Hospital Village-126,NIT/Pub/KOZ/2023/0220,E-Procurement,Notice Inviting Tender (NIT),2023-09-23,2023-10-14,2023-10-23,1663993.59,1650000.0,CONTRACTOR-DEMO-0138,Pragati Buildcon Pvt Ltd,3,Completed
TENDER-DEMO-00220,MPLADS-DEMO-000110,Procurement for Development of Emergency Cold Storage and Pharmacy Room at Hospital Village-126,WO/KOZ/2023/0221,E-Procurement,Work Order Issued,2023-10-07,2023-10-17,2023-10-20,1650000.0,1650000.0,CONTRACTOR-DEMO-0138,Pragati Buildcon Pvt Ltd,1,Awarded
TENDER-DEMO-00221,MPLADS-DEMO-000111,Procurement for Construction of Check Dam and Water Harvesting Percolation Tank at Village-172,NIT/Dis/KAR/2023/0222,E-Procurement,Notice Inviting Tender (NIT),2022-12-24,2023-01-05,2023-01-11,1276829.11,1270000.0,CONTRACTOR-DEMO-0120,Golden Projects Ltd,3,Completed
TENDER-DEMO-00222,MPLADS-DEMO-000111,Procurement for Construction of Check Dam and Water Harvesting Percolation Tank at Village-172,WO/KAR/2023/0223,E-Procurement,Work Order Issued,2022-12-31,2023-01-10,2023-01-14,1270000.0,1270000.0,CONTRACTOR-DEMO-0120,Golden Projects Ltd,1,Awarded
TENDER-DEMO-00223,MPLADS-DEMO-000112,Procurement for Installation of 10kW Rooftop Solar Power System at Primary Health Center Village-171,NIT/Dis/AHM/2023/0224,Open Tender,Notice Inviting Tender (NIT),2022-12-23,2023-01-04,2023-01-12,1041171.09,1020000.0,CONTRACTOR-DEMO-0188,Universal Contractors,3,Completed
TENDER-DEMO-00224,MPLADS-DEMO-000112,Procurement for Installation of 10kW Rooftop Solar Power System at Primary Health Center Village-171,WO/AHM/2023/0225,E-Procurement,Work Order Issued,2023-01-05,2023-01-10,2023-01-14,1020000.0,1020000.0,CONTRACTOR-DEMO-0188,Universal Contractors,1,Awarded
TENDER-DEMO-00225,MPLADS-DEMO-000113,Procurement for Construction of Cement Concrete (CC) Road and Drain Channel at Village-129,NIT/Dis/DHA/2023/0226,E-Procurement,Notice Inviting Tender (NIT),2022-12-17,2023-01-04,2023-01-10,2125461.31,2050000.0,CONTRACTOR-DEMO-0094,Panchsheel Construction Co,7,Completed
TENDER-DEMO-00226,MPLADS-DEMO-000113,Procurement for Construction of Cement Concrete (CC) Road and Drain Channel at Village-129,WO/DHA/2023/0227,E-Procurement,Work Order Issued,2023-01-01,2023-01-10,2023-01-12,2050000.0,2050000.0,CONTRACTOR-DEMO-0094,Panchsheel Construction Co,1,Awarded
TENDER-DEMO-00227,MPLADS-DEMO-000114,Procurement for Construction of Additional Classrooms at Govt Senior Secondary School Village-96,NIT/Pan/NIZ/2023/0228,Open Tender,Notice Inviting Tender (NIT),2022-12-14,2022-12-24,2023-01-02,2109523.74,2020000.0,CONTRACTOR-DEMO-0101,Bharat Construction Co,6,Completed
TENDER-DEMO-00228,MPLADS-DEMO-000114,Procurement for Construction of Additional Classrooms at Govt Senior Secondary School Village-96,WO/NIZ/2023/0229,E-Procurement,Work Order Issued,2022-12-31,2023-01-10,2023-01-14,2020000.0,2020000.0,CONTRACTOR-DEMO-0101,Bharat Construction Co,1,Awarded
TENDER-DEMO-00229,MPLADS-DEMO-000115,Procurement for Construction of Additional Classrooms at Govt Senior Secondary School Village-164,NIT/Min/DHA/2023/0230,Open Tender,Notice Inviting Tender (NIT),2022-12-25,2023-01-06,2023-01-12,2634227.47,2670000.0,CONTRACTOR-DEMO-0058,Panchsheel Urban Works Pvt Ltd,7,Completed
TENDER-DEMO-00230,MPLADS-DEMO-000115,Procurement for Construction of Additional Classrooms at Govt Senior Secondary School Village-164,WO/DHA/2023/0231,E-Procurement,Work Order Issued,2023-01-04,2023-01-10,2023-01-15,2670000.0,2670000.0,CONTRACTOR-DEMO-0058,Panchsheel Urban Works Pvt Ltd,1,Awarded
TENDER-DEMO-00231,MPLADS-DEMO-000116,Procurement for Supply and Erection of 30 Standalone Solar Street Lights in Village-70,NIT/Mun/CUT/2023/0232,E-Procurement,Notice Inviting Tender (NIT),2022-12-25,2023-01-11,2023-01-21,675640.87,670000.0,CONTRACTOR-DEMO-0057,Universal Projects Ltd,3,Completed
TENDER-DEMO-00232,MPLADS-DEMO-000116,Procurement for Supply and Erection of 30 Standalone Solar Street Lights in Village-70,WO/CUT/2023/0233,E-Procurement,Work Order Issued,2023-01-03,2023-01-10,2023-01-16,670000.0,670000.0,CONTRACTOR-DEMO-0057,Universal Projects Ltd,1,Awarded
TENDER-DEMO-00233,MPLADS-DEMO-000117,Procurement for Construction of Reinforced Concrete Irrigation Sluice Gate and Channel in Village-102,NIT/Min/PUN/2023/0234,Open Tender,Notice Inviting Tender (NIT),2022-12-19,2022-12-30,2023-01-09,1606694.27,1620000.0,CONTRACTOR-DEMO-0180,Siddhartha Infra Solutions,7,Completed
TENDER-DEMO-00234,MPLADS-DEMO-000117,Procurement for Construction of Reinforced Concrete Irrigation Sluice Gate and Channel in Village-102,WO/PUN/2023/0235,E-Procurement,Work Order Issued,2023-01-05,2023-01-10,2023-01-15,1620000.0,1620000.0,CONTRACTOR-DEMO-0180,Siddhartha Infra Solutions,1,Awarded
TENDER-DEMO-00235,MPLADS-DEMO-000118,Procurement for Installation of 10kW Rooftop Solar Power System at Primary Health Center Village-89,NIT/Pan/SUR/2023/0236,Open Tender,Notice Inviting Tender (NIT),2022-12-20,2023-01-10,2023-01-17,634787.76,640000.0,CONTRACTOR-DEMO-0073,Gitanjali Engineering Works,7,Completed
TENDER-DEMO-00236,MPLADS-DEMO-000118,Procurement for Installation of 10kW Rooftop Solar Power System at Primary Health Center Village-89,WO/SUR/2023/0237,E-Procurement,Work Order Issued,2022-12-30,2023-01-10,2023-01-12,640000.0,640000.0,CONTRACTOR-DEMO-0073,Gitanjali Engineering Works,1,Awarded
TENDER-DEMO-00237,MPLADS-DEMO-000119,Procurement for Drilling of Deep Borewell and Solar-Powered Overhead Water Tank at Village-142,NIT/Rur/BEN/2023/0238,Open Tender,Notice Inviting Tender (NIT),2022-12-18,2023-01-06,2023-01-14,943471.7,930000.0,CONTRACTOR-DEMO-0072,Sai Rural Developers,4,Completed
TENDER-DEMO-00238,MPLADS-DEMO-000119,Procurement for Drilling of Deep Borewell and Solar-Powered Overhead Water Tank at Village-142,WO/BEN/2023/0239,E-Procurement,Work Order Issued,2022-12-30,2023-01-10,2023-01-13,930000.0,930000.0,CONTRACTOR-DEMO-0072,Sai Rural Developers,1,Awarded
TENDER-DEMO-00239,MPLADS-DEMO-000120,Procurement for Development of Emergency Cold Storage and Pharmacy Room at Hospital Village-40,NIT/Rur/IND/2023/0240,E-Procurement,Notice Inviting Tender (NIT),2022-12-14,2022-12-27,2023-01-05,1335451.34,1330000.0,CONTRACTOR-DEMO-0026,Gitanjali Buildcon Pvt Ltd,6,Completed
TENDER-DEMO-00240,MPLADS-DEMO-000120,Procurement for Development of Emergency Cold Storage and Pharmacy Room at Hospital Village-40,WO/IND/2023/0241,E-Procurement,Work Order Issued,2023-01-01,2023-01-10,2023-01-14,1330000.0,1330000.0,CONTRACTOR-DEMO-0026,Gitanjali Buildcon Pvt Ltd,1,Awarded
TENDER-DEMO-00241,MPLADS-DEMO-000121,Procurement for Setup of Science Laboratory and Learning Resource Center in Village-27,NIT/Min/BHO/2024/0242,E-Procurement,Notice Inviting Tender (NIT),2024-04-17,2024-05-06,2024-05-12,1039778.14,1010000.0,CONTRACTOR-DEMO-0025,Aditya Infra Solutions,5,Completed
TENDER-DEMO-00242,MPLADS-DEMO-000121,Procurement for Setup of Science Laboratory and Learning Resource Center in Village-27,WO/BHO/2024/0243,E-Procurement,Work Order Issued,2024-05-04,2024-05-09,2024-05-11,1010000.0,1010000.0,CONTRACTOR-DEMO-0025,Aditya Infra Solutions,1,Awarded
TENDER-DEMO-00243,MPLADS-DEMO-000122,Procurement for Installation of Solar LED High-Mast Lighting System at Market Yard Village-147,NIT/Pan/CUT/2023/0244,Open Tender,Notice Inviting Tender (NIT),2023-09-20,2023-10-09,2023-10-17,567751.25,550000.0,CONTRACTOR-DEMO-0074,Hindustan Urban Works Pvt Ltd,4,Completed
TENDER-DEMO-00244,MPLADS-DEMO-000122,Procurement for Installation of Solar LED High-Mast Lighting System at Market Yard Village-147,WO/CUT/2023/0245,E-Procurement,Work Order Issued,2023-10-11,2023-10-17,2023-10-24,550000.0,550000.0,CONTRACTOR-DEMO-0074,Hindustan Urban Works Pvt Ltd,1,Awarded
TENDER-DEMO-00245,MPLADS-DEMO-000123,Procurement for Construction of Additional Classrooms at Govt Senior Secondary School Village-93,NIT/Dis/JAI/2023/0246,Open Tender,Notice Inviting Tender (NIT),2023-03-10,2023-03-22,2023-03-27,2649785.32,2660000.0,CONTRACTOR-DEMO-0105,Krishna Buildcon Pvt Ltd,4,Completed
TENDER-DEMO-00246,MPLADS-DEMO-000123,Procurement for Construction of Additional Classrooms at Govt Senior Secondary School Village-93,WO/JAI/2023/0247,E-Procurement,Work Order Issued,2023-03-26,2023-04-01,2023-04-08,2660000.0,2660000.0,CONTRACTOR-DEMO-0105,Krishna Buildcon Pvt Ltd,1,Awarded
TENDER-DEMO-00247,MPLADS-DEMO-000124,Procurement for Supply and Erection of 30 Standalone Solar Street Lights in Village-85,NIT/Dis/KAR/2023/0248,Open Tender,Notice Inviting Tender (NIT),2023-06-27,2023-07-09,2023-07-17,909416.18,910000.0,CONTRACTOR-DEMO-0085,Kisan Rural Developers,3,Completed
TENDER-DEMO-00248,MPLADS-DEMO-000124,Procurement for Supply and Erection of 30 Standalone Solar Street Lights in Village-85,WO/KAR/2023/0249,E-Procurement,Work Order Issued,2023-07-16,2023-07-24,2023-07-31,910000.0,910000.0,CONTRACTOR-DEMO-0085,Kisan Rural Developers,1,Awarded
TENDER-DEMO-00249,MPLADS-DEMO-000125,Procurement for Development of Emergency Cold Storage and Pharmacy Room at Hospital Village-126,NIT/Mun/KOZ/2023/0250,Open Tender,Notice Inviting Tender (NIT),2023-08-23,2023-09-13,2023-09-18,1624385.2,1610000.0,CONTRACTOR-DEMO-0155,Reliable Contractors,5,Completed
TENDER-DEMO-00250,MPLADS-DEMO-000125,Procurement for Development of Emergency Cold Storage and Pharmacy Room at Hospital Village-126,WO/KOZ/2023/0251,E-Procurement,Work Order Issued,2023-08-29,2023-09-10,2023-09-13,1610000.0,1610000.0,CONTRACTOR-DEMO-0155,Reliable Contractors,1,Awarded
TENDER-DEMO-00251,MPLADS-DEMO-000126,Procurement for Development of Emergency Cold Storage and Pharmacy Room at Hospital Village-7,NIT/Dis/NAS/2024/0252,E-Procurement,Notice Inviting Tender (NIT),2024-03-14,2024-04-04,2024-04-10,2185713.77,2100000.0,CONTRACTOR-DEMO-0166,Shiv Shakti Engineers & Builders,5,Completed
TENDER-DEMO-00252,MPLADS-DEMO-000126,Procurement for Development of Emergency Cold Storage and Pharmacy Room at Hospital Village-7,WO/NAS/2024/0253,E-Procurement,Work Order Issued,2024-03-22,2024-04-02,2024-04-09,2100000.0,2100000.0,CONTRACTOR-DEMO-0166,Shiv Shakti Engineers & Builders,1,Awarded
TENDER-DEMO-00253,MPLADS-DEMO-000127,Procurement for Interlocking Paver Block Road Installation along Main Street in Village-184,NIT/Min/LUC/2023/0254,Open Tender,Notice Inviting Tender (NIT),2023-08-25,2023-09-11,2023-09-19,1424858.82,1370000.0,CONTRACTOR-DEMO-0096,Kisan Contractors,4,Completed
TENDER-DEMO-00254,MPLADS-DEMO-000127,Procurement for Interlocking Paver Block Road Installation along Main Street in Village-184,WO/LUC/2023/0255,E-Procurement,Work Order Issued,2023-09-06,2023-09-17,2023-09-21,1370000.0,1370000.0,CONTRACTOR-DEMO-0096,Kisan Contractors,1,Awarded
TENDER-DEMO-00255,MPLADS-DEMO-000128,Procurement for Construction of Reinforced Concrete Irrigation Sluice Gate and Channel in Village-153,NIT/Pub/CUT/2023/0256,E-Procurement,Notice Inviting Tender (NIT),2023-04-05,2023-04-25,2023-05-03,1906872.59,1880000.0,CONTRACTOR-DEMO-0114,Hindustan Contractors,5,Completed
TENDER-DEMO-00256,MPLADS-DEMO-000128,Procurement for Construction of Reinforced Concrete Irrigation Sluice Gate and Channel in Village-153,WO/CUT/2023/0257,E-Procurement,Work Order Issued,2023-04-21,2023-04-26,2023-04-30,1880000.0,1880000.0,CONTRACTOR-DEMO-0114,Hindustan Contractors,1,Awarded
TENDER-DEMO-00257,MPLADS-DEMO-000129,Procurement for Construction of Open Air Gymnasium and Seating Area at Village-57,NIT/Dis/RAJ/2023/0258,E-Procurement,Notice Inviting Tender (NIT),2023-08-18,2023-09-03,2023-09-15,1328077.16,1340000.0,CONTRACTOR-DEMO-0042,Balaji Construction Co,3,Completed
TENDER-DEMO-00258,MPLADS-DEMO-000129,Procurement for Construction of Open Air Gymnasium and Seating Area at Village-57,WO/RAJ/2023/0259,E-Procurement,Work Order Issued,2023-08-24,2023-09-02,2023-09-05,1340000.0,1340000.0,CONTRACTOR-DEMO-0042,Balaji Construction Co,1,Awarded
TENDER-DEMO-00259,MPLADS-DEMO-000130,Procurement for Construction of Additional Classrooms at Govt Senior Secondary School Village-76,NIT/Pan/RAJ/2023/0260,Open Tender,Notice Inviting Tender (NIT),2023-07-17,2023-07-28,2023-08-06,1672844.56,1690000.0,CONTRACTOR-DEMO-0137,Om Contractors,5,Completed
TENDER-DEMO-00260,MPLADS-DEMO-000130,Procurement for Construction of Additional Classrooms at Govt Senior Secondary School Village-76,WO/RAJ/2023/0261,E-Procurement,Work Order Issued,2023-08-03,2023-08-14,2023-08-16,1690000.0,1690000.0,CONTRACTOR-DEMO-0137,Om Contractors,1,Awarded
TENDER-DEMO-00261,MPLADS-DEMO-000131,Procurement for Comprehensive modernization of rural community utility center in Village-113,NIT/Rur/VAR/2023/0262,E-Procurement,Notice Inviting Tender (NIT),2023-02-27,2023-03-17,2023-03-23,1603054.64,1570000.0,CONTRACTOR-DEMO-0193,Balaji Urban Works Pvt Ltd,5,Completed
TENDER-DEMO-00262,MPLADS-DEMO-000131,Procurement for Comprehensive modernization of rural community utility center in Village-113,WO/VAR/2023/0263,E-Procurement,Work Order Issued,2023-03-21,2023-03-29,2023-04-03,1570000.0,1570000.0,CONTRACTOR-DEMO-0193,Balaji Urban Works Pvt Ltd,1,Awarded
TENDER-DEMO-00263,MPLADS-DEMO-000132,Procurement for Comprehensive modernization of rural community utility center in Village-85,NIT/Rur/VAR/2023/0264,E-Procurement,Notice Inviting Tender (NIT),2023-05-10,2023-05-31,2023-06-09,872560.72,840000.0,CONTRACTOR-DEMO-0161,Sai Infrastructure Ltd,6,Completed
TENDER-DEMO-00264,MPLADS-DEMO-000132,Procurement for Comprehensive modernization of rural community utility center in Village-85,WO/VAR/2023/0265,E-Procurement,Work Order Issued,2023-05-24,2023-05-31,2023-06-05,840000.0,840000.0,CONTRACTOR-DEMO-0161,Sai Infrastructure Ltd,1,Awarded
TENDER-DEMO-00265,MPLADS-DEMO-000133,Procurement for Comprehensive modernization of rural community utility center in Village-100,NIT/Rur/VAR/2023/0266,E-Procurement,Notice Inviting Tender (NIT),2023-02-14,2023-03-03,2023-03-10,657404.14,670000.0,CONTRACTOR-DEMO-0087,Swastik Infrastructure Ltd,4,Completed
TENDER-DEMO-00266,MPLADS-DEMO-000133,Procurement for Comprehensive modernization of rural community utility center in Village-100,WO/VAR/2023/0267,E-Procurement,Work Order Issued,2023-02-25,2023-03-08,2023-03-11,670000.0,670000.0,CONTRACTOR-DEMO-0087,Swastik Infrastructure Ltd,1,Awarded
TENDER-DEMO-00267,MPLADS-DEMO-000134,Procurement for Comprehensive modernization of rural community utility center in Village-172,NIT/Rur/VAR/2023/0268,E-Procurement,Notice Inviting Tender (NIT),2023-11-13,2023-11-24,2023-12-03,1030486.99,1000000.0,CONTRACTOR-DEMO-0162,Reliable Enterprises,7,Completed
TENDER-DEMO-00268,MPLADS-DEMO-000134,Procurement for Comprehensive modernization of rural community utility center in Village-172,WO/VAR/2023/0269,E-Procurement,Work Order Issued,2023-11-26,2023-12-02,2023-12-06,1000000.0,1000000.0,CONTRACTOR-DEMO-0162,Reliable Enterprises,1,Awarded
TENDER-DEMO-00269,MPLADS-DEMO-000135,Procurement for Comprehensive modernization of rural community utility center in Village-77,NIT/Pan/VAR/2023/0270,Open Tender,Notice Inviting Tender (NIT),2023-06-17,2023-07-08,2023-07-19,2021727.2,2060000.0,CONTRACTOR-DEMO-0134,Shiv Shakti Engineering Works,7,Completed
TENDER-DEMO-00270,MPLADS-DEMO-000135,Procurement for Comprehensive modernization of rural community utility center in Village-77,WO/VAR/2023/0271,E-Procurement,Work Order Issued,2023-07-03,2023-07-11,2023-07-15,2060000.0,2060000.0,CONTRACTOR-DEMO-0134,Shiv Shakti Engineering Works,1,Awarded
TENDER-DEMO-00271,MPLADS-DEMO-000136,Procurement for Comprehensive modernization of rural community utility center in Village-148,NIT/Rur/VAR/2024/0272,Open Tender,Notice Inviting Tender (NIT),2024-05-07,2024-05-20,2024-05-27,870337.4,850000.0,CONTRACTOR-DEMO-0077,Aditya Construction Co,7,Completed
TENDER-DEMO-00272,MPLADS-DEMO-000136,Procurement for Comprehensive modernization of rural community utility center in Village-148,WO/VAR/2024/0273,E-Procurement,Work Order Issued,2024-05-23,2024-05-30,2024-06-01,850000.0,850000.0,CONTRACTOR-DEMO-0077,Aditya Construction Co,1,Awarded
TENDER-DEMO-00273,MPLADS-DEMO-000137,Procurement for Comprehensive modernization of rural community utility center in Village-159,NIT/Pan/VAR/2023/0274,E-Procurement,Notice Inviting Tender (NIT),2023-08-19,2023-09-09,2023-09-20,1244103.02,1220000.0,CONTRACTOR-DEMO-0185,United Construction Co,3,Completed
TENDER-DEMO-00274,MPLADS-DEMO-000137,Procurement for Comprehensive modernization of rural community utility center in Village-159,WO/VAR/2023/0275,E-Procurement,Work Order Issued,2023-09-05,2023-09-13,2023-09-16,1220000.0,1220000.0,CONTRACTOR-DEMO-0185,United Construction Co,1,Awarded
TENDER-DEMO-00275,MPLADS-DEMO-000138,Procurement for Comprehensive modernization of rural community utility center in Village-145,NIT/Mun/VAR/2023/0276,E-Procurement,Notice Inviting Tender (NIT),2023-06-17,2023-07-08,2023-07-17,803760.09,780000.0,CONTRACTOR-DEMO-0144,Navnirman Engineering Works,6,Completed
TENDER-DEMO-00276,MPLADS-DEMO-000138,Procurement for Comprehensive modernization of rural community utility center in Village-145,WO/VAR/2023/0277,E-Procurement,Work Order Issued,2023-06-26,2023-07-05,2023-07-11,780000.0,780000.0,CONTRACTOR-DEMO-0144,Navnirman Engineering Works,1,Awarded
TENDER-DEMO-00277,MPLADS-DEMO-000139,Procurement for Comprehensive modernization of rural community utility center in Village-69,NIT/Pub/VAR/2024/0278,E-Procurement,Notice Inviting Tender (NIT),2024-02-29,2024-03-20,2024-03-31,698284.21,680000.0,CONTRACTOR-DEMO-0112,Hindustan Infrastructure Ltd,7,Completed
TENDER-DEMO-00278,MPLADS-DEMO-000139,Procurement for Comprehensive modernization of rural community utility center in Village-69,WO/VAR/2024/0279,E-Procurement,Work Order Issued,2024-03-15,2024-03-21,2024-03-26,680000.0,680000.0,CONTRACTOR-DEMO-0112,Hindustan Infrastructure Ltd,1,Awarded
TENDER-DEMO-00279,MPLADS-DEMO-000140,Procurement for Comprehensive modernization of rural community utility center in Village-193,NIT/Rur/VAR/2024/0280,Open Tender,Notice Inviting Tender (NIT),2024-02-26,2024-03-16,2024-03-24,979778.92,940000.0,CONTRACTOR-DEMO-0064,Sai Civil Projects,5,Completed
TENDER-DEMO-00280,MPLADS-DEMO-000140,Procurement for Comprehensive modernization of rural community utility center in Village-193,WO/VAR/2024/0281,E-Procurement,Work Order Issued,2024-03-17,2024-03-27,2024-03-31,940000.0,940000.0,CONTRACTOR-DEMO-0064,Sai Civil Projects,1,Awarded
TENDER-DEMO-00281,MPLADS-DEMO-000141,Procurement for Development of Emergency Cold Storage and Pharmacy Room at Hospital Village-177,NIT/Mun/NIZ/2024/0282,Open Tender,Notice Inviting Tender (NIT),2024-02-17,2024-03-01,2024-03-11,2029041.08,2000000.0,CONTRACTOR-DEMO-0093,Reliable Infrastructure Ltd,6,Completed
TENDER-DEMO-00282,MPLADS-DEMO-000141,Procurement for Development of Emergency Cold Storage and Pharmacy Room at Hospital Village-177,WO/NIZ/2024/0283,E-Procurement,Work Order Issued,2024-03-12,2024-03-18,2024-03-20,2000000.0,2000000.0,CONTRACTOR-DEMO-0093,Reliable Infrastructure Ltd,1,Awarded
TENDER-DEMO-00283,MPLADS-DEMO-000142,Procurement for Installation of 10kW Rooftop Solar Power System at Primary Health Center Village-44,NIT/Dis/GOR/2023/0284,E-Procurement,Notice Inviting Tender (NIT),2023-10-06,2023-10-19,2023-10-30,811713.71,780000.0,CONTRACTOR-DEMO-0019,Samriddhi Infrastructure Ltd,4,Completed
TENDER-DEMO-00284,MPLADS-DEMO-000142,Procurement for Installation of 10kW Rooftop Solar Power System at Primary Health Center Village-44,WO/GOR/2023/0285,E-Procurement,Work Order Issued,2023-10-14,2023-10-25,2023-10-31,780000.0,780000.0,CONTRACTOR-DEMO-0019,Samriddhi Infrastructure Ltd,1,Awarded
TENDER-DEMO-00285,MPLADS-DEMO-000143,Procurement for Construction of Maternity & Child Healthcare Ward at Primary Health Sub-Center Village-180,NIT/Dis/KHO/2024/0286,Open Tender,Notice Inviting Tender (NIT),2024-01-18,2024-01-29,2024-02-10,2699360.24,2620000.0,CONTRACTOR-DEMO-0165,Riddhi Infra Solutions,4,Completed
TENDER-DEMO-00286,MPLADS-DEMO-000143,Procurement for Construction of Maternity & Child Healthcare Ward at Primary Health Sub-Center Village-180,WO/KHO/2024/0287,E-Procurement,Work Order Issued,2024-01-27,2024-02-04,2024-02-08,2620000.0,2620000.0,CONTRACTOR-DEMO-0165,Riddhi Infra Solutions,1,Awarded
TENDER-DEMO-00287,MPLADS-DEMO-000144,Procurement for Setup of Science Laboratory and Learning Resource Center in Village-116,NIT/Pub/SAL/2024/0288,E-Procurement,Notice Inviting Tender (NIT),2024-01-24,2024-02-03,2024-02-12,990627.04,1010000.0,CONTRACTOR-DEMO-0152,National Construction Co,7,Completed
TENDER-DEMO-00288,MPLADS-DEMO-000144,Procurement for Setup of Science Laboratory and Learning Resource Center in Village-116,WO/SAL/2024/0289,E-Procurement,Work Order Issued,2024-02-05,2024-02-11,2024-02-15,1010000.0,1010000.0,CONTRACTOR-DEMO-0152,National Construction Co,1,Awarded
TENDER-DEMO-00289,MPLADS-DEMO-000145,Procurement for Construction of Reinforced Concrete Irrigation Sluice Gate and Channel in Village-24,NIT/Dis/KHO/2024/0290,Open Tender,Notice Inviting Tender (NIT),2024-03-07,2024-03-20,2024-03-26,1756749.75,1750000.0,CONTRACTOR-DEMO-0130,Vikas Urban Works Pvt Ltd,4,Completed
TENDER-DEMO-00290,MPLADS-DEMO-000145,Procurement for Construction of Reinforced Concrete Irrigation Sluice Gate and Channel in Village-24,WO/KHO/2024/0291,E-Procurement,Work Order Issued,2024-03-30,2024-04-05,2024-04-09,1750000.0,1750000.0,CONTRACTOR-DEMO-0130,Vikas Urban Works Pvt Ltd,1,Awarded
TENDER-DEMO-00291,MPLADS-DEMO-000146,Procurement for Desilting and Deepening of Traditional Village Water Reservoir in Village-87,NIT/Pub/JOD/2024/0292,Open Tender,Notice Inviting Tender (NIT),2024-02-04,2024-02-14,2024-02-26,1460086.27,1420000.0,CONTRACTOR-DEMO-0121,Apex Engineering Works,7,Completed
TENDER-DEMO-00292,MPLADS-DEMO-000146,Procurement for Desilting and Deepening of Traditional Village Water Reservoir in Village-87,WO/JOD/2024/0293,E-Procurement,Work Order Issued,2024-02-21,2024-02-26,2024-03-02,1420000.0,1420000.0,CONTRACTOR-DEMO-0121,Apex Engineering Works,1,Awarded
TENDER-DEMO-00293,MPLADS-DEMO-000147,Procurement for Construction of Check Dam and Water Harvesting Percolation Tank at Village-113,NIT/Min/NAG/2023/0294,Open Tender,Notice Inviting Tender (NIT),2023-04-04,2023-04-20,2023-04-30,1618690.74,1640000.0,CONTRACTOR-DEMO-0027,Modern Rural Developers,7,Completed
TENDER-DEMO-00294,MPLADS-DEMO-000147,Procurement for Construction of Check Dam and Water Harvesting Percolation Tank at Village-113,WO/NAG/2023/0295,E-Procurement,Work Order Issued,2023-04-16,2023-04-25,2023-04-27,1640000.0,1640000.0,CONTRACTOR-DEMO-0027,Modern Rural Developers,1,Awarded
TENDER-DEMO-00295,MPLADS-DEMO-000148,Procurement for Construction of Cement Concrete (CC) Road and Drain Channel at Village-96,NIT/Rur/UDA/2024/0296,Open Tender,Notice Inviting Tender (NIT),2024-01-08,2024-01-29,2024-02-08,1808586.7,1730000.0,CONTRACTOR-DEMO-0004,Aditya Buildcon Pvt Ltd,6,Completed
TENDER-DEMO-00296,MPLADS-DEMO-000148,Procurement for Construction of Cement Concrete (CC) Road and Drain Channel at Village-96,WO/UDA/2024/0297,E-Procurement,Work Order Issued,2024-01-31,2024-02-05,2024-02-12,1730000.0,1730000.0,CONTRACTOR-DEMO-0004,Aditya Buildcon Pvt Ltd,1,Awarded
TENDER-DEMO-00297,MPLADS-DEMO-000149,Procurement for Development of Public Recreation Shed and Boundary Wall in Village-152,NIT/Pub/BEN/2023/0298,Open Tender,Notice Inviting Tender (NIT),2023-04-09,2023-04-29,2023-05-04,934306.92,910000.0,CONTRACTOR-DEMO-0102,Samriddhi Civil Projects,4,Completed
TENDER-DEMO-00298,MPLADS-DEMO-000149,Procurement for Development of Public Recreation Shed and Boundary Wall in Village-152,WO/BEN/2023/0299,E-Procurement,Work Order Issued,2023-04-20,2023-04-27,2023-04-30,910000.0,910000.0,CONTRACTOR-DEMO-0102,Samriddhi Civil Projects,1,Awarded
TENDER-DEMO-00299,MPLADS-DEMO-000150,Procurement for Construction of Check Dam and Water Harvesting Percolation Tank at Village-27,NIT/Pub/KOZ/2024/0300,Open Tender,Notice Inviting Tender (NIT),2024-04-12,2024-05-03,2024-05-10,1262011.6,1270000.0,CONTRACTOR-DEMO-0148,National Engineers & Builders,4,Completed
TENDER-DEMO-00300,MPLADS-DEMO-000150,Procurement for Construction of Check Dam and Water Harvesting Percolation Tank at Village-27,WO/KOZ/2024/0301,E-Procurement,Work Order Issued,2024-04-21,2024-04-28,2024-05-02,1270000.0,1270000.0,CONTRACTOR-DEMO-0148,National Engineers & Builders,1,Awarded
TENDER-DEMO-00301,MPLADS-DEMO-000151,Procurement for Construction of Community Hall at Village-Ward-10,NIT/Pub/COI/2023/0302,Open Tender,Notice Inviting Tender (NIT),2023-08-27,2023-09-06,2023-09-18,2170830.4,2180000.0,CONTRACTOR-DEMO-0196,Pragati Engineering Works,4,Completed
TENDER-DEMO-00302,MPLADS-DEMO-000151,Procurement for Construction of Community Hall at Village-Ward-10,WO/COI/2023/0303,E-Procurement,Work Order Issued,2023-09-19,2023-09-25,2023-10-02,2180000.0,2180000.0,CONTRACTOR-DEMO-0196,Pragati Engineering Works,1,Awarded
TENDER-DEMO-00303,MPLADS-DEMO-000152,Procurement for Development of Community Hall in Village-Ward-10,NIT/Mun/COI/2023/0304,Open Tender,Notice Inviting Tender (NIT),2023-06-02,2023-06-17,2023-06-26,1214965.73,1170000.0,CONTRACTOR-DEMO-0056,Om Construction Co,6,Completed
TENDER-DEMO-00304,MPLADS-DEMO-000152,Procurement for Development of Community Hall in Village-Ward-10,WO/COI/2023/0305,E-Procurement,Work Order Issued,2023-06-17,2023-06-23,2023-06-26,1170000.0,1170000.0,CONTRACTOR-DEMO-0056,Om Construction Co,1,Awarded
TENDER-DEMO-00305,MPLADS-DEMO-000153,Procurement for Construction of Community Hall at Village-Ward-11,NIT/Dis/PUN/2023/0306,Open Tender,Notice Inviting Tender (NIT),2023-09-15,2023-10-01,2023-10-06,595197.76,600000.0,CONTRACTOR-DEMO-0096,Kisan Contractors,3,Completed
TENDER-DEMO-00306,MPLADS-DEMO-000153,Procurement for Construction of Community Hall at Village-Ward-11,WO/PUN/2023/0307,E-Procurement,Work Order Issued,2023-10-04,2023-10-15,2023-10-17,600000.0,600000.0,CONTRACTOR-DEMO-0096,Kisan Contractors,1,Awarded
TENDER-DEMO-00307,MPLADS-DEMO-000154,Procurement for Development of Community Hall in Village-Ward-11,NIT/Pub/PUN/2023/0308,Open Tender,Notice Inviting Tender (NIT),2023-01-24,2023-02-05,2023-02-13,1477687.37,1500000.0,CONTRACTOR-DEMO-0014,Surya Shakti Construction Co,6,Completed
TENDER-DEMO-00308,MPLADS-DEMO-000154,Procurement for Development of Community Hall in Village-Ward-11,WO/PUN/2023/0309,E-Procurement,Work Order Issued,2023-01-30,2023-02-10,2023-02-13,1500000.0,1500000.0,CONTRACTOR-DEMO-0014,Surya Shakti Construction Co,1,Awarded
TENDER-DEMO-00309,MPLADS-DEMO-000155,Procurement for Construction of Community Hall at Village-Ward-12,NIT/Mun/GAN/2023/0310,Open Tender,Notice Inviting Tender (NIT),2023-10-19,2023-11-02,2023-11-12,802376.32,770000.0,CONTRACTOR-DEMO-0024,Modern Contractors,4,Completed
TENDER-DEMO-00310,MPLADS-DEMO-000155,Procurement for Construction of Community Hall at Village-Ward-12,WO/GAN/2023/0311,E-Procurement,Work Order Issued,2023-10-27,2023-11-08,2023-11-13,770000.0,770000.0,CONTRACTOR-DEMO-0024,Modern Contractors,1,Awarded
TENDER-DEMO-00311,MPLADS-DEMO-000156,Procurement for Development of Community Hall in Village-Ward-12,NIT/Rur/GAN/2023/0312,Open Tender,Notice Inviting Tender (NIT),2023-03-02,2023-03-21,2023-04-02,1179459.89,1180000.0,CONTRACTOR-DEMO-0018,Bharat Civil Projects,5,Completed
TENDER-DEMO-00312,MPLADS-DEMO-000156,Procurement for Development of Community Hall in Village-Ward-12,WO/GAN/2023/0313,E-Procurement,Work Order Issued,2023-03-17,2023-03-22,2023-03-25,1180000.0,1180000.0,CONTRACTOR-DEMO-0018,Bharat Civil Projects,1,Awarded
TENDER-DEMO-00313,MPLADS-DEMO-000157,Procurement for Construction of Community Hall at Village-Ward-13,NIT/Mun/NIZ/2024/0314,Open Tender,Notice Inviting Tender (NIT),2023-12-27,2024-01-10,2024-01-21,1902705.48,1840000.0,CONTRACTOR-DEMO-0137,Om Contractors,6,Completed
TENDER-DEMO-00314,MPLADS-DEMO-000157,Procurement for Construction of Community Hall at Village-Ward-13,WO/NIZ/2024/0315,E-Procurement,Work Order Issued,2024-01-17,2024-01-23,2024-01-30,1840000.0,1840000.0,CONTRACTOR-DEMO-0137,Om Contractors,1,Awarded
TENDER-DEMO-00315,MPLADS-DEMO-000158,Procurement for Development of Community Hall in Village-Ward-13,NIT/Pub/NIZ/2023/0316,Open Tender,Notice Inviting Tender (NIT),2023-03-12,2023-03-22,2023-03-30,1949705.57,1890000.0,CONTRACTOR-DEMO-0138,Pragati Buildcon Pvt Ltd,7,Completed
TENDER-DEMO-00316,MPLADS-DEMO-000158,Procurement for Development of Community Hall in Village-Ward-13,WO/NIZ/2023/0317,E-Procurement,Work Order Issued,2023-03-19,2023-03-31,2023-04-05,1890000.0,1890000.0,CONTRACTOR-DEMO-0138,Pragati Buildcon Pvt Ltd,1,Awarded
TENDER-DEMO-00317,MPLADS-DEMO-000159,Procurement for Construction of Community Hall at Village-Ward-14,NIT/Mun/WAY/2023/0318,Open Tender,Notice Inviting Tender (NIT),2023-04-28,2023-05-08,2023-05-15,1689434.75,1660000.0,CONTRACTOR-DEMO-0030,Hindustan Civil Projects,4,Completed
TENDER-DEMO-00318,MPLADS-DEMO-000159,Procurement for Construction of Community Hall at Village-Ward-14,WO/WAY/2023/0319,E-Procurement,Work Order Issued,2023-05-09,2023-05-17,2023-05-19,1660000.0,1660000.0,CONTRACTOR-DEMO-0030,Hindustan Civil Projects,1,Awarded
TENDER-DEMO-00319,MPLADS-DEMO-000160,Procurement for Development of Community Hall in Village-Ward-14,NIT/Min/WAY/2023/0320,Open Tender,Notice Inviting Tender (NIT),2023-08-05,2023-08-18,2023-08-24,1836840.24,1830000.0,CONTRACTOR-DEMO-0145,Samriddhi Urban Works Pvt Ltd,7,Completed
TENDER-DEMO-00320,MPLADS-DEMO-000160,Procurement for Development of Community Hall in Village-Ward-14,WO/WAY/2023/0321,E-Procurement,Work Order Issued,2023-08-13,2023-08-22,2023-08-26,1830000.0,1830000.0,CONTRACTOR-DEMO-0145,Samriddhi Urban Works Pvt Ltd,1,Awarded
TENDER-DEMO-00321,MPLADS-DEMO-000161,Procurement for Construction of Community Hall at Village-Ward-15,NIT/Rur/NIZ/2023/0322,E-Procurement,Notice Inviting Tender (NIT),2023-11-15,2023-12-03,2023-12-10,1992898.0,1920000.0,CONTRACTOR-DEMO-0049,National Buildcon Pvt Ltd,3,Completed
TENDER-DEMO-00322,MPLADS-DEMO-000161,Procurement for Construction of Community Hall at Village-Ward-15,WO/NIZ/2023/0323,E-Procurement,Work Order Issued,2023-11-28,2023-12-10,2023-12-13,1920000.0,1920000.0,CONTRACTOR-DEMO-0049,National Buildcon Pvt Ltd,1,Awarded
TENDER-DEMO-00323,MPLADS-DEMO-000162,Procurement for Development of Community Hall in Village-Ward-15,NIT/Dis/NIZ/2023/0324,E-Procurement,Notice Inviting Tender (NIT),2023-03-24,2023-04-06,2023-04-12,640241.82,630000.0,CONTRACTOR-DEMO-0148,National Engineers & Builders,7,Completed
TENDER-DEMO-00324,MPLADS-DEMO-000162,Procurement for Development of Community Hall in Village-Ward-15,WO/NIZ/2023/0325,E-Procurement,Work Order Issued,2023-04-06,2023-04-12,2023-04-17,630000.0,630000.0,CONTRACTOR-DEMO-0148,National Engineers & Builders,1,Awarded
TENDER-DEMO-00325,MPLADS-DEMO-000163,Procurement for Installation of Solar LED High-Mast Lighting System at Market Yard Village-119,NIT/Pub/KOZ/2024/0326,E-Procurement,Notice Inviting Tender (NIT),2024-03-09,2024-03-30,2024-04-09,576989.88,570000.0,CONTRACTOR-DEMO-0108,Shanti Buildcon Pvt Ltd,5,Completed
TENDER-DEMO-00326,MPLADS-DEMO-000163,Procurement for Installation of Solar LED High-Mast Lighting System at Market Yard Village-119,WO/KOZ/2024/0327,E-Procurement,Work Order Issued,2024-03-21,2024-03-26,2024-03-28,570000.0,570000.0,CONTRACTOR-DEMO-0108,Shanti Buildcon Pvt Ltd,1,Awarded
TENDER-DEMO-00327,MPLADS-DEMO-000164,Procurement for Supply and Erection of 30 Standalone Solar Street Lights in Village-163,NIT/Pan/LUC/2024/0328,Open Tender,Notice Inviting Tender (NIT),2024-04-11,2024-04-21,2024-04-26,738685.42,710000.0,CONTRACTOR-DEMO-0064,Sai Civil Projects,3,Completed
TENDER-DEMO-00328,MPLADS-DEMO-000164,Procurement for Supply and Erection of 30 Standalone Solar Street Lights in Village-163,WO/LUC/2024/0329,E-Procurement,Work Order Issued,2024-04-16,2024-04-26,2024-04-29,710000.0,710000.0,CONTRACTOR-DEMO-0064,Sai Civil Projects,1,Awarded
TENDER-DEMO-00329,MPLADS-DEMO-000165,Procurement for Development of Public Recreation Shed and Boundary Wall in Village-183,NIT/Pub/BEN/2024/0330,E-Procurement,Notice Inviting Tender (NIT),2024-01-28,2024-02-08,2024-02-16,1206248.96,1190000.0,CONTRACTOR-DEMO-0152,National Construction Co,3,Completed
TENDER-DEMO-00330,MPLADS-DEMO-000165,Procurement for Development of Public Recreation Shed and Boundary Wall in Village-183,WO/BEN/2024/0331,E-Procurement,Work Order Issued,2024-02-04,2024-02-14,2024-02-16,1190000.0,1190000.0,CONTRACTOR-DEMO-0152,National Construction Co,1,Awarded
TENDER-DEMO-00331,MPLADS-DEMO-000166,Procurement for Laying of Underground Drinking Water Pipeline Distribution in Village-20,NIT/Pub/MYS/2023/0332,E-Procurement,Notice Inviting Tender (NIT),2023-07-19,2023-08-09,2023-08-16,1007220.68,960000.0,CONTRACTOR-DEMO-0063,Navnirman Infrastructure Ltd,5,Completed
TENDER-DEMO-00332,MPLADS-DEMO-000166,Procurement for Laying of Underground Drinking Water Pipeline Distribution in Village-20,WO/MYS/2023/0333,E-Procurement,Work Order Issued,2023-07-28,2023-08-03,2023-08-09,960000.0,960000.0,CONTRACTOR-DEMO-0063,Navnirman Infrastructure Ltd,1,Awarded
TENDER-DEMO-00333,MPLADS-DEMO-000167,Procurement for Installation of Community RO Water Purification Plant at Village-40,NIT/Pub/VAR/2024/0334,Open Tender,Notice Inviting Tender (NIT),2024-05-25,2024-06-08,2024-06-17,792919.37,800000.0,CONTRACTOR-DEMO-0071,Kisan Infra Solutions,7,Completed
TENDER-DEMO-00334,MPLADS-DEMO-000167,Procurement for Installation of Community RO Water Purification Plant at Village-40,WO/VAR/2024/0335,E-Procurement,Work Order Issued,2024-06-06,2024-06-18,2024-06-22,800000.0,800000.0,CONTRACTOR-DEMO-0071,Kisan Infra Solutions,1,Awarded
TENDER-DEMO-00335,MPLADS-DEMO-000168,Procurement for Drilling of Deep Borewell and Solar-Powered Overhead Water Tank at Village-181,NIT/Dis/SUR/2024/0336,Open Tender,Notice Inviting Tender (NIT),2024-05-30,2024-06-17,2024-06-23,693378.29,700000.0,CONTRACTOR-DEMO-0177,Apex Enterprises,5,Completed
TENDER-DEMO-00336,MPLADS-DEMO-000168,Procurement for Drilling of Deep Borewell and Solar-Powered Overhead Water Tank at Village-181,WO/SUR/2024/0337,E-Procurement,Work Order Issued,2024-06-19,2024-06-29,2024-07-04,700000.0,700000.0,CONTRACTOR-DEMO-0177,Apex Enterprises,1,Awarded
TENDER-DEMO-00337,MPLADS-DEMO-000169,Procurement for Construction of Check Dam and Water Harvesting Percolation Tank at Village-8,NIT/Rur/GOR/2023/0338,Open Tender,Notice Inviting Tender (NIT),2023-08-29,2023-09-08,2023-09-19,1833008.53,1810000.0,CONTRACTOR-DEMO-0019,Samriddhi Infrastructure Ltd,3,Completed
TENDER-DEMO-00338,MPLADS-DEMO-000169,Procurement for Construction of Check Dam and Water Harvesting Percolation Tank at Village-8,WO/GOR/2023/0339,E-Procurement,Work Order Issued,2023-09-23,2023-09-28,2023-10-05,1810000.0,1810000.0,CONTRACTOR-DEMO-0019,Samriddhi Infrastructure Ltd,1,Awarded
TENDER-DEMO-00339,MPLADS-DEMO-000170,Procurement for Laying of Underground Drinking Water Pipeline Distribution in Village-96,NIT/Pan/PUN/2024/0340,Open Tender,Notice Inviting Tender (NIT),2024-03-01,2024-03-14,2024-03-25,903757.19,900000.0,CONTRACTOR-DEMO-0169,Swastik Civil Projects,5,Completed
TENDER-DEMO-00340,MPLADS-DEMO-000170,Procurement for Laying of Underground Drinking Water Pipeline Distribution in Village-96,WO/PUN/2024/0341,E-Procurement,Work Order Issued,2024-03-14,2024-03-24,2024-03-31,900000.0,900000.0,CONTRACTOR-DEMO-0169,Swastik Civil Projects,1,Awarded
TENDER-DEMO-00341,MPLADS-DEMO-000171,Procurement for Installation of Community RO Water Purification Plant at Village-85,NIT/Pan/NIZ/2024/0342,Open Tender,Notice Inviting Tender (NIT),2024-03-26,2024-04-13,2024-04-20,635268.59,630000.0,CONTRACTOR-DEMO-0178,Golden Engineering Works,7,Completed
TENDER-DEMO-00342,MPLADS-DEMO-000171,Procurement for Installation of Community RO Water Purification Plant at Village-85,WO/NIZ/2024/0343,E-Procurement,Work Order Issued,2024-04-10,2024-04-18,2024-04-23,630000.0,630000.0,CONTRACTOR-DEMO-0178,Golden Engineering Works,1,Awarded
TENDER-DEMO-00343,MPLADS-DEMO-000172,Procurement for Interlocking Paver Block Road Installation along Main Street in Village-48,NIT/Pub/NAS/2023/0344,Open Tender,Notice Inviting Tender (NIT),2023-06-02,2023-06-16,2023-06-24,1038853.26,990000.0,CONTRACTOR-DEMO-0126,Swastik Engineers & Builders,5,Completed
TENDER-DEMO-00344,MPLADS-DEMO-000172,Procurement for Interlocking Paver Block Road Installation along Main Street in Village-48,WO/NAS/2023/0345,E-Procurement,Work Order Issued,2023-06-11,2023-06-21,2023-06-25,990000.0,990000.0,CONTRACTOR-DEMO-0126,Swastik Engineers & Builders,1,Awarded
TENDER-DEMO-00345,MPLADS-DEMO-000173,Procurement for Construction of Culvert and Cross-Drainage Structure on Link Road Village-36,NIT/Mun/SUR/2023/0346,Open Tender,Notice Inviting Tender (NIT),2023-10-15,2023-11-03,2023-11-14,2618922.82,2540000.0,CONTRACTOR-DEMO-0126,Swastik Engineers & Builders,7,Completed
TENDER-DEMO-00346,MPLADS-DEMO-000173,Procurement for Construction of Culvert and Cross-Drainage Structure on Link Road Village-36,WO/SUR/2023/0347,E-Procurement,Work Order Issued,2023-10-23,2023-11-04,2023-11-06,2540000.0,2540000.0,CONTRACTOR-DEMO-0126,Swastik Engineers & Builders,1,Awarded
TENDER-DEMO-00347,MPLADS-DEMO-000174,Procurement for Construction of Separate Girls Toilet and Wash Area in Govt High School Village-145,NIT/Dis/NIZ/2023/0348,E-Procurement,Notice Inviting Tender (NIT),2023-02-02,2023-02-15,2023-02-23,615314.83,610000.0,CONTRACTOR-DEMO-0139,Premier Enterprises,7,Completed
TENDER-DEMO-00348,MPLADS-DEMO-000174,Procurement for Construction of Separate Girls Toilet and Wash Area in Govt High School Village-145,WO/NIZ/2023/0349,E-Procurement,Work Order Issued,2023-02-20,2023-03-02,2023-03-04,610000.0,610000.0,CONTRACTOR-DEMO-0139,Premier Enterprises,1,Awarded
TENDER-DEMO-00349,MPLADS-DEMO-000175,Procurement for Installation of Solar LED High-Mast Lighting System at Market Yard Village-41,NIT/Rur/WAR/2024/0350,Open Tender,Notice Inviting Tender (NIT),2024-01-24,2024-02-05,2024-02-11,610234.89,620000.0,CONTRACTOR-DEMO-0094,Panchsheel Construction Co,3,Completed
TENDER-DEMO-00350,MPLADS-DEMO-000175,Procurement for Installation of Solar LED High-Mast Lighting System at Market Yard Village-41,WO/WAR/2024/0351,E-Procurement,Work Order Issued,2024-02-02,2024-02-13,2024-02-17,620000.0,620000.0,CONTRACTOR-DEMO-0094,Panchsheel Construction Co,1,Awarded
TENDER-DEMO-00351,MPLADS-DEMO-000176,Procurement for Drilling of Deep Borewell and Solar-Powered Overhead Water Tank at Village-189,NIT/Dis/NAS/2023/0352,Open Tender,Notice Inviting Tender (NIT),2023-11-06,2023-11-24,2023-11-29,509139.4,510000.0,CONTRACTOR-DEMO-0142,Panchsheel Infra Solutions,5,Completed
TENDER-DEMO-00352,MPLADS-DEMO-000176,Procurement for Drilling of Deep Borewell and Solar-Powered Overhead Water Tank at Village-189,WO/NAS/2023/0353,E-Procurement,Work Order Issued,2023-11-12,2023-11-24,2023-11-29,510000.0,510000.0,CONTRACTOR-DEMO-0142,Panchsheel Infra Solutions,1,Awarded
TENDER-DEMO-00353,MPLADS-DEMO-000177,Procurement for Construction of Additional Classrooms at Govt Senior Secondary School Village-24,NIT/Pub/NAS/2024/0354,Open Tender,Notice Inviting Tender (NIT),2024-05-02,2024-05-20,2024-05-28,1459375.92,1450000.0,CONTRACTOR-DEMO-0086,Swastik Buildcon Pvt Ltd,4,Completed
TENDER-DEMO-00354,MPLADS-DEMO-000177,Procurement for Construction of Additional Classrooms at Govt Senior Secondary School Village-24,WO/NAS/2024/0355,E-Procurement,Work Order Issued,2024-05-13,2024-05-24,2024-05-28,1450000.0,1450000.0,CONTRACTOR-DEMO-0086,Swastik Buildcon Pvt Ltd,1,Awarded
TENDER-DEMO-00355,MPLADS-DEMO-000178,Procurement for Construction of Public Sanitation Facility and Bathing Block in Village-199,NIT/Rur/RAJ/2024/0356,E-Procurement,Notice Inviting Tender (NIT),2024-05-28,2024-06-09,2024-06-15,920611.71,930000.0,CONTRACTOR-DEMO-0086,Swastik Buildcon Pvt Ltd,6,Completed
TENDER-DEMO-00356,MPLADS-DEMO-000178,Procurement for Construction of Public Sanitation Facility and Bathing Block in Village-199,WO/RAJ/2024/0357,E-Procurement,Work Order Issued,2024-06-12,2024-06-19,2024-06-25,930000.0,930000.0,CONTRACTOR-DEMO-0086,Swastik Buildcon Pvt Ltd,1,Awarded
TENDER-DEMO-00357,MPLADS-DEMO-000179,Procurement for Supply of Diagnostic Medical Equipment and Patient Beds to Rural Clinic in Village-164,NIT/Dis/NAS/2024/0358,E-Procurement,Notice Inviting Tender (NIT),2024-04-26,2024-05-12,2024-05-21,1209143.83,1220000.0,CONTRACTOR-DEMO-0100,Modern Civil Projects,4,Completed
TENDER-DEMO-00358,MPLADS-DEMO-000179,Procurement for Supply of Diagnostic Medical Equipment and Patient Beds to Rural Clinic in Village-164,WO/NAS/2024/0359,E-Procurement,Work Order Issued,2024-05-13,2024-05-20,2024-05-24,1220000.0,1220000.0,CONTRACTOR-DEMO-0100,Modern Civil Projects,1,Awarded
TENDER-DEMO-00359,MPLADS-DEMO-000180,Procurement for Supply of Diagnostic Medical Equipment and Patient Beds to Rural Clinic in Village-33,NIT/Mun/KOZ/2024/0360,Open Tender,Notice Inviting Tender (NIT),2024-02-01,2024-02-14,2024-02-20,1893158.1,1890000.0,CONTRACTOR-DEMO-0167,Shiv Shakti Civil Projects,5,Completed
TENDER-DEMO-00360,MPLADS-DEMO-000180,Procurement for Supply of Diagnostic Medical Equipment and Patient Beds to Rural Clinic in Village-33,WO/KOZ/2024/0361,E-Procurement,Work Order Issued,2024-02-17,2024-02-29,2024-03-02,1890000.0,1890000.0,CONTRACTOR-DEMO-0167,Shiv Shakti Civil Projects,1,Awarded
TENDER-DEMO-00361,MPLADS-DEMO-000181,Procurement for Installation of Digital Smart Classroom and Computer Lab Infrastructure at Village-85,NIT/Rur/NAG/2023/0362,E-Procurement,Notice Inviting Tender (NIT),2023-03-09,2023-03-23,2023-04-03,1090063.74,1100000.0,CONTRACTOR-DEMO-0057,Universal Projects Ltd,5,Completed
TENDER-DEMO-00362,MPLADS-DEMO-000181,Procurement for Installation of Digital Smart Classroom and Computer Lab Infrastructure at Village-85,WO/NAG/2023/0363,E-Procurement,Work Order Issued,2023-03-31,2023-04-05,2023-04-08,1100000.0,1100000.0,CONTRACTOR-DEMO-0057,Universal Projects Ltd,1,Awarded
TENDER-DEMO-00363,MPLADS-DEMO-000182,Procurement for Construction of Open Air Gymnasium and Seating Area at Village-66,NIT/Dis/ERN/2024/0364,E-Procurement,Notice Inviting Tender (NIT),2024-05-22,2024-06-04,2024-06-14,662504.8,660000.0,CONTRACTOR-DEMO-0100,Modern Civil Projects,4,Completed
TENDER-DEMO-00364,MPLADS-DEMO-000182,Procurement for Construction of Open Air Gymnasium and Seating Area at Village-66,WO/ERN/2024/0365,E-Procurement,Work Order Issued,2024-06-10,2024-06-18,2024-06-25,660000.0,660000.0,CONTRACTOR-DEMO-0100,Modern Civil Projects,1,Awarded
TENDER-DEMO-00365,MPLADS-DEMO-000183,Procurement for Construction of Additional Classrooms at Govt Senior Secondary School Village-123,NIT/Pub/DHA/2024/0366,E-Procurement,Notice Inviting Tender (NIT),2024-03-24,2024-04-13,2024-04-19,1995389.84,1970000.0,CONTRACTOR-DEMO-0070,Alliance Projects Ltd,5,Completed
TENDER-DEMO-00366,MPLADS-DEMO-000183,Procurement for Construction of Additional Classrooms at Govt Senior Secondary School Village-123,WO/DHA/2024/0367,E-Procurement,Work Order Issued,2024-03-30,2024-04-08,2024-04-12,1970000.0,1970000.0,CONTRACTOR-DEMO-0070,Alliance Projects Ltd,1,Awarded
TENDER-DEMO-00367,MPLADS-DEMO-000184,Procurement for Interlocking Paver Block Road Installation along Main Street in Village-97,NIT/Pan/SUR/2024/0368,Open Tender,Notice Inviting Tender (NIT),2024-05-15,2024-05-28,2024-06-03,915265.28,910000.0,CONTRACTOR-DEMO-0159,Samriddhi Engineers & Builders,7,Completed
TENDER-DEMO-00368,MPLADS-DEMO-000184,Procurement for Interlocking Paver Block Road Installation along Main Street in Village-97,WO/SUR/2024/0369,E-Procurement,Work Order Issued,2024-05-21,2024-05-30,2024-06-03,910000.0,910000.0,CONTRACTOR-DEMO-0159,Samriddhi Engineers & Builders,1,Awarded
TENDER-DEMO-00369,MPLADS-DEMO-000185,Procurement for Construction of Multipurpose Community Hall at Village Village-85,NIT/Pan/NAS/2023/0370,Open Tender,Notice Inviting Tender (NIT),2023-10-29,2023-11-15,2023-11-20,2146759.06,2090000.0,CONTRACTOR-DEMO-0016,Om Buildcon Pvt Ltd,5,Completed
TENDER-DEMO-00370,MPLADS-DEMO-000185,Procurement for Construction of Multipurpose Community Hall at Village Village-85,WO/NAS/2023/0371,E-Procurement,Work Order Issued,2023-11-08,2023-11-17,2023-11-24,2090000.0,2090000.0,CONTRACTOR-DEMO-0016,Om Buildcon Pvt Ltd,1,Awarded
TENDER-DEMO-00371,MPLADS-DEMO-000186,Procurement for Supply and Erection of 30 Standalone Solar Street Lights in Village-40,NIT/Rur/COI/2024/0372,Open Tender,Notice Inviting Tender (NIT),2023-12-16,2023-12-30,2024-01-07,546878.64,550000.0,CONTRACTOR-DEMO-0056,Om Construction Co,4,Completed
TENDER-DEMO-00372,MPLADS-DEMO-000186,Procurement for Supply and Erection of 30 Standalone Solar Street Lights in Village-40,WO/COI/2024/0373,E-Procurement,Work Order Issued,2023-12-22,2024-01-01,2024-01-04,550000.0,550000.0,CONTRACTOR-DEMO-0056,Om Construction Co,1,Awarded
TENDER-DEMO-00373,MPLADS-DEMO-000187,Procurement for Construction of Cement Concrete (CC) Road and Drain Channel at Village-122,NIT/Dis/SAL/2023/0374,E-Procurement,Notice Inviting Tender (NIT),2023-05-26,2023-06-14,2023-06-24,2719211.84,2610000.0,CONTRACTOR-DEMO-0101,Bharat Construction Co,3,Completed
TENDER-DEMO-00374,MPLADS-DEMO-000187,Procurement for Construction of Cement Concrete (CC) Road and Drain Channel at Village-122,WO/SAL/2023/0375,E-Procurement,Work Order Issued,2023-06-10,2023-06-18,2023-06-21,2610000.0,2610000.0,CONTRACTOR-DEMO-0101,Bharat Construction Co,1,Awarded
TENDER-DEMO-00375,MPLADS-DEMO-000188,Procurement for Construction of Additional Classrooms at Govt Senior Secondary School Village-68,NIT/Mun/NAS/2024/0376,E-Procurement,Notice Inviting Tender (NIT),2024-01-08,2024-01-19,2024-01-25,2141966.09,2080000.0,CONTRACTOR-DEMO-0109,Surya Shakti Contractors,6,Completed
TENDER-DEMO-00376,MPLADS-DEMO-000188,Procurement for Construction of Additional Classrooms at Govt Senior Secondary School Village-68,WO/NAS/2024/0377,E-Procurement,Work Order Issued,2024-01-20,2024-01-26,2024-02-01,2080000.0,2080000.0,CONTRACTOR-DEMO-0109,Surya Shakti Contractors,1,Awarded
TENDER-DEMO-00377,MPLADS-DEMO-000189,Procurement for Installation of Solar LED High-Mast Lighting System at Market Yard Village-100,NIT/Pub/LUC/2023/0378,Open Tender,Notice Inviting Tender (NIT),2023-11-17,2023-12-06,2023-12-14,787532.63,790000.0,CONTRACTOR-DEMO-0186,Classic Enterprises,3,Completed
TENDER-DEMO-00378,MPLADS-DEMO-000189,Procurement for Installation of Solar LED High-Mast Lighting System at Market Yard Village-100,WO/LUC/2023/0379,E-Procurement,Work Order Issued,2023-11-21,2023-12-03,2023-12-06,790000.0,790000.0,CONTRACTOR-DEMO-0186,Classic Enterprises,1,Awarded
TENDER-DEMO-00379,MPLADS-DEMO-000190,Procurement for Installation of 10kW Rooftop Solar Power System at Primary Health Center Village-147,NIT/Pub/MYS/2024/0380,E-Procurement,Notice Inviting Tender (NIT),2024-05-19,2024-06-04,2024-06-14,703473.9,670000.0,CONTRACTOR-DEMO-0036,Sai Projects Ltd,3,Completed
TENDER-DEMO-00380,MPLADS-DEMO-000190,Procurement for Installation of 10kW Rooftop Solar Power System at Primary Health Center Village-147,WO/MYS/2024/0381,E-Procurement,Work Order Issued,2024-06-02,2024-06-07,2024-06-14,670000.0,670000.0,CONTRACTOR-DEMO-0036,Sai Projects Ltd,1,Awarded
TENDER-DEMO-00381,MPLADS-DEMO-000191,Procurement for Renovation and Expansion of Village Panchayat Bhavan in Village-52,NIT/Dis/BHO/2024/0382,E-Procurement,Notice Inviting Tender (NIT),2024-03-04,2024-03-15,2024-03-27,2128161.04,2060000.0,CONTRACTOR-DEMO-0145,Samriddhi Urban Works Pvt Ltd,5,Completed
TENDER-DEMO-00382,MPLADS-DEMO-000191,Procurement for Renovation and Expansion of Village Panchayat Bhavan in Village-52,WO/BHO/2024/0383,E-Procurement,Work Order Issued,2024-03-15,2024-03-21,2024-03-26,2060000.0,2060000.0,CONTRACTOR-DEMO-0145,Samriddhi Urban Works Pvt Ltd,1,Awarded
TENDER-DEMO-00383,MPLADS-DEMO-000192,Procurement for Construction of Culvert and Cross-Drainage Structure on Link Road Village-4,NIT/Dis/KHO/2023/0384,Open Tender,Notice Inviting Tender (NIT),2023-03-27,2023-04-14,2023-04-19,2481290.0,2530000.0,CONTRACTOR-DEMO-0029,Pragati Construction Co,4,Completed
TENDER-DEMO-00384,MPLADS-DEMO-000192,Procurement for Construction of Culvert and Cross-Drainage Structure on Link Road Village-4,WO/KHO/2023/0385,E-Procurement,Work Order Issued,2023-04-19,2023-04-24,2023-04-26,2530000.0,2530000.0,CONTRACTOR-DEMO-0029,Pragati Construction Co,1,Awarded
TENDER-DEMO-00385,MPLADS-DEMO-000193,Procurement for Supply and Erection of 30 Standalone Solar Street Lights in Village-106,NIT/Pan/KHO/2023/0386,Open Tender,Notice Inviting Tender (NIT),2023-06-26,2023-07-11,2023-07-22,849543.28,860000.0,CONTRACTOR-DEMO-0013,Bharat Engineering Works,4,Completed
TENDER-DEMO-00386,MPLADS-DEMO-000193,Procurement for Supply and Erection of 30 Standalone Solar Street Lights in Village-106,WO/KHO/2023/0387,E-Procurement,Work Order Issued,2023-07-06,2023-07-14,2023-07-21,860000.0,860000.0,CONTRACTOR-DEMO-0013,Bharat Engineering Works,1,Awarded
TENDER-DEMO-00387,MPLADS-DEMO-000194,Procurement for Interlocking Paver Block Road Installation along Main Street in Village-13,NIT/Rur/CUT/2023/0388,E-Procurement,Notice Inviting Tender (NIT),2023-06-25,2023-07-10,2023-07-22,1301214.49,1270000.0,CONTRACTOR-DEMO-0062,Panchsheel Projects Ltd,6,Completed
TENDER-DEMO-00388,MPLADS-DEMO-000194,Procurement for Interlocking Paver Block Road Installation along Main Street in Village-13,WO/CUT/2023/0389,E-Procurement,Work Order Issued,2023-07-13,2023-07-22,2023-07-28,1270000.0,1270000.0,CONTRACTOR-DEMO-0062,Panchsheel Projects Ltd,1,Awarded
TENDER-DEMO-00389,MPLADS-DEMO-000195,Procurement for Supply of Diagnostic Medical Equipment and Patient Beds to Rural Clinic in Village-199,NIT/Pub/JAI/2023/0390,Open Tender,Notice Inviting Tender (NIT),2023-09-07,2023-09-28,2023-10-09,1597575.58,1530000.0,CONTRACTOR-DEMO-0099,Maruti Infrastructure Ltd,7,Completed
TENDER-DEMO-00390,MPLADS-DEMO-000195,Procurement for Supply of Diagnostic Medical Equipment and Patient Beds to Rural Clinic in Village-199,WO/JAI/2023/0391,E-Procurement,Work Order Issued,2023-09-14,2023-09-25,2023-09-29,1530000.0,1530000.0,CONTRACTOR-DEMO-0099,Maruti Infrastructure Ltd,1,Awarded
TENDER-DEMO-00391,MPLADS-DEMO-000196,Procurement for Construction of Check Dam and Water Harvesting Percolation Tank at Village-17,NIT/Pub/MYS/2023/0392,Open Tender,Notice Inviting Tender (NIT),2023-10-22,2023-11-03,2023-11-08,1251378.8,1270000.0,CONTRACTOR-DEMO-0055,Gitanjali Projects Ltd,7,Completed
TENDER-DEMO-00392,MPLADS-DEMO-000196,Procurement for Construction of Check Dam and Water Harvesting Percolation Tank at Village-17,WO/MYS/2023/0393,E-Procurement,Work Order Issued,2023-11-11,2023-11-17,2023-11-23,1270000.0,1270000.0,CONTRACTOR-DEMO-0055,Gitanjali Projects Ltd,1,Awarded
TENDER-DEMO-00393,MPLADS-DEMO-000197,Procurement for Renovation and Expansion of Village Panchayat Bhavan in Village-13,NIT/Mun/LUC/2023/0394,E-Procurement,Notice Inviting Tender (NIT),2023-08-03,2023-08-14,2023-08-23,2091199.08,2100000.0,CONTRACTOR-DEMO-0129,Mahalaxmi Engineers & Builders,6,Completed
TENDER-DEMO-00394,MPLADS-DEMO-000197,Procurement for Renovation and Expansion of Village Panchayat Bhavan in Village-13,WO/LUC/2023/0395,E-Procurement,Work Order Issued,2023-08-17,2023-08-27,2023-08-29,2100000.0,2100000.0,CONTRACTOR-DEMO-0129,Mahalaxmi Engineers & Builders,1,Awarded
TENDER-DEMO-00395,MPLADS-DEMO-000198,Procurement for Laying of Underground Drinking Water Pipeline Distribution in Village-151,NIT/Rur/JAB/2023/0396,Open Tender,Notice Inviting Tender (NIT),2023-06-05,2023-06-21,2023-06-29,1120894.51,1130000.0,CONTRACTOR-DEMO-0150,Reliable Engineering Works,4,Completed
TENDER-DEMO-00396,MPLADS-DEMO-000198,Procurement for Laying of Underground Drinking Water Pipeline Distribution in Village-151,WO/JAB/2023/0397,E-Procurement,Work Order Issued,2023-06-17,2023-06-24,2023-06-26,1130000.0,1130000.0,CONTRACTOR-DEMO-0150,Reliable Engineering Works,1,Awarded
TENDER-DEMO-00397,MPLADS-DEMO-000199,Procurement for Construction of Public Sanitation Facility and Bathing Block in Village-174,NIT/Pub/KHO/2024/0398,Open Tender,Notice Inviting Tender (NIT),2024-02-03,2024-02-20,2024-02-29,1023532.66,1020000.0,CONTRACTOR-DEMO-0157,Surya Shakti Infra Solutions,6,Completed
TENDER-DEMO-00398,MPLADS-DEMO-000199,Procurement for Construction of Public Sanitation Facility and Bathing Block in Village-174,WO/KHO/2024/0399,E-Procurement,Work Order Issued,2024-02-19,2024-02-25,2024-02-29,1020000.0,1020000.0,CONTRACTOR-DEMO-0157,Surya Shakti Infra Solutions,1,Awarded
TENDER-DEMO-00399,MPLADS-DEMO-000200,Procurement for Upgradation of Rural Link Road connecting Hamlet to Main Highway at Village-183,NIT/Pan/LUC/2023/0400,E-Procurement,Notice Inviting Tender (NIT),2023-09-21,2023-10-12,2023-10-21,4312492.01,4360000.0,CONTRACTOR-DEMO-0163,Samriddhi Enterprises,7,Completed
TENDER-DEMO-00400,MPLADS-DEMO-000200,Procurement for Upgradation of Rural Link Road connecting Hamlet to Main Highway at Village-183,WO/LUC/2023/0401,E-Procurement,Work Order Issued,2023-10-02,2023-10-07,2023-10-11,4360000.0,4360000.0,CONTRACTOR-DEMO-0163,Samriddhi Enterprises,1,Awarded
TENDER-DEMO-00401,MPLADS-DEMO-000201,Procurement for Construction of Multipurpose Community Hall at Village Village-131,NIT/Dis/COI/2023/0402,E-Procurement,Notice Inviting Tender (NIT),2023-12-09,2023-12-24,2024-01-01,2302838.47,2270000.0,CONTRACTOR-DEMO-0001,Apex Infrastructure Ltd,6,Completed
TENDER-DEMO-00402,MPLADS-DEMO-000201,Procurement for Construction of Multipurpose Community Hall at Village Village-131,WO/COI/2023/0403,E-Procurement,Work Order Issued,2023-12-13,2023-12-24,2023-12-31,2270000.0,2270000.0,CONTRACTOR-DEMO-0001,Apex Infrastructure Ltd,1,Awarded
TENDER-DEMO-00403,MPLADS-DEMO-000202,Procurement for Supply of Diagnostic Medical Equipment and Patient Beds to Rural Clinic in Village-71,NIT/Dis/GOR/2024/0404,E-Procurement,Notice Inviting Tender (NIT),2024-02-23,2024-03-12,2024-03-18,1808325.27,1830000.0,CONTRACTOR-DEMO-0001,Apex Infrastructure Ltd,4,Completed
TENDER-DEMO-00404,MPLADS-DEMO-000202,Procurement for Supply of Diagnostic Medical Equipment and Patient Beds to Rural Clinic in Village-71,WO/GOR/2024/0405,E-Procurement,Work Order Issued,2024-03-05,2024-03-10,2024-03-12,1830000.0,1830000.0,CONTRACTOR-DEMO-0001,Apex Infrastructure Ltd,1,Awarded
TENDER-DEMO-00405,MPLADS-DEMO-000203,Procurement for Installation of Community RO Water Purification Plant at Village-168,NIT/Mun/WAY/2023/0406,Open Tender,Notice Inviting Tender (NIT),2023-11-14,2023-11-24,2023-12-02,864551.59,860000.0,CONTRACTOR-DEMO-0001,Apex Infrastructure Ltd,6,Completed
TENDER-DEMO-00406,MPLADS-DEMO-000203,Procurement for Installation of Community RO Water Purification Plant at Village-168,WO/WAY/2023/0407,E-Procurement,Work Order Issued,2023-11-30,2023-12-05,2023-12-10,860000.0,860000.0,CONTRACTOR-DEMO-0001,Apex Infrastructure Ltd,1,Awarded
TENDER-DEMO-00407,MPLADS-DEMO-000204,Procurement for Desilting and Deepening of Traditional Village Water Reservoir in Village-172,NIT/Mun/SAL/2023/0408,Open Tender,Notice Inviting Tender (NIT),2023-04-30,2023-05-20,2023-06-01,994938.43,1010000.0,CONTRACTOR-DEMO-0001,Apex Infrastructure Ltd,4,Completed
TENDER-DEMO-00408,MPLADS-DEMO-000204,Procurement for Desilting and Deepening of Traditional Village Water Reservoir in Village-172,WO/SAL/2023/0409,E-Procurement,Work Order Issued,2023-05-12,2023-05-19,2023-05-22,1010000.0,1010000.0,CONTRACTOR-DEMO-0001,Apex Infrastructure Ltd,1,Awarded
TENDER-DEMO-00409,MPLADS-DEMO-000205,Procurement for Drilling of Deep Borewell and Solar-Powered Overhead Water Tank at Village-168,NIT/Pan/WAR/2024/0410,Open Tender,Notice Inviting Tender (NIT),2024-04-25,2024-05-10,2024-05-20,954134.34,970000.0,CONTRACTOR-DEMO-0001,Apex Infrastructure Ltd,6,Completed
TENDER-DEMO-00410,MPLADS-DEMO-000205,Procurement for Drilling of Deep Borewell and Solar-Powered Overhead Water Tank at Village-168,WO/WAR/2024/0411,E-Procurement,Work Order Issued,2024-05-07,2024-05-18,2024-05-24,970000.0,970000.0,CONTRACTOR-DEMO-0001,Apex Infrastructure Ltd,1,Awarded
TENDER-DEMO-00411,MPLADS-DEMO-000206,Procurement for Renovation and Expansion of Village Panchayat Bhavan in Village-14,NIT/Rur/KHO/2023/0412,Open Tender,Notice Inviting Tender (NIT),2023-04-06,2023-04-23,2023-05-05,1595346.78,1580000.0,CONTRACTOR-DEMO-0001,Apex Infrastructure Ltd,7,Completed
TENDER-DEMO-00412,MPLADS-DEMO-000206,Procurement for Renovation and Expansion of Village Panchayat Bhavan in Village-14,WO/KHO/2023/0413,E-Procurement,Work Order Issued,2023-04-16,2023-04-24,2023-04-30,1580000.0,1580000.0,CONTRACTOR-DEMO-0001,Apex Infrastructure Ltd,1,Awarded
TENDER-DEMO-00413,MPLADS-DEMO-000207,Procurement for Construction of Culvert and Cross-Drainage Structure on Link Road Village-146,NIT/Min/VAR/2024/0414,Open Tender,Notice Inviting Tender (NIT),2024-02-13,2024-02-27,2024-03-03,1541448.48,1560000.0,CONTRACTOR-DEMO-0001,Apex Infrastructure Ltd,5,Completed
TENDER-DEMO-00414,MPLADS-DEMO-000207,Procurement for Construction of Culvert and Cross-Drainage Structure on Link Road Village-146,WO/VAR/2024/0415,E-Procurement,Work Order Issued,2024-02-24,2024-03-07,2024-03-10,1560000.0,1560000.0,CONTRACTOR-DEMO-0001,Apex Infrastructure Ltd,1,Awarded
TENDER-DEMO-00415,MPLADS-DEMO-000208,Procurement for Renovation and Expansion of Village Panchayat Bhavan in Village-71,NIT/Pan/AHM/2023/0416,Open Tender,Notice Inviting Tender (NIT),2023-02-26,2023-03-12,2023-03-20,1824087.75,1800000.0,CONTRACTOR-DEMO-0001,Apex Infrastructure Ltd,7,Completed
TENDER-DEMO-00416,MPLADS-DEMO-000208,Procurement for Renovation and Expansion of Village Panchayat Bhavan in Village-71,WO/AHM/2023/0417,E-Procurement,Work Order Issued,2023-03-12,2023-03-23,2023-03-25,1800000.0,1800000.0,CONTRACTOR-DEMO-0001,Apex Infrastructure Ltd,1,Awarded
TENDER-DEMO-00417,MPLADS-DEMO-000209,Procurement for Construction of Multipurpose Community Hall at Village Village-137,NIT/Min/IND/2023/0418,Open Tender,Notice Inviting Tender (NIT),2023-10-18,2023-10-31,2023-11-10,1237848.87,1210000.0,CONTRACTOR-DEMO-0001,Apex Infrastructure Ltd,3,Completed
TENDER-DEMO-00418,MPLADS-DEMO-000209,Procurement for Construction of Multipurpose Community Hall at Village Village-137,WO/IND/2023/0419,E-Procurement,Work Order Issued,2023-11-02,2023-11-08,2023-11-15,1210000.0,1210000.0,CONTRACTOR-DEMO-0001,Apex Infrastructure Ltd,1,Awarded
TENDER-DEMO-00419,MPLADS-DEMO-000210,Procurement for Upgradation of Rural Link Road connecting Hamlet to Main Highway at Village-34,NIT/Pan/CUT/2023/0420,E-Procurement,Notice Inviting Tender (NIT),2023-06-22,2023-07-09,2023-07-14,3844215.52,3760000.0,CONTRACTOR-DEMO-0001,Apex Infrastructure Ltd,3,Completed
TENDER-DEMO-00420,MPLADS-DEMO-000210,Procurement for Upgradation of Rural Link Road connecting Hamlet to Main Highway at Village-34,WO/CUT/2023/0421,E-Procurement,Work Order Issued,2023-07-12,2023-07-18,2023-07-22,3760000.0,3760000.0,CONTRACTOR-DEMO-0001,Apex Infrastructure Ltd,1,Awarded
TENDER-DEMO-00421,MPLADS-DEMO-000211,Procurement for Construction of Maternity & Child Healthcare Ward at Primary Health Sub-Center Village-88,NIT/Rur/CUT/2024/0422,E-Procurement,Notice Inviting Tender (NIT),2024-03-20,2024-04-08,2024-04-15,2383619.87,2280000.0,CONTRACTOR-DEMO-0001,Apex Infrastructure Ltd,6,Completed
TENDER-DEMO-00422,MPLADS-DEMO-000211,Procurement for Construction of Maternity & Child Healthcare Ward at Primary Health Sub-Center Village-88,WO/CUT/2024/0423,E-Procurement,Work Order Issued,2024-04-06,2024-04-13,2024-04-18,2280000.0,2280000.0,CONTRACTOR-DEMO-0001,Apex Infrastructure Ltd,1,Awarded
TENDER-DEMO-00423,MPLADS-DEMO-000212,Procurement for Construction of Maternity & Child Healthcare Ward at Primary Health Sub-Center Village-151,NIT/Min/VAR/2024/0424,E-Procurement,Notice Inviting Tender (NIT),2024-02-02,2024-02-21,2024-03-03,1967245.43,1890000.0,CONTRACTOR-DEMO-0001,Apex Infrastructure Ltd,5,Completed
TENDER-DEMO-00424,MPLADS-DEMO-000212,Procurement for Construction of Maternity & Child Healthcare Ward at Primary Health Sub-Center Village-151,WO/VAR/2024/0425,E-Procurement,Work Order Issued,2024-02-24,2024-03-01,2024-03-07,1890000.0,1890000.0,CONTRACTOR-DEMO-0001,Apex Infrastructure Ltd,1,Awarded
TENDER-DEMO-00425,MPLADS-DEMO-000213,Procurement for Setup of Science Laboratory and Learning Resource Center in Village-98,NIT/Mun/NAG/2023/0426,Open Tender,Notice Inviting Tender (NIT),2023-11-23,2023-12-05,2023-12-15,1826783.73,1790000.0,CONTRACTOR-DEMO-0001,Apex Infrastructure Ltd,7,Completed
TENDER-DEMO-00426,MPLADS-DEMO-000213,Procurement for Setup of Science Laboratory and Learning Resource Center in Village-98,WO/NAG/2023/0427,E-Procurement,Work Order Issued,2023-12-10,2023-12-17,2023-12-21,1790000.0,1790000.0,CONTRACTOR-DEMO-0001,Apex Infrastructure Ltd,1,Awarded
TENDER-DEMO-00427,MPLADS-DEMO-000214,Procurement for Installation of 10kW Rooftop Solar Power System at Primary Health Center Village-180,NIT/Mun/GOR/2023/0428,Open Tender,Notice Inviting Tender (NIT),2023-06-11,2023-06-25,2023-06-30,682480.24,660000.0,CONTRACTOR-DEMO-0001,Apex Infrastructure Ltd,5,Completed
TENDER-DEMO-00428,MPLADS-DEMO-000214,Procurement for Installation of 10kW Rooftop Solar Power System at Primary Health Center Village-180,WO/GOR/2023/0429,E-Procurement,Work Order Issued,2023-06-22,2023-06-29,2023-07-02,660000.0,660000.0,CONTRACTOR-DEMO-0001,Apex Infrastructure Ltd,1,Awarded
TENDER-DEMO-00429,MPLADS-DEMO-000215,Procurement for Construction of Culvert and Cross-Drainage Structure on Link Road Village-76,NIT/Min/VAR/2023/0430,E-Procurement,Notice Inviting Tender (NIT),2023-05-11,2023-05-23,2023-05-31,1731055.67,1730000.0,CONTRACTOR-DEMO-0001,Apex Infrastructure Ltd,4,Completed
TENDER-DEMO-00430,MPLADS-DEMO-000215,Procurement for Construction of Culvert and Cross-Drainage Structure on Link Road Village-76,WO/VAR/2023/0431,E-Procurement,Work Order Issued,2023-05-18,2023-05-29,2023-06-04,1730000.0,1730000.0,CONTRACTOR-DEMO-0001,Apex Infrastructure Ltd,1,Awarded
TENDER-DEMO-00431,MPLADS-DEMO-000216,Procurement for Installation of Community RO Water Purification Plant at Village-200,NIT/Pub/BEN/2023/0432,Open Tender,Notice Inviting Tender (NIT),2023-09-21,2023-10-07,2023-10-12,692539.05,660000.0,CONTRACTOR-DEMO-0001,Apex Infrastructure Ltd,6,Completed
TENDER-DEMO-00432,MPLADS-DEMO-000216,Procurement for Installation of Community RO Water Purification Plant at Village-200,WO/BEN/2023/0433,E-Procurement,Work Order Issued,2023-09-26,2023-10-07,2023-10-14,660000.0,660000.0,CONTRACTOR-DEMO-0001,Apex Infrastructure Ltd,1,Awarded
TENDER-DEMO-00433,MPLADS-DEMO-000217,Procurement for Upgradation of Rural Link Road connecting Hamlet to Main Highway at Village-174,NIT/Dis/KHO/2023/0434,E-Procurement,Notice Inviting Tender (NIT),2023-01-23,2023-02-09,2023-02-20,2808811.46,2680000.0,CONTRACTOR-DEMO-0001,Apex Infrastructure Ltd,3,Completed
TENDER-DEMO-00434,MPLADS-DEMO-000217,Procurement for Upgradation of Rural Link Road connecting Hamlet to Main Highway at Village-174,WO/KHO/2023/0435,E-Procurement,Work Order Issued,2023-02-03,2023-02-10,2023-02-17,2680000.0,2680000.0,CONTRACTOR-DEMO-0001,Apex Infrastructure Ltd,1,Awarded
TENDER-DEMO-00435,MPLADS-DEMO-000218,Procurement for Construction of Maternity & Child Healthcare Ward at Primary Health Sub-Center Village-96,NIT/Rur/CUT/2024/0436,E-Procurement,Notice Inviting Tender (NIT),2024-04-03,2024-04-17,2024-04-25,2866246.77,2820000.0,CONTRACTOR-DEMO-0001,Apex Infrastructure Ltd,4,Completed
TENDER-DEMO-00436,MPLADS-DEMO-000218,Procurement for Construction of Maternity & Child Healthcare Ward at Primary Health Sub-Center Village-96,WO/CUT/2024/0437,E-Procurement,Work Order Issued,2024-04-14,2024-04-24,2024-05-01,2820000.0,2820000.0,CONTRACTOR-DEMO-0001,Apex Infrastructure Ltd,1,Awarded
TENDER-DEMO-00437,MPLADS-DEMO-000219,Procurement for Construction of Maternity & Child Healthcare Ward at Primary Health Sub-Center Village-41,NIT/Pan/ERN/2023/0438,Open Tender,Notice Inviting Tender (NIT),2023-05-03,2023-05-21,2023-05-28,3108804.67,3030000.0,CONTRACTOR-DEMO-0001,Apex Infrastructure Ltd,7,Completed
TENDER-DEMO-00438,MPLADS-DEMO-000219,Procurement for Construction of Maternity & Child Healthcare Ward at Primary Health Sub-Center Village-41,WO/ERN/2023/0439,E-Procurement,Work Order Issued,2023-05-16,2023-05-25,2023-05-27,3030000.0,3030000.0,CONTRACTOR-DEMO-0001,Apex Infrastructure Ltd,1,Awarded
TENDER-DEMO-00439,MPLADS-DEMO-000220,Procurement for Setup of Science Laboratory and Learning Resource Center in Village-12,NIT/Min/NAG/2024/0440,E-Procurement,Notice Inviting Tender (NIT),2024-02-13,2024-02-29,2024-03-06,954327.8,910000.0,CONTRACTOR-DEMO-0001,Apex Infrastructure Ltd,7,Completed
TENDER-DEMO-00440,MPLADS-DEMO-000220,Procurement for Setup of Science Laboratory and Learning Resource Center in Village-12,WO/NAG/2024/0441,E-Procurement,Work Order Issued,2024-02-29,2024-03-10,2024-03-12,910000.0,910000.0,CONTRACTOR-DEMO-0001,Apex Infrastructure Ltd,1,Awarded
TENDER-DEMO-00441,MPLADS-DEMO-000221,Procurement for Laying of Underground Drinking Water Pipeline Distribution in Village-89,NIT/Pan/KOZ/2023/0442,E-Procurement,Notice Inviting Tender (NIT),2023-11-22,2023-12-08,2023-12-18,1007933.88,990000.0,CONTRACTOR-DEMO-0001,Apex Infrastructure Ltd,4,Completed
TENDER-DEMO-00442,MPLADS-DEMO-000221,Procurement for Laying of Underground Drinking Water Pipeline Distribution in Village-89,WO/KOZ/2023/0443,E-Procurement,Work Order Issued,2023-12-02,2023-12-11,2023-12-13,990000.0,990000.0,CONTRACTOR-DEMO-0001,Apex Infrastructure Ltd,1,Awarded
TENDER-DEMO-00443,MPLADS-DEMO-000222,Procurement for Installation of Digital Smart Classroom and Computer Lab Infrastructure at Village-20,NIT/Pan/KHO/2023/0444,Open Tender,Notice Inviting Tender (NIT),2023-05-20,2023-06-08,2023-06-19,1124625.85,1120000.0,CONTRACTOR-DEMO-0001,Apex Infrastructure Ltd,3,Completed
TENDER-DEMO-00444,MPLADS-DEMO-000222,Procurement for Installation of Digital Smart Classroom and Computer Lab Infrastructure at Village-20,WO/KHO/2023/0445,E-Procurement,Work Order Issued,2023-06-11,2023-06-16,2023-06-22,1120000.0,1120000.0,CONTRACTOR-DEMO-0001,Apex Infrastructure Ltd,1,Awarded
TENDER-DEMO-00445,MPLADS-DEMO-000223,Procurement for Supply and Erection of 30 Standalone Solar Street Lights in Village-23,NIT/Pub/NIZ/2023/0446,Open Tender,Notice Inviting Tender (NIT),2023-01-14,2023-01-30,2023-02-05,585413.26,570000.0,CONTRACTOR-DEMO-0001,Apex Infrastructure Ltd,4,Completed
TENDER-DEMO-00446,MPLADS-DEMO-000223,Procurement for Supply and Erection of 30 Standalone Solar Street Lights in Village-23,WO/NIZ/2023/0447,E-Procurement,Work Order Issued,2023-02-03,2023-02-13,2023-02-19,570000.0,570000.0,CONTRACTOR-DEMO-0001,Apex Infrastructure Ltd,1,Awarded
TENDER-DEMO-00447,MPLADS-DEMO-000224,Procurement for Construction of Open Air Gymnasium and Seating Area at Village-131,NIT/Min/KAR/2023/0448,E-Procurement,Notice Inviting Tender (NIT),2023-02-14,2023-02-25,2023-03-06,1226057.23,1180000.0,CONTRACTOR-DEMO-0001,Apex Infrastructure Ltd,5,Completed
TENDER-DEMO-00448,MPLADS-DEMO-000224,Procurement for Construction of Open Air Gymnasium and Seating Area at Village-131,WO/KAR/2023/0449,E-Procurement,Work Order Issued,2023-03-04,2023-03-11,2023-03-14,1180000.0,1180000.0,CONTRACTOR-DEMO-0001,Apex Infrastructure Ltd,1,Awarded
TENDER-DEMO-00449,MPLADS-DEMO-000225,Procurement for Supply of Diagnostic Medical Equipment and Patient Beds to Rural Clinic in Village-30,NIT/Pub/UDA/2024/0450,Open Tender,Notice Inviting Tender (NIT),2024-05-30,2024-06-17,2024-06-26,1023822.89,1000000.0,CONTRACTOR-DEMO-0001,Apex Infrastructure Ltd,3,Completed
TENDER-DEMO-00450,MPLADS-DEMO-000225,Procurement for Supply of Diagnostic Medical Equipment and Patient Beds to Rural Clinic in Village-30,WO/UDA/2024/0451,E-Procurement,Work Order Issued,2024-06-16,2024-06-23,2024-06-28,1000000.0,1000000.0,CONTRACTOR-DEMO-0001,Apex Infrastructure Ltd,1,Awarded
TENDER-DEMO-00451,MPLADS-DEMO-000226,Procurement for Laying of Underground Drinking Water Pipeline Distribution in Village-36,NIT/Min/AHM/2023/0452,E-Procurement,Notice Inviting Tender (NIT),2023-04-20,2023-04-30,2023-05-05,1355296.99,1320000.0,CONTRACTOR-DEMO-0001,Apex Infrastructure Ltd,7,Completed
TENDER-DEMO-00452,MPLADS-DEMO-000226,Procurement for Laying of Underground Drinking Water Pipeline Distribution in Village-36,WO/AHM/2023/0453,E-Procurement,Work Order Issued,2023-05-01,2023-05-12,2023-05-17,1320000.0,1320000.0,CONTRACTOR-DEMO-0001,Apex Infrastructure Ltd,1,Awarded
TENDER-DEMO-00453,MPLADS-DEMO-000227,Procurement for Renovation and Expansion of Village Panchayat Bhavan in Village-12,NIT/Pub/JOD/2024/0454,Open Tender,Notice Inviting Tender (NIT),2023-12-23,2024-01-02,2024-01-08,1775595.12,1710000.0,CONTRACTOR-DEMO-0001,Apex Infrastructure Ltd,6,Completed
TENDER-DEMO-00454,MPLADS-DEMO-000227,Procurement for Renovation and Expansion of Village Panchayat Bhavan in Village-12,WO/JOD/2024/0455,E-Procurement,Work Order Issued,2024-01-03,2024-01-09,2024-01-11,1710000.0,1710000.0,CONTRACTOR-DEMO-0001,Apex Infrastructure Ltd,1,Awarded
TENDER-DEMO-00455,MPLADS-DEMO-000228,Procurement for Setup of Science Laboratory and Learning Resource Center in Village-131,NIT/Pan/DHA/2023/0456,Open Tender,Notice Inviting Tender (NIT),2023-03-20,2023-04-08,2023-04-18,1847015.64,1780000.0,CONTRACTOR-DEMO-0001,Apex Infrastructure Ltd,3,Completed
TENDER-DEMO-00456,MPLADS-DEMO-000228,Procurement for Setup of Science Laboratory and Learning Resource Center in Village-131,WO/DHA/2023/0457,E-Procurement,Work Order Issued,2023-04-04,2023-04-10,2023-04-15,1780000.0,1780000.0,CONTRACTOR-DEMO-0001,Apex Infrastructure Ltd,1,Awarded
TENDER-DEMO-00457,MPLADS-DEMO-000229,Procurement for Installation of 10kW Rooftop Solar Power System at Primary Health Center Village-196,NIT/Min/BHO/2023/0458,Open Tender,Notice Inviting Tender (NIT),2023-03-30,2023-04-18,2023-04-27,798341.92,810000.0,CONTRACTOR-DEMO-0001,Apex Infrastructure Ltd,7,Completed
TENDER-DEMO-00458,MPLADS-DEMO-000229,Procurement for Installation of 10kW Rooftop Solar Power System at Primary Health Center Village-196,WO/BHO/2023/0459,E-Procurement,Work Order Issued,2023-04-05,2023-04-15,2023-04-17,810000.0,810000.0,CONTRACTOR-DEMO-0001,Apex Infrastructure Ltd,1,Awarded
TENDER-DEMO-00459,MPLADS-DEMO-000230,Procurement for Desilting and Deepening of Traditional Village Water Reservoir in Village-183,NIT/Mun/DHA/2023/0460,Open Tender,Notice Inviting Tender (NIT),2023-06-19,2023-07-05,2023-07-12,1113231.1,1070000.0,CONTRACTOR-DEMO-0001,Apex Infrastructure Ltd,7,Completed
TENDER-DEMO-00460,MPLADS-DEMO-000230,Procurement for Desilting and Deepening of Traditional Village Water Reservoir in Village-183,WO/DHA/2023/0461,E-Procurement,Work Order Issued,2023-07-06,2023-07-18,2023-07-25,1070000.0,1070000.0,CONTRACTOR-DEMO-0001,Apex Infrastructure Ltd,1,Awarded
TENDER-DEMO-00461,MPLADS-DEMO-000231,Procurement for Supply of Diagnostic Medical Equipment and Patient Beds to Rural Clinic in Village-182,NIT/Mun/ERN/2024/0462,Open Tender,Notice Inviting Tender (NIT),2024-01-25,2024-02-14,2024-02-21,1583468.72,1610000.0,CONTRACTOR-DEMO-0001,Apex Infrastructure Ltd,5,Completed
TENDER-DEMO-00462,MPLADS-DEMO-000231,Procurement for Supply of Diagnostic Medical Equipment and Patient Beds to Rural Clinic in Village-182,WO/ERN/2024/0463,E-Procurement,Work Order Issued,2024-02-13,2024-02-22,2024-02-26,1610000.0,1610000.0,CONTRACTOR-DEMO-0001,Apex Infrastructure Ltd,1,Awarded
TENDER-DEMO-00463,MPLADS-DEMO-000232,Procurement for Renovation and Expansion of Village Panchayat Bhavan in Village-38,NIT/Mun/NAG/2023/0464,E-Procurement,Notice Inviting Tender (NIT),2023-06-25,2023-07-12,2023-07-24,2102856.38,2080000.0,CONTRACTOR-DEMO-0001,Apex Infrastructure Ltd,5,Completed
TENDER-DEMO-00464,MPLADS-DEMO-000232,Procurement for Renovation and Expansion of Village Panchayat Bhavan in Village-38,WO/NAG/2023/0465,E-Procurement,Work Order Issued,2023-07-03,2023-07-10,2023-07-12,2080000.0,2080000.0,CONTRACTOR-DEMO-0001,Apex Infrastructure Ltd,1,Awarded
TENDER-DEMO-00465,MPLADS-DEMO-000233,Procurement for Construction of Culvert and Cross-Drainage Structure on Link Road Village-27,NIT/Min/AHM/2023/0466,Open Tender,Notice Inviting Tender (NIT),2023-05-19,2023-05-31,2023-06-11,1829131.53,1770000.0,CONTRACTOR-DEMO-0001,Apex Infrastructure Ltd,6,Completed
TENDER-DEMO-00466,MPLADS-DEMO-000233,Procurement for Construction of Culvert and Cross-Drainage Structure on Link Road Village-27,WO/AHM/2023/0467,E-Procurement,Work Order Issued,2023-06-10,2023-06-17,2023-06-21,1770000.0,1770000.0,CONTRACTOR-DEMO-0001,Apex Infrastructure Ltd,1,Awarded
TENDER-DEMO-00467,MPLADS-DEMO-000234,Procurement for Installation of Solar LED High-Mast Lighting System at Market Yard Village-4,NIT/Rur/JOD/2024/0468,E-Procurement,Notice Inviting Tender (NIT),2024-02-01,2024-02-19,2024-02-25,753513.6,730000.0,CONTRACTOR-DEMO-0001,Apex Infrastructure Ltd,6,Completed
TENDER-DEMO-00468,MPLADS-DEMO-000234,Procurement for Installation of Solar LED High-Mast Lighting System at Market Yard Village-4,WO/JOD/2024/0469,E-Procurement,Work Order Issued,2024-02-05,2024-02-16,2024-02-18,730000.0,730000.0,CONTRACTOR-DEMO-0001,Apex Infrastructure Ltd,1,Awarded
TENDER-DEMO-00469,MPLADS-DEMO-000235,Procurement for Installation of Digital Smart Classroom and Computer Lab Infrastructure at Village-175,NIT/Pub/JAI/2023/0470,Open Tender,Notice Inviting Tender (NIT),2023-06-16,2023-07-05,2023-07-11,1395681.19,1350000.0,CONTRACTOR-DEMO-0001,Apex Infrastructure Ltd,5,Completed
TENDER-DEMO-00470,MPLADS-DEMO-000235,Procurement for Installation of Digital Smart Classroom and Computer Lab Infrastructure at Village-175,WO/JAI/2023/0471,E-Procurement,Work Order Issued,2023-06-25,2023-07-06,2023-07-12,1350000.0,1350000.0,CONTRACTOR-DEMO-0001,Apex Infrastructure Ltd,1,Awarded
TENDER-DEMO-00471,MPLADS-DEMO-000236,Procurement for Installation of Digital Smart Classroom and Computer Lab Infrastructure at Village-11,NIT/Pub/JOD/2024/0472,Open Tender,Notice Inviting Tender (NIT),2024-03-31,2024-04-11,2024-04-19,755356.97,760000.0,CONTRACTOR-DEMO-0001,Apex Infrastructure Ltd,6,Completed
TENDER-DEMO-00472,MPLADS-DEMO-000236,Procurement for Installation of Digital Smart Classroom and Computer Lab Infrastructure at Village-11,WO/JOD/2024/0473,E-Procurement,Work Order Issued,2024-04-17,2024-04-23,2024-04-26,760000.0,760000.0,CONTRACTOR-DEMO-0001,Apex Infrastructure Ltd,1,Awarded
TENDER-DEMO-00473,MPLADS-DEMO-000237,Procurement for Supply of Diagnostic Medical Equipment and Patient Beds to Rural Clinic in Village-135,NIT/Dis/NIZ/2023/0474,Open Tender,Notice Inviting Tender (NIT),2023-11-03,2023-11-18,2023-11-25,1073717.96,1080000.0,CONTRACTOR-DEMO-0001,Apex Infrastructure Ltd,6,Completed
TENDER-DEMO-00474,MPLADS-DEMO-000237,Procurement for Supply of Diagnostic Medical Equipment and Patient Beds to Rural Clinic in Village-135,WO/NIZ/2023/0475,E-Procurement,Work Order Issued,2023-11-16,2023-11-28,2023-12-04,1080000.0,1080000.0,CONTRACTOR-DEMO-0001,Apex Infrastructure Ltd,1,Awarded
TENDER-DEMO-00475,MPLADS-DEMO-000238,Procurement for Upgradation of Rural Link Road connecting Hamlet to Main Highway at Village-56,NIT/Min/JOD/2023/0476,Open Tender,Notice Inviting Tender (NIT),2023-12-10,2023-12-27,2024-01-01,4603813.61,4630000.0,CONTRACTOR-DEMO-0001,Apex Infrastructure Ltd,4,Completed
TENDER-DEMO-00476,MPLADS-DEMO-000238,Procurement for Upgradation of Rural Link Road connecting Hamlet to Main Highway at Village-56,WO/JOD/2023/0477,E-Procurement,Work Order Issued,2023-12-21,2023-12-27,2024-01-02,4630000.0,4630000.0,CONTRACTOR-DEMO-0001,Apex Infrastructure Ltd,1,Awarded
TENDER-DEMO-00477,MPLADS-DEMO-000239,Procurement for Installation of Solar LED High-Mast Lighting System at Market Yard Village-11,NIT/Mun/MAD/2023/0478,Open Tender,Notice Inviting Tender (NIT),2023-06-03,2023-06-13,2023-06-24,513699.37,520000.0,CONTRACTOR-DEMO-0001,Apex Infrastructure Ltd,6,Completed
TENDER-DEMO-00478,MPLADS-DEMO-000239,Procurement for Installation of Solar LED High-Mast Lighting System at Market Yard Village-11,WO/MAD/2023/0479,E-Procurement,Work Order Issued,2023-06-13,2023-06-23,2023-06-26,520000.0,520000.0,CONTRACTOR-DEMO-0001,Apex Infrastructure Ltd,1,Awarded
TENDER-DEMO-00479,MPLADS-DEMO-000240,Procurement for Construction of Additional Classrooms at Govt Senior Secondary School Village-76,NIT/Rur/JAB/2024/0480,Open Tender,Notice Inviting Tender (NIT),2024-05-11,2024-05-28,2024-06-07,2727123.62,2710000.0,CONTRACTOR-DEMO-0001,Apex Infrastructure Ltd,4,Completed
TENDER-DEMO-00480,MPLADS-DEMO-000240,Procurement for Construction of Additional Classrooms at Govt Senior Secondary School Village-76,WO/JAB/2024/0481,E-Procurement,Work Order Issued,2024-05-28,2024-06-09,2024-06-11,2710000.0,2710000.0,CONTRACTOR-DEMO-0001,Apex Infrastructure Ltd,1,Awarded
TENDER-DEMO-00481,MPLADS-DEMO-000241,Procurement for Supply of Diagnostic Medical Equipment and Patient Beds to Rural Clinic in Village-27,NIT/Dis/KHO/2024/0482,E-Procurement,Notice Inviting Tender (NIT),2024-05-04,2024-05-18,2024-05-27,1981668.97,1940000.0,CONTRACTOR-DEMO-0001,Apex Infrastructure Ltd,4,Completed
TENDER-DEMO-00482,MPLADS-DEMO-000241,Procurement for Supply of Diagnostic Medical Equipment and Patient Beds to Rural Clinic in Village-27,WO/KHO/2024/0483,E-Procurement,Work Order Issued,2024-05-23,2024-05-28,2024-05-31,1940000.0,1940000.0,CONTRACTOR-DEMO-0001,Apex Infrastructure Ltd,1,Awarded
TENDER-DEMO-00483,MPLADS-DEMO-000242,Procurement for Construction of Multipurpose Community Hall at Village Village-14,NIT/Dis/AHM/2023/0484,E-Procurement,Notice Inviting Tender (NIT),2023-06-09,2023-06-23,2023-06-28,1352068.99,1290000.0,CONTRACTOR-DEMO-0001,Apex Infrastructure Ltd,3,Completed
TENDER-DEMO-00484,MPLADS-DEMO-000242,Procurement for Construction of Multipurpose Community Hall at Village Village-14,WO/AHM/2023/0485,E-Procurement,Work Order Issued,2023-06-27,2023-07-06,2023-07-10,1290000.0,1290000.0,CONTRACTOR-DEMO-0001,Apex Infrastructure Ltd,1,Awarded
TENDER-DEMO-00485,MPLADS-DEMO-000243,Procurement for Construction of Additional Classrooms at Govt Senior Secondary School Village-137,NIT/Min/RAJ/2024/0486,Open Tender,Notice Inviting Tender (NIT),2024-01-10,2024-01-23,2024-02-04,1551174.02,1560000.0,CONTRACTOR-DEMO-0002,Shree Ganesh Construction Co,5,Completed
TENDER-DEMO-00486,MPLADS-DEMO-000243,Procurement for Construction of Additional Classrooms at Govt Senior Secondary School Village-137,WO/RAJ/2024/0487,E-Procurement,Work Order Issued,2024-01-15,2024-01-26,2024-01-31,1560000.0,1560000.0,CONTRACTOR-DEMO-0002,Shree Ganesh Construction Co,1,Awarded
TENDER-DEMO-00487,MPLADS-DEMO-000244,Procurement for Installation of Solar LED High-Mast Lighting System at Market Yard Village-73,NIT/Min/JAI/2023/0488,Open Tender,Notice Inviting Tender (NIT),2023-04-15,2023-04-27,2023-05-09,722304.91,700000.0,CONTRACTOR-DEMO-0002,Shree Ganesh Construction Co,6,Completed
TENDER-DEMO-00488,MPLADS-DEMO-000244,Procurement for Installation of Solar LED High-Mast Lighting System at Market Yard Village-73,WO/JAI/2023/0489,E-Procurement,Work Order Issued,2023-04-26,2023-05-03,2023-05-05,700000.0,700000.0,CONTRACTOR-DEMO-0002,Shree Ganesh Construction Co,1,Awarded
TENDER-DEMO-00489,MPLADS-DEMO-000245,Procurement for Upgradation of Rural Link Road connecting Hamlet to Main Highway at Village-3,NIT/Min/PUN/2023/0490,Open Tender,Notice Inviting Tender (NIT),2023-08-08,2023-08-20,2023-08-26,2947367.75,2830000.0,CONTRACTOR-DEMO-0002,Shree Ganesh Construction Co,7,Completed
TENDER-DEMO-00490,MPLADS-DEMO-000245,Procurement for Upgradation of Rural Link Road connecting Hamlet to Main Highway at Village-3,WO/PUN/2023/0491,E-Procurement,Work Order Issued,2023-08-17,2023-08-23,2023-08-30,2830000.0,2830000.0,CONTRACTOR-DEMO-0002,Shree Ganesh Construction Co,1,Awarded
TENDER-DEMO-00491,MPLADS-DEMO-000246,Procurement for Laying of Underground Drinking Water Pipeline Distribution in Village-166,NIT/Mun/UDA/2023/0492,E-Procurement,Notice Inviting Tender (NIT),2023-04-24,2023-05-08,2023-05-19,1021773.77,1030000.0,CONTRACTOR-DEMO-0002,Shree Ganesh Construction Co,7,Completed
TENDER-DEMO-00492,MPLADS-DEMO-000246,Procurement for Laying of Underground Drinking Water Pipeline Distribution in Village-166,WO/UDA/2023/0493,E-Procurement,Work Order Issued,2023-05-03,2023-05-15,2023-05-22,1030000.0,1030000.0,CONTRACTOR-DEMO-0002,Shree Ganesh Construction Co,1,Awarded
TENDER-DEMO-00493,MPLADS-DEMO-000247,Procurement for Development of Emergency Cold Storage and Pharmacy Room at Hospital Village-19,NIT/Rur/JAB/2024/0494,Open Tender,Notice Inviting Tender (NIT),2024-05-22,2024-06-04,2024-06-15,1373672.32,1320000.0,CONTRACTOR-DEMO-0002,Shree Ganesh Construction Co,4,Completed
TENDER-DEMO-00494,MPLADS-DEMO-000247,Procurement for Development of Emergency Cold Storage and Pharmacy Room at Hospital Village-19,WO/JAB/2024/0495,E-Procurement,Work Order Issued,2024-06-14,2024-06-20,2024-06-26,1320000.0,1320000.0,CONTRACTOR-DEMO-0002,Shree Ganesh Construction Co,1,Awarded
TENDER-DEMO-00495,MPLADS-DEMO-000248,Procurement for Construction of Cement Concrete (CC) Road and Drain Channel at Village-50,NIT/Dis/NAG/2023/0496,Open Tender,Notice Inviting Tender (NIT),2023-04-20,2023-05-08,2023-05-18,3197229.54,3170000.0,CONTRACTOR-DEMO-0002,Shree Ganesh Construction Co,5,Completed
TENDER-DEMO-00496,MPLADS-DEMO-000248,Procurement for Construction of Cement Concrete (CC) Road and Drain Channel at Village-50,WO/NAG/2023/0497,E-Procurement,Work Order Issued,2023-04-28,2023-05-10,2023-05-17,3170000.0,3170000.0,CONTRACTOR-DEMO-0002,Shree Ganesh Construction Co,1,Awarded
TENDER-DEMO-00497,MPLADS-DEMO-000249,Procurement for Construction of Check Dam and Water Harvesting Percolation Tank at Village-183,NIT/Mun/LUC/2023/0498,E-Procurement,Notice Inviting Tender (NIT),2023-08-01,2023-08-18,2023-08-29,2187782.49,2170000.0,CONTRACTOR-DEMO-0002,Shree Ganesh Construction Co,3,Completed
TENDER-DEMO-00498,MPLADS-DEMO-000249,Procurement for Construction of Check Dam and Water Harvesting Percolation Tank at Village-183,WO/LUC/2023/0499,E-Procurement,Work Order Issued,2023-08-04,2023-08-16,2023-08-23,2170000.0,2170000.0,CONTRACTOR-DEMO-0002,Shree Ganesh Construction Co,1,Awarded
TENDER-DEMO-00499,MPLADS-DEMO-000250,Procurement for Installation of Community RO Water Purification Plant at Village-72,NIT/Pub/NAG/2023/0500,Open Tender,Notice Inviting Tender (NIT),2023-12-03,2023-12-19,2023-12-31,936725.5,940000.0,CONTRACTOR-DEMO-0002,Shree Ganesh Construction Co,6,Completed
TENDER-DEMO-00500,MPLADS-DEMO-000250,Procurement for Installation of Community RO Water Purification Plant at Village-72,WO/NAG/2023/0501,E-Procurement,Work Order Issued,2023-12-14,2023-12-19,2023-12-23,940000.0,940000.0,CONTRACTOR-DEMO-0002,Shree Ganesh Construction Co,1,Awarded
TENDER-DEMO-00501,MPLADS-DEMO-000251,Procurement for Installation of 10kW Rooftop Solar Power System at Primary Health Center Village-104,NIT/Min/KAR/2023/0502,Open Tender,Notice Inviting Tender (NIT),2023-11-16,2023-12-02,2023-12-09,611260.9,620000.0,CONTRACTOR-DEMO-0002,Shree Ganesh Construction Co,4,Completed
TENDER-DEMO-00502,MPLADS-DEMO-000251,Procurement for Installation of 10kW Rooftop Solar Power System at Primary Health Center Village-104,WO/KAR/2023/0503,E-Procurement,Work Order Issued,2023-11-23,2023-12-01,2023-12-08,620000.0,620000.0,CONTRACTOR-DEMO-0002,Shree Ganesh Construction Co,1,Awarded
TENDER-DEMO-00503,MPLADS-DEMO-000252,Procurement for Interlocking Paver Block Road Installation along Main Street in Village-119,NIT/Rur/KHO/2024/0504,E-Procurement,Notice Inviting Tender (NIT),2024-03-22,2024-04-06,2024-04-13,1242401.88,1260000.0,CONTRACTOR-DEMO-0002,Shree Ganesh Construction Co,6,Completed
TENDER-DEMO-00504,MPLADS-DEMO-000252,Procurement for Interlocking Paver Block Road Installation along Main Street in Village-119,WO/KHO/2024/0505,E-Procurement,Work Order Issued,2024-04-12,2024-04-17,2024-04-21,1260000.0,1260000.0,CONTRACTOR-DEMO-0002,Shree Ganesh Construction Co,1,Awarded
TENDER-DEMO-00505,MPLADS-DEMO-000253,Procurement for Installation of 10kW Rooftop Solar Power System at Primary Health Center Village-38,NIT/Rur/COI/2023/0506,Open Tender,Notice Inviting Tender (NIT),2023-05-02,2023-05-13,2023-05-22,826843.25,820000.0,CONTRACTOR-DEMO-0002,Shree Ganesh Construction Co,4,Completed
TENDER-DEMO-00506,MPLADS-DEMO-000253,Procurement for Installation of 10kW Rooftop Solar Power System at Primary Health Center Village-38,WO/COI/2023/0507,E-Procurement,Work Order Issued,2023-05-24,2023-05-31,2023-06-02,820000.0,820000.0,CONTRACTOR-DEMO-0002,Shree Ganesh Construction Co,1,Awarded
TENDER-DEMO-00507,MPLADS-DEMO-000254,Procurement for Desilting and Deepening of Traditional Village Water Reservoir in Village-100,NIT/Pan/MYS/2023/0508,Open Tender,Notice Inviting Tender (NIT),2023-03-20,2023-04-04,2023-04-15,890650.53,850000.0,CONTRACTOR-DEMO-0002,Shree Ganesh Construction Co,7,Completed
TENDER-DEMO-00508,MPLADS-DEMO-000254,Procurement for Desilting and Deepening of Traditional Village Water Reservoir in Village-100,WO/MYS/2023/0509,E-Procurement,Work Order Issued,2023-03-30,2023-04-08,2023-04-11,850000.0,850000.0,CONTRACTOR-DEMO-0002,Shree Ganesh Construction Co,1,Awarded
TENDER-DEMO-00509,MPLADS-DEMO-000255,Procurement for Construction of Separate Girls Toilet and Wash Area in Govt High School Village-151,NIT/Pan/SAL/2023/0510,Open Tender,Notice Inviting Tender (NIT),2023-05-20,2023-06-08,2023-06-17,858912.6,830000.0,CONTRACTOR-DEMO-0002,Shree Ganesh Construction Co,3,Completed
TENDER-DEMO-00510,MPLADS-DEMO-000255,Procurement for Construction of Separate Girls Toilet and Wash Area in Govt High School Village-151,WO/SAL/2023/0511,E-Procurement,Work Order Issued,2023-06-10,2023-06-17,2023-06-19,830000.0,830000.0,CONTRACTOR-DEMO-0002,Shree Ganesh Construction Co,1,Awarded
TENDER-DEMO-00511,MPLADS-DEMO-000256,Procurement for Installation of Solar LED High-Mast Lighting System at Market Yard Village-129,NIT/Min/CUT/2023/0512,E-Procurement,Notice Inviting Tender (NIT),2023-05-01,2023-05-11,2023-05-19,605553.55,590000.0,CONTRACTOR-DEMO-0002,Shree Ganesh Construction Co,7,Completed
TENDER-DEMO-00512,MPLADS-DEMO-000256,Procurement for Installation of Solar LED High-Mast Lighting System at Market Yard Village-129,WO/CUT/2023/0513,E-Procurement,Work Order Issued,2023-05-17,2023-05-26,2023-06-01,590000.0,590000.0,CONTRACTOR-DEMO-0002,Shree Ganesh Construction Co,1,Awarded
TENDER-DEMO-00513,MPLADS-DEMO-000257,Procurement for Development of Public Recreation Shed and Boundary Wall in Village-107,NIT/Rur/KAR/2023/0514,E-Procurement,Notice Inviting Tender (NIT),2023-11-13,2023-12-03,2023-12-10,1511313.11,1510000.0,CONTRACTOR-DEMO-0002,Shree Ganesh Construction Co,7,Completed
TENDER-DEMO-00514,MPLADS-DEMO-000257,Procurement for Development of Public Recreation Shed and Boundary Wall in Village-107,WO/KAR/2023/0515,E-Procurement,Work Order Issued,2023-12-01,2023-12-07,2023-12-14,1510000.0,1510000.0,CONTRACTOR-DEMO-0002,Shree Ganesh Construction Co,1,Awarded
TENDER-DEMO-00515,MPLADS-DEMO-000258,Procurement for Installation of Solar LED High-Mast Lighting System at Market Yard Village-35,NIT/Mun/COI/2024/0516,E-Procurement,Notice Inviting Tender (NIT),2024-05-09,2024-05-23,2024-06-02,819420.67,810000.0,CONTRACTOR-DEMO-0002,Shree Ganesh Construction Co,7,Completed
TENDER-DEMO-00516,MPLADS-DEMO-000258,Procurement for Installation of Solar LED High-Mast Lighting System at Market Yard Village-35,WO/COI/2024/0517,E-Procurement,Work Order Issued,2024-05-21,2024-05-26,2024-06-02,810000.0,810000.0,CONTRACTOR-DEMO-0002,Shree Ganesh Construction Co,1,Awarded
TENDER-DEMO-00517,MPLADS-DEMO-000259,Procurement for Construction of Open Air Gymnasium and Seating Area at Village-22,NIT/Min/SAL/2024/0518,E-Procurement,Notice Inviting Tender (NIT),2024-03-26,2024-04-06,2024-04-16,1253586.55,1200000.0,CONTRACTOR-DEMO-0002,Shree Ganesh Construction Co,4,Completed
TENDER-DEMO-00518,MPLADS-DEMO-000259,Procurement for Construction of Open Air Gymnasium and Seating Area at Village-22,WO/SAL/2024/0519,E-Procurement,Work Order Issued,2024-04-12,2024-04-24,2024-04-29,1200000.0,1200000.0,CONTRACTOR-DEMO-0002,Shree Ganesh Construction Co,1,Awarded
TENDER-DEMO-00519,MPLADS-DEMO-000260,Procurement for Interlocking Paver Block Road Installation along Main Street in Village-186,NIT/Mun/MYS/2023/0520,E-Procurement,Notice Inviting Tender (NIT),2023-07-23,2023-08-05,2023-08-12,1531662.99,1560000.0,CONTRACTOR-DEMO-0002,Shree Ganesh Construction Co,7,Completed
TENDER-DEMO-00520,MPLADS-DEMO-000260,Procurement for Interlocking Paver Block Road Installation along Main Street in Village-186,WO/MYS/2023/0521,E-Procurement,Work Order Issued,2023-08-13,2023-08-22,2023-08-27,1560000.0,1560000.0,CONTRACTOR-DEMO-0002,Shree Ganesh Construction Co,1,Awarded
TENDER-DEMO-00521,MPLADS-DEMO-000261,Procurement for Installation of Digital Smart Classroom and Computer Lab Infrastructure at Village-156,NIT/Mun/WAY/2023/0522,E-Procurement,Notice Inviting Tender (NIT),2023-10-18,2023-11-06,2023-11-12,1524930.74,1480000.0,CONTRACTOR-DEMO-0002,Shree Ganesh Construction Co,6,Completed
TENDER-DEMO-00522,MPLADS-DEMO-000261,Procurement for Installation of Digital Smart Classroom and Computer Lab Infrastructure at Village-156,WO/WAY/2023/0523,E-Procurement,Work Order Issued,2023-10-23,2023-11-04,2023-11-09,1480000.0,1480000.0,CONTRACTOR-DEMO-0002,Shree Ganesh Construction Co,1,Awarded
TENDER-DEMO-00523,MPLADS-DEMO-000262,Procurement for Renovation and Expansion of Village Panchayat Bhavan in Village-134,NIT/Rur/KAR/2023/0524,Open Tender,Notice Inviting Tender (NIT),2023-10-07,2023-10-26,2023-11-06,2792367.56,2750000.0,CONTRACTOR-DEMO-0002,Shree Ganesh Construction Co,4,Completed
TENDER-DEMO-00524,MPLADS-DEMO-000262,Procurement for Renovation and Expansion of Village Panchayat Bhavan in Village-134,WO/KAR/2023/0525,E-Procurement,Work Order Issued,2023-10-16,2023-10-26,2023-11-01,2750000.0,2750000.0,CONTRACTOR-DEMO-0002,Shree Ganesh Construction Co,1,Awarded
TENDER-DEMO-00525,MPLADS-DEMO-000263,Procurement for Installation of Digital Smart Classroom and Computer Lab Infrastructure at Village-22,NIT/Pan/GOR/2024/0526,E-Procurement,Notice Inviting Tender (NIT),2024-01-23,2024-02-09,2024-02-14,1263111.09,1220000.0,CONTRACTOR-DEMO-0002,Shree Ganesh Construction Co,7,Completed
TENDER-DEMO-00526,MPLADS-DEMO-000263,Procurement for Installation of Digital Smart Classroom and Computer Lab Infrastructure at Village-22,WO/GOR/2024/0527,E-Procurement,Work Order Issued,2024-02-08,2024-02-13,2024-02-18,1220000.0,1220000.0,CONTRACTOR-DEMO-0002,Shree Ganesh Construction Co,1,Awarded
TENDER-DEMO-00527,MPLADS-DEMO-000264,Procurement for Drilling of Deep Borewell and Solar-Powered Overhead Water Tank at Village-105,NIT/Rur/SAL/2023/0528,Open Tender,Notice Inviting Tender (NIT),2023-11-06,2023-11-26,2023-12-04,915284.97,910000.0,CONTRACTOR-DEMO-0002,Shree Ganesh Construction Co,5,Completed
TENDER-DEMO-00528,MPLADS-DEMO-000264,Procurement for Drilling of Deep Borewell and Solar-Powered Overhead Water Tank at Village-105,WO/SAL/2023/0529,E-Procurement,Work Order Issued,2023-11-16,2023-11-26,2023-12-01,910000.0,910000.0,CONTRACTOR-DEMO-0002,Shree Ganesh Construction Co,1,Awarded
TENDER-DEMO-00529,MPLADS-DEMO-000265,Procurement for Installation of 10kW Rooftop Solar Power System at Primary Health Center Village-124,NIT/Rur/BHO/2023/0530,Open Tender,Notice Inviting Tender (NIT),2023-07-22,2023-08-12,2023-08-22,925193.58,900000.0,CONTRACTOR-DEMO-0002,Shree Ganesh Construction Co,7,Completed
TENDER-DEMO-00530,MPLADS-DEMO-000265,Procurement for Installation of 10kW Rooftop Solar Power System at Primary Health Center Village-124,WO/BHO/2023/0531,E-Procurement,Work Order Issued,2023-08-13,2023-08-18,2023-08-25,900000.0,900000.0,CONTRACTOR-DEMO-0002,Shree Ganesh Construction Co,1,Awarded
TENDER-DEMO-00531,MPLADS-DEMO-000266,Procurement for Construction of Reinforced Concrete Irrigation Sluice Gate and Channel in Village-42,NIT/Rur/JAB/2024/0532,E-Procurement,Notice Inviting Tender (NIT),2024-01-05,2024-01-17,2024-01-26,1981668.98,1900000.0,CONTRACTOR-DEMO-0002,Shree Ganesh Construction Co,4,Completed
TENDER-DEMO-00532,MPLADS-DEMO-000266,Procurement for Construction of Reinforced Concrete Irrigation Sluice Gate and Channel in Village-42,WO/JAB/2024/0533,E-Procurement,Work Order Issued,2024-01-13,2024-01-23,2024-01-27,1900000.0,1900000.0,CONTRACTOR-DEMO-0002,Shree Ganesh Construction Co,1,Awarded
TENDER-DEMO-00533,MPLADS-DEMO-000267,Procurement for Supply and Erection of 30 Standalone Solar Street Lights in Village-23,NIT/Pub/BEN/2024/0534,Open Tender,Notice Inviting Tender (NIT),2024-05-21,2024-06-02,2024-06-13,556736.4,550000.0,CONTRACTOR-DEMO-0002,Shree Ganesh Construction Co,6,Completed
TENDER-DEMO-00534,MPLADS-DEMO-000267,Procurement for Supply and Erection of 30 Standalone Solar Street Lights in Village-23,WO/BEN/2024/0535,E-Procurement,Work Order Issued,2024-06-06,2024-06-13,2024-06-17,550000.0,550000.0,CONTRACTOR-DEMO-0002,Shree Ganesh Construction Co,1,Awarded
TENDER-DEMO-00535,MPLADS-DEMO-000268,Procurement for Construction of Check Dam and Water Harvesting Percolation Tank at Village-164,NIT/Min/WAR/2023/0536,E-Procurement,Notice Inviting Tender (NIT),2023-06-12,2023-06-24,2023-07-02,2233140.62,2180000.0,CONTRACTOR-DEMO-0002,Shree Ganesh Construction Co,4,Completed
TENDER-DEMO-00536,MPLADS-DEMO-000268,Procurement for Construction of Check Dam and Water Harvesting Percolation Tank at Village-164,WO/WAR/2023/0537,E-Procurement,Work Order Issued,2023-06-25,2023-07-06,2023-07-09,2180000.0,2180000.0,CONTRACTOR-DEMO-0002,Shree Ganesh Construction Co,1,Awarded
TENDER-DEMO-00537,MPLADS-DEMO-000269,Procurement for Installation of Solar LED High-Mast Lighting System at Market Yard Village-173,NIT/Rur/LUC/2023/0538,Quotation / Direct Award,Notice Inviting Tender (NIT),2023-06-23,2023-07-11,2023-07-17,451715.86,450000.0,CONTRACTOR-DEMO-0002,Shree Ganesh Construction Co,1,Completed
TENDER-DEMO-00538,MPLADS-DEMO-000269,Procurement for Installation of Solar LED High-Mast Lighting System at Market Yard Village-173,WO/LUC/2023/0539,E-Procurement,Work Order Issued,2023-07-05,2023-07-14,2023-07-16,450000.0,450000.0,CONTRACTOR-DEMO-0002,Shree Ganesh Construction Co,1,Awarded
TENDER-DEMO-00539,MPLADS-DEMO-000270,Procurement for Construction of Multipurpose Community Hall at Village Village-24,NIT/Pan/MYS/2024/0540,Open Tender,Notice Inviting Tender (NIT),2024-05-28,2024-06-09,2024-06-19,1968387.67,1910000.0,CONTRACTOR-DEMO-0002,Shree Ganesh Construction Co,6,Completed
TENDER-DEMO-00540,MPLADS-DEMO-000270,Procurement for Construction of Multipurpose Community Hall at Village Village-24,WO/MYS/2024/0541,E-Procurement,Work Order Issued,2024-06-12,2024-06-22,2024-06-27,1910000.0,1910000.0,CONTRACTOR-DEMO-0002,Shree Ganesh Construction Co,1,Awarded
TENDER-DEMO-00541,MPLADS-DEMO-000271,Procurement for Construction of Additional Classrooms at Govt Senior Secondary School Village-67,NIT/Pan/GAN/2023/0542,Open Tender,Notice Inviting Tender (NIT),2023-03-25,2023-04-13,2023-04-20,1593043.85,1580000.0,CONTRACTOR-DEMO-0002,Shree Ganesh Construction Co,7,Completed
TENDER-DEMO-00542,MPLADS-DEMO-000271,Procurement for Construction of Additional Classrooms at Govt Senior Secondary School Village-67,WO/GAN/2023/0543,E-Procurement,Work Order Issued,2023-04-06,2023-04-14,2023-04-18,1580000.0,1580000.0,CONTRACTOR-DEMO-0002,Shree Ganesh Construction Co,1,Awarded
TENDER-DEMO-00543,MPLADS-DEMO-000272,Procurement for Supply and Erection of 30 Standalone Solar Street Lights in Village-198,NIT/Pan/IND/2024/0544,Open Tender,Notice Inviting Tender (NIT),2024-03-20,2024-03-31,2024-04-08,821782.9,790000.0,CONTRACTOR-DEMO-0002,Shree Ganesh Construction Co,7,Completed
TENDER-DEMO-00544,MPLADS-DEMO-000272,Procurement for Supply and Erection of 30 Standalone Solar Street Lights in Village-198,WO/IND/2024/0545,E-Procurement,Work Order Issued,2024-04-04,2024-04-15,2024-04-19,790000.0,790000.0,CONTRACTOR-DEMO-0002,Shree Ganesh Construction Co,1,Awarded
TENDER-DEMO-00545,MPLADS-DEMO-000273,Procurement for Construction of Check Dam and Water Harvesting Percolation Tank at Village-174,NIT/Min/SAL/2023/0546,E-Procurement,Notice Inviting Tender (NIT),2023-01-23,2023-02-02,2023-02-14,1646447.23,1620000.0,CONTRACTOR-DEMO-0002,Shree Ganesh Construction Co,6,Completed
TENDER-DEMO-00546,MPLADS-DEMO-000273,Procurement for Construction of Check Dam and Water Harvesting Percolation Tank at Village-174,WO/SAL/2023/0547,E-Procurement,Work Order Issued,2023-02-13,2023-02-18,2023-02-24,1620000.0,1620000.0,CONTRACTOR-DEMO-0002,Shree Ganesh Construction Co,1,Awarded
TENDER-DEMO-00547,MPLADS-DEMO-000274,Procurement for Construction of Cement Concrete (CC) Road and Drain Channel at Village-142,NIT/Rur/KAR/2023/0548,Open Tender,Notice Inviting Tender (NIT),2023-04-19,2023-05-06,2023-05-15,2594350.85,2500000.0,CONTRACTOR-DEMO-0002,Shree Ganesh Construction Co,4,Completed
TENDER-DEMO-00548,MPLADS-DEMO-000274,Procurement for Construction of Cement Concrete (CC) Road and Drain Channel at Village-142,WO/KAR/2023/0549,E-Procurement,Work Order Issued,2023-05-06,2023-05-14,2023-05-18,2500000.0,2500000.0,CONTRACTOR-DEMO-0002,Shree Ganesh Construction Co,1,Awarded
TENDER-DEMO-00549,MPLADS-DEMO-000275,Procurement for Interlocking Paver Block Road Installation along Main Street in Village-59,NIT/Pan/KHO/2023/0550,E-Procurement,Notice Inviting Tender (NIT),2023-03-18,2023-04-07,2023-04-13,1661299.26,1590000.0,CONTRACTOR-DEMO-0002,Shree Ganesh Construction Co,3,Completed
TENDER-DEMO-00550,MPLADS-DEMO-000275,Procurement for Interlocking Paver Block Road Installation along Main Street in Village-59,WO/KHO/2023/0551,E-Procurement,Work Order Issued,2023-03-24,2023-04-05,2023-04-08,1590000.0,1590000.0,CONTRACTOR-DEMO-0002,Shree Ganesh Construction Co,1,Awarded
TENDER-DEMO-00551,MPLADS-DEMO-000276,Procurement for Supply and Erection of 30 Standalone Solar Street Lights in Village-127,NIT/Rur/UDA/2024/0552,Open Tender,Notice Inviting Tender (NIT),2024-02-25,2024-03-09,2024-03-19,877835.01,860000.0,CONTRACTOR-DEMO-0002,Shree Ganesh Construction Co,5,Completed
TENDER-DEMO-00552,MPLADS-DEMO-000276,Procurement for Supply and Erection of 30 Standalone Solar Street Lights in Village-127,WO/UDA/2024/0553,E-Procurement,Work Order Issued,2024-03-06,2024-03-12,2024-03-16,860000.0,860000.0,CONTRACTOR-DEMO-0002,Shree Ganesh Construction Co,1,Awarded
TENDER-DEMO-00553,MPLADS-DEMO-000277,Procurement for Supply and Erection of 30 Standalone Solar Street Lights in Village-123,NIT/Min/AHM/2023/0554,E-Procurement,Notice Inviting Tender (NIT),2023-05-06,2023-05-22,2023-05-31,710045.65,720000.0,CONTRACTOR-DEMO-0002,Shree Ganesh Construction Co,5,Completed
TENDER-DEMO-00554,MPLADS-DEMO-000277,Procurement for Supply and Erection of 30 Standalone Solar Street Lights in Village-123,WO/AHM/2023/0555,E-Procurement,Work Order Issued,2023-05-21,2023-05-27,2023-05-31,720000.0,720000.0,CONTRACTOR-DEMO-0002,Shree Ganesh Construction Co,1,Awarded
TENDER-DEMO-00555,MPLADS-DEMO-000278,Procurement for Development of Public Recreation Shed and Boundary Wall in Village-98,NIT/Rur/RAJ/2023/0556,E-Procurement,Notice Inviting Tender (NIT),2023-06-02,2023-06-15,2023-06-21,1671871.67,1680000.0,CONTRACTOR-DEMO-0002,Shree Ganesh Construction Co,4,Completed
TENDER-DEMO-00556,MPLADS-DEMO-000278,Procurement for Development of Public Recreation Shed and Boundary Wall in Village-98,WO/RAJ/2023/0557,E-Procurement,Work Order Issued,2023-06-19,2023-06-27,2023-07-02,1680000.0,1680000.0,CONTRACTOR-DEMO-0002,Shree Ganesh Construction Co,1,Awarded
TENDER-DEMO-00557,MPLADS-DEMO-000279,Procurement for Installation of Digital Smart Classroom and Computer Lab Infrastructure at Village-108,NIT/Pan/BEN/2023/0558,E-Procurement,Notice Inviting Tender (NIT),2023-03-21,2023-04-11,2023-04-17,1205971.21,1210000.0,CONTRACTOR-DEMO-0002,Shree Ganesh Construction Co,6,Completed
TENDER-DEMO-00558,MPLADS-DEMO-000279,Procurement for Installation of Digital Smart Classroom and Computer Lab Infrastructure at Village-108,WO/BEN/2023/0559,E-Procurement,Work Order Issued,2023-04-10,2023-04-20,2023-04-22,1210000.0,1210000.0,CONTRACTOR-DEMO-0002,Shree Ganesh Construction Co,1,Awarded
TENDER-DEMO-00559,MPLADS-DEMO-000280,Procurement for Installation of Digital Smart Classroom and Computer Lab Infrastructure at Village-38,NIT/Dis/KHO/2023/0560,Open Tender,Notice Inviting Tender (NIT),2023-10-04,2023-10-23,2023-11-01,1360698.48,1300000.0,CONTRACTOR-DEMO-0002,Shree Ganesh Construction Co,4,Completed
TENDER-DEMO-00560,MPLADS-DEMO-000280,Procurement for Installation of Digital Smart Classroom and Computer Lab Infrastructure at Village-38,WO/KHO/2023/0561,E-Procurement,Work Order Issued,2023-10-10,2023-10-19,2023-10-21,1300000.0,1300000.0,CONTRACTOR-DEMO-0002,Shree Ganesh Construction Co,1,Awarded
TENDER-DEMO-00561,MPLADS-DEMO-000281,Procurement for Installation of 10kW Rooftop Solar Power System at Primary Health Center Village-13,NIT/Dis/GOR/2024/0562,Open Tender,Notice Inviting Tender (NIT),2024-03-23,2024-04-07,2024-04-14,637537.51,630000.0,CONTRACTOR-DEMO-0096,Kisan Contractors,7,Completed
TENDER-DEMO-00562,MPLADS-DEMO-000281,Procurement for Installation of 10kW Rooftop Solar Power System at Primary Health Center Village-13,WO/GOR/2024/0563,E-Procurement,Work Order Issued,2024-03-27,2024-04-08,2024-04-14,630000.0,630000.0,CONTRACTOR-DEMO-0096,Kisan Contractors,1,Awarded
TENDER-DEMO-00563,MPLADS-DEMO-000282,Procurement for Supply and Erection of 30 Standalone Solar Street Lights in Village-89,NIT/Min/DHA/2023/0564,E-Procurement,Notice Inviting Tender (NIT),2023-11-14,2023-12-03,2023-12-10,960730.49,930000.0,CONTRACTOR-DEMO-0128,Classic Infrastructure Ltd,3,Completed
TENDER-DEMO-00564,MPLADS-DEMO-000282,Procurement for Supply and Erection of 30 Standalone Solar Street Lights in Village-89,WO/DHA/2023/0565,E-Procurement,Work Order Issued,2023-11-20,2023-11-30,2023-12-03,930000.0,930000.0,CONTRACTOR-DEMO-0128,Classic Infrastructure Ltd,1,Awarded
TENDER-DEMO-00565,MPLADS-DEMO-000283,Procurement for Renovation and Expansion of Village Panchayat Bhavan in Village-158,NIT/Pan/JAB/2024/0566,E-Procurement,Notice Inviting Tender (NIT),2024-05-17,2024-06-04,2024-06-14,1784431.79,1770000.0,CONTRACTOR-DEMO-0150,Reliable Engineering Works,4,Completed
TENDER-DEMO-00566,MPLADS-DEMO-000283,Procurement for Renovation and Expansion of Village Panchayat Bhavan in Village-158,WO/JAB/2024/0567,E-Procurement,Work Order Issued,2024-05-28,2024-06-08,2024-06-13,1770000.0,1770000.0,CONTRACTOR-DEMO-0150,Reliable Engineering Works,1,Awarded
TENDER-DEMO-00567,MPLADS-DEMO-000284,Procurement for Construction of Multipurpose Community Hall at Village Village-42,NIT/Mun/KHO/2024/0568,E-Procurement,Notice Inviting Tender (NIT),2024-01-03,2024-01-18,2024-01-29,2101985.2,2030000.0,CONTRACTOR-DEMO-0195,National Infra Solutions,6,Completed
TENDER-DEMO-00568,MPLADS-DEMO-000284,Procurement for Construction of Multipurpose Community Hall at Village Village-42,WO/KHO/2024/0569,E-Procurement,Work Order Issued,2024-01-10,2024-01-19,2024-01-23,2030000.0,2030000.0,CONTRACTOR-DEMO-0195,National Infra Solutions,1,Awarded
TENDER-DEMO-00569,MPLADS-DEMO-000285,Procurement for Setup of Science Laboratory and Learning Resource Center in Village-43,NIT/Pub/MYS/2024/0570,E-Procurement,Notice Inviting Tender (NIT),2024-01-07,2024-01-19,2024-01-31,1235312.54,1200000.0,CONTRACTOR-DEMO-0030,Hindustan Civil Projects,7,Completed
TENDER-DEMO-00570,MPLADS-DEMO-000285,Procurement for Setup of Science Laboratory and Learning Resource Center in Village-43,WO/MYS/2024/0571,E-Procurement,Work Order Issued,2024-01-18,2024-01-27,2024-02-02,1200000.0,1200000.0,CONTRACTOR-DEMO-0030,Hindustan Civil Projects,1,Awarded
TENDER-DEMO-00571,MPLADS-DEMO-000286,Procurement for Construction of Additional Classrooms at Govt Senior Secondary School Village-7,NIT/Dis/SUR/2023/0572,E-Procurement,Notice Inviting Tender (NIT),2023-03-12,2023-04-02,2023-04-13,1686503.14,1610000.0,CONTRACTOR-DEMO-0192,Navnirman Buildcon Pvt Ltd,5,Completed
TENDER-DEMO-00572,MPLADS-DEMO-000286,Procurement for Construction of Additional Classrooms at Govt Senior Secondary School Village-7,WO/SUR/2023/0573,E-Procurement,Work Order Issued,2023-03-30,2023-04-06,2023-04-12,1610000.0,1610000.0,CONTRACTOR-DEMO-0192,Navnirman Buildcon Pvt Ltd,1,Awarded
TENDER-DEMO-00573,MPLADS-DEMO-000287,Procurement for Construction of Maternity & Child Healthcare Ward at Primary Health Sub-Center Village-34,NIT/Mun/JAB/2023/0574,E-Procurement,Notice Inviting Tender (NIT),2023-07-25,2023-08-08,2023-08-14,1969740.69,1880000.0,CONTRACTOR-DEMO-0073,Gitanjali Engineering Works,6,Completed
TENDER-DEMO-00574,MPLADS-DEMO-000287,Procurement for Construction of Maternity & Child Healthcare Ward at Primary Health Sub-Center Village-34,WO/JAB/2023/0575,E-Procurement,Work Order Issued,2023-08-08,2023-08-13,2023-08-16,1880000.0,1880000.0,CONTRACTOR-DEMO-0073,Gitanjali Engineering Works,1,Awarded
TENDER-DEMO-00575,MPLADS-DEMO-000288,Procurement for Construction of Public Sanitation Facility and Bathing Block in Village-152,NIT/Pan/JAB/2024/0576,E-Procurement,Notice Inviting Tender (NIT),2023-12-26,2024-01-05,2024-01-10,1090007.62,1100000.0,CONTRACTOR-DEMO-0026,Gitanjali Buildcon Pvt Ltd,5,Completed
TENDER-DEMO-00576,MPLADS-DEMO-000288,Procurement for Construction of Public Sanitation Facility and Bathing Block in Village-152,WO/JAB/2024/0577,E-Procurement,Work Order Issued,2024-01-02,2024-01-10,2024-01-16,1100000.0,1100000.0,CONTRACTOR-DEMO-0026,Gitanjali Buildcon Pvt Ltd,1,Awarded
TENDER-DEMO-00577,MPLADS-DEMO-000289,Procurement for Construction of Culvert and Cross-Drainage Structure on Link Road Village-67,NIT/Pan/JAI/2023/0578,E-Procurement,Notice Inviting Tender (NIT),2023-07-20,2023-07-31,2023-08-08,2502622.75,2530000.0,CONTRACTOR-DEMO-0197,Universal Infrastructure Ltd,3,Completed
TENDER-DEMO-00578,MPLADS-DEMO-000289,Procurement for Construction of Culvert and Cross-Drainage Structure on Link Road Village-67,WO/JAI/2023/0579,E-Procurement,Work Order Issued,2023-08-01,2023-08-11,2023-08-13,2530000.0,2530000.0,CONTRACTOR-DEMO-0197,Universal Infrastructure Ltd,1,Awarded
TENDER-DEMO-00579,MPLADS-DEMO-000290,Procurement for Renovation and Expansion of Village Panchayat Bhavan in Village-75,NIT/Min/JAI/2023/0580,Open Tender,Notice Inviting Tender (NIT),2023-11-18,2023-11-28,2023-12-08,2810626.24,2800000.0,CONTRACTOR-DEMO-0187,Balaji Engineering Works,3,Completed
TENDER-DEMO-00580,MPLADS-DEMO-000290,Procurement for Renovation and Expansion of Village Panchayat Bhavan in Village-75,WO/JAI/2023/0581,E-Procurement,Work Order Issued,2023-11-28,2023-12-09,2023-12-15,2800000.0,2800000.0,CONTRACTOR-DEMO-0187,Balaji Engineering Works,1,Awarded
TENDER-DEMO-00581,MPLADS-DEMO-000291,Procurement for Setup of Science Laboratory and Learning Resource Center in Village-57,NIT/Pan/SAL/2023/0582,E-Procurement,Notice Inviting Tender (NIT),2023-12-05,2023-12-25,2023-12-31,1199848.4,1200000.0,CONTRACTOR-DEMO-0072,Sai Rural Developers,5,Completed
TENDER-DEMO-00582,MPLADS-DEMO-000291,Procurement for Setup of Science Laboratory and Learning Resource Center in Village-57,WO/SAL/2023/0583,E-Procurement,Work Order Issued,2023-12-14,2023-12-25,2023-12-31,1200000.0,1200000.0,CONTRACTOR-DEMO-0072,Sai Rural Developers,1,Awarded
TENDER-DEMO-00583,MPLADS-DEMO-000292,Procurement for Construction of Check Dam and Water Harvesting Percolation Tank at Village-47,NIT/Mun/VAR/2024/0584,E-Procurement,Notice Inviting Tender (NIT),2023-12-14,2023-12-26,2024-01-07,1759660.0,1680000.0,CONTRACTOR-DEMO-0016,Om Buildcon Pvt Ltd,4,Completed
TENDER-DEMO-00584,MPLADS-DEMO-000292,Procurement for Construction of Check Dam and Water Harvesting Percolation Tank at Village-47,WO/VAR/2024/0585,E-Procurement,Work Order Issued,2024-01-01,2024-01-13,2024-01-20,1680000.0,1680000.0,CONTRACTOR-DEMO-0016,Om Buildcon Pvt Ltd,1,Awarded
TENDER-DEMO-00585,MPLADS-DEMO-000293,Procurement for Installation of Community RO Water Purification Plant at Village-73,NIT/Dis/RAJ/2023/0586,Open Tender,Notice Inviting Tender (NIT),2023-02-07,2023-02-28,2023-03-09,1086521.4,1060000.0,CONTRACTOR-DEMO-0131,Panchsheel Rural Developers,4,Completed
TENDER-DEMO-00586,MPLADS-DEMO-000293,Procurement for Installation of Community RO Water Purification Plant at Village-73,WO/RAJ/2023/0587,E-Procurement,Work Order Issued,2023-03-01,2023-03-08,2023-03-12,1060000.0,1060000.0,CONTRACTOR-DEMO-0131,Panchsheel Rural Developers,1,Awarded
TENDER-DEMO-00587,MPLADS-DEMO-000294,Procurement for Construction of Maternity & Child Healthcare Ward at Primary Health Sub-Center Village-85,NIT/Pan/JAB/2023/0588,Open Tender,Notice Inviting Tender (NIT),2023-03-16,2023-03-31,2023-04-09,2158370.01,2170000.0,CONTRACTOR-DEMO-0068,National Civil Projects,3,Completed
TENDER-DEMO-00588,MPLADS-DEMO-000294,Procurement for Construction of Maternity & Child Healthcare Ward at Primary Health Sub-Center Village-85,WO/JAB/2023/0589,E-Procurement,Work Order Issued,2023-03-29,2023-04-05,2023-04-12,2170000.0,2170000.0,CONTRACTOR-DEMO-0068,National Civil Projects,1,Awarded
TENDER-DEMO-00589,MPLADS-DEMO-000295,Procurement for Construction of Multipurpose Community Hall at Village Village-197,NIT/Pan/KAR/2023/0590,Open Tender,Notice Inviting Tender (NIT),2023-05-21,2023-06-11,2023-06-18,1748260.2,1760000.0,CONTRACTOR-DEMO-0125,Samriddhi Contractors,3,Completed
TENDER-DEMO-00590,MPLADS-DEMO-000295,Procurement for Construction of Multipurpose Community Hall at Village Village-197,WO/KAR/2023/0591,E-Procurement,Work Order Issued,2023-05-31,2023-06-08,2023-06-14,1760000.0,1760000.0,CONTRACTOR-DEMO-0125,Samriddhi Contractors,1,Awarded
TENDER-DEMO-00591,MPLADS-DEMO-000296,Procurement for Upgradation of Rural Link Road connecting Hamlet to Main Highway at Village-41,NIT/Rur/WAY/2023/0592,Open Tender,Notice Inviting Tender (NIT),2023-05-14,2023-06-03,2023-06-08,2887352.42,2820000.0,CONTRACTOR-DEMO-0032,Golden Rural Developers,7,Completed
TENDER-DEMO-00592,MPLADS-DEMO-000296,Procurement for Upgradation of Rural Link Road connecting Hamlet to Main Highway at Village-41,WO/WAY/2023/0593,E-Procurement,Work Order Issued,2023-05-28,2023-06-02,2023-06-07,2820000.0,2820000.0,CONTRACTOR-DEMO-0032,Golden Rural Developers,1,Awarded
TENDER-DEMO-00593,MPLADS-DEMO-000297,Procurement for Construction of Separate Girls Toilet and Wash Area in Govt High School Village-4,NIT/Dis/SAL/2024/0594,Open Tender,Notice Inviting Tender (NIT),2024-05-26,2024-06-06,2024-06-14,575173.18,570000.0,CONTRACTOR-DEMO-0043,Panchsheel Engineers & Builders,6,Completed
TENDER-DEMO-00594,MPLADS-DEMO-000297,Procurement for Construction of Separate Girls Toilet and Wash Area in Govt High School Village-4,WO/SAL/2024/0595,E-Procurement,Work Order Issued,2024-06-02,2024-06-10,2024-06-17,570000.0,570000.0,CONTRACTOR-DEMO-0043,Panchsheel Engineers & Builders,1,Awarded
TENDER-DEMO-00595,MPLADS-DEMO-000298,Procurement for Development of Public Recreation Shed and Boundary Wall in Village-41,NIT/Mun/WAR/2023/0596,E-Procurement,Notice Inviting Tender (NIT),2023-11-19,2023-12-04,2023-12-09,1352976.97,1330000.0,CONTRACTOR-DEMO-0183,Shree Ganesh Infra Solutions,6,Completed
TENDER-DEMO-00596,MPLADS-DEMO-000298,Procurement for Development of Public Recreation Shed and Boundary Wall in Village-41,WO/WAR/2023/0597,E-Procurement,Work Order Issued,2023-12-12,2023-12-18,2023-12-25,1330000.0,1330000.0,CONTRACTOR-DEMO-0183,Shree Ganesh Infra Solutions,1,Awarded
TENDER-DEMO-00597,MPLADS-DEMO-000299,Procurement for Development of Public Recreation Shed and Boundary Wall in Village-125,NIT/Rur/NIZ/2023/0598,E-Procurement,Notice Inviting Tender (NIT),2023-08-24,2023-09-05,2023-09-12,1793942.14,1720000.0,CONTRACTOR-DEMO-0189,Balaji Engineers & Builders,6,Completed
TENDER-DEMO-00598,MPLADS-DEMO-000299,Procurement for Development of Public Recreation Shed and Boundary Wall in Village-125,WO/NIZ/2023/0599,E-Procurement,Work Order Issued,2023-09-12,2023-09-22,2023-09-26,1720000.0,1720000.0,CONTRACTOR-DEMO-0189,Balaji Engineers & Builders,1,Awarded
TENDER-DEMO-00599,MPLADS-DEMO-000300,Procurement for Renovation and Expansion of Village Panchayat Bhavan in Village-181,NIT/Mun/GOR/2023/0600,Open Tender,Notice Inviting Tender (NIT),2023-07-20,2023-08-07,2023-08-16,2686751.09,2650000.0,CONTRACTOR-DEMO-0157,Surya Shakti Infra Solutions,6,Completed
TENDER-DEMO-00600,MPLADS-DEMO-000300,Procurement for Renovation and Expansion of Village Panchayat Bhavan in Village-181,WO/GOR/2023/0601,E-Procurement,Work Order Issued,2023-08-10,2023-08-15,2023-08-19,2650000.0,2650000.0,CONTRACTOR-DEMO-0157,Surya Shakti Infra Solutions,1,Awarded
TENDER-DEMO-00601,MPLADS-DEMO-000301,Procurement for Paver block road and drain construction Part 1 at Village-Sundarpur,NIT/Rur/RAJ/2023/0602,Quotation / Direct Award,Notice Inviting Tender (NIT),2023-08-22,2023-09-10,2023-09-16,492646.01,485000.0,CONTRACTOR-DEMO-0001,Apex Infrastructure Ltd,2,Completed
TENDER-DEMO-00602,MPLADS-DEMO-000301,Procurement for Paver block road and drain construction Part 1 at Village-Sundarpur,WO/RAJ/2023/0603,E-Procurement,Work Order Issued,2023-08-30,2023-09-10,2023-09-17,485000.0,485000.0,CONTRACTOR-DEMO-0001,Apex Infrastructure Ltd,1,Awarded
TENDER-DEMO-00603,MPLADS-DEMO-000302,Procurement for Paver block road and drain construction Part 2 at Village-Sundarpur,NIT/Pub/RAJ/2023/0604,Quotation / Direct Award,Notice Inviting Tender (NIT),2023-08-20,2023-09-10,2023-09-16,491647.65,488000.0,CONTRACTOR-DEMO-0001,Apex Infrastructure Ltd,1,Completed
TENDER-DEMO-00604,MPLADS-DEMO-000302,Procurement for Paver block road and drain construction Part 2 at Village-Sundarpur,WO/RAJ/2023/0605,E-Procurement,Work Order Issued,2023-08-30,2023-09-11,2023-09-13,488000.0,488000.0,CONTRACTOR-DEMO-0001,Apex Infrastructure Ltd,1,Awarded
TENDER-DEMO-00605,MPLADS-DEMO-000303,Procurement for Paver block road and drain construction Part 3 at Village-Sundarpur,NIT/Min/RAJ/2023/0606,Quotation / Direct Award,Notice Inviting Tender (NIT),2023-08-13,2023-08-25,2023-08-31,494868.82,489000.0,CONTRACTOR-DEMO-0001,Apex Infrastructure Ltd,1,Completed
TENDER-DEMO-00606,MPLADS-DEMO-000303,Procurement for Paver block road and drain construction Part 3 at Village-Sundarpur,WO/RAJ/2023/0607,E-Procurement,Work Order Issued,2023-09-04,2023-09-12,2023-09-17,489000.0,489000.0,CONTRACTOR-DEMO-0001,Apex Infrastructure Ltd,1,Awarded
TENDER-DEMO-00607,MPLADS-DEMO-000304,Procurement for Paver block road and drain construction Part 1 at Village-Ramnagar,NIT/Mun/RAJ/2023/0608,Quotation / Direct Award,Notice Inviting Tender (NIT),2023-08-20,2023-09-08,2023-09-15,519296.31,496000.0,CONTRACTOR-DEMO-0002,Shree Ganesh Construction Co,1,Completed
TENDER-DEMO-00608,MPLADS-DEMO-000304,Procurement for Paver block road and drain construction Part 1 at Village-Ramnagar,WO/RAJ/2023/0609,E-Procurement,Work Order Issued,2023-08-31,2023-09-10,2023-09-13,496000.0,496000.0,CONTRACTOR-DEMO-0002,Shree Ganesh Construction Co,1,Awarded
TENDER-DEMO-00609,MPLADS-DEMO-000305,Procurement for Paver block road and drain construction Part 2 at Village-Ramnagar,NIT/Min/RAJ/2023/0610,Quotation / Direct Award,Notice Inviting Tender (NIT),2023-08-22,2023-09-03,2023-09-11,506647.98,491000.0,CONTRACTOR-DEMO-0002,Shree Ganesh Construction Co,1,Completed
TENDER-DEMO-00610,MPLADS-DEMO-000305,Procurement for Paver block road and drain construction Part 2 at Village-Ramnagar,WO/RAJ/2023/0611,E-Procurement,Work Order Issued,2023-09-05,2023-09-11,2023-09-18,491000.0,491000.0,CONTRACTOR-DEMO-0002,Shree Ganesh Construction Co,1,Awarded
TENDER-DEMO-00611,MPLADS-DEMO-000306,Procurement for Paver block road and drain construction Part 3 at Village-Ramnagar,NIT/Pan/RAJ/2023/0612,Quotation / Direct Award,Notice Inviting Tender (NIT),2023-08-15,2023-08-30,2023-09-05,502164.26,490000.0,CONTRACTOR-DEMO-0002,Shree Ganesh Construction Co,1,Completed
TENDER-DEMO-00612,MPLADS-DEMO-000306,Procurement for Paver block road and drain construction Part 3 at Village-Ramnagar,WO/RAJ/2023/0613,E-Procurement,Work Order Issued,2023-09-05,2023-09-12,2023-09-15,490000.0,490000.0,CONTRACTOR-DEMO-0002,Shree Ganesh Construction Co,1,Awarded
TENDER-DEMO-00613,MPLADS-DEMO-000307,Procurement for Paver block road and drain construction Part 1 at Village-Shivpur,NIT/Dis/VAR/2023/0614,Quotation / Direct Award,Notice Inviting Tender (NIT),2023-08-21,2023-09-05,2023-09-15,507382.25,493000.0,CONTRACTOR-DEMO-0001,Apex Infrastructure Ltd,1,Completed
TENDER-DEMO-00614,MPLADS-DEMO-000307,Procurement for Paver block road and drain construction Part 1 at Village-Shivpur,WO/VAR/2023/0615,E-Procurement,Work Order Issued,2023-09-02,2023-09-10,2023-09-14,493000.0,493000.0,CONTRACTOR-DEMO-0001,Apex Infrastructure Ltd,1,Awarded
TENDER-DEMO-00615,MPLADS-DEMO-000308,Procurement for Paver block road and drain construction Part 2 at Village-Shivpur,NIT/Pub/VAR/2023/0616,Quotation / Direct Award,Notice Inviting Tender (NIT),2023-08-18,2023-09-01,2023-09-12,480435.77,486000.0,CONTRACTOR-DEMO-0001,Apex Infrastructure Ltd,2,Completed
TENDER-DEMO-00616,MPLADS-DEMO-000308,Procurement for Paver block road and drain construction Part 2 at Village-Shivpur,WO/VAR/2023/0617,E-Procurement,Work Order Issued,2023-08-30,2023-09-11,2023-09-14,486000.0,486000.0,CONTRACTOR-DEMO-0001,Apex Infrastructure Ltd,1,Awarded
TENDER-DEMO-00617,MPLADS-DEMO-000309,Procurement for Paver block road and drain construction Part 3 at Village-Shivpur,NIT/Mun/VAR/2023/0618,Quotation / Direct Award,Notice Inviting Tender (NIT),2023-08-23,2023-09-08,2023-09-17,493663.24,495000.0,CONTRACTOR-DEMO-0001,Apex Infrastructure Ltd,1,Completed
TENDER-DEMO-00618,MPLADS-DEMO-000309,Procurement for Paver block road and drain construction Part 3 at Village-Shivpur,WO/VAR/2023/0619,E-Procurement,Work Order Issued,2023-09-02,2023-09-12,2023-09-16,495000.0,495000.0,CONTRACTOR-DEMO-0001,Apex Infrastructure Ltd,1,Awarded
TENDER-DEMO-00619,MPLADS-DEMO-000310,Procurement for Paver block road and drain construction Part 1 at Village-Kalyanpur,NIT/Pub/VAR/2023/0620,Quotation / Direct Award,Notice Inviting Tender (NIT),2023-08-18,2023-09-06,2023-09-18,505255.74,494000.0,CONTRACTOR-DEMO-0002,Shree Ganesh Construction Co,1,Completed
TENDER-DEMO-00620,MPLADS-DEMO-000310,Procurement for Paver block road and drain construction Part 1 at Village-Kalyanpur,WO/VAR/2023/0621,E-Procurement,Work Order Issued,2023-09-03,2023-09-10,2023-09-15,494000.0,494000.0,CONTRACTOR-DEMO-0002,Shree Ganesh Construction Co,1,Awarded
TENDER-DEMO-00621,MPLADS-DEMO-000311,Procurement for Paver block road and drain construction Part 2 at Village-Kalyanpur,NIT/Pan/VAR/2023/0622,Quotation / Direct Award,Notice Inviting Tender (NIT),2023-08-13,2023-08-23,2023-08-30,494686.92,485000.0,CONTRACTOR-DEMO-0002,Shree Ganesh Construction Co,2,Completed
TENDER-DEMO-00622,MPLADS-DEMO-000311,Procurement for Paver block road and drain construction Part 2 at Village-Kalyanpur,WO/VAR/2023/0623,E-Procurement,Work Order Issued,2023-09-05,2023-09-11,2023-09-14,485000.0,485000.0,CONTRACTOR-DEMO-0002,Shree Ganesh Construction Co,1,Awarded
TENDER-DEMO-00623,MPLADS-DEMO-000312,Procurement for Paver block road and drain construction Part 3 at Village-Kalyanpur,NIT/Dis/VAR/2023/0624,Quotation / Direct Award,Notice Inviting Tender (NIT),2023-08-27,2023-09-11,2023-09-19,510255.21,497000.0,CONTRACTOR-DEMO-0002,Shree Ganesh Construction Co,2,Completed
TENDER-DEMO-00624,MPLADS-DEMO-000312,Procurement for Paver block road and drain construction Part 3 at Village-Kalyanpur,WO/VAR/2023/0625,E-Procurement,Work Order Issued,2023-08-31,2023-09-12,2023-09-19,497000.0,497000.0,CONTRACTOR-DEMO-0002,Shree Ganesh Construction Co,1,Awarded
TENDER-DEMO-00625,MPLADS-DEMO-000313,Procurement for Construction of Open Air Gymnasium and Seating Area at Village-139,NIT/Dis/MYS/2023/0626,Open Tender,Notice Inviting Tender (NIT),2023-08-28,2023-09-10,2023-09-22,906007.79,880000.0,CONTRACTOR-DEMO-0114,Hindustan Contractors,5,Completed
TENDER-DEMO-00626,MPLADS-DEMO-000313,Procurement for Construction of Open Air Gymnasium and Seating Area at Village-139,WO/MYS/2023/0627,E-Procurement,Work Order Issued,2023-09-07,2023-09-15,2023-09-18,880000.0,880000.0,CONTRACTOR-DEMO-0114,Hindustan Contractors,1,Awarded
TENDER-DEMO-00627,MPLADS-DEMO-000314,Procurement for Installation of Digital Smart Classroom and Computer Lab Infrastructure at Village-34,NIT/Rur/NIZ/2023/0628,E-Procurement,Notice Inviting Tender (NIT),2023-08-29,2023-09-08,2023-09-14,751966.91,760000.0,CONTRACTOR-DEMO-0147,Alliance Engineers & Builders,5,Completed
TENDER-DEMO-00628,MPLADS-DEMO-000314,Procurement for Installation of Digital Smart Classroom and Computer Lab Infrastructure at Village-34,WO/NIZ/2023/0629,E-Procurement,Work Order Issued,2023-09-12,2023-09-17,2023-09-23,760000.0,760000.0,CONTRACTOR-DEMO-0147,Alliance Engineers & Builders,1,Awarded
TENDER-DEMO-00629,MPLADS-DEMO-000315,Procurement for Installation of Digital Smart Classroom and Computer Lab Infrastructure at Village-144,NIT/Pan/BEN/2023/0630,E-Procurement,Notice Inviting Tender (NIT),2023-09-05,2023-09-17,2023-09-22,1052254.36,1010000.0,CONTRACTOR-DEMO-0109,Surya Shakti Contractors,5,Completed
TENDER-DEMO-00630,MPLADS-DEMO-000315,Procurement for Installation of Digital Smart Classroom and Computer Lab Infrastructure at Village-144,WO/BEN/2023/0631,E-Procurement,Work Order Issued,2023-09-14,2023-09-26,2023-10-02,1010000.0,1010000.0,CONTRACTOR-DEMO-0109,Surya Shakti Contractors,1,Awarded
TENDER-DEMO-00631,MPLADS-DEMO-000316,Procurement for Interlocking Paver Block Road Installation along Main Street in Village-83,NIT/Min/UDA/2024/0632,E-Procurement,Notice Inviting Tender (NIT),2023-12-09,2023-12-24,2024-01-01,1830787.62,1780000.0,CONTRACTOR-DEMO-0055,Gitanjali Projects Ltd,5,Completed
TENDER-DEMO-00632,MPLADS-DEMO-000316,Procurement for Interlocking Paver Block Road Installation along Main Street in Village-83,WO/UDA/2024/0633,E-Procurement,Work Order Issued,2023-12-31,2024-01-07,2024-01-10,1780000.0,1780000.0,CONTRACTOR-DEMO-0055,Gitanjali Projects Ltd,1,Awarded
TENDER-DEMO-00633,MPLADS-DEMO-000317,Procurement for Installation of Community RO Water Purification Plant at Village-29,NIT/Pan/UDA/2024/0634,E-Procurement,Notice Inviting Tender (NIT),2024-03-14,2024-03-24,2024-03-29,984198.27,990000.0,CONTRACTOR-DEMO-0082,Siddhartha Construction Co,5,Completed
TENDER-DEMO-00634,MPLADS-DEMO-000317,Procurement for Installation of Community RO Water Purification Plant at Village-29,WO/UDA/2024/0635,E-Procurement,Work Order Issued,2024-04-02,2024-04-10,2024-04-15,990000.0,990000.0,CONTRACTOR-DEMO-0082,Siddhartha Construction Co,1,Awarded
TENDER-DEMO-00635,MPLADS-DEMO-000318,Procurement for Construction of Open Air Gymnasium and Seating Area at Village-54,NIT/Dis/BEN/2023/0636,E-Procurement,Notice Inviting Tender (NIT),2023-09-25,2023-10-14,2023-10-24,1274086.12,1290000.0,CONTRACTOR-DEMO-0015,Maruti Contractors,3,Completed
TENDER-DEMO-00636,MPLADS-DEMO-000318,Procurement for Construction of Open Air Gymnasium and Seating Area at Village-54,WO/BEN/2023/0637,E-Procurement,Work Order Issued,2023-10-05,2023-10-12,2023-10-15,1290000.0,1290000.0,CONTRACTOR-DEMO-0015,Maruti Contractors,1,Awarded
TENDER-DEMO-00637,MPLADS-DEMO-000319,Procurement for Construction of Open Air Gymnasium and Seating Area at Village-52,NIT/Pub/NAS/2023/0638,E-Procurement,Notice Inviting Tender (NIT),2023-03-11,2023-03-21,2023-03-28,676502.52,660000.0,CONTRACTOR-DEMO-0031,Shiv Shakti Buildcon Pvt Ltd,4,Completed
TENDER-DEMO-00638,MPLADS-DEMO-000319,Procurement for Construction of Open Air Gymnasium and Seating Area at Village-52,WO/NAS/2023/0639,E-Procurement,Work Order Issued,2023-03-23,2023-03-28,2023-03-30,660000.0,660000.0,CONTRACTOR-DEMO-0031,Shiv Shakti Buildcon Pvt Ltd,1,Awarded
TENDER-DEMO-00639,MPLADS-DEMO-000320,Procurement for Construction of Reinforced Concrete Irrigation Sluice Gate and Channel in Village-99,NIT/Mun/JAI/2024/0640,Open Tender,Notice Inviting Tender (NIT),2024-03-28,2024-04-10,2024-04-22,1798925.21,1800000.0,CONTRACTOR-DEMO-0121,Apex Engineering Works,7,Completed
TENDER-DEMO-00640,MPLADS-DEMO-000320,Procurement for Construction of Reinforced Concrete Irrigation Sluice Gate and Channel in Village-99,WO/JAI/2024/0641,E-Procurement,Work Order Issued,2024-04-16,2024-04-21,2024-04-27,1800000.0,1800000.0,CONTRACTOR-DEMO-0121,Apex Engineering Works,1,Awarded
TENDER-DEMO-00641,MPLADS-DEMO-000321,Procurement for Construction of Maternity & Child Healthcare Ward at Primary Health Sub-Center Village-11,NIT/Mun/GAN/2023/0642,Open Tender,Notice Inviting Tender (NIT),2023-02-08,2023-02-18,2023-03-01,2781049.1,2650000.0,CONTRACTOR-DEMO-0064,Sai Civil Projects,3,Completed
TENDER-DEMO-00642,MPLADS-DEMO-000321,Procurement for Construction of Maternity & Child Healthcare Ward at Primary Health Sub-Center Village-11,WO/GAN/2023/0643,E-Procurement,Work Order Issued,2023-02-17,2023-03-01,2023-03-03,2650000.0,2650000.0,CONTRACTOR-DEMO-0064,Sai Civil Projects,1,Awarded
TENDER-DEMO-00643,MPLADS-DEMO-000322,Procurement for Construction of Check Dam and Water Harvesting Percolation Tank at Village-161,NIT/Min/GOR/2024/0644,Open Tender,Notice Inviting Tender (NIT),2024-05-27,2024-06-08,2024-06-19,2104452.79,2140000.0,CONTRACTOR-DEMO-0104,Panchsheel Enterprises,4,Completed
TENDER-DEMO-00644,MPLADS-DEMO-000322,Procurement for Construction of Check Dam and Water Harvesting Percolation Tank at Village-161,WO/GOR/2024/0645,E-Procurement,Work Order Issued,2024-06-08,2024-06-14,2024-06-17,2140000.0,2140000.0,CONTRACTOR-DEMO-0104,Panchsheel Enterprises,1,Awarded
TENDER-DEMO-00645,MPLADS-DEMO-000323,Procurement for Renovation and Expansion of Village Panchayat Bhavan in Village-134,NIT/Min/PUN/2023/0646,Open Tender,Notice Inviting Tender (NIT),2023-09-03,2023-09-14,2023-09-26,1997241.46,1980000.0,CONTRACTOR-DEMO-0056,Om Construction Co,4,Completed
TENDER-DEMO-00646,MPLADS-DEMO-000323,Procurement for Renovation and Expansion of Village Panchayat Bhavan in Village-134,WO/PUN/2023/0647,E-Procurement,Work Order Issued,2023-09-17,2023-09-23,2023-09-29,1980000.0,1980000.0,CONTRACTOR-DEMO-0056,Om Construction Co,1,Awarded
TENDER-DEMO-00647,MPLADS-DEMO-000324,Procurement for Installation of 10kW Rooftop Solar Power System at Primary Health Center Village-176,NIT/Mun/PUN/2024/0648,Open Tender,Notice Inviting Tender (NIT),2024-04-29,2024-05-10,2024-05-16,795356.79,790000.0,CONTRACTOR-DEMO-0171,Golden Contractors,3,Completed
TENDER-DEMO-00648,MPLADS-DEMO-000324,Procurement for Installation of 10kW Rooftop Solar Power System at Primary Health Center Village-176,WO/PUN/2024/0649,E-Procurement,Work Order Issued,2024-05-09,2024-05-16,2024-05-18,790000.0,790000.0,CONTRACTOR-DEMO-0171,Golden Contractors,1,Awarded
TENDER-DEMO-00649,MPLADS-DEMO-000325,Procurement for Drilling of Deep Borewell and Solar-Powered Overhead Water Tank at Village-18,NIT/Dis/GAN/2023/0650,E-Procurement,Notice Inviting Tender (NIT),2023-03-27,2023-04-15,2023-04-20,576414.99,570000.0,CONTRACTOR-DEMO-0109,Surya Shakti Contractors,5,Completed
TENDER-DEMO-00650,MPLADS-DEMO-000325,Procurement for Drilling of Deep Borewell and Solar-Powered Overhead Water Tank at Village-18,WO/GAN/2023/0651,E-Procurement,Work Order Issued,2023-04-06,2023-04-14,2023-04-17,570000.0,570000.0,CONTRACTOR-DEMO-0109,Surya Shakti Contractors,1,Awarded
TENDER-DEMO-00651,MPLADS-DEMO-000326,Procurement for Development of Emergency Cold Storage and Pharmacy Room at Hospital Village-190,NIT/Pub/JAB/2023/0652,E-Procurement,Notice Inviting Tender (NIT),2023-12-04,2023-12-14,2023-12-23,1356642.39,1330000.0,CONTRACTOR-DEMO-0179,Om Infra Solutions,6,Completed
TENDER-DEMO-00652,MPLADS-DEMO-000326,Procurement for Development of Emergency Cold Storage and Pharmacy Room at Hospital Village-190,WO/JAB/2023/0653,E-Procurement,Work Order Issued,2023-12-15,2023-12-25,2023-12-28,1330000.0,1330000.0,CONTRACTOR-DEMO-0179,Om Infra Solutions,1,Awarded
TENDER-DEMO-00653,MPLADS-DEMO-000327,Procurement for Renovation and Expansion of Village Panchayat Bhavan in Village-35,NIT/Pan/UDA/2023/0654,Open Tender,Notice Inviting Tender (NIT),2023-09-21,2023-10-11,2023-10-18,2377903.96,2350000.0,CONTRACTOR-DEMO-0012,Vanguard Rural Developers,5,Completed
TENDER-DEMO-00654,MPLADS-DEMO-000327,Procurement for Renovation and Expansion of Village Panchayat Bhavan in Village-35,WO/UDA/2023/0655,E-Procurement,Work Order Issued,2023-09-29,2023-10-06,2023-10-10,2350000.0,2350000.0,CONTRACTOR-DEMO-0012,Vanguard Rural Developers,1,Awarded
TENDER-DEMO-00655,MPLADS-DEMO-000328,Procurement for Construction of Open Air Gymnasium and Seating Area at Village-106,NIT/Rur/WAR/2024/0656,E-Procurement,Notice Inviting Tender (NIT),2024-05-25,2024-06-05,2024-06-11,849924.8,850000.0,CONTRACTOR-DEMO-0121,Apex Engineering Works,7,Completed
TENDER-DEMO-00656,MPLADS-DEMO-000328,Procurement for Construction of Open Air Gymnasium and Seating Area at Village-106,WO/WAR/2024/0657,E-Procurement,Work Order Issued,2024-06-07,2024-06-14,2024-06-18,850000.0,850000.0,CONTRACTOR-DEMO-0121,Apex Engineering Works,1,Awarded
TENDER-DEMO-00657,MPLADS-DEMO-000329,Procurement for Construction of Additional Classrooms at Govt Senior Secondary School Village-156,NIT/Pub/BHO/2023/0658,E-Procurement,Notice Inviting Tender (NIT),2023-11-04,2023-11-23,2023-12-03,2307225.51,2200000.0,CONTRACTOR-DEMO-0120,Golden Projects Ltd,4,Completed
TENDER-DEMO-00658,MPLADS-DEMO-000329,Procurement for Construction of Additional Classrooms at Govt Senior Secondary School Village-156,WO/BHO/2023/0659,E-Procurement,Work Order Issued,2023-11-08,2023-11-19,2023-11-22,2200000.0,2200000.0,CONTRACTOR-DEMO-0120,Golden Projects Ltd,1,Awarded
TENDER-DEMO-00659,MPLADS-DEMO-000330,Procurement for Laying of Underground Drinking Water Pipeline Distribution in Village-189,NIT/Mun/CUT/2024/0660,E-Procurement,Notice Inviting Tender (NIT),2024-04-29,2024-05-18,2024-05-26,884977.67,860000.0,CONTRACTOR-DEMO-0079,Balaji Civil Projects,5,Completed
TENDER-DEMO-00660,MPLADS-DEMO-000330,Procurement for Laying of Underground Drinking Water Pipeline Distribution in Village-189,WO/CUT/2024/0661,E-Procurement,Work Order Issued,2024-05-03,2024-05-14,2024-05-16,860000.0,860000.0,CONTRACTOR-DEMO-0079,Balaji Civil Projects,1,Awarded
TENDER-DEMO-00661,MPLADS-DEMO-000331,Procurement for Development of Public Recreation Shed and Boundary Wall in Village-119,NIT/Pub/GAN/2024/0662,E-Procurement,Notice Inviting Tender (NIT),2024-05-16,2024-05-29,2024-06-08,1523020.32,1540000.0,CONTRACTOR-DEMO-0119,Shiv Shakti Infrastructure Ltd,7,Completed
TENDER-DEMO-00662,MPLADS-DEMO-000331,Procurement for Development of Public Recreation Shed and Boundary Wall in Village-119,WO/GAN/2024/0663,E-Procurement,Work Order Issued,2024-05-26,2024-05-31,2024-06-02,1540000.0,1540000.0,CONTRACTOR-DEMO-0119,Shiv Shakti Infrastructure Ltd,1,Awarded
TENDER-DEMO-00663,MPLADS-DEMO-000332,Procurement for Installation of Digital Smart Classroom and Computer Lab Infrastructure at Village-117,NIT/Pan/NAS/2023/0664,E-Procurement,Notice Inviting Tender (NIT),2023-04-03,2023-04-20,2023-04-26,890938.38,900000.0,CONTRACTOR-DEMO-0185,United Construction Co,4,Completed
TENDER-DEMO-00664,MPLADS-DEMO-000332,Procurement for Installation of Digital Smart Classroom and Computer Lab Infrastructure at Village-117,WO/NAS/2023/0665,E-Procurement,Work Order Issued,2023-04-15,2023-04-25,2023-05-01,900000.0,900000.0,CONTRACTOR-DEMO-0185,United Construction Co,1,Awarded
TENDER-DEMO-00665,MPLADS-DEMO-000333,Procurement for Construction of Reinforced Concrete Irrigation Sluice Gate and Channel in Village-157,NIT/Min/KOZ/2023/0666,Open Tender,Notice Inviting Tender (NIT),2023-07-03,2023-07-21,2023-07-31,1389819.82,1380000.0,CONTRACTOR-DEMO-0200,Gitanjali Construction Co,4,Completed
TENDER-DEMO-00666,MPLADS-DEMO-000333,Procurement for Construction of Reinforced Concrete Irrigation Sluice Gate and Channel in Village-157,WO/KOZ/2023/0667,E-Procurement,Work Order Issued,2023-07-23,2023-07-28,2023-08-01,1380000.0,1380000.0,CONTRACTOR-DEMO-0200,Gitanjali Construction Co,1,Awarded
TENDER-DEMO-00667,MPLADS-DEMO-000334,Procurement for Construction of Separate Girls Toilet and Wash Area in Govt High School Village-80,NIT/Pan/AHM/2023/0668,Open Tender,Notice Inviting Tender (NIT),2023-04-01,2023-04-22,2023-04-29,667620.73,680000.0,CONTRACTOR-DEMO-0007,Vikas Civil Projects,6,Completed
TENDER-DEMO-00668,MPLADS-DEMO-000334,Procurement for Construction of Separate Girls Toilet and Wash Area in Govt High School Village-80,WO/AHM/2023/0669,E-Procurement,Work Order Issued,2023-04-07,2023-04-18,2023-04-20,680000.0,680000.0,CONTRACTOR-DEMO-0007,Vikas Civil Projects,1,Awarded
TENDER-DEMO-00669,MPLADS-DEMO-000335,Procurement for Desilting and Deepening of Traditional Village Water Reservoir in Village-140,NIT/Mun/BEN/2023/0670,E-Procurement,Notice Inviting Tender (NIT),2023-10-02,2023-10-21,2023-10-28,1449378.98,1430000.0,CONTRACTOR-DEMO-0066,Aditya Projects Ltd,7,Completed
TENDER-DEMO-00670,MPLADS-DEMO-000335,Procurement for Desilting and Deepening of Traditional Village Water Reservoir in Village-140,WO/BEN/2023/0671,E-Procurement,Work Order Issued,2023-10-19,2023-10-28,2023-10-30,1430000.0,1430000.0,CONTRACTOR-DEMO-0066,Aditya Projects Ltd,1,Awarded
TENDER-DEMO-00671,MPLADS-DEMO-000336,Procurement for Installation of 10kW Rooftop Solar Power System at Primary Health Center Village-143,NIT/Pub/GOR/2023/0672,E-Procurement,Notice Inviting Tender (NIT),2023-02-05,2023-02-24,2023-03-01,717822.79,710000.0,CONTRACTOR-DEMO-0088,Alliance Contractors,3,Completed
TENDER-DEMO-00672,MPLADS-DEMO-000336,Procurement for Installation of 10kW Rooftop Solar Power System at Primary Health Center Village-143,WO/GOR/2023/0673,E-Procurement,Work Order Issued,2023-02-14,2023-02-25,2023-03-03,710000.0,710000.0,CONTRACTOR-DEMO-0088,Alliance Contractors,1,Awarded
TENDER-DEMO-00673,MPLADS-DEMO-000337,Procurement for Renovation and Expansion of Village Panchayat Bhavan in Village-46,NIT/Pan/AHM/2023/0674,Open Tender,Notice Inviting Tender (NIT),2023-07-19,2023-08-04,2023-08-12,1829833.39,1850000.0,CONTRACTOR-DEMO-0098,Vanguard Civil Projects,5,Completed
TENDER-DEMO-00674,MPLADS-DEMO-000337,Procurement for Renovation and Expansion of Village Panchayat Bhavan in Village-46,WO/AHM/2023/0675,E-Procurement,Work Order Issued,2023-07-24,2023-08-03,2023-08-07,1850000.0,1850000.0,CONTRACTOR-DEMO-0098,Vanguard Civil Projects,1,Awarded
TENDER-DEMO-00675,MPLADS-DEMO-000338,Procurement for Renovation and Expansion of Village Panchayat Bhavan in Village-141,NIT/Mun/KAR/2023/0676,Open Tender,Notice Inviting Tender (NIT),2023-10-28,2023-11-09,2023-11-14,1702353.88,1710000.0,CONTRACTOR-DEMO-0057,Universal Projects Ltd,5,Completed
TENDER-DEMO-00676,MPLADS-DEMO-000338,Procurement for Renovation and Expansion of Village Panchayat Bhavan in Village-141,WO/KAR/2023/0677,E-Procurement,Work Order Issued,2023-11-12,2023-11-20,2023-11-22,1710000.0,1710000.0,CONTRACTOR-DEMO-0057,Universal Projects Ltd,1,Awarded
TENDER-DEMO-00677,MPLADS-DEMO-000339,Procurement for Construction of Multipurpose Community Hall at Village Village-124,NIT/Mun/AHM/2023/0678,E-Procurement,Notice Inviting Tender (NIT),2023-12-08,2023-12-18,2023-12-28,2295829.0,2200000.0,CONTRACTOR-DEMO-0037,Classic Urban Works Pvt Ltd,6,Completed
TENDER-DEMO-00678,MPLADS-DEMO-000339,Procurement for Construction of Multipurpose Community Hall at Village Village-124,WO/AHM/2023/0679,E-Procurement,Work Order Issued,2023-12-14,2023-12-26,2023-12-30,2200000.0,2200000.0,CONTRACTOR-DEMO-0037,Classic Urban Works Pvt Ltd,1,Awarded
TENDER-DEMO-00679,MPLADS-DEMO-000340,Procurement for Setup of Science Laboratory and Learning Resource Center in Village-127,NIT/Rur/COI/2023/0680,E-Procurement,Notice Inviting Tender (NIT),2023-01-08,2023-01-22,2023-01-28,1197094.97,1190000.0,CONTRACTOR-DEMO-0192,Navnirman Buildcon Pvt Ltd,7,Completed
TENDER-DEMO-00680,MPLADS-DEMO-000340,Procurement for Setup of Science Laboratory and Learning Resource Center in Village-127,WO/COI/2023/0681,E-Procurement,Work Order Issued,2023-01-26,2023-02-05,2023-02-09,1190000.0,1190000.0,CONTRACTOR-DEMO-0192,Navnirman Buildcon Pvt Ltd,1,Awarded
TENDER-DEMO-00681,MPLADS-DEMO-000341,Procurement for Supply and Erection of 30 Standalone Solar Street Lights in Village-106,NIT/Mun/NIZ/2024/0682,Open Tender,Notice Inviting Tender (NIT),2024-01-07,2024-01-19,2024-01-27,897830.72,900000.0,CONTRACTOR-DEMO-0080,Krishna Urban Works Pvt Ltd,3,Completed
TENDER-DEMO-00682,MPLADS-DEMO-000341,Procurement for Supply and Erection of 30 Standalone Solar Street Lights in Village-106,WO/NIZ/2024/0683,E-Procurement,Work Order Issued,2024-01-26,2024-02-04,2024-02-09,900000.0,900000.0,CONTRACTOR-DEMO-0080,Krishna Urban Works Pvt Ltd,1,Awarded
TENDER-DEMO-00683,MPLADS-DEMO-000342,Procurement for Construction of Cement Concrete (CC) Road and Drain Channel at Village-30,NIT/Pan/DHA/2024/0684,Open Tender,Notice Inviting Tender (NIT),2024-03-13,2024-03-23,2024-03-29,3391655.85,3450000.0,CONTRACTOR-DEMO-0176,Surya Shakti Infrastructure Ltd,3,Completed
TENDER-DEMO-00684,MPLADS-DEMO-000342,Procurement for Construction of Cement Concrete (CC) Road and Drain Channel at Village-30,WO/DHA/2024/0685,E-Procurement,Work Order Issued,2024-04-04,2024-04-10,2024-04-12,3450000.0,3450000.0,CONTRACTOR-DEMO-0176,Surya Shakti Infrastructure Ltd,1,Awarded
TENDER-DEMO-00685,MPLADS-DEMO-000343,Procurement for Construction of Additional Classrooms at Govt Senior Secondary School Village-166,NIT/Dis/GAN/2023/0686,E-Procurement,Notice Inviting Tender (NIT),2023-07-27,2023-08-06,2023-08-17,2618236.42,2570000.0,CONTRACTOR-DEMO-0137,Om Contractors,3,Completed
TENDER-DEMO-00686,MPLADS-DEMO-000343,Procurement for Construction of Additional Classrooms at Govt Senior Secondary School Village-166,WO/GAN/2023/0687,E-Procurement,Work Order Issued,2023-08-06,2023-08-17,2023-08-21,2570000.0,2570000.0,CONTRACTOR-DEMO-0137,Om Contractors,1,Awarded
TENDER-DEMO-00687,MPLADS-DEMO-000344,Procurement for Development of Emergency Cold Storage and Pharmacy Room at Hospital Village-81,NIT/Dis/COI/2024/0688,Open Tender,Notice Inviting Tender (NIT),2024-05-02,2024-05-19,2024-05-26,1948656.09,1930000.0,CONTRACTOR-DEMO-0011,Mahalaxmi Infrastructure Ltd,3,Completed
TENDER-DEMO-00688,MPLADS-DEMO-000344,Procurement for Development of Emergency Cold Storage and Pharmacy Room at Hospital Village-81,WO/COI/2024/0689,E-Procurement,Work Order Issued,2024-05-13,2024-05-19,2024-05-26,1930000.0,1930000.0,CONTRACTOR-DEMO-0011,Mahalaxmi Infrastructure Ltd,1,Awarded
TENDER-DEMO-00689,MPLADS-DEMO-000345,Procurement for Development of Emergency Cold Storage and Pharmacy Room at Hospital Village-43,NIT/Pan/IND/2023/0690,Open Tender,Notice Inviting Tender (NIT),2023-06-29,2023-07-16,2023-07-22,1941123.73,1960000.0,CONTRACTOR-DEMO-0026,Gitanjali Buildcon Pvt Ltd,3,Completed
TENDER-DEMO-00690,MPLADS-DEMO-000345,Procurement for Development of Emergency Cold Storage and Pharmacy Room at Hospital Village-43,WO/IND/2023/0691,E-Procurement,Work Order Issued,2023-07-15,2023-07-25,2023-08-01,1960000.0,1960000.0,CONTRACTOR-DEMO-0026,Gitanjali Buildcon Pvt Ltd,1,Awarded
TENDER-DEMO-00691,MPLADS-DEMO-000346,Procurement for Drilling of Deep Borewell and Solar-Powered Overhead Water Tank at Village-116,NIT/Pub/CUT/2024/0692,E-Procurement,Notice Inviting Tender (NIT),2024-02-20,2024-03-08,2024-03-14,824757.72,830000.0,CONTRACTOR-DEMO-0133,Mahalaxmi Contractors,3,Completed
TENDER-DEMO-00692,MPLADS-DEMO-000346,Procurement for Drilling of Deep Borewell and Solar-Powered Overhead Water Tank at Village-116,WO/CUT/2024/0693,E-Procurement,Work Order Issued,2024-02-24,2024-03-07,2024-03-09,830000.0,830000.0,CONTRACTOR-DEMO-0133,Mahalaxmi Contractors,1,Awarded
TENDER-DEMO-00693,MPLADS-DEMO-000347,Procurement for Installation of Digital Smart Classroom and Computer Lab Infrastructure at Village-49,NIT/Min/NIZ/2024/0694,Open Tender,Notice Inviting Tender (NIT),2024-02-10,2024-02-20,2024-03-03,1410940.38,1370000.0,CONTRACTOR-DEMO-0056,Om Construction Co,5,Completed
TENDER-DEMO-00694,MPLADS-DEMO-000347,Procurement for Installation of Digital Smart Classroom and Computer Lab Infrastructure at Village-49,WO/NIZ/2024/0695,E-Procurement,Work Order Issued,2024-02-27,2024-03-03,2024-03-07,1370000.0,1370000.0,CONTRACTOR-DEMO-0056,Om Construction Co,1,Awarded
TENDER-DEMO-00695,MPLADS-DEMO-000348,Procurement for Setup of Science Laboratory and Learning Resource Center in Village-183,NIT/Mun/AHM/2023/0696,E-Procurement,Notice Inviting Tender (NIT),2023-11-08,2023-11-26,2023-12-05,1308630.59,1290000.0,CONTRACTOR-DEMO-0030,Hindustan Civil Projects,4,Completed
TENDER-DEMO-00696,MPLADS-DEMO-000348,Procurement for Setup of Science Laboratory and Learning Resource Center in Village-183,WO/AHM/2023/0697,E-Procurement,Work Order Issued,2023-11-27,2023-12-04,2023-12-06,1290000.0,1290000.0,CONTRACTOR-DEMO-0030,Hindustan Civil Projects,1,Awarded
TENDER-DEMO-00697,MPLADS-DEMO-000349,Procurement for Development of Emergency Cold Storage and Pharmacy Room at Hospital Village-80,NIT/Pub/WAR/2023/0698,E-Procurement,Notice Inviting Tender (NIT),2023-05-04,2023-05-14,2023-05-19,2049313.96,2010000.0,CONTRACTOR-DEMO-0175,Premier Projects Ltd,4,Completed
TENDER-DEMO-00698,MPLADS-DEMO-000349,Procurement for Development of Emergency Cold Storage and Pharmacy Room at Hospital Village-80,WO/WAR/2023/0699,E-Procurement,Work Order Issued,2023-05-15,2023-05-25,2023-05-30,2010000.0,2010000.0,CONTRACTOR-DEMO-0175,Premier Projects Ltd,1,Awarded
TENDER-DEMO-00699,MPLADS-DEMO-000350,Procurement for Construction of Public Sanitation Facility and Bathing Block in Village-71,NIT/Dis/GOR/2023/0700,Open Tender,Notice Inviting Tender (NIT),2023-07-19,2023-08-09,2023-08-20,1072817.78,1050000.0,CONTRACTOR-DEMO-0184,Shanti Projects Ltd,6,Completed
TENDER-DEMO-00700,MPLADS-DEMO-000350,Procurement for Construction of Public Sanitation Facility and Bathing Block in Village-71,WO/GOR/2023/0701,E-Procurement,Work Order Issued,2023-08-08,2023-08-16,2023-08-18,1050000.0,1050000.0,CONTRACTOR-DEMO-0184,Shanti Projects Ltd,1,Awarded
TENDER-DEMO-00701,MPLADS-DEMO-000351,Procurement for Construction of Public Sanitation Facility and Bathing Block in Village-19,NIT/Pan/COI/2023/0702,E-Procurement,Notice Inviting Tender (NIT),2023-09-15,2023-09-30,2023-10-08,1091982.44,1040000.0,CONTRACTOR-DEMO-0113,Modern Buildcon Pvt Ltd,4,Completed
TENDER-DEMO-00702,MPLADS-DEMO-000351,Procurement for Construction of Public Sanitation Facility and Bathing Block in Village-19,WO/COI/2023/0703,E-Procurement,Work Order Issued,2023-09-23,2023-09-30,2023-10-05,1040000.0,1040000.0,CONTRACTOR-DEMO-0113,Modern Buildcon Pvt Ltd,1,Awarded
TENDER-DEMO-00703,MPLADS-DEMO-000352,Procurement for Development of Emergency Cold Storage and Pharmacy Room at Hospital Village-152,NIT/Pan/NAS/2024/0704,Open Tender,Notice Inviting Tender (NIT),2024-03-11,2024-03-27,2024-04-07,1788720.62,1770000.0,CONTRACTOR-DEMO-0197,Universal Infrastructure Ltd,4,Completed
TENDER-DEMO-00704,MPLADS-DEMO-000352,Procurement for Development of Emergency Cold Storage and Pharmacy Room at Hospital Village-152,WO/NAS/2024/0705,E-Procurement,Work Order Issued,2024-03-24,2024-04-03,2024-04-09,1770000.0,1770000.0,CONTRACTOR-DEMO-0197,Universal Infrastructure Ltd,1,Awarded
TENDER-DEMO-00705,MPLADS-DEMO-000353,Procurement for Installation of Community RO Water Purification Plant at Village-179,NIT/Dis/COI/2023/0706,Open Tender,Notice Inviting Tender (NIT),2023-09-23,2023-10-11,2023-10-19,1069292.97,1030000.0,CONTRACTOR-DEMO-0161,Sai Infrastructure Ltd,6,Completed
TENDER-DEMO-00706,MPLADS-DEMO-000353,Procurement for Installation of Community RO Water Purification Plant at Village-179,WO/COI/2023/0707,E-Procurement,Work Order Issued,2023-10-05,2023-10-10,2023-10-12,1030000.0,1030000.0,CONTRACTOR-DEMO-0161,Sai Infrastructure Ltd,1,Awarded
TENDER-DEMO-00707,MPLADS-DEMO-000354,Procurement for Construction of Culvert and Cross-Drainage Structure on Link Road Village-47,NIT/Dis/GAN/2023/0708,E-Procurement,Notice Inviting Tender (NIT),2023-09-13,2023-09-29,2023-10-10,2049872.58,2030000.0,CONTRACTOR-DEMO-0076,Vanguard Infrastructure Ltd,5,Completed
TENDER-DEMO-00708,MPLADS-DEMO-000354,Procurement for Construction of Culvert and Cross-Drainage Structure on Link Road Village-47,WO/GAN/2023/0709,E-Procurement,Work Order Issued,2023-10-01,2023-10-06,2023-10-08,2030000.0,2030000.0,CONTRACTOR-DEMO-0076,Vanguard Infrastructure Ltd,1,Awarded
TENDER-DEMO-00709,MPLADS-DEMO-000355,Procurement for Installation of Solar LED High-Mast Lighting System at Market Yard Village-131,NIT/Mun/MAD/2024/0710,Open Tender,Notice Inviting Tender (NIT),2024-03-10,2024-03-20,2024-04-01,520809.96,510000.0,CONTRACTOR-DEMO-0065,Kisan Enterprises,6,Completed
TENDER-DEMO-00710,MPLADS-DEMO-000355,Procurement for Installation of Solar LED High-Mast Lighting System at Market Yard Village-131,WO/MAD/2024/0711,E-Procurement,Work Order Issued,2024-03-19,2024-03-28,2024-03-30,510000.0,510000.0,CONTRACTOR-DEMO-0065,Kisan Enterprises,1,Awarded
TENDER-DEMO-00711,MPLADS-DEMO-000356,Procurement for Installation of Solar LED High-Mast Lighting System at Market Yard Village-124,NIT/Min/LUC/2023/0712,Open Tender,Notice Inviting Tender (NIT),2023-11-21,2023-12-12,2023-12-21,837211.41,820000.0,CONTRACTOR-DEMO-0173,Kisan Infrastructure Ltd,7,Completed
TENDER-DEMO-00712,MPLADS-DEMO-000356,Procurement for Installation of Solar LED High-Mast Lighting System at Market Yard Village-124,WO/LUC/2023/0713,E-Procurement,Work Order Issued,2023-11-27,2023-12-06,2023-12-12,820000.0,820000.0,CONTRACTOR-DEMO-0173,Kisan Infrastructure Ltd,1,Awarded
TENDER-DEMO-00713,MPLADS-DEMO-000357,Procurement for Development of Emergency Cold Storage and Pharmacy Room at Hospital Village-147,NIT/Mun/SUR/2024/0714,E-Procurement,Notice Inviting Tender (NIT),2024-04-06,2024-04-21,2024-04-29,2012409.77,1960000.0,CONTRACTOR-DEMO-0021,Apex Contractors,3,Completed
TENDER-DEMO-00714,MPLADS-DEMO-000357,Procurement for Development of Emergency Cold Storage and Pharmacy Room at Hospital Village-147,WO/SUR/2024/0715,E-Procurement,Work Order Issued,2024-04-14,2024-04-21,2024-04-23,1960000.0,1960000.0,CONTRACTOR-DEMO-0021,Apex Contractors,1,Awarded
TENDER-DEMO-00715,MPLADS-DEMO-000358,Procurement for Development of Emergency Cold Storage and Pharmacy Room at Hospital Village-198,NIT/Mun/NAG/2024/0716,E-Procurement,Notice Inviting Tender (NIT),2024-03-07,2024-03-26,2024-03-31,2093827.44,2020000.0,CONTRACTOR-DEMO-0119,Shiv Shakti Infrastructure Ltd,5,Completed
TENDER-DEMO-00716,MPLADS-DEMO-000358,Procurement for Development of Emergency Cold Storage and Pharmacy Room at Hospital Village-198,WO/NAG/2024/0717,E-Procurement,Work Order Issued,2024-03-19,2024-03-30,2024-04-05,2020000.0,2020000.0,CONTRACTOR-DEMO-0119,Shiv Shakti Infrastructure Ltd,1,Awarded
TENDER-DEMO-00717,MPLADS-DEMO-000359,Procurement for Setup of Science Laboratory and Learning Resource Center in Village-51,NIT/Mun/JAI/2023/0718,E-Procurement,Notice Inviting Tender (NIT),2023-06-30,2023-07-20,2023-07-28,1312463.21,1280000.0,CONTRACTOR-DEMO-0160,Krishna Engineering Works,4,Completed
TENDER-DEMO-00718,MPLADS-DEMO-000359,Procurement for Setup of Science Laboratory and Learning Resource Center in Village-51,WO/JAI/2023/0719,E-Procurement,Work Order Issued,2023-07-18,2023-07-30,2023-08-06,1280000.0,1280000.0,CONTRACTOR-DEMO-0160,Krishna Engineering Works,1,Awarded
TENDER-DEMO-00719,MPLADS-DEMO-000360,Procurement for Construction of Check Dam and Water Harvesting Percolation Tank at Village-76,NIT/Min/IND/2023/0720,Open Tender,Notice Inviting Tender (NIT),2023-07-20,2023-08-05,2023-08-16,1185762.54,1160000.0,CONTRACTOR-DEMO-0114,Hindustan Contractors,5,Completed
TENDER-DEMO-00720,MPLADS-DEMO-000360,Procurement for Construction of Check Dam and Water Harvesting Percolation Tank at Village-76,WO/IND/2023/0721,E-Procurement,Work Order Issued,2023-07-27,2023-08-07,2023-08-12,1160000.0,1160000.0,CONTRACTOR-DEMO-0114,Hindustan Contractors,1,Awarded
TENDER-DEMO-00721,MPLADS-DEMO-000361,Procurement for Construction of Separate Girls Toilet and Wash Area in Govt High School Village-183,NIT/Rur/COI/2023/0722,E-Procurement,Notice Inviting Tender (NIT),2023-04-04,2023-04-16,2023-04-24,851715.38,840000.0,CONTRACTOR-DEMO-0110,Surya Shakti Rural Developers,3,Completed
TENDER-DEMO-00722,MPLADS-DEMO-000361,Procurement for Construction of Separate Girls Toilet and Wash Area in Govt High School Village-183,WO/COI/2023/0723,E-Procurement,Work Order Issued,2023-04-10,2023-04-22,2023-04-28,840000.0,840000.0,CONTRACTOR-DEMO-0110,Surya Shakti Rural Developers,1,Awarded
TENDER-DEMO-00723,MPLADS-DEMO-000362,Procurement for Construction of Reinforced Concrete Irrigation Sluice Gate and Channel in Village-33,NIT/Pan/JAI/2024/0724,E-Procurement,Notice Inviting Tender (NIT),2024-01-04,2024-01-17,2024-01-25,955111.02,920000.0,CONTRACTOR-DEMO-0168,Navnirman Infra Solutions,5,Completed
TENDER-DEMO-00724,MPLADS-DEMO-000362,Procurement for Construction of Reinforced Concrete Irrigation Sluice Gate and Channel in Village-33,WO/JAI/2024/0725,E-Procurement,Work Order Issued,2024-01-20,2024-01-27,2024-01-30,920000.0,920000.0,CONTRACTOR-DEMO-0168,Navnirman Infra Solutions,1,Awarded
TENDER-DEMO-00725,MPLADS-DEMO-000363,Procurement for Setup of Science Laboratory and Learning Resource Center in Village-160,NIT/Rur/KHO/2023/0726,Open Tender,Notice Inviting Tender (NIT),2023-05-11,2023-05-30,2023-06-05,1679515.1,1600000.0,CONTRACTOR-DEMO-0191,Surya Shakti Civil Projects,6,Completed
TENDER-DEMO-00726,MPLADS-DEMO-000363,Procurement for Setup of Science Laboratory and Learning Resource Center in Village-160,WO/KHO/2023/0727,E-Procurement,Work Order Issued,2023-05-29,2023-06-04,2023-06-11,1600000.0,1600000.0,CONTRACTOR-DEMO-0191,Surya Shakti Civil Projects,1,Awarded
TENDER-DEMO-00727,MPLADS-DEMO-000364,Procurement for Supply and Erection of 30 Standalone Solar Street Lights in Village-106,NIT/Min/ERN/2024/0728,Open Tender,Notice Inviting Tender (NIT),2024-01-24,2024-02-05,2024-02-16,540471.62,520000.0,CONTRACTOR-DEMO-0040,Balaji Rural Developers,4,Completed
TENDER-DEMO-00728,MPLADS-DEMO-000364,Procurement for Supply and Erection of 30 Standalone Solar Street Lights in Village-106,WO/ERN/2024/0729,E-Procurement,Work Order Issued,2024-02-08,2024-02-16,2024-02-21,520000.0,520000.0,CONTRACTOR-DEMO-0040,Balaji Rural Developers,1,Awarded
TENDER-DEMO-00729,MPLADS-DEMO-000365,Procurement for Supply and Erection of 30 Standalone Solar Street Lights in Village-120,NIT/Pub/KOZ/2024/0730,Open Tender,Notice Inviting Tender (NIT),2024-01-31,2024-02-18,2024-03-01,923274.4,890000.0,CONTRACTOR-DEMO-0160,Krishna Engineering Works,7,Completed
TENDER-DEMO-00730,MPLADS-DEMO-000365,Procurement for Supply and Erection of 30 Standalone Solar Street Lights in Village-120,WO/KOZ/2024/0731,E-Procurement,Work Order Issued,2024-02-10,2024-02-16,2024-02-18,890000.0,890000.0,CONTRACTOR-DEMO-0160,Krishna Engineering Works,1,Awarded
TENDER-DEMO-00731,MPLADS-DEMO-000366,Procurement for Construction of Cement Concrete (CC) Road and Drain Channel at Village-121,NIT/Mun/CUT/2024/0732,E-Procurement,Notice Inviting Tender (NIT),2024-05-24,2024-06-03,2024-06-10,3140333.92,3060000.0,CONTRACTOR-DEMO-0181,Navnirman Engineers & Builders,3,Completed
TENDER-DEMO-00732,MPLADS-DEMO-000366,Procurement for Construction of Cement Concrete (CC) Road and Drain Channel at Village-121,WO/CUT/2024/0733,E-Procurement,Work Order Issued,2024-06-15,2024-06-21,2024-06-27,3060000.0,3060000.0,CONTRACTOR-DEMO-0181,Navnirman Engineers & Builders,1,Awarded
TENDER-DEMO-00733,MPLADS-DEMO-000367,Procurement for Upgradation of Rural Link Road connecting Hamlet to Main Highway at Village-16,NIT/Pub/KOZ/2024/0734,E-Procurement,Notice Inviting Tender (NIT),2024-01-25,2024-02-07,2024-02-17,2528644.41,2460000.0,CONTRACTOR-DEMO-0133,Mahalaxmi Contractors,7,Completed
TENDER-DEMO-00734,MPLADS-DEMO-000367,Procurement for Upgradation of Rural Link Road connecting Hamlet to Main Highway at Village-16,WO/KOZ/2024/0735,E-Procurement,Work Order Issued,2024-02-04,2024-02-11,2024-02-13,2460000.0,2460000.0,CONTRACTOR-DEMO-0133,Mahalaxmi Contractors,1,Awarded
TENDER-DEMO-00735,MPLADS-DEMO-000368,Procurement for Desilting and Deepening of Traditional Village Water Reservoir in Village-65,NIT/Min/KHO/2023/0736,E-Procurement,Notice Inviting Tender (NIT),2023-04-20,2023-05-07,2023-05-12,1154907.01,1120000.0,CONTRACTOR-DEMO-0070,Alliance Projects Ltd,7,Completed
TENDER-DEMO-00736,MPLADS-DEMO-000368,Procurement for Desilting and Deepening of Traditional Village Water Reservoir in Village-65,WO/KHO/2023/0737,E-Procurement,Work Order Issued,2023-05-02,2023-05-07,2023-05-09,1120000.0,1120000.0,CONTRACTOR-DEMO-0070,Alliance Projects Ltd,1,Awarded
TENDER-DEMO-00737,MPLADS-DEMO-000369,Procurement for Installation of Digital Smart Classroom and Computer Lab Infrastructure at Village-136,NIT/Rur/LUC/2024/0738,Open Tender,Notice Inviting Tender (NIT),2024-03-06,2024-03-20,2024-03-29,813965.82,800000.0,CONTRACTOR-DEMO-0102,Samriddhi Civil Projects,4,Completed
TENDER-DEMO-00738,MPLADS-DEMO-000369,Procurement for Installation of Digital Smart Classroom and Computer Lab Infrastructure at Village-136,WO/LUC/2024/0739,E-Procurement,Work Order Issued,2024-03-21,2024-04-02,2024-04-06,800000.0,800000.0,CONTRACTOR-DEMO-0102,Samriddhi Civil Projects,1,Awarded
TENDER-DEMO-00739,MPLADS-DEMO-000370,Procurement for Installation of Digital Smart Classroom and Computer Lab Infrastructure at Village-54,NIT/Pan/WAY/2023/0740,E-Procurement,Notice Inviting Tender (NIT),2023-03-10,2023-03-29,2023-04-10,796538.02,760000.0,CONTRACTOR-DEMO-0081,Vanguard Urban Works Pvt Ltd,5,Completed
TENDER-DEMO-00740,MPLADS-DEMO-000370,Procurement for Installation of Digital Smart Classroom and Computer Lab Infrastructure at Village-54,WO/WAY/2023/0741,E-Procurement,Work Order Issued,2023-03-27,2023-04-01,2023-04-07,760000.0,760000.0,CONTRACTOR-DEMO-0081,Vanguard Urban Works Pvt Ltd,1,Awarded
TENDER-DEMO-00741,MPLADS-DEMO-000371,Procurement for Construction of Reinforced Concrete Irrigation Sluice Gate and Channel in Village-60,NIT/Min/KOZ/2023/0742,E-Procurement,Notice Inviting Tender (NIT),2023-08-19,2023-08-29,2023-09-03,1497247.57,1500000.0,CONTRACTOR-DEMO-0101,Bharat Construction Co,3,Completed
TENDER-DEMO-00742,MPLADS-DEMO-000371,Procurement for Construction of Reinforced Concrete Irrigation Sluice Gate and Channel in Village-60,WO/KOZ/2023/0743,E-Procurement,Work Order Issued,2023-08-27,2023-09-08,2023-09-12,1500000.0,1500000.0,CONTRACTOR-DEMO-0101,Bharat Construction Co,1,Awarded
TENDER-DEMO-00743,MPLADS-DEMO-000372,Procurement for Installation of 10kW Rooftop Solar Power System at Primary Health Center Village-11,NIT/Dis/JOD/2024/0744,Open Tender,Notice Inviting Tender (NIT),2024-04-30,2024-05-20,2024-05-26,851173.73,820000.0,CONTRACTOR-DEMO-0029,Pragati Construction Co,4,Completed
TENDER-DEMO-00744,MPLADS-DEMO-000372,Procurement for Installation of 10kW Rooftop Solar Power System at Primary Health Center Village-11,WO/JOD/2024/0745,E-Procurement,Work Order Issued,2024-05-19,2024-05-30,2024-06-05,820000.0,820000.0,CONTRACTOR-DEMO-0029,Pragati Construction Co,1,Awarded
TENDER-DEMO-00745,MPLADS-DEMO-000373,Procurement for Supply and Erection of 30 Standalone Solar Street Lights in Village-119,NIT/Pub/SAL/2023/0746,Open Tender,Notice Inviting Tender (NIT),2023-07-14,2023-07-28,2023-08-08,917356.89,930000.0,CONTRACTOR-DEMO-0021,Apex Contractors,3,Completed
TENDER-DEMO-00746,MPLADS-DEMO-000373,Procurement for Supply and Erection of 30 Standalone Solar Street Lights in Village-119,WO/SAL/2023/0747,E-Procurement,Work Order Issued,2023-07-19,2023-07-31,2023-08-07,930000.0,930000.0,CONTRACTOR-DEMO-0021,Apex Contractors,1,Awarded
TENDER-DEMO-00747,MPLADS-DEMO-000374,Procurement for Construction of Multipurpose Community Hall at Village Village-176,NIT/Min/BHO/2023/0748,Open Tender,Notice Inviting Tender (NIT),2023-11-24,2023-12-06,2023-12-17,1589918.03,1560000.0,CONTRACTOR-DEMO-0157,Surya Shakti Infra Solutions,7,Completed
TENDER-DEMO-00748,MPLADS-DEMO-000374,Procurement for Construction of Multipurpose Community Hall at Village Village-176,WO/BHO/2023/0749,E-Procurement,Work Order Issued,2023-12-05,2023-12-17,2023-12-24,1560000.0,1560000.0,CONTRACTOR-DEMO-0157,Surya Shakti Infra Solutions,1,Awarded
TENDER-DEMO-00749,MPLADS-DEMO-000375,Procurement for Construction of Maternity & Child Healthcare Ward at Primary Health Sub-Center Village-23,NIT/Pan/NAG/2023/0750,E-Procurement,Notice Inviting Tender (NIT),2023-05-29,2023-06-17,2023-06-29,2330202.31,2270000.0,CONTRACTOR-DEMO-0167,Shiv Shakti Civil Projects,3,Completed
TENDER-DEMO-00750,MPLADS-DEMO-000375,Procurement for Construction of Maternity & Child Healthcare Ward at Primary Health Sub-Center Village-23,WO/NAG/2023/0751,E-Procurement,Work Order Issued,2023-06-20,2023-06-25,2023-07-01,2270000.0,2270000.0,CONTRACTOR-DEMO-0167,Shiv Shakti Civil Projects,1,Awarded
TENDER-DEMO-00751,MPLADS-DEMO-000376,Procurement for Construction of Culvert and Cross-Drainage Structure on Link Road Village-178,NIT/Dis/GAN/2023/0752,E-Procurement,Notice Inviting Tender (NIT),2023-05-27,2023-06-09,2023-06-15,2016173.31,2020000.0,CONTRACTOR-DEMO-0070,Alliance Projects Ltd,3,Completed
TENDER-DEMO-00752,MPLADS-DEMO-000376,Procurement for Construction of Culvert and Cross-Drainage Structure on Link Road Village-178,WO/GAN/2023/0753,E-Procurement,Work Order Issued,2023-06-16,2023-06-22,2023-06-26,2020000.0,2020000.0,CONTRACTOR-DEMO-0070,Alliance Projects Ltd,1,Awarded
TENDER-DEMO-00753,MPLADS-DEMO-000377,Procurement for Construction of Additional Classrooms at Govt Senior Secondary School Village-126,NIT/Min/NAS/2023/0754,Open Tender,Notice Inviting Tender (NIT),2023-04-11,2023-04-21,2023-05-03,2503130.61,2400000.0,CONTRACTOR-DEMO-0117,Riddhi Engineers & Builders,4,Completed
TENDER-DEMO-00754,MPLADS-DEMO-000377,Procurement for Construction of Additional Classrooms at Govt Senior Secondary School Village-126,WO/NAS/2023/0755,E-Procurement,Work Order Issued,2023-04-27,2023-05-09,2023-05-13,2400000.0,2400000.0,CONTRACTOR-DEMO-0117,Riddhi Engineers & Builders,1,Awarded
TENDER-DEMO-00755,MPLADS-DEMO-000378,Procurement for Construction of Multipurpose Community Hall at Village Village-19,NIT/Min/GOR/2023/0756,E-Procurement,Notice Inviting Tender (NIT),2023-03-24,2023-04-08,2023-04-19,2200474.73,2190000.0,CONTRACTOR-DEMO-0042,Balaji Construction Co,6,Completed
TENDER-DEMO-00756,MPLADS-DEMO-000378,Procurement for Construction of Multipurpose Community Hall at Village Village-19,WO/GOR/2023/0757,E-Procurement,Work Order Issued,2023-04-08,2023-04-15,2023-04-19,2190000.0,2190000.0,CONTRACTOR-DEMO-0042,Balaji Construction Co,1,Awarded
TENDER-DEMO-00757,MPLADS-DEMO-000379,Procurement for Construction of Additional Classrooms at Govt Senior Secondary School Village-132,NIT/Min/JOD/2024/0758,E-Procurement,Notice Inviting Tender (NIT),2024-02-20,2024-03-10,2024-03-21,2696348.82,2620000.0,CONTRACTOR-DEMO-0102,Samriddhi Civil Projects,5,Completed
TENDER-DEMO-00758,MPLADS-DEMO-000379,Procurement for Construction of Additional Classrooms at Govt Senior Secondary School Village-132,WO/JOD/2024/0759,E-Procurement,Work Order Issued,2024-02-25,2024-03-07,2024-03-13,2620000.0,2620000.0,CONTRACTOR-DEMO-0102,Samriddhi Civil Projects,1,Awarded
TENDER-DEMO-00759,MPLADS-DEMO-000380,Procurement for Desilting and Deepening of Traditional Village Water Reservoir in Village-32,NIT/Pan/KAR/2023/0760,Open Tender,Notice Inviting Tender (NIT),2023-02-09,2023-03-02,2023-03-11,1306861.19,1250000.0,CONTRACTOR-DEMO-0024,Modern Contractors,6,Completed
TENDER-DEMO-00760,MPLADS-DEMO-000380,Procurement for Desilting and Deepening of Traditional Village Water Reservoir in Village-32,WO/KAR/2023/0761,E-Procurement,Work Order Issued,2023-02-22,2023-03-03,2023-03-08,1250000.0,1250000.0,CONTRACTOR-DEMO-0024,Modern Contractors,1,Awarded
TENDER-DEMO-00761,MPLADS-DEMO-000381,Procurement for Desilting and Deepening of Traditional Village Water Reservoir in Village-166,NIT/Rur/WAR/2023/0762,E-Procurement,Notice Inviting Tender (NIT),2023-07-29,2023-08-10,2023-08-16,1304288.36,1290000.0,CONTRACTOR-DEMO-0192,Navnirman Buildcon Pvt Ltd,4,Completed
TENDER-DEMO-00762,MPLADS-DEMO-000381,Procurement for Desilting and Deepening of Traditional Village Water Reservoir in Village-166,WO/WAR/2023/0763,E-Procurement,Work Order Issued,2023-08-16,2023-08-22,2023-08-27,1290000.0,1290000.0,CONTRACTOR-DEMO-0192,Navnirman Buildcon Pvt Ltd,1,Awarded
TENDER-DEMO-00763,MPLADS-DEMO-000382,Procurement for Development of Public Recreation Shed and Boundary Wall in Village-7,NIT/Pub/PUN/2024/0764,E-Procurement,Notice Inviting Tender (NIT),2023-12-24,2024-01-05,2024-01-15,1551311.72,1520000.0,CONTRACTOR-DEMO-0008,Apex Projects Ltd,4,Completed
TENDER-DEMO-00764,MPLADS-DEMO-000382,Procurement for Development of Public Recreation Shed and Boundary Wall in Village-7,WO/PUN/2024/0765,E-Procurement,Work Order Issued,2024-01-03,2024-01-12,2024-01-18,1520000.0,1520000.0,CONTRACTOR-DEMO-0008,Apex Projects Ltd,1,Awarded
TENDER-DEMO-00765,MPLADS-DEMO-000383,Procurement for Construction of Open Air Gymnasium and Seating Area at Village-185,NIT/Rur/JOD/2024/0766,Open Tender,Notice Inviting Tender (NIT),2024-04-10,2024-04-20,2024-04-28,1258253.99,1260000.0,CONTRACTOR-DEMO-0192,Navnirman Buildcon Pvt Ltd,6,Completed
TENDER-DEMO-00766,MPLADS-DEMO-000383,Procurement for Construction of Open Air Gymnasium and Seating Area at Village-185,WO/JOD/2024/0767,E-Procurement,Work Order Issued,2024-04-24,2024-04-29,2024-05-04,1260000.0,1260000.0,CONTRACTOR-DEMO-0192,Navnirman Buildcon Pvt Ltd,1,Awarded
TENDER-DEMO-00767,MPLADS-DEMO-000384,Procurement for Construction of Maternity & Child Healthcare Ward at Primary Health Sub-Center Village-121,NIT/Mun/BEN/2023/0768,E-Procurement,Notice Inviting Tender (NIT),2023-04-11,2023-04-25,2023-05-06,2452831.3,2420000.0,CONTRACTOR-DEMO-0120,Golden Projects Ltd,7,Completed
TENDER-DEMO-00768,MPLADS-DEMO-000384,Procurement for Construction of Maternity & Child Healthcare Ward at Primary Health Sub-Center Village-121,WO/BEN/2023/0769,E-Procurement,Work Order Issued,2023-04-24,2023-04-30,2023-05-05,2420000.0,2420000.0,CONTRACTOR-DEMO-0120,Golden Projects Ltd,1,Awarded
TENDER-DEMO-00769,MPLADS-DEMO-000385,Procurement for Construction of Reinforced Concrete Irrigation Sluice Gate and Channel in Village-17,NIT/Pub/NAS/2023/0770,Open Tender,Notice Inviting Tender (NIT),2023-02-27,2023-03-18,2023-03-24,1508951.38,1530000.0,CONTRACTOR-DEMO-0087,Swastik Infrastructure Ltd,3,Completed
TENDER-DEMO-00770,MPLADS-DEMO-000385,Procurement for Construction of Reinforced Concrete Irrigation Sluice Gate and Channel in Village-17,WO/NAS/2023/0771,E-Procurement,Work Order Issued,2023-03-08,2023-03-14,2023-03-20,1530000.0,1530000.0,CONTRACTOR-DEMO-0087,Swastik Infrastructure Ltd,1,Awarded
TENDER-DEMO-00771,MPLADS-DEMO-000386,Procurement for Installation of 10kW Rooftop Solar Power System at Primary Health Center Village-36,NIT/Pan/WAY/2023/0772,E-Procurement,Notice Inviting Tender (NIT),2023-07-01,2023-07-16,2023-07-23,766427.39,730000.0,CONTRACTOR-DEMO-0197,Universal Infrastructure Ltd,4,Completed
TENDER-DEMO-00772,MPLADS-DEMO-000386,Procurement for Installation of 10kW Rooftop Solar Power System at Primary Health Center Village-36,WO/WAY/2023/0773,E-Procurement,Work Order Issued,2023-07-17,2023-07-23,2023-07-26,730000.0,730000.0,CONTRACTOR-DEMO-0197,Universal Infrastructure Ltd,1,Awarded
TENDER-DEMO-00773,MPLADS-DEMO-000387,Procurement for Supply of Diagnostic Medical Equipment and Patient Beds to Rural Clinic in Village-142,NIT/Pub/NAS/2024/0774,Open Tender,Notice Inviting Tender (NIT),2024-04-09,2024-04-26,2024-05-07,1814143.09,1740000.0,CONTRACTOR-DEMO-0128,Classic Infrastructure Ltd,5,Completed
TENDER-DEMO-00774,MPLADS-DEMO-000387,Procurement for Supply of Diagnostic Medical Equipment and Patient Beds to Rural Clinic in Village-142,WO/NAS/2024/0775,E-Procurement,Work Order Issued,2024-04-22,2024-04-30,2024-05-02,1740000.0,1740000.0,CONTRACTOR-DEMO-0128,Classic Infrastructure Ltd,1,Awarded
TENDER-DEMO-00775,MPLADS-DEMO-000388,Procurement for Development of Public Recreation Shed and Boundary Wall in Village-23,NIT/Dis/RAJ/2024/0776,Open Tender,Notice Inviting Tender (NIT),2024-03-06,2024-03-21,2024-03-27,1270133.65,1260000.0,CONTRACTOR-DEMO-0167,Shiv Shakti Civil Projects,3,Completed
TENDER-DEMO-00776,MPLADS-DEMO-000388,Procurement for Development of Public Recreation Shed and Boundary Wall in Village-23,WO/RAJ/2024/0777,E-Procurement,Work Order Issued,2024-03-19,2024-03-29,2024-04-02,1260000.0,1260000.0,CONTRACTOR-DEMO-0167,Shiv Shakti Civil Projects,1,Awarded
TENDER-DEMO-00777,MPLADS-DEMO-000389,Procurement for Setup of Science Laboratory and Learning Resource Center in Village-62,NIT/Rur/MYS/2023/0778,Open Tender,Notice Inviting Tender (NIT),2023-11-19,2023-12-06,2023-12-13,938451.62,940000.0,CONTRACTOR-DEMO-0146,Vikas Infrastructure Ltd,7,Completed
TENDER-DEMO-00778,MPLADS-DEMO-000389,Procurement for Setup of Science Laboratory and Learning Resource Center in Village-62,WO/MYS/2023/0779,E-Procurement,Work Order Issued,2023-12-02,2023-12-13,2023-12-17,940000.0,940000.0,CONTRACTOR-DEMO-0146,Vikas Infrastructure Ltd,1,Awarded
TENDER-DEMO-00779,MPLADS-DEMO-000390,Procurement for Construction of Multipurpose Community Hall at Village Village-159,NIT/Rur/VAR/2023/0780,E-Procurement,Notice Inviting Tender (NIT),2023-12-12,2023-12-25,2024-01-03,1888397.29,1890000.0,CONTRACTOR-DEMO-0032,Golden Rural Developers,7,Completed
TENDER-DEMO-00780,MPLADS-DEMO-000390,Procurement for Construction of Multipurpose Community Hall at Village Village-159,WO/VAR/2023/0781,E-Procurement,Work Order Issued,2023-12-17,2023-12-28,2023-12-30,1890000.0,1890000.0,CONTRACTOR-DEMO-0032,Golden Rural Developers,1,Awarded
TENDER-DEMO-00781,MPLADS-DEMO-000391,Procurement for Desilting and Deepening of Traditional Village Water Reservoir in Village-128,NIT/Pub/WAY/2023/0782,Open Tender,Notice Inviting Tender (NIT),2023-05-13,2023-06-03,2023-06-15,886346.25,850000.0,CONTRACTOR-DEMO-0015,Maruti Contractors,3,Completed
TENDER-DEMO-00782,MPLADS-DEMO-000391,Procurement for Desilting and Deepening of Traditional Village Water Reservoir in Village-128,WO/WAY/2023/0783,E-Procurement,Work Order Issued,2023-06-03,2023-06-12,2023-06-18,850000.0,850000.0,CONTRACTOR-DEMO-0015,Maruti Contractors,1,Awarded
TENDER-DEMO-00783,MPLADS-DEMO-000392,Procurement for Development of Public Recreation Shed and Boundary Wall in Village-41,NIT/Dis/KOZ/2023/0784,Open Tender,Notice Inviting Tender (NIT),2023-09-17,2023-10-05,2023-10-10,1082266.55,1040000.0,CONTRACTOR-DEMO-0177,Apex Enterprises,6,Completed
TENDER-DEMO-00784,MPLADS-DEMO-000392,Procurement for Development of Public Recreation Shed and Boundary Wall in Village-41,WO/KOZ/2023/0785,E-Procurement,Work Order Issued,2023-09-27,2023-10-03,2023-10-07,1040000.0,1040000.0,CONTRACTOR-DEMO-0177,Apex Enterprises,1,Awarded
TENDER-DEMO-00785,MPLADS-DEMO-000393,Procurement for Construction of Check Dam and Water Harvesting Percolation Tank at Village-84,NIT/Rur/LUC/2023/0786,Open Tender,Notice Inviting Tender (NIT),2023-05-08,2023-05-25,2023-06-03,1634513.52,1620000.0,CONTRACTOR-DEMO-0115,Reliable Urban Works Pvt Ltd,3,Completed
TENDER-DEMO-00786,MPLADS-DEMO-000393,Procurement for Construction of Check Dam and Water Harvesting Percolation Tank at Village-84,WO/LUC/2023/0787,E-Procurement,Work Order Issued,2023-05-15,2023-05-25,2023-05-31,1620000.0,1620000.0,CONTRACTOR-DEMO-0115,Reliable Urban Works Pvt Ltd,1,Awarded
TENDER-DEMO-00787,MPLADS-DEMO-000394,Procurement for Supply and Erection of 30 Standalone Solar Street Lights in Village-46,NIT/Pub/VAR/2023/0788,E-Procurement,Notice Inviting Tender (NIT),2023-05-13,2023-05-29,2023-06-09,648707.83,620000.0,CONTRACTOR-DEMO-0149,Classic Buildcon Pvt Ltd,7,Completed
TENDER-DEMO-00788,MPLADS-DEMO-000394,Procurement for Supply and Erection of 30 Standalone Solar Street Lights in Village-46,WO/VAR/2023/0789,E-Procurement,Work Order Issued,2023-05-25,2023-06-02,2023-06-09,620000.0,620000.0,CONTRACTOR-DEMO-0149,Classic Buildcon Pvt Ltd,1,Awarded
TENDER-DEMO-00789,MPLADS-DEMO-000395,Procurement for Installation of Community RO Water Purification Plant at Village-120,NIT/Mun/GOR/2023/0790,E-Procurement,Notice Inviting Tender (NIT),2023-04-02,2023-04-23,2023-05-05,811468.62,810000.0,CONTRACTOR-DEMO-0109,Surya Shakti Contractors,7,Completed
TENDER-DEMO-00790,MPLADS-DEMO-000395,Procurement for Installation of Community RO Water Purification Plant at Village-120,WO/GOR/2023/0791,E-Procurement,Work Order Issued,2023-04-20,2023-04-29,2023-05-06,810000.0,810000.0,CONTRACTOR-DEMO-0109,Surya Shakti Contractors,1,Awarded
TENDER-DEMO-00791,MPLADS-DEMO-000396,Procurement for Construction of Check Dam and Water Harvesting Percolation Tank at Village-152,NIT/Rur/BEN/2023/0792,Open Tender,Notice Inviting Tender (NIT),2023-06-02,2023-06-17,2023-06-27,1133514.97,1110000.0,CONTRACTOR-DEMO-0155,Reliable Contractors,5,Completed
TENDER-DEMO-00792,MPLADS-DEMO-000396,Procurement for Construction of Check Dam and Water Harvesting Percolation Tank at Village-152,WO/BEN/2023/0793,E-Procurement,Work Order Issued,2023-06-13,2023-06-19,2023-06-21,1110000.0,1110000.0,CONTRACTOR-DEMO-0155,Reliable Contractors,1,Awarded
TENDER-DEMO-00793,MPLADS-DEMO-000397,Procurement for Installation of Solar LED High-Mast Lighting System at Market Yard Village-107,NIT/Pan/GAN/2023/0794,E-Procurement,Notice Inviting Tender (NIT),2023-09-09,2023-09-30,2023-10-07,738075.87,750000.0,CONTRACTOR-DEMO-0119,Shiv Shakti Infrastructure Ltd,6,Completed
TENDER-DEMO-00794,MPLADS-DEMO-000397,Procurement for Installation of Solar LED High-Mast Lighting System at Market Yard Village-107,WO/GAN/2023/0795,E-Procurement,Work Order Issued,2023-09-20,2023-09-28,2023-10-05,750000.0,750000.0,CONTRACTOR-DEMO-0119,Shiv Shakti Infrastructure Ltd,1,Awarded
TENDER-DEMO-00795,MPLADS-DEMO-000398,Procurement for Construction of Multipurpose Community Hall at Village Village-178,NIT/Pan/LUC/2023/0796,E-Procurement,Notice Inviting Tender (NIT),2023-02-18,2023-03-11,2023-03-16,1366240.05,1360000.0,CONTRACTOR-DEMO-0184,Shanti Projects Ltd,3,Completed
TENDER-DEMO-00796,MPLADS-DEMO-000398,Procurement for Construction of Multipurpose Community Hall at Village Village-178,WO/LUC/2023/0797,E-Procurement,Work Order Issued,2023-03-11,2023-03-17,2023-03-22,1360000.0,1360000.0,CONTRACTOR-DEMO-0184,Shanti Projects Ltd,1,Awarded
TENDER-DEMO-00797,MPLADS-DEMO-000399,Procurement for Installation of 10kW Rooftop Solar Power System at Primary Health Center Village-150,NIT/Pub/KHO/2023/0798,Open Tender,Notice Inviting Tender (NIT),2023-05-10,2023-05-23,2023-06-03,1084004.9,1090000.0,CONTRACTOR-DEMO-0164,Kisan Civil Projects,5,Completed
TENDER-DEMO-00798,MPLADS-DEMO-000399,Procurement for Installation of 10kW Rooftop Solar Power System at Primary Health Center Village-150,WO/KHO/2023/0799,E-Procurement,Work Order Issued,2023-05-15,2023-05-26,2023-06-02,1090000.0,1090000.0,CONTRACTOR-DEMO-0164,Kisan Civil Projects,1,Awarded
TENDER-DEMO-00799,MPLADS-DEMO-000400,Procurement for Supply of Diagnostic Medical Equipment and Patient Beds to Rural Clinic in Village-136,NIT/Pub/IND/2023/0800,Open Tender,Notice Inviting Tender (NIT),2023-11-13,2023-11-24,2023-12-03,1343933.93,1340000.0,CONTRACTOR-DEMO-0192,Navnirman Buildcon Pvt Ltd,7,Completed
TENDER-DEMO-00800,MPLADS-DEMO-000400,Procurement for Supply of Diagnostic Medical Equipment and Patient Beds to Rural Clinic in Village-136,WO/IND/2023/0801,E-Procurement,Work Order Issued,2023-11-21,2023-12-02,2023-12-07,1340000.0,1340000.0,CONTRACTOR-DEMO-0192,Navnirman Buildcon Pvt Ltd,1,Awarded
TENDER-DEMO-00801,MPLADS-DEMO-000401,Procurement for Construction of High-Mast Light and Solar Substation Phase 1 at Village-CriticalSector-1,NIT/Dis/NAG/2023/0802,Quotation / Direct Award,Notice Inviting Tender (NIT),2023-09-27,2023-10-07,2023-10-12,507729.34,497000.0,CONTRACTOR-DEMO-0001,Apex Infrastructure Ltd,2,Completed
TENDER-DEMO-00802,MPLADS-DEMO-000401,Procurement for Construction of High-Mast Light and Solar Substation Phase 1 at Village-CriticalSector-1,WO/NAG/2023/0803,E-Procurement,Work Order Issued,2023-10-05,2023-10-12,2023-10-16,497000.0,497000.0,CONTRACTOR-DEMO-0001,Apex Infrastructure Ltd,1,Awarded
TENDER-DEMO-00803,MPLADS-DEMO-000402,Procurement for Construction of High-Mast Light and Solar Substation Phase 2 at Village-CriticalSector-1,NIT/Min/NAG/2023/0804,Quotation / Direct Award,Notice Inviting Tender (NIT),2023-09-20,2023-10-02,2023-10-07,499265.58,499000.0,CONTRACTOR-DEMO-0001,Apex Infrastructure Ltd,2,Completed
TENDER-DEMO-00804,MPLADS-DEMO-000402,Procurement for Construction of High-Mast Light and Solar Substation Phase 2 at Village-CriticalSector-1,WO/NAG/2023/0805,E-Procurement,Work Order Issued,2023-10-02,2023-10-13,2023-10-20,499000.0,499000.0,CONTRACTOR-DEMO-0001,Apex Infrastructure Ltd,1,Awarded
TENDER-DEMO-00805,MPLADS-DEMO-000403,Procurement for Construction of High-Mast Light and Solar Substation Phase 3 at Village-CriticalSector-1,NIT/Pan/NAG/2023/0806,Quotation / Direct Award,Notice Inviting Tender (NIT),2023-09-21,2023-10-12,2023-10-23,500045.93,495000.0,CONTRACTOR-DEMO-0001,Apex Infrastructure Ltd,2,Completed
TENDER-DEMO-00806,MPLADS-DEMO-000403,Procurement for Construction of High-Mast Light and Solar Substation Phase 3 at Village-CriticalSector-1,WO/NAG/2023/0807,E-Procurement,Work Order Issued,2023-10-09,2023-10-14,2023-10-18,495000.0,495000.0,CONTRACTOR-DEMO-0001,Apex Infrastructure Ltd,1,Awarded
TENDER-DEMO-00807,MPLADS-DEMO-000404,Procurement for Construction of High-Mast Light and Solar Substation Phase 1 at Village-CriticalSector-2,NIT/Pub/NAG/2023/0808,Quotation / Direct Award,Notice Inviting Tender (NIT),2023-09-14,2023-09-28,2023-10-05,489521.42,499000.0,CONTRACTOR-DEMO-0001,Apex Infrastructure Ltd,2,Completed
TENDER-DEMO-00808,MPLADS-DEMO-000404,Procurement for Construction of High-Mast Light and Solar Substation Phase 1 at Village-CriticalSector-2,WO/NAG/2023/0809,E-Procurement,Work Order Issued,2023-10-02,2023-10-12,2023-10-17,499000.0,499000.0,CONTRACTOR-DEMO-0001,Apex Infrastructure Ltd,1,Awarded
TENDER-DEMO-00809,MPLADS-DEMO-000405,Procurement for Construction of High-Mast Light and Solar Substation Phase 2 at Village-CriticalSector-2,NIT/Dis/NAG/2023/0810,Quotation / Direct Award,Notice Inviting Tender (NIT),2023-09-17,2023-10-04,2023-10-16,500893.29,499000.0,CONTRACTOR-DEMO-0001,Apex Infrastructure Ltd,1,Completed
TENDER-DEMO-00810,MPLADS-DEMO-000405,Procurement for Construction of High-Mast Light and Solar Substation Phase 2 at Village-CriticalSector-2,WO/NAG/2023/0811,E-Procurement,Work Order Issued,2023-10-01,2023-10-13,2023-10-17,499000.0,499000.0,CONTRACTOR-DEMO-0001,Apex Infrastructure Ltd,1,Awarded
TENDER-DEMO-00811,MPLADS-DEMO-000406,Procurement for Construction of High-Mast Light and Solar Substation Phase 3 at Village-CriticalSector-2,NIT/Dis/NAG/2023/0812,Quotation / Direct Award,Notice Inviting Tender (NIT),2023-09-19,2023-10-02,2023-10-10,510101.27,493000.0,CONTRACTOR-DEMO-0001,Apex Infrastructure Ltd,1,Completed
TENDER-DEMO-00812,MPLADS-DEMO-000406,Procurement for Construction of High-Mast Light and Solar Substation Phase 3 at Village-CriticalSector-2,WO/NAG/2023/0813,E-Procurement,Work Order Issued,2023-10-03,2023-10-14,2023-10-17,493000.0,493000.0,CONTRACTOR-DEMO-0001,Apex Infrastructure Ltd,1,Awarded
TENDER-DEMO-00813,MPLADS-DEMO-000407,Procurement for Construction of High-Mast Light and Solar Substation Phase 1 at Village-CriticalSector-3,NIT/Rur/NAG/2023/0814,Quotation / Direct Award,Notice Inviting Tender (NIT),2023-09-20,2023-10-05,2023-10-14,515890.7,498000.0,CONTRACTOR-DEMO-0001,Apex Infrastructure Ltd,2,Completed
TENDER-DEMO-00814,MPLADS-DEMO-000407,Procurement for Construction of High-Mast Light and Solar Substation Phase 1 at Village-CriticalSector-3,WO/NAG/2023/0815,E-Procurement,Work Order Issued,2023-10-05,2023-10-12,2023-10-19,498000.0,498000.0,CONTRACTOR-DEMO-0001,Apex Infrastructure Ltd,1,Awarded
TENDER-DEMO-00815,MPLADS-DEMO-000408,Procurement for Construction of High-Mast Light and Solar Substation Phase 2 at Village-CriticalSector-3,NIT/Mun/NAG/2023/0816,Quotation / Direct Award,Notice Inviting Tender (NIT),2023-09-23,2023-10-09,2023-10-19,507317.65,493000.0,CONTRACTOR-DEMO-0001,Apex Infrastructure Ltd,1,Completed
TENDER-DEMO-00816,MPLADS-DEMO-000408,Procurement for Construction of High-Mast Light and Solar Substation Phase 2 at Village-CriticalSector-3,WO/NAG/2023/0817,E-Procurement,Work Order Issued,2023-10-07,2023-10-13,2023-10-18,493000.0,493000.0,CONTRACTOR-DEMO-0001,Apex Infrastructure Ltd,1,Awarded
TENDER-DEMO-00817,MPLADS-DEMO-000409,Procurement for Construction of High-Mast Light and Solar Substation Phase 3 at Village-CriticalSector-3,NIT/Mun/NAG/2023/0818,Quotation / Direct Award,Notice Inviting Tender (NIT),2023-09-19,2023-10-08,2023-10-18,492035.44,494000.0,CONTRACTOR-DEMO-0001,Apex Infrastructure Ltd,1,Completed
TENDER-DEMO-00818,MPLADS-DEMO-000409,Procurement for Construction of High-Mast Light and Solar Substation Phase 3 at Village-CriticalSector-3,WO/NAG/2023/0819,E-Procurement,Work Order Issued,2023-10-09,2023-10-14,2023-10-21,494000.0,494000.0,CONTRACTOR-DEMO-0001,Apex Infrastructure Ltd,1,Awarded
TENDER-DEMO-00819,MPLADS-DEMO-000410,Procurement for Construction of High-Mast Light and Solar Substation Phase 1 at Village-CriticalSector-4,NIT/Pan/NAG/2023/0820,Quotation / Direct Award,Notice Inviting Tender (NIT),2023-09-14,2023-09-26,2023-10-03,488214.77,494000.0,CONTRACTOR-DEMO-0001,Apex Infrastructure Ltd,1,Completed
TENDER-DEMO-00820,MPLADS-DEMO-000410,Procurement for Construction of High-Mast Light and Solar Substation Phase 1 at Village-CriticalSector-4,WO/NAG/2023/0821,E-Procurement,Work Order Issued,2023-10-03,2023-10-12,2023-10-15,494000.0,494000.0,CONTRACTOR-DEMO-0001,Apex Infrastructure Ltd,1,Awarded
TENDER-DEMO-00821,MPLADS-DEMO-000411,Procurement for Construction of High-Mast Light and Solar Substation Phase 2 at Village-CriticalSector-4,NIT/Rur/NAG/2023/0822,Quotation / Direct Award,Notice Inviting Tender (NIT),2023-09-14,2023-09-30,2023-10-12,513259.66,499000.0,CONTRACTOR-DEMO-0001,Apex Infrastructure Ltd,2,Completed
TENDER-DEMO-00822,MPLADS-DEMO-000411,Procurement for Construction of High-Mast Light and Solar Substation Phase 2 at Village-CriticalSector-4,WO/NAG/2023/0823,E-Procurement,Work Order Issued,2023-10-04,2023-10-13,2023-10-18,499000.0,499000.0,CONTRACTOR-DEMO-0001,Apex Infrastructure Ltd,1,Awarded
TENDER-DEMO-00823,MPLADS-DEMO-000412,Procurement for Construction of High-Mast Light and Solar Substation Phase 3 at Village-CriticalSector-4,NIT/Dis/NAG/2023/0824,Quotation / Direct Award,Notice Inviting Tender (NIT),2023-09-25,2023-10-10,2023-10-16,496603.85,493000.0,CONTRACTOR-DEMO-0001,Apex Infrastructure Ltd,1,Completed
TENDER-DEMO-00824,MPLADS-DEMO-000412,Procurement for Construction of High-Mast Light and Solar Substation Phase 3 at Village-CriticalSector-4,WO/NAG/2023/0825,E-Procurement,Work Order Issued,2023-10-08,2023-10-14,2023-10-17,493000.0,493000.0,CONTRACTOR-DEMO-0001,Apex Infrastructure Ltd,1,Awarded
TENDER-DEMO-00825,MPLADS-DEMO-000413,Procurement for Construction of High-Mast Light and Solar Substation Phase 1 at Village-CriticalSector-5,NIT/Pan/NAG/2023/0826,Quotation / Direct Award,Notice Inviting Tender (NIT),2023-09-19,2023-10-10,2023-10-16,487311.74,494000.0,CONTRACTOR-DEMO-0001,Apex Infrastructure Ltd,2,Completed
TENDER-DEMO-00826,MPLADS-DEMO-000413,Procurement for Construction of High-Mast Light and Solar Substation Phase 1 at Village-CriticalSector-5,WO/NAG/2023/0827,E-Procurement,Work Order Issued,2023-10-01,2023-10-12,2023-10-14,494000.0,494000.0,CONTRACTOR-DEMO-0001,Apex Infrastructure Ltd,1,Awarded
TENDER-DEMO-00827,MPLADS-DEMO-000414,Procurement for Construction of High-Mast Light and Solar Substation Phase 2 at Village-CriticalSector-5,NIT/Mun/NAG/2023/0828,Quotation / Direct Award,Notice Inviting Tender (NIT),2023-09-28,2023-10-16,2023-10-21,491817.01,498000.0,CONTRACTOR-DEMO-0001,Apex Infrastructure Ltd,2,Completed
TENDER-DEMO-00828,MPLADS-DEMO-000414,Procurement for Construction of High-Mast Light and Solar Substation Phase 2 at Village-CriticalSector-5,WO/NAG/2023/0829,E-Procurement,Work Order Issued,2023-10-01,2023-10-13,2023-10-20,498000.0,498000.0,CONTRACTOR-DEMO-0001,Apex Infrastructure Ltd,1,Awarded
TENDER-DEMO-00829,MPLADS-DEMO-000415,Procurement for Construction of High-Mast Light and Solar Substation Phase 3 at Village-CriticalSector-5,NIT/Dis/NAG/2023/0830,Quotation / Direct Award,Notice Inviting Tender (NIT),2023-09-14,2023-10-02,2023-10-09,493874.8,497000.0,CONTRACTOR-DEMO-0001,Apex Infrastructure Ltd,1,Completed
TENDER-DEMO-00830,MPLADS-DEMO-000415,Procurement for Construction of High-Mast Light and Solar Substation Phase 3 at Village-CriticalSector-5,WO/NAG/2023/0831,E-Procurement,Work Order Issued,2023-10-07,2023-10-14,2023-10-20,497000.0,497000.0,CONTRACTOR-DEMO-0001,Apex Infrastructure Ltd,1,Awarded
TENDER-DEMO-00831,MPLADS-DEMO-000416,Procurement for Construction of High-Mast Light and Solar Substation Phase 1 at Village-CriticalSector-6,NIT/Dis/JAI/2023/0832,Quotation / Direct Award,Notice Inviting Tender (NIT),2023-09-16,2023-10-03,2023-10-08,518403.81,496000.0,CONTRACTOR-DEMO-0001,Apex Infrastructure Ltd,2,Completed
TENDER-DEMO-00832,MPLADS-DEMO-000416,Procurement for Construction of High-Mast Light and Solar Substation Phase 1 at Village-CriticalSector-6,WO/JAI/2023/0833,E-Procurement,Work Order Issued,2023-09-30,2023-10-12,2023-10-15,496000.0,496000.0,CONTRACTOR-DEMO-0001,Apex Infrastructure Ltd,1,Awarded
TENDER-DEMO-00833,MPLADS-DEMO-000417,Procurement for Construction of High-Mast Light and Solar Substation Phase 2 at Village-CriticalSector-6,NIT/Rur/JAI/2023/0834,Quotation / Direct Award,Notice Inviting Tender (NIT),2023-09-15,2023-09-29,2023-10-06,504153.18,492000.0,CONTRACTOR-DEMO-0001,Apex Infrastructure Ltd,2,Completed
TENDER-DEMO-00834,MPLADS-DEMO-000417,Procurement for Construction of High-Mast Light and Solar Substation Phase 2 at Village-CriticalSector-6,WO/JAI/2023/0835,E-Procurement,Work Order Issued,2023-10-07,2023-10-13,2023-10-16,492000.0,492000.0,CONTRACTOR-DEMO-0001,Apex Infrastructure Ltd,1,Awarded
TENDER-DEMO-00835,MPLADS-DEMO-000418,Procurement for Construction of High-Mast Light and Solar Substation Phase 3 at Village-CriticalSector-6,NIT/Min/JAI/2023/0836,Quotation / Direct Award,Notice Inviting Tender (NIT),2023-09-26,2023-10-08,2023-10-13,489182.0,492000.0,CONTRACTOR-DEMO-0001,Apex Infrastructure Ltd,2,Completed
TENDER-DEMO-00836,MPLADS-DEMO-000418,Procurement for Construction of High-Mast Light and Solar Substation Phase 3 at Village-CriticalSector-6,WO/JAI/2023/0837,E-Procurement,Work Order Issued,2023-10-06,2023-10-14,2023-10-21,492000.0,492000.0,CONTRACTOR-DEMO-0001,Apex Infrastructure Ltd,1,Awarded
TENDER-DEMO-00837,MPLADS-DEMO-000419,Procurement for Construction of High-Mast Light and Solar Substation Phase 1 at Village-CriticalSector-7,NIT/Dis/JAI/2023/0838,Quotation / Direct Award,Notice Inviting Tender (NIT),2023-09-12,2023-09-27,2023-10-05,503032.72,498000.0,CONTRACTOR-DEMO-0001,Apex Infrastructure Ltd,2,Completed
TENDER-DEMO-00838,MPLADS-DEMO-000419,Procurement for Construction of High-Mast Light and Solar Substation Phase 1 at Village-CriticalSector-7,WO/JAI/2023/0839,E-Procurement,Work Order Issued,2023-10-07,2023-10-12,2023-10-17,498000.0,498000.0,CONTRACTOR-DEMO-0001,Apex Infrastructure Ltd,1,Awarded
TENDER-DEMO-00839,MPLADS-DEMO-000420,Procurement for Construction of High-Mast Light and Solar Substation Phase 2 at Village-CriticalSector-7,NIT/Dis/JAI/2023/0840,Quotation / Direct Award,Notice Inviting Tender (NIT),2023-09-17,2023-10-07,2023-10-14,497868.38,495000.0,CONTRACTOR-DEMO-0001,Apex Infrastructure Ltd,2,Completed
TENDER-DEMO-00840,MPLADS-DEMO-000420,Procurement for Construction of High-Mast Light and Solar Substation Phase 2 at Village-CriticalSector-7,WO/JAI/2023/0841,E-Procurement,Work Order Issued,2023-10-06,2023-10-13,2023-10-17,495000.0,495000.0,CONTRACTOR-DEMO-0001,Apex Infrastructure Ltd,1,Awarded
TENDER-DEMO-00841,MPLADS-DEMO-000421,Procurement for Construction of High-Mast Light and Solar Substation Phase 3 at Village-CriticalSector-7,NIT/Rur/JAI/2023/0842,Quotation / Direct Award,Notice Inviting Tender (NIT),2023-09-25,2023-10-06,2023-10-14,504575.47,497000.0,CONTRACTOR-DEMO-0001,Apex Infrastructure Ltd,2,Completed
TENDER-DEMO-00842,MPLADS-DEMO-000421,Procurement for Construction of High-Mast Light and Solar Substation Phase 3 at Village-CriticalSector-7,WO/JAI/2023/0843,E-Procurement,Work Order Issued,2023-10-04,2023-10-14,2023-10-18,497000.0,497000.0,CONTRACTOR-DEMO-0001,Apex Infrastructure Ltd,1,Awarded
TENDER-DEMO-00843,MPLADS-DEMO-000422,Procurement for Construction of High-Mast Light and Solar Substation Phase 1 at Village-CriticalSector-8,NIT/Pub/JAI/2023/0844,Quotation / Direct Award,Notice Inviting Tender (NIT),2023-09-26,2023-10-06,2023-10-17,497908.45,499000.0,CONTRACTOR-DEMO-0001,Apex Infrastructure Ltd,2,Completed
TENDER-DEMO-00844,MPLADS-DEMO-000422,Procurement for Construction of High-Mast Light and Solar Substation Phase 1 at Village-CriticalSector-8,WO/JAI/2023/0845,E-Procurement,Work Order Issued,2023-10-03,2023-10-12,2023-10-19,499000.0,499000.0,CONTRACTOR-DEMO-0001,Apex Infrastructure Ltd,1,Awarded
TENDER-DEMO-00845,MPLADS-DEMO-000423,Procurement for Construction of High-Mast Light and Solar Substation Phase 2 at Village-CriticalSector-8,NIT/Pub/JAI/2023/0846,Quotation / Direct Award,Notice Inviting Tender (NIT),2023-09-14,2023-09-29,2023-10-06,515241.01,495000.0,CONTRACTOR-DEMO-0001,Apex Infrastructure Ltd,1,Completed
TENDER-DEMO-00846,MPLADS-DEMO-000423,Procurement for Construction of High-Mast Light and Solar Substation Phase 2 at Village-CriticalSector-8,WO/JAI/2023/0847,E-Procurement,Work Order Issued,2023-10-07,2023-10-13,2023-10-16,495000.0,495000.0,CONTRACTOR-DEMO-0001,Apex Infrastructure Ltd,1,Awarded
TENDER-DEMO-00847,MPLADS-DEMO-000424,Procurement for Construction of High-Mast Light and Solar Substation Phase 3 at Village-CriticalSector-8,NIT/Pan/JAI/2023/0848,Quotation / Direct Award,Notice Inviting Tender (NIT),2023-09-23,2023-10-05,2023-10-17,493991.41,494000.0,CONTRACTOR-DEMO-0001,Apex Infrastructure Ltd,2,Completed
TENDER-DEMO-00848,MPLADS-DEMO-000424,Procurement for Construction of High-Mast Light and Solar Substation Phase 3 at Village-CriticalSector-8,WO/JAI/2023/0849,E-Procurement,Work Order Issued,2023-10-08,2023-10-14,2023-10-19,494000.0,494000.0,CONTRACTOR-DEMO-0001,Apex Infrastructure Ltd,1,Awarded
TENDER-DEMO-00849,MPLADS-DEMO-000425,Procurement for Construction of High-Mast Light and Solar Substation Phase 1 at Village-CriticalSector-9,NIT/Mun/JAI/2023/0850,Quotation / Direct Award,Notice Inviting Tender (NIT),2023-09-13,2023-09-29,2023-10-07,496507.36,498000.0,CONTRACTOR-DEMO-0001,Apex Infrastructure Ltd,2,Completed
TENDER-DEMO-00850,MPLADS-DEMO-000425,Procurement for Construction of High-Mast Light and Solar Substation Phase 1 at Village-CriticalSector-9,WO/JAI/2023/0851,E-Procurement,Work Order Issued,2023-10-05,2023-10-12,2023-10-17,498000.0,498000.0,CONTRACTOR-DEMO-0001,Apex Infrastructure Ltd,1,Awarded
TENDER-DEMO-00851,MPLADS-DEMO-000426,Procurement for Construction of High-Mast Light and Solar Substation Phase 2 at Village-CriticalSector-9,NIT/Min/JAI/2023/0852,Quotation / Direct Award,Notice Inviting Tender (NIT),2023-09-23,2023-10-03,2023-10-11,514121.95,494000.0,CONTRACTOR-DEMO-0001,Apex Infrastructure Ltd,2,Completed
TENDER-DEMO-00852,MPLADS-DEMO-000426,Procurement for Construction of High-Mast Light and Solar Substation Phase 2 at Village-CriticalSector-9,WO/JAI/2023/0853,E-Procurement,Work Order Issued,2023-10-06,2023-10-13,2023-10-15,494000.0,494000.0,CONTRACTOR-DEMO-0001,Apex Infrastructure Ltd,1,Awarded
TENDER-DEMO-00853,MPLADS-DEMO-000427,Procurement for Construction of High-Mast Light and Solar Substation Phase 3 at Village-CriticalSector-9,NIT/Pub/JAI/2023/0854,Quotation / Direct Award,Notice Inviting Tender (NIT),2023-09-14,2023-09-29,2023-10-04,508823.5,496000.0,CONTRACTOR-DEMO-0001,Apex Infrastructure Ltd,1,Completed
TENDER-DEMO-00854,MPLADS-DEMO-000427,Procurement for Construction of High-Mast Light and Solar Substation Phase 3 at Village-CriticalSector-9,WO/JAI/2023/0855,E-Procurement,Work Order Issued,2023-10-08,2023-10-14,2023-10-20,496000.0,496000.0,CONTRACTOR-DEMO-0001,Apex Infrastructure Ltd,1,Awarded
TENDER-DEMO-00855,MPLADS-DEMO-000428,Procurement for Construction of High-Mast Light and Solar Substation Phase 1 at Village-CriticalSector-10,NIT/Dis/JAI/2023/0856,Quotation / Direct Award,Notice Inviting Tender (NIT),2023-09-15,2023-09-28,2023-10-03,491937.63,493000.0,CONTRACTOR-DEMO-0001,Apex Infrastructure Ltd,1,Completed
TENDER-DEMO-00856,MPLADS-DEMO-000428,Procurement for Construction of High-Mast Light and Solar Substation Phase 1 at Village-CriticalSector-10,WO/JAI/2023/0857,E-Procurement,Work Order Issued,2023-10-07,2023-10-12,2023-10-17,493000.0,493000.0,CONTRACTOR-DEMO-0001,Apex Infrastructure Ltd,1,Awarded
TENDER-DEMO-00857,MPLADS-DEMO-000429,Procurement for Construction of High-Mast Light and Solar Substation Phase 2 at Village-CriticalSector-10,NIT/Min/JAI/2023/0858,Quotation / Direct Award,Notice Inviting Tender (NIT),2023-09-21,2023-10-06,2023-10-13,491347.4,492000.0,CONTRACTOR-DEMO-0001,Apex Infrastructure Ltd,1,Completed
TENDER-DEMO-00858,MPLADS-DEMO-000429,Procurement for Construction of High-Mast Light and Solar Substation Phase 2 at Village-CriticalSector-10,WO/JAI/2023/0859,E-Procurement,Work Order Issued,2023-10-03,2023-10-13,2023-10-16,492000.0,492000.0,CONTRACTOR-DEMO-0001,Apex Infrastructure Ltd,1,Awarded
TENDER-DEMO-00859,MPLADS-DEMO-000430,Procurement for Construction of High-Mast Light and Solar Substation Phase 3 at Village-CriticalSector-10,NIT/Pan/JAI/2023/0860,Quotation / Direct Award,Notice Inviting Tender (NIT),2023-09-20,2023-09-30,2023-10-05,512744.01,493000.0,CONTRACTOR-DEMO-0001,Apex Infrastructure Ltd,1,Completed
TENDER-DEMO-00860,MPLADS-DEMO-000430,Procurement for Construction of High-Mast Light and Solar Substation Phase 3 at Village-CriticalSector-10,WO/JAI/2023/0861,E-Procurement,Work Order Issued,2023-10-08,2023-10-14,2023-10-21,493000.0,493000.0,CONTRACTOR-DEMO-0001,Apex Infrastructure Ltd,1,Awarded
TENDER-DEMO-00861,MPLADS-DEMO-000431,Procurement for Renovation and Expansion of Village Panchayat Bhavan in Village-113,NIT/Dis/WAY/2023/0862,Open Tender,Notice Inviting Tender (NIT),2023-11-06,2023-11-23,2023-12-05,1726113.62,1700000.0,CONTRACTOR-DEMO-0054,Krishna Construction Co,7,Completed
TENDER-DEMO-00862,MPLADS-DEMO-000431,Procurement for Renovation and Expansion of Village Panchayat Bhavan in Village-113,WO/WAY/2023/0863,E-Procurement,Work Order Issued,2023-11-22,2023-12-03,2023-12-07,1700000.0,1700000.0,CONTRACTOR-DEMO-0054,Krishna Construction Co,1,Awarded
TENDER-DEMO-00863,MPLADS-DEMO-000432,Procurement for Supply and Erection of 30 Standalone Solar Street Lights in Village-32,NIT/Mun/VAR/2023/0864,E-Procurement,Notice Inviting Tender (NIT),2023-11-19,2023-12-03,2023-12-12,808224.1,810000.0,CONTRACTOR-DEMO-0128,Classic Infrastructure Ltd,5,Completed
TENDER-DEMO-00864,MPLADS-DEMO-000432,Procurement for Supply and Erection of 30 Standalone Solar Street Lights in Village-32,WO/VAR/2023/0865,E-Procurement,Work Order Issued,2023-11-30,2023-12-09,2023-12-14,810000.0,810000.0,CONTRACTOR-DEMO-0128,Classic Infrastructure Ltd,1,Awarded
TENDER-DEMO-00865,MPLADS-DEMO-000433,Procurement for Laying of Underground Drinking Water Pipeline Distribution in Village-28,NIT/Pan/GOR/2023/0866,Open Tender,Notice Inviting Tender (NIT),2023-03-07,2023-03-25,2023-04-02,1130723.98,1090000.0,CONTRACTOR-DEMO-0049,National Buildcon Pvt Ltd,5,Completed
TENDER-DEMO-00866,MPLADS-DEMO-000433,Procurement for Laying of Underground Drinking Water Pipeline Distribution in Village-28,WO/GOR/2023/0867,E-Procurement,Work Order Issued,2023-03-11,2023-03-23,2023-03-29,1090000.0,1090000.0,CONTRACTOR-DEMO-0049,National Buildcon Pvt Ltd,1,Awarded
TENDER-DEMO-00867,MPLADS-DEMO-000434,Procurement for Supply of Diagnostic Medical Equipment and Patient Beds to Rural Clinic in Village-40,NIT/Pan/MAD/2024/0868,Open Tender,Notice Inviting Tender (NIT),2024-03-06,2024-03-23,2024-03-29,1932747.05,1970000.0,CONTRACTOR-DEMO-0173,Kisan Infrastructure Ltd,5,Completed
TENDER-DEMO-00868,MPLADS-DEMO-000434,Procurement for Supply of Diagnostic Medical Equipment and Patient Beds to Rural Clinic in Village-40,WO/MAD/2024/0869,E-Procurement,Work Order Issued,2024-03-21,2024-03-27,2024-03-30,1970000.0,1970000.0,CONTRACTOR-DEMO-0173,Kisan Infrastructure Ltd,1,Awarded
TENDER-DEMO-00869,MPLADS-DEMO-000435,Procurement for Supply and Erection of 30 Standalone Solar Street Lights in Village-139,NIT/Pan/BEN/2023/0870,E-Procurement,Notice Inviting Tender (NIT),2023-08-15,2023-09-02,2023-09-11,874599.05,840000.0,CONTRACTOR-DEMO-0117,Riddhi Engineers & Builders,6,Completed
TENDER-DEMO-00870,MPLADS-DEMO-000435,Procurement for Supply and Erection of 30 Standalone Solar Street Lights in Village-139,WO/BEN/2023/0871,E-Procurement,Work Order Issued,2023-09-06,2023-09-13,2023-09-20,840000.0,840000.0,CONTRACTOR-DEMO-0117,Riddhi Engineers & Builders,1,Awarded
TENDER-DEMO-00871,MPLADS-DEMO-000436,Procurement for Development of Public Recreation Shed and Boundary Wall in Village-143,NIT/Pan/AHM/2023/0872,E-Procurement,Notice Inviting Tender (NIT),2023-07-15,2023-07-29,2023-08-08,1824636.35,1800000.0,CONTRACTOR-DEMO-0176,Surya Shakti Infrastructure Ltd,4,Completed
TENDER-DEMO-00872,MPLADS-DEMO-000436,Procurement for Development of Public Recreation Shed and Boundary Wall in Village-143,WO/AHM/2023/0873,E-Procurement,Work Order Issued,2023-07-25,2023-07-31,2023-08-04,1800000.0,1800000.0,CONTRACTOR-DEMO-0176,Surya Shakti Infrastructure Ltd,1,Awarded
TENDER-DEMO-00873,MPLADS-DEMO-000437,Procurement for Installation of 10kW Rooftop Solar Power System at Primary Health Center Village-139,NIT/Pub/WAY/2023/0874,Open Tender,Notice Inviting Tender (NIT),2023-10-04,2023-10-24,2023-10-31,698435.86,700000.0,CONTRACTOR-DEMO-0086,Swastik Buildcon Pvt Ltd,4,Completed
TENDER-DEMO-00874,MPLADS-DEMO-000437,Procurement for Installation of 10kW Rooftop Solar Power System at Primary Health Center Village-139,WO/WAY/2023/0875,E-Procurement,Work Order Issued,2023-10-27,2023-11-02,2023-11-09,700000.0,700000.0,CONTRACTOR-DEMO-0086,Swastik Buildcon Pvt Ltd,1,Awarded
TENDER-DEMO-00875,MPLADS-DEMO-000438,Procurement for Installation of Solar LED High-Mast Lighting System at Market Yard Village-33,NIT/Dis/RAJ/2023/0876,Open Tender,Notice Inviting Tender (NIT),2023-07-19,2023-08-09,2023-08-18,813646.7,820000.0,CONTRACTOR-DEMO-0109,Surya Shakti Contractors,4,Completed
TENDER-DEMO-00876,MPLADS-DEMO-000438,Procurement for Installation of Solar LED High-Mast Lighting System at Market Yard Village-33,WO/RAJ/2023/0877,E-Procurement,Work Order Issued,2023-08-07,2023-08-15,2023-08-21,820000.0,820000.0,CONTRACTOR-DEMO-0109,Surya Shakti Contractors,1,Awarded
TENDER-DEMO-00877,MPLADS-DEMO-000439,Procurement for Construction of Maternity & Child Healthcare Ward at Primary Health Sub-Center Village-64,NIT/Dis/AHM/2023/0878,Open Tender,Notice Inviting Tender (NIT),2023-06-12,2023-06-24,2023-07-02,2003324.19,2010000.0,CONTRACTOR-DEMO-0141,Alliance Engineering Works,3,Completed
TENDER-DEMO-00878,MPLADS-DEMO-000439,Procurement for Construction of Maternity & Child Healthcare Ward at Primary Health Sub-Center Village-64,WO/AHM/2023/0879,E-Procurement,Work Order Issued,2023-07-05,2023-07-11,2023-07-18,2010000.0,2010000.0,CONTRACTOR-DEMO-0141,Alliance Engineering Works,1,Awarded
TENDER-DEMO-00879,MPLADS-DEMO-000440,Procurement for Setup of Science Laboratory and Learning Resource Center in Village-146,NIT/Pub/AHM/2023/0880,Open Tender,Notice Inviting Tender (NIT),2023-07-04,2023-07-14,2023-07-25,960844.82,920000.0,CONTRACTOR-DEMO-0129,Mahalaxmi Engineers & Builders,4,Completed
TENDER-DEMO-00880,MPLADS-DEMO-000440,Procurement for Setup of Science Laboratory and Learning Resource Center in Village-146,WO/AHM/2023/0881,E-Procurement,Work Order Issued,2023-07-27,2023-08-03,2023-08-09,920000.0,920000.0,CONTRACTOR-DEMO-0129,Mahalaxmi Engineers & Builders,1,Awarded
TENDER-DEMO-00881,MPLADS-DEMO-000441,Procurement for Construction of Maternity & Child Healthcare Ward at Primary Health Sub-Center Village-87,NIT/Mun/ERN/2024/0882,Open Tender,Notice Inviting Tender (NIT),2024-06-19,2024-07-10,2024-07-18,2638041.24,2660000.0,CONTRACTOR-DEMO-0023,Reliable Buildcon Pvt Ltd,3,Completed
TENDER-DEMO-00882,MPLADS-DEMO-000441,Procurement for Construction of Maternity & Child Healthcare Ward at Primary Health Sub-Center Village-87,WO/ERN/2024/0883,E-Procurement,Work Order Issued,2024-06-29,2024-07-05,2024-07-07,2660000.0,2660000.0,CONTRACTOR-DEMO-0023,Reliable Buildcon Pvt Ltd,1,Awarded
TENDER-DEMO-00883,MPLADS-DEMO-000442,Procurement for Upgradation of Rural Link Road connecting Hamlet to Main Highway at Village-13,NIT/Mun/VAR/2024/0884,Open Tender,Notice Inviting Tender (NIT),2024-01-17,2024-01-30,2024-02-06,3491461.98,3350000.0,CONTRACTOR-DEMO-0149,Classic Buildcon Pvt Ltd,3,Completed
TENDER-DEMO-00884,MPLADS-DEMO-000442,Procurement for Upgradation of Rural Link Road connecting Hamlet to Main Highway at Village-13,WO/VAR/2024/0885,E-Procurement,Work Order Issued,2024-01-26,2024-02-06,2024-02-11,3350000.0,3350000.0,CONTRACTOR-DEMO-0149,Classic Buildcon Pvt Ltd,1,Awarded
TENDER-DEMO-00885,MPLADS-DEMO-000443,Procurement for Installation of Digital Smart Classroom and Computer Lab Infrastructure at Village-89,NIT/Mun/BEN/2024/0886,E-Procurement,Notice Inviting Tender (NIT),2023-12-26,2024-01-11,2024-01-17,1061825.41,1080000.0,CONTRACTOR-DEMO-0163,Samriddhi Enterprises,3,Completed
TENDER-DEMO-00886,MPLADS-DEMO-000443,Procurement for Installation of Digital Smart Classroom and Computer Lab Infrastructure at Village-89,WO/BEN/2024/0887,E-Procurement,Work Order Issued,2024-01-12,2024-01-23,2024-01-25,1080000.0,1080000.0,CONTRACTOR-DEMO-0163,Samriddhi Enterprises,1,Awarded
TENDER-DEMO-00887,MPLADS-DEMO-000444,Procurement for Development of Emergency Cold Storage and Pharmacy Room at Hospital Village-47,NIT/Pan/JAB/2023/0888,E-Procurement,Notice Inviting Tender (NIT),2023-06-01,2023-06-19,2023-06-25,1929281.45,1860000.0,CONTRACTOR-DEMO-0161,Sai Infrastructure Ltd,4,Completed
TENDER-DEMO-00888,MPLADS-DEMO-000444,Procurement for Development of Emergency Cold Storage and Pharmacy Room at Hospital Village-47,WO/JAB/2023/0889,E-Procurement,Work Order Issued,2023-06-05,2023-06-16,2023-06-18,1860000.0,1860000.0,CONTRACTOR-DEMO-0161,Sai Infrastructure Ltd,1,Awarded
TENDER-DEMO-00889,MPLADS-DEMO-000445,Procurement for Installation of 10kW Rooftop Solar Power System at Primary Health Center Village-161,NIT/Rur/GAN/2024/0890,E-Procurement,Notice Inviting Tender (NIT),2024-01-09,2024-01-19,2024-01-27,928129.27,890000.0,CONTRACTOR-DEMO-0166,Shiv Shakti Engineers & Builders,5,Completed
TENDER-DEMO-00890,MPLADS-DEMO-000445,Procurement for Installation of 10kW Rooftop Solar Power System at Primary Health Center Village-161,WO/GAN/2024/0891,E-Procurement,Work Order Issued,2024-01-25,2024-02-02,2024-02-09,890000.0,890000.0,CONTRACTOR-DEMO-0166,Shiv Shakti Engineers & Builders,1,Awarded
TENDER-DEMO-00891,MPLADS-DEMO-000446,Procurement for Construction of Separate Girls Toilet and Wash Area in Govt High School Village-74,NIT/Pan/KHO/2023/0892,E-Procurement,Notice Inviting Tender (NIT),2023-04-10,2023-04-29,2023-05-04,910828.0,880000.0,CONTRACTOR-DEMO-0083,Maruti Buildcon Pvt Ltd,5,Completed
TENDER-DEMO-00892,MPLADS-DEMO-000446,Procurement for Construction of Separate Girls Toilet and Wash Area in Govt High School Village-74,WO/KHO/2023/0893,E-Procurement,Work Order Issued,2023-04-20,2023-04-27,2023-04-30,880000.0,880000.0,CONTRACTOR-DEMO-0083,Maruti Buildcon Pvt Ltd,1,Awarded
TENDER-DEMO-00893,MPLADS-DEMO-000447,Procurement for Supply and Erection of 30 Standalone Solar Street Lights in Village-109,NIT/Min/BEN/2024/0894,E-Procurement,Notice Inviting Tender (NIT),2024-02-29,2024-03-14,2024-03-25,624386.89,600000.0,CONTRACTOR-DEMO-0014,Surya Shakti Construction Co,7,Completed
TENDER-DEMO-00894,MPLADS-DEMO-000447,Procurement for Supply and Erection of 30 Standalone Solar Street Lights in Village-109,WO/BEN/2024/0895,E-Procurement,Work Order Issued,2024-03-19,2024-03-25,2024-03-27,600000.0,600000.0,CONTRACTOR-DEMO-0014,Surya Shakti Construction Co,1,Awarded
TENDER-DEMO-00895,MPLADS-DEMO-000448,Procurement for Construction of Check Dam and Water Harvesting Percolation Tank at Village-15,NIT/Pan/BEN/2024/0896,Open Tender,Notice Inviting Tender (NIT),2024-06-12,2024-06-25,2024-06-30,1892427.07,1870000.0,CONTRACTOR-DEMO-0027,Modern Rural Developers,6,Completed
TENDER-DEMO-00896,MPLADS-DEMO-000448,Procurement for Construction of Check Dam and Water Harvesting Percolation Tank at Village-15,WO/BEN/2024/0897,E-Procurement,Work Order Issued,2024-06-22,2024-06-27,2024-07-01,1870000.0,1870000.0,CONTRACTOR-DEMO-0027,Modern Rural Developers,1,Awarded
TENDER-DEMO-00897,MPLADS-DEMO-000449,Procurement for Construction of Maternity & Child Healthcare Ward at Primary Health Sub-Center Village-61,NIT/Mun/KAR/2024/0898,E-Procurement,Notice Inviting Tender (NIT),2024-05-22,2024-06-06,2024-06-17,2122317.63,2100000.0,CONTRACTOR-DEMO-0064,Sai Civil Projects,3,Completed
TENDER-DEMO-00898,MPLADS-DEMO-000449,Procurement for Construction of Maternity & Child Healthcare Ward at Primary Health Sub-Center Village-61,WO/KAR/2024/0899,E-Procurement,Work Order Issued,2024-06-09,2024-06-14,2024-06-21,2100000.0,2100000.0,CONTRACTOR-DEMO-0064,Sai Civil Projects,1,Awarded
TENDER-DEMO-00899,MPLADS-DEMO-000450,Procurement for Desilting and Deepening of Traditional Village Water Reservoir in Village-85,NIT/Dis/NAG/2023/0900,E-Procurement,Notice Inviting Tender (NIT),2023-03-19,2023-04-04,2023-04-15,1152878.2,1100000.0,CONTRACTOR-DEMO-0108,Shanti Buildcon Pvt Ltd,6,Completed
TENDER-DEMO-00900,MPLADS-DEMO-000450,Procurement for Desilting and Deepening of Traditional Village Water Reservoir in Village-85,WO/NAG/2023/0901,E-Procurement,Work Order Issued,2023-03-26,2023-04-04,2023-04-06,1100000.0,1100000.0,CONTRACTOR-DEMO-0108,Shanti Buildcon Pvt Ltd,1,Awarded
TENDER-DEMO-00901,MPLADS-DEMO-000451,Procurement for Installation of Solar LED High-Mast Lighting System at Market Yard Village-126,NIT/Pan/KHO/2024/0902,Open Tender,Notice Inviting Tender (NIT),2024-01-11,2024-01-21,2024-02-01,542947.49,520000.0,CONTRACTOR-DEMO-0096,Kisan Contractors,5,Completed
TENDER-DEMO-00902,MPLADS-DEMO-000451,Procurement for Installation of Solar LED High-Mast Lighting System at Market Yard Village-126,WO/KHO/2024/0903,E-Procurement,Work Order Issued,2024-01-22,2024-01-28,2024-02-04,520000.0,520000.0,CONTRACTOR-DEMO-0096,Kisan Contractors,1,Awarded
TENDER-DEMO-00903,MPLADS-DEMO-000452,Procurement for Upgradation of Rural Link Road connecting Hamlet to Main Highway at Village-6,NIT/Dis/ERN/2024/0904,E-Procurement,Notice Inviting Tender (NIT),2024-05-05,2024-05-19,2024-05-24,2456607.86,2370000.0,CONTRACTOR-DEMO-0102,Samriddhi Civil Projects,7,Completed
TENDER-DEMO-00904,MPLADS-DEMO-000452,Procurement for Upgradation of Rural Link Road connecting Hamlet to Main Highway at Village-6,WO/ERN/2024/0905,E-Procurement,Work Order Issued,2024-05-21,2024-05-27,2024-06-01,2370000.0,2370000.0,CONTRACTOR-DEMO-0102,Samriddhi Civil Projects,1,Awarded
TENDER-DEMO-00905,MPLADS-DEMO-000453,Procurement for Supply of Diagnostic Medical Equipment and Patient Beds to Rural Clinic in Village-176,NIT/Rur/SAL/2023/0906,Open Tender,Notice Inviting Tender (NIT),2023-08-11,2023-08-30,2023-09-11,1533381.78,1560000.0,CONTRACTOR-DEMO-0197,Universal Infrastructure Ltd,7,Completed
TENDER-DEMO-00906,MPLADS-DEMO-000453,Procurement for Supply of Diagnostic Medical Equipment and Patient Beds to Rural Clinic in Village-176,WO/SAL/2023/0907,E-Procurement,Work Order Issued,2023-08-24,2023-09-03,2023-09-09,1560000.0,1560000.0,CONTRACTOR-DEMO-0197,Universal Infrastructure Ltd,1,Awarded
TENDER-DEMO-00907,MPLADS-DEMO-000454,Procurement for Construction of Public Sanitation Facility and Bathing Block in Village-113,NIT/Min/JAI/2023/0908,Open Tender,Notice Inviting Tender (NIT),2023-06-02,2023-06-18,2023-06-29,1211867.96,1190000.0,CONTRACTOR-DEMO-0089,Kisan Urban Works Pvt Ltd,5,Completed
TENDER-DEMO-00908,MPLADS-DEMO-000454,Procurement for Construction of Public Sanitation Facility and Bathing Block in Village-113,WO/JAI/2023/0909,E-Procurement,Work Order Issued,2023-06-12,2023-06-23,2023-06-29,1190000.0,1190000.0,CONTRACTOR-DEMO-0089,Kisan Urban Works Pvt Ltd,1,Awarded
TENDER-DEMO-00909,MPLADS-DEMO-000455,Procurement for Construction of Check Dam and Water Harvesting Percolation Tank at Village-42,NIT/Min/BHO/2023/0910,Open Tender,Notice Inviting Tender (NIT),2023-10-29,2023-11-10,2023-11-21,1584852.26,1550000.0,CONTRACTOR-DEMO-0168,Navnirman Infra Solutions,3,Completed
TENDER-DEMO-00910,MPLADS-DEMO-000455,Procurement for Construction of Check Dam and Water Harvesting Percolation Tank at Village-42,WO/BHO/2023/0911,E-Procurement,Work Order Issued,2023-11-14,2023-11-25,2023-12-01,1550000.0,1550000.0,CONTRACTOR-DEMO-0168,Navnirman Infra Solutions,1,Awarded
TENDER-DEMO-00911,MPLADS-DEMO-000456,Procurement for Supply of Diagnostic Medical Equipment and Patient Beds to Rural Clinic in Village-165,NIT/Min/NAS/2023/0912,E-Procurement,Notice Inviting Tender (NIT),2023-03-18,2023-04-04,2023-04-16,1862480.25,1800000.0,CONTRACTOR-DEMO-0156,Alliance Infra Solutions,3,Completed
TENDER-DEMO-00912,MPLADS-DEMO-000456,Procurement for Supply of Diagnostic Medical Equipment and Patient Beds to Rural Clinic in Village-165,WO/NAS/2023/0913,E-Procurement,Work Order Issued,2023-03-31,2023-04-05,2023-04-09,1800000.0,1800000.0,CONTRACTOR-DEMO-0156,Alliance Infra Solutions,1,Awarded
TENDER-DEMO-00913,MPLADS-DEMO-000457,Procurement for Desilting and Deepening of Traditional Village Water Reservoir in Village-116,NIT/Rur/BHO/2023/0914,E-Procurement,Notice Inviting Tender (NIT),2023-07-05,2023-07-17,2023-07-27,1143274.56,1130000.0,CONTRACTOR-DEMO-0098,Vanguard Civil Projects,3,Completed
TENDER-DEMO-00914,MPLADS-DEMO-000457,Procurement for Desilting and Deepening of Traditional Village Water Reservoir in Village-116,WO/BHO/2023/0915,E-Procurement,Work Order Issued,2023-07-22,2023-08-02,2023-08-04,1130000.0,1130000.0,CONTRACTOR-DEMO-0098,Vanguard Civil Projects,1,Awarded
TENDER-DEMO-00915,MPLADS-DEMO-000458,Procurement for Installation of Digital Smart Classroom and Computer Lab Infrastructure at Village-6,NIT/Pub/IND/2024/0916,E-Procurement,Notice Inviting Tender (NIT),2024-06-17,2024-06-29,2024-07-04,1548122.57,1480000.0,CONTRACTOR-DEMO-0047,Golden Civil Projects,4,Completed
TENDER-DEMO-00916,MPLADS-DEMO-000458,Procurement for Installation of Digital Smart Classroom and Computer Lab Infrastructure at Village-6,WO/IND/2024/0917,E-Procurement,Work Order Issued,2024-06-29,2024-07-09,2024-07-14,1480000.0,1480000.0,CONTRACTOR-DEMO-0047,Golden Civil Projects,1,Awarded
TENDER-DEMO-00917,MPLADS-DEMO-000459,Procurement for Supply and Erection of 30 Standalone Solar Street Lights in Village-154,NIT/Rur/IND/2023/0918,Open Tender,Notice Inviting Tender (NIT),2023-02-12,2023-02-28,2023-03-05,730869.28,730000.0,CONTRACTOR-DEMO-0034,Maruti Engineers & Builders,3,Completed
TENDER-DEMO-00918,MPLADS-DEMO-000459,Procurement for Supply and Erection of 30 Standalone Solar Street Lights in Village-154,WO/IND/2023/0919,E-Procurement,Work Order Issued,2023-02-22,2023-03-04,2023-03-07,730000.0,730000.0,CONTRACTOR-DEMO-0034,Maruti Engineers & Builders,1,Awarded
TENDER-DEMO-00919,MPLADS-DEMO-000460,Procurement for Construction of Public Sanitation Facility and Bathing Block in Village-69,NIT/Pub/ERN/2023/0920,Open Tender,Notice Inviting Tender (NIT),2023-05-20,2023-06-06,2023-06-16,782724.55,780000.0,CONTRACTOR-DEMO-0041,Om Engineers & Builders,5,Completed
TENDER-DEMO-00920,MPLADS-DEMO-000460,Procurement for Construction of Public Sanitation Facility and Bathing Block in Village-69,WO/ERN/2023/0921,E-Procurement,Work Order Issued,2023-05-25,2023-06-06,2023-06-11,780000.0,780000.0,CONTRACTOR-DEMO-0041,Om Engineers & Builders,1,Awarded
TENDER-DEMO-00921,MPLADS-DEMO-000461,Procurement for Interlocking Paver Block Road Installation along Main Street in Village-159,NIT/Rur/JAI/2023/0922,E-Procurement,Notice Inviting Tender (NIT),2023-02-04,2023-02-18,2023-02-24,1581529.94,1540000.0,CONTRACTOR-DEMO-0179,Om Infra Solutions,4,Completed
TENDER-DEMO-00922,MPLADS-DEMO-000461,Procurement for Interlocking Paver Block Road Installation along Main Street in Village-159,WO/JAI/2023/0923,E-Procurement,Work Order Issued,2023-02-24,2023-03-05,2023-03-10,1540000.0,1540000.0,CONTRACTOR-DEMO-0179,Om Infra Solutions,1,Awarded
TENDER-DEMO-00923,MPLADS-DEMO-000462,Procurement for Setup of Science Laboratory and Learning Resource Center in Village-189,NIT/Dis/ERN/2023/0924,Open Tender,Notice Inviting Tender (NIT),2023-06-08,2023-06-19,2023-06-25,1638862.06,1610000.0,CONTRACTOR-DEMO-0005,Shanti Contractors,7,Completed
TENDER-DEMO-00924,MPLADS-DEMO-000462,Procurement for Setup of Science Laboratory and Learning Resource Center in Village-189,WO/ERN/2023/0925,E-Procurement,Work Order Issued,2023-06-19,2023-06-28,2023-06-30,1610000.0,1610000.0,CONTRACTOR-DEMO-0005,Shanti Contractors,1,Awarded
TENDER-DEMO-00925,MPLADS-DEMO-000463,Procurement for Supply and Erection of 30 Standalone Solar Street Lights in Village-78,NIT/Dis/MYS/2023/0926,Open Tender,Notice Inviting Tender (NIT),2023-11-06,2023-11-18,2023-11-29,579210.61,580000.0,CONTRACTOR-DEMO-0130,Vikas Urban Works Pvt Ltd,4,Completed
TENDER-DEMO-00926,MPLADS-DEMO-000463,Procurement for Supply and Erection of 30 Standalone Solar Street Lights in Village-78,WO/MYS/2023/0927,E-Procurement,Work Order Issued,2023-11-21,2023-12-03,2023-12-07,580000.0,580000.0,CONTRACTOR-DEMO-0130,Vikas Urban Works Pvt Ltd,1,Awarded
TENDER-DEMO-00927,MPLADS-DEMO-000464,Procurement for Installation of Digital Smart Classroom and Computer Lab Infrastructure at Village-23,NIT/Dis/CUT/2023/0928,E-Procurement,Notice Inviting Tender (NIT),2023-04-18,2023-05-05,2023-05-10,912367.63,880000.0,CONTRACTOR-DEMO-0076,Vanguard Infrastructure Ltd,5,Completed
TENDER-DEMO-00928,MPLADS-DEMO-000464,Procurement for Installation of Digital Smart Classroom and Computer Lab Infrastructure at Village-23,WO/CUT/2023/0929,E-Procurement,Work Order Issued,2023-04-26,2023-05-05,2023-05-08,880000.0,880000.0,CONTRACTOR-DEMO-0076,Vanguard Infrastructure Ltd,1,Awarded
TENDER-DEMO-00929,MPLADS-DEMO-000465,Procurement for Desilting and Deepening of Traditional Village Water Reservoir in Village-133,NIT/Min/MAD/2024/0930,E-Procurement,Notice Inviting Tender (NIT),2024-05-20,2024-06-07,2024-06-17,1233205.28,1200000.0,CONTRACTOR-DEMO-0172,Aditya Enterprises,5,Completed
TENDER-DEMO-00930,MPLADS-DEMO-000465,Procurement for Desilting and Deepening of Traditional Village Water Reservoir in Village-133,WO/MAD/2024/0931,E-Procurement,Work Order Issued,2024-06-02,2024-06-07,2024-06-11,1200000.0,1200000.0,CONTRACTOR-DEMO-0172,Aditya Enterprises,1,Awarded
TENDER-DEMO-00931,MPLADS-DEMO-000466,Procurement for Construction of Additional Classrooms at Govt Senior Secondary School Village-49,NIT/Pan/NIZ/2023/0932,Open Tender,Notice Inviting Tender (NIT),2023-09-24,2023-10-12,2023-10-19,1460501.02,1490000.0,CONTRACTOR-DEMO-0014,Surya Shakti Construction Co,7,Completed
TENDER-DEMO-00932,MPLADS-DEMO-000466,Procurement for Construction of Additional Classrooms at Govt Senior Secondary School Village-49,WO/NIZ/2023/0933,E-Procurement,Work Order Issued,2023-10-15,2023-10-22,2023-10-26,1490000.0,1490000.0,CONTRACTOR-DEMO-0014,Surya Shakti Construction Co,1,Awarded
TENDER-DEMO-00933,MPLADS-DEMO-000467,Procurement for Development of Emergency Cold Storage and Pharmacy Room at Hospital Village-125,NIT/Min/UDA/2023/0934,Open Tender,Notice Inviting Tender (NIT),2023-02-28,2023-03-10,2023-03-15,2216813.59,2120000.0,CONTRACTOR-DEMO-0047,Golden Civil Projects,3,Completed
TENDER-DEMO-00934,MPLADS-DEMO-000467,Procurement for Development of Emergency Cold Storage and Pharmacy Room at Hospital Village-125,WO/UDA/2023/0935,E-Procurement,Work Order Issued,2023-03-19,2023-03-30,2023-04-02,2120000.0,2120000.0,CONTRACTOR-DEMO-0047,Golden Civil Projects,1,Awarded
TENDER-DEMO-00935,MPLADS-DEMO-000468,Procurement for Desilting and Deepening of Traditional Village Water Reservoir in Village-145,NIT/Pan/MYS/2024/0936,Open Tender,Notice Inviting Tender (NIT),2024-02-11,2024-02-27,2024-03-07,1611678.9,1540000.0,CONTRACTOR-DEMO-0200,Gitanjali Construction Co,6,Completed
TENDER-DEMO-00936,MPLADS-DEMO-000468,Procurement for Desilting and Deepening of Traditional Village Water Reservoir in Village-145,WO/MYS/2024/0937,E-Procurement,Work Order Issued,2024-02-28,2024-03-07,2024-03-10,1540000.0,1540000.0,CONTRACTOR-DEMO-0200,Gitanjali Construction Co,1,Awarded
TENDER-DEMO-00937,MPLADS-DEMO-000469,Procurement for Construction of Open Air Gymnasium and Seating Area at Village-7,NIT/Pan/WAY/2024/0938,E-Procurement,Notice Inviting Tender (NIT),2024-05-13,2024-05-30,2024-06-06,761412.68,750000.0,CONTRACTOR-DEMO-0024,Modern Contractors,7,Completed
TENDER-DEMO-00938,MPLADS-DEMO-000469,Procurement for Construction of Open Air Gymnasium and Seating Area at Village-7,WO/WAY/2024/0939,E-Procurement,Work Order Issued,2024-05-27,2024-06-05,2024-06-07,750000.0,750000.0,CONTRACTOR-DEMO-0024,Modern Contractors,1,Awarded
TENDER-DEMO-00939,MPLADS-DEMO-000470,Procurement for Development of Emergency Cold Storage and Pharmacy Room at Hospital Village-123,NIT/Rur/KAR/2023/0940,Open Tender,Notice Inviting Tender (NIT),2023-03-04,2023-03-15,2023-03-27,1992167.41,1960000.0,CONTRACTOR-DEMO-0037,Classic Urban Works Pvt Ltd,7,Completed
TENDER-DEMO-00940,MPLADS-DEMO-000470,Procurement for Development of Emergency Cold Storage and Pharmacy Room at Hospital Village-123,WO/KAR/2023/0941,E-Procurement,Work Order Issued,2023-03-13,2023-03-20,2023-03-27,1960000.0,1960000.0,CONTRACTOR-DEMO-0037,Classic Urban Works Pvt Ltd,1,Awarded
TENDER-DEMO-00941,MPLADS-DEMO-000471,Procurement for Construction of Open Air Gymnasium and Seating Area at Village-83,NIT/Pub/KHO/2023/0942,E-Procurement,Notice Inviting Tender (NIT),2023-08-14,2023-09-04,2023-09-16,1295873.71,1300000.0,CONTRACTOR-DEMO-0106,Modern Engineering Works,4,Completed
TENDER-DEMO-00942,MPLADS-DEMO-000471,Procurement for Construction of Open Air Gymnasium and Seating Area at Village-83,WO/KHO/2023/0943,E-Procurement,Work Order Issued,2023-08-31,2023-09-06,2023-09-11,1300000.0,1300000.0,CONTRACTOR-DEMO-0106,Modern Engineering Works,1,Awarded
TENDER-DEMO-00943,MPLADS-DEMO-000472,Procurement for Construction of Check Dam and Water Harvesting Percolation Tank at Village-42,NIT/Mun/RAJ/2023/0944,Open Tender,Notice Inviting Tender (NIT),2023-03-24,2023-04-03,2023-04-15,1890458.45,1920000.0,CONTRACTOR-DEMO-0179,Om Infra Solutions,5,Completed
TENDER-DEMO-00944,MPLADS-DEMO-000472,Procurement for Construction of Check Dam and Water Harvesting Percolation Tank at Village-42,WO/RAJ/2023/0945,E-Procurement,Work Order Issued,2023-04-13,2023-04-19,2023-04-21,1920000.0,1920000.0,CONTRACTOR-DEMO-0179,Om Infra Solutions,1,Awarded
TENDER-DEMO-00945,MPLADS-DEMO-000473,Procurement for Construction of Cement Concrete (CC) Road and Drain Channel at Village-95,NIT/Min/PUN/2023/0946,Open Tender,Notice Inviting Tender (NIT),2023-08-12,2023-08-22,2023-08-29,2691188.28,2590000.0,CONTRACTOR-DEMO-0115,Reliable Urban Works Pvt Ltd,3,Completed
TENDER-DEMO-00946,MPLADS-DEMO-000473,Procurement for Construction of Cement Concrete (CC) Road and Drain Channel at Village-95,WO/PUN/2023/0947,E-Procurement,Work Order Issued,2023-08-28,2023-09-07,2023-09-10,2590000.0,2590000.0,CONTRACTOR-DEMO-0115,Reliable Urban Works Pvt Ltd,1,Awarded
TENDER-DEMO-00947,MPLADS-DEMO-000474,Procurement for Construction of Multipurpose Community Hall at Village Village-132,NIT/Pub/BHO/2024/0948,E-Procurement,Notice Inviting Tender (NIT),2024-05-22,2024-06-02,2024-06-07,1527464.74,1480000.0,CONTRACTOR-DEMO-0138,Pragati Buildcon Pvt Ltd,4,Completed
TENDER-DEMO-00948,MPLADS-DEMO-000474,Procurement for Construction of Multipurpose Community Hall at Village Village-132,WO/BHO/2024/0949,E-Procurement,Work Order Issued,2024-06-14,2024-06-19,2024-06-25,1480000.0,1480000.0,CONTRACTOR-DEMO-0138,Pragati Buildcon Pvt Ltd,1,Awarded
TENDER-DEMO-00949,MPLADS-DEMO-000475,Procurement for Setup of Science Laboratory and Learning Resource Center in Village-21,NIT/Mun/JAI/2023/0950,E-Procurement,Notice Inviting Tender (NIT),2023-06-27,2023-07-10,2023-07-15,1070704.78,1090000.0,CONTRACTOR-DEMO-0016,Om Buildcon Pvt Ltd,3,Completed
TENDER-DEMO-00950,MPLADS-DEMO-000475,Procurement for Setup of Science Laboratory and Learning Resource Center in Village-21,WO/JAI/2023/0951,E-Procurement,Work Order Issued,2023-07-06,2023-07-16,2023-07-23,1090000.0,1090000.0,CONTRACTOR-DEMO-0016,Om Buildcon Pvt Ltd,1,Awarded
TENDER-DEMO-00951,MPLADS-DEMO-000476,Procurement for Construction of Multipurpose Community Hall at Village Village-131,NIT/Min/SUR/2023/0952,E-Procurement,Notice Inviting Tender (NIT),2023-07-30,2023-08-09,2023-08-21,2035817.59,2040000.0,CONTRACTOR-DEMO-0033,Golden Buildcon Pvt Ltd,3,Completed
TENDER-DEMO-00952,MPLADS-DEMO-000476,Procurement for Construction of Multipurpose Community Hall at Village Village-131,WO/SUR/2023/0953,E-Procurement,Work Order Issued,2023-08-04,2023-08-14,2023-08-21,2040000.0,2040000.0,CONTRACTOR-DEMO-0033,Golden Buildcon Pvt Ltd,1,Awarded
TENDER-DEMO-00953,MPLADS-DEMO-000477,Procurement for Installation of Digital Smart Classroom and Computer Lab Infrastructure at Village-47,NIT/Rur/WAY/2023/0954,E-Procurement,Notice Inviting Tender (NIT),2023-11-30,2023-12-13,2023-12-20,1274060.34,1230000.0,CONTRACTOR-DEMO-0091,Reliable Construction Co,7,Completed
TENDER-DEMO-00954,MPLADS-DEMO-000477,Procurement for Installation of Digital Smart Classroom and Computer Lab Infrastructure at Village-47,WO/WAY/2023/0955,E-Procurement,Work Order Issued,2023-12-13,2023-12-24,2023-12-30,1230000.0,1230000.0,CONTRACTOR-DEMO-0091,Reliable Construction Co,1,Awarded
TENDER-DEMO-00955,MPLADS-DEMO-000478,Procurement for Installation of Community RO Water Purification Plant at Village-192,NIT/Pan/VAR/2023/0956,E-Procurement,Notice Inviting Tender (NIT),2023-02-04,2023-02-20,2023-03-02,1018881.51,1030000.0,CONTRACTOR-DEMO-0171,Golden Contractors,5,Completed
TENDER-DEMO-00956,MPLADS-DEMO-000478,Procurement for Installation of Community RO Water Purification Plant at Village-192,WO/VAR/2023/0957,E-Procurement,Work Order Issued,2023-02-13,2023-02-25,2023-02-27,1030000.0,1030000.0,CONTRACTOR-DEMO-0171,Golden Contractors,1,Awarded
TENDER-DEMO-00957,MPLADS-DEMO-000479,Procurement for Supply of Diagnostic Medical Equipment and Patient Beds to Rural Clinic in Village-169,NIT/Rur/JAB/2024/0958,Open Tender,Notice Inviting Tender (NIT),2023-12-05,2023-12-26,2024-01-01,1696388.72,1620000.0,CONTRACTOR-DEMO-0036,Sai Projects Ltd,7,Completed
TENDER-DEMO-00958,MPLADS-DEMO-000479,Procurement for Supply of Diagnostic Medical Equipment and Patient Beds to Rural Clinic in Village-169,WO/JAB/2024/0959,E-Procurement,Work Order Issued,2023-12-21,2024-01-02,2024-01-05,1620000.0,1620000.0,CONTRACTOR-DEMO-0036,Sai Projects Ltd,1,Awarded
TENDER-DEMO-00959,MPLADS-DEMO-000480,Procurement for Installation of Community RO Water Purification Plant at Village-5,NIT/Pub/RAJ/2024/0960,Open Tender,Notice Inviting Tender (NIT),2023-12-18,2024-01-05,2024-01-11,606904.38,610000.0,CONTRACTOR-DEMO-0052,Siddhartha Urban Works Pvt Ltd,3,Completed
TENDER-DEMO-00960,MPLADS-DEMO-000480,Procurement for Installation of Community RO Water Purification Plant at Village-5,WO/RAJ/2024/0961,E-Procurement,Work Order Issued,2024-01-02,2024-01-11,2024-01-15,610000.0,610000.0,CONTRACTOR-DEMO-0052,Siddhartha Urban Works Pvt Ltd,1,Awarded
TENDER-DEMO-00961,MPLADS-DEMO-000481,Procurement for Desilting and Deepening of Traditional Village Water Reservoir in Village-38,NIT/Mun/JAI/2023/0962,E-Procurement,Notice Inviting Tender (NIT),2023-09-28,2023-10-10,2023-10-20,1044570.1,1010000.0,CONTRACTOR-DEMO-0119,Shiv Shakti Infrastructure Ltd,7,Completed
TENDER-DEMO-00962,MPLADS-DEMO-000481,Procurement for Desilting and Deepening of Traditional Village Water Reservoir in Village-38,WO/JAI/2023/0963,E-Procurement,Work Order Issued,2023-10-06,2023-10-14,2023-10-21,1010000.0,1010000.0,CONTRACTOR-DEMO-0119,Shiv Shakti Infrastructure Ltd,1,Awarded
TENDER-DEMO-00963,MPLADS-DEMO-000482,Procurement for Drilling of Deep Borewell and Solar-Powered Overhead Water Tank at Village-146,NIT/Pub/LUC/2024/0964,E-Procurement,Notice Inviting Tender (NIT),2024-02-05,2024-02-16,2024-02-28,740152.37,710000.0,CONTRACTOR-DEMO-0078,Maruti Civil Projects,4,Completed
TENDER-DEMO-00964,MPLADS-DEMO-000482,Procurement for Drilling of Deep Borewell and Solar-Powered Overhead Water Tank at Village-146,WO/LUC/2024/0965,E-Procurement,Work Order Issued,2024-02-13,2024-02-25,2024-02-29,710000.0,710000.0,CONTRACTOR-DEMO-0078,Maruti Civil Projects,1,Awarded
TENDER-DEMO-00965,MPLADS-DEMO-000483,Procurement for Setup of Science Laboratory and Learning Resource Center in Village-132,NIT/Dis/BEN/2023/0966,E-Procurement,Notice Inviting Tender (NIT),2023-05-08,2023-05-23,2023-05-30,1776627.39,1760000.0,CONTRACTOR-DEMO-0151,Modern Projects Ltd,3,Completed
TENDER-DEMO-00966,MPLADS-DEMO-000483,Procurement for Setup of Science Laboratory and Learning Resource Center in Village-132,WO/BEN/2023/0967,E-Procurement,Work Order Issued,2023-05-21,2023-05-30,2023-06-05,1760000.0,1760000.0,CONTRACTOR-DEMO-0151,Modern Projects Ltd,1,Awarded
TENDER-DEMO-00967,MPLADS-DEMO-000484,Procurement for Construction of Open Air Gymnasium and Seating Area at Village-166,NIT/Rur/DHA/2023/0968,Open Tender,Notice Inviting Tender (NIT),2023-09-14,2023-09-24,2023-10-05,1243955.98,1230000.0,CONTRACTOR-DEMO-0189,Balaji Engineers & Builders,7,Completed
TENDER-DEMO-00968,MPLADS-DEMO-000484,Procurement for Construction of Open Air Gymnasium and Seating Area at Village-166,WO/DHA/2023/0969,E-Procurement,Work Order Issued,2023-10-03,2023-10-12,2023-10-16,1230000.0,1230000.0,CONTRACTOR-DEMO-0189,Balaji Engineers & Builders,1,Awarded
TENDER-DEMO-00969,MPLADS-DEMO-000485,Procurement for Construction of Culvert and Cross-Drainage Structure on Link Road Village-60,NIT/Min/BEN/2024/0970,Open Tender,Notice Inviting Tender (NIT),2024-02-07,2024-02-25,2024-03-05,2158338.45,2060000.0,CONTRACTOR-DEMO-0110,Surya Shakti Rural Developers,5,Completed
TENDER-DEMO-00970,MPLADS-DEMO-000485,Procurement for Construction of Culvert and Cross-Drainage Structure on Link Road Village-60,WO/BEN/2024/0971,E-Procurement,Work Order Issued,2024-02-17,2024-02-28,2024-03-06,2060000.0,2060000.0,CONTRACTOR-DEMO-0110,Surya Shakti Rural Developers,1,Awarded
TENDER-DEMO-00971,MPLADS-DEMO-000486,Procurement for Supply of Diagnostic Medical Equipment and Patient Beds to Rural Clinic in Village-121,NIT/Mun/SAL/2023/0972,E-Procurement,Notice Inviting Tender (NIT),2023-03-20,2023-04-05,2023-04-12,1821886.07,1790000.0,CONTRACTOR-DEMO-0044,United Engineering Works,5,Completed
TENDER-DEMO-00972,MPLADS-DEMO-000486,Procurement for Supply of Diagnostic Medical Equipment and Patient Beds to Rural Clinic in Village-121,WO/SAL/2023/0973,E-Procurement,Work Order Issued,2023-04-08,2023-04-13,2023-04-18,1790000.0,1790000.0,CONTRACTOR-DEMO-0044,United Engineering Works,1,Awarded
TENDER-DEMO-00973,MPLADS-DEMO-000487,Procurement for Renovation and Expansion of Village Panchayat Bhavan in Village-127,NIT/Pub/BEN/2023/0974,E-Procurement,Notice Inviting Tender (NIT),2023-06-04,2023-06-18,2023-06-23,1531465.59,1520000.0,CONTRACTOR-DEMO-0132,Riddhi Infrastructure Ltd,6,Completed
TENDER-DEMO-00974,MPLADS-DEMO-000487,Procurement for Renovation and Expansion of Village Panchayat Bhavan in Village-127,WO/BEN/2023/0975,E-Procurement,Work Order Issued,2023-06-23,2023-07-03,2023-07-05,1520000.0,1520000.0,CONTRACTOR-DEMO-0132,Riddhi Infrastructure Ltd,1,Awarded
TENDER-DEMO-00975,MPLADS-DEMO-000488,Procurement for Construction of Open Air Gymnasium and Seating Area at Village-111,NIT/Rur/NIZ/2023/0976,Open Tender,Notice Inviting Tender (NIT),2023-07-18,2023-08-03,2023-08-10,1302689.28,1310000.0,CONTRACTOR-DEMO-0072,Sai Rural Developers,4,Completed
TENDER-DEMO-00976,MPLADS-DEMO-000488,Procurement for Construction of Open Air Gymnasium and Seating Area at Village-111,WO/NIZ/2023/0977,E-Procurement,Work Order Issued,2023-08-08,2023-08-13,2023-08-19,1310000.0,1310000.0,CONTRACTOR-DEMO-0072,Sai Rural Developers,1,Awarded
TENDER-DEMO-00977,MPLADS-DEMO-000489,Procurement for Development of Emergency Cold Storage and Pharmacy Room at Hospital Village-155,NIT/Pub/KHO/2024/0978,Open Tender,Notice Inviting Tender (NIT),2024-05-17,2024-06-01,2024-06-07,2339481.36,2380000.0,CONTRACTOR-DEMO-0160,Krishna Engineering Works,5,Completed
TENDER-DEMO-00978,MPLADS-DEMO-000489,Procurement for Development of Emergency Cold Storage and Pharmacy Room at Hospital Village-155,WO/KHO/2024/0979,E-Procurement,Work Order Issued,2024-06-05,2024-06-11,2024-06-14,2380000.0,2380000.0,CONTRACTOR-DEMO-0160,Krishna Engineering Works,1,Awarded
TENDER-DEMO-00979,MPLADS-DEMO-000490,Procurement for Installation of Solar LED High-Mast Lighting System at Market Yard Village-130,NIT/Min/KAR/2023/0980,E-Procurement,Notice Inviting Tender (NIT),2023-07-07,2023-07-18,2023-07-24,587185.61,580000.0,CONTRACTOR-DEMO-0043,Panchsheel Engineers & Builders,7,Completed
TENDER-DEMO-00980,MPLADS-DEMO-000490,Procurement for Installation of Solar LED High-Mast Lighting System at Market Yard Village-130,WO/KAR/2023/0981,E-Procurement,Work Order Issued,2023-07-19,2023-07-25,2023-07-31,580000.0,580000.0,CONTRACTOR-DEMO-0043,Panchsheel Engineers & Builders,1,Awarded
TENDER-DEMO-00981,MPLADS-DEMO-000491,Procurement for Interlocking Paver Block Road Installation along Main Street in Village-32,NIT/Dis/UDA/2024/0982,E-Procurement,Notice Inviting Tender (NIT),2024-04-15,2024-04-27,2024-05-07,1378386.59,1330000.0,CONTRACTOR-DEMO-0025,Aditya Infra Solutions,6,Completed
TENDER-DEMO-00982,MPLADS-DEMO-000491,Procurement for Interlocking Paver Block Road Installation along Main Street in Village-32,WO/UDA/2024/0983,E-Procurement,Work Order Issued,2024-04-25,2024-04-30,2024-05-07,1330000.0,1330000.0,CONTRACTOR-DEMO-0025,Aditya Infra Solutions,1,Awarded
TENDER-DEMO-00983,MPLADS-DEMO-000492,Procurement for Supply of Diagnostic Medical Equipment and Patient Beds to Rural Clinic in Village-93,NIT/Mun/UDA/2023/0984,E-Procurement,Notice Inviting Tender (NIT),2023-05-13,2023-05-25,2023-05-30,1976520.06,1960000.0,CONTRACTOR-DEMO-0121,Apex Engineering Works,7,Completed
TENDER-DEMO-00984,MPLADS-DEMO-000492,Procurement for Supply of Diagnostic Medical Equipment and Patient Beds to Rural Clinic in Village-93,WO/UDA/2023/0985,E-Procurement,Work Order Issued,2023-05-25,2023-06-02,2023-06-06,1960000.0,1960000.0,CONTRACTOR-DEMO-0121,Apex Engineering Works,1,Awarded
TENDER-DEMO-00985,MPLADS-DEMO-000493,Procurement for Supply of Diagnostic Medical Equipment and Patient Beds to Rural Clinic in Village-8,NIT/Pub/NIZ/2023/0986,Open Tender,Notice Inviting Tender (NIT),2023-03-11,2023-04-01,2023-04-07,1963062.01,1910000.0,CONTRACTOR-DEMO-0115,Reliable Urban Works Pvt Ltd,3,Completed
TENDER-DEMO-00986,MPLADS-DEMO-000493,Procurement for Supply of Diagnostic Medical Equipment and Patient Beds to Rural Clinic in Village-8,WO/NIZ/2023/0987,E-Procurement,Work Order Issued,2023-03-27,2023-04-03,2023-04-06,1910000.0,1910000.0,CONTRACTOR-DEMO-0115,Reliable Urban Works Pvt Ltd,1,Awarded
TENDER-DEMO-00987,MPLADS-DEMO-000494,Procurement for Construction of Check Dam and Water Harvesting Percolation Tank at Village-170,NIT/Min/IND/2024/0988,Open Tender,Notice Inviting Tender (NIT),2024-01-18,2024-02-02,2024-02-12,1905093.33,1830000.0,CONTRACTOR-DEMO-0081,Vanguard Urban Works Pvt Ltd,3,Completed
TENDER-DEMO-00988,MPLADS-DEMO-000494,Procurement for Construction of Check Dam and Water Harvesting Percolation Tank at Village-170,WO/IND/2024/0989,E-Procurement,Work Order Issued,2024-02-09,2024-02-16,2024-02-21,1830000.0,1830000.0,CONTRACTOR-DEMO-0081,Vanguard Urban Works Pvt Ltd,1,Awarded
TENDER-DEMO-00989,MPLADS-DEMO-000495,Procurement for Upgradation of Rural Link Road connecting Hamlet to Main Highway at Village-3,NIT/Dis/KOZ/2023/0990,Open Tender,Notice Inviting Tender (NIT),2023-05-26,2023-06-06,2023-06-16,2913920.22,2950000.0,CONTRACTOR-DEMO-0054,Krishna Construction Co,4,Completed
TENDER-DEMO-00990,MPLADS-DEMO-000495,Procurement for Upgradation of Rural Link Road connecting Hamlet to Main Highway at Village-3,WO/KOZ/2023/0991,E-Procurement,Work Order Issued,2023-06-01,2023-06-11,2023-06-18,2950000.0,2950000.0,CONTRACTOR-DEMO-0054,Krishna Construction Co,1,Awarded
TENDER-DEMO-00991,MPLADS-DEMO-000496,Procurement for Construction of Open Air Gymnasium and Seating Area at Village-100,NIT/Min/SUR/2023/0992,Open Tender,Notice Inviting Tender (NIT),2023-04-30,2023-05-17,2023-05-27,746501.9,760000.0,CONTRACTOR-DEMO-0091,Reliable Construction Co,5,Completed
TENDER-DEMO-00992,MPLADS-DEMO-000496,Procurement for Construction of Open Air Gymnasium and Seating Area at Village-100,WO/SUR/2023/0993,E-Procurement,Work Order Issued,2023-05-11,2023-05-23,2023-05-25,760000.0,760000.0,CONTRACTOR-DEMO-0091,Reliable Construction Co,1,Awarded
TENDER-DEMO-00993,MPLADS-DEMO-000497,Procurement for Construction of Multipurpose Community Hall at Village Village-139,NIT/Mun/NAS/2023/0994,Open Tender,Notice Inviting Tender (NIT),2023-09-22,2023-10-13,2023-10-21,2275665.65,2190000.0,CONTRACTOR-DEMO-0164,Kisan Civil Projects,6,Completed
TENDER-DEMO-00994,MPLADS-DEMO-000497,Procurement for Construction of Multipurpose Community Hall at Village Village-139,WO/NAS/2023/0995,E-Procurement,Work Order Issued,2023-10-11,2023-10-21,2023-10-28,2190000.0,2190000.0,CONTRACTOR-DEMO-0164,Kisan Civil Projects,1,Awarded
TENDER-DEMO-00995,MPLADS-DEMO-000498,Procurement for Construction of Multipurpose Community Hall at Village Village-194,NIT/Dis/UDA/2023/0996,Open Tender,Notice Inviting Tender (NIT),2023-07-10,2023-07-30,2023-08-04,1649428.15,1580000.0,CONTRACTOR-DEMO-0093,Reliable Infrastructure Ltd,3,Completed
TENDER-DEMO-00996,MPLADS-DEMO-000498,Procurement for Construction of Multipurpose Community Hall at Village Village-194,WO/UDA/2023/0997,E-Procurement,Work Order Issued,2023-07-31,2023-08-05,2023-08-10,1580000.0,1580000.0,CONTRACTOR-DEMO-0093,Reliable Infrastructure Ltd,1,Awarded
TENDER-DEMO-00997,MPLADS-DEMO-000499,Procurement for Development of Emergency Cold Storage and Pharmacy Room at Hospital Village-147,NIT/Pan/JAI/2023/0998,Open Tender,Notice Inviting Tender (NIT),2023-10-08,2023-10-28,2023-11-05,1949072.48,1860000.0,CONTRACTOR-DEMO-0186,Classic Enterprises,3,Completed
TENDER-DEMO-00998,MPLADS-DEMO-000499,Procurement for Development of Emergency Cold Storage and Pharmacy Room at Hospital Village-147,WO/JAI/2023/0999,E-Procurement,Work Order Issued,2023-10-26,2023-11-01,2023-11-03,1860000.0,1860000.0,CONTRACTOR-DEMO-0186,Classic Enterprises,1,Awarded
TENDER-DEMO-00999,MPLADS-DEMO-000500,Procurement for Construction of Additional Classrooms at Govt Senior Secondary School Village-24,NIT/Mun/KAR/2024/1000,E-Procurement,Notice Inviting Tender (NIT),2024-01-12,2024-01-27,2024-02-03,2729115.54,2610000.0,CONTRACTOR-DEMO-0071,Kisan Infra Solutions,4,Completed
TENDER-DEMO-01000,MPLADS-DEMO-000500,Procurement for Construction of Additional Classrooms at Govt Senior Secondary School Village-24,WO/KAR/2024/1001,E-Procurement,Work Order Issued,2024-01-30,2024-02-04,2024-02-10,2610000.0,2610000.0,CONTRACTOR-DEMO-0071,Kisan Infra Solutions,1,Awarded
TENDER-DEMO-01001,MPLADS-DEMO-000501,Procurement for Supply of Diagnostic Medical Equipment and Patient Beds to Rural Clinic in Village-113,NIT/Mun/BEN/2023/1002,Open Tender,Notice Inviting Tender (NIT),2023-03-27,2023-04-07,2023-04-13,1964727.02,1930000.0,CONTRACTOR-DEMO-0184,Shanti Projects Ltd,7,Completed
TENDER-DEMO-01002,MPLADS-DEMO-000501,Procurement for Supply of Diagnostic Medical Equipment and Patient Beds to Rural Clinic in Village-113,WO/BEN/2023/1003,E-Procurement,Work Order Issued,2023-04-12,2023-04-20,2023-04-27,1930000.0,1930000.0,CONTRACTOR-DEMO-0184,Shanti Projects Ltd,1,Awarded
TENDER-DEMO-01003,MPLADS-DEMO-000502,Procurement for Installation of Solar LED High-Mast Lighting System at Market Yard Village-178,NIT/Mun/KHO/2024/1004,E-Procurement,Notice Inviting Tender (NIT),2024-05-12,2024-05-31,2024-06-07,575954.01,550000.0,CONTRACTOR-DEMO-0098,Vanguard Civil Projects,5,Completed
TENDER-DEMO-01004,MPLADS-DEMO-000502,Procurement for Installation of Solar LED High-Mast Lighting System at Market Yard Village-178,WO/KHO/2024/1005,E-Procurement,Work Order Issued,2024-05-29,2024-06-06,2024-06-10,550000.0,550000.0,CONTRACTOR-DEMO-0098,Vanguard Civil Projects,1,Awarded
TENDER-DEMO-01005,MPLADS-DEMO-000503,Procurement for Development of Public Recreation Shed and Boundary Wall in Village-31,NIT/Dis/JAI/2023/1006,Open Tender,Notice Inviting Tender (NIT),2023-03-27,2023-04-08,2023-04-13,1286776.6,1280000.0,CONTRACTOR-DEMO-0082,Siddhartha Construction Co,3,Completed
TENDER-DEMO-01006,MPLADS-DEMO-000503,Procurement for Development of Public Recreation Shed and Boundary Wall in Village-31,WO/JAI/2023/1007,E-Procurement,Work Order Issued,2023-04-16,2023-04-21,2023-04-26,1280000.0,1280000.0,CONTRACTOR-DEMO-0082,Siddhartha Construction Co,1,Awarded
TENDER-DEMO-01007,MPLADS-DEMO-000504,Procurement for Laying of Underground Drinking Water Pipeline Distribution in Village-1,NIT/Mun/VAR/2023/1008,E-Procurement,Notice Inviting Tender (NIT),2023-11-12,2023-12-01,2023-12-06,871325.46,850000.0,CONTRACTOR-DEMO-0188,Universal Contractors,6,Completed
TENDER-DEMO-01008,MPLADS-DEMO-000504,Procurement for Laying of Underground Drinking Water Pipeline Distribution in Village-1,WO/VAR/2023/1009,E-Procurement,Work Order Issued,2023-12-07,2023-12-12,2023-12-14,850000.0,850000.0,CONTRACTOR-DEMO-0188,Universal Contractors,1,Awarded
TENDER-DEMO-01009,MPLADS-DEMO-000505,Procurement for Construction of Check Dam and Water Harvesting Percolation Tank at Village-130,NIT/Mun/PUN/2023/1010,Open Tender,Notice Inviting Tender (NIT),2023-06-22,2023-07-13,2023-07-25,1976178.84,1950000.0,CONTRACTOR-DEMO-0090,Om Civil Projects,3,Completed
TENDER-DEMO-01010,MPLADS-DEMO-000505,Procurement for Construction of Check Dam and Water Harvesting Percolation Tank at Village-130,WO/PUN/2023/1011,E-Procurement,Work Order Issued,2023-07-07,2023-07-19,2023-07-25,1950000.0,1950000.0,CONTRACTOR-DEMO-0090,Om Civil Projects,1,Awarded
TENDER-DEMO-01011,MPLADS-DEMO-000506,Procurement for Supply of Diagnostic Medical Equipment and Patient Beds to Rural Clinic in Village-189,NIT/Rur/AHM/2024/1012,Open Tender,Notice Inviting Tender (NIT),2024-03-07,2024-03-28,2024-04-04,1246500.8,1210000.0,CONTRACTOR-DEMO-0025,Aditya Infra Solutions,4,Completed
TENDER-DEMO-01012,MPLADS-DEMO-000506,Procurement for Supply of Diagnostic Medical Equipment and Patient Beds to Rural Clinic in Village-189,WO/AHM/2024/1013,E-Procurement,Work Order Issued,2024-03-21,2024-03-30,2024-04-03,1210000.0,1210000.0,CONTRACTOR-DEMO-0025,Aditya Infra Solutions,1,Awarded
TENDER-DEMO-01013,MPLADS-DEMO-000507,Procurement for Installation of 10kW Rooftop Solar Power System at Primary Health Center Village-194,NIT/Dis/MAD/2023/1014,E-Procurement,Notice Inviting Tender (NIT),2023-01-19,2023-02-01,2023-02-06,705740.07,720000.0,CONTRACTOR-DEMO-0008,Apex Projects Ltd,6,Completed
TENDER-DEMO-01014,MPLADS-DEMO-000507,Procurement for Installation of 10kW Rooftop Solar Power System at Primary Health Center Village-194,WO/MAD/2023/1015,E-Procurement,Work Order Issued,2023-02-03,2023-02-14,2023-02-17,720000.0,720000.0,CONTRACTOR-DEMO-0008,Apex Projects Ltd,1,Awarded
TENDER-DEMO-01015,MPLADS-DEMO-000508,Procurement for Construction of Public Sanitation Facility and Bathing Block in Village-181,NIT/Pan/NIZ/2023/1016,Open Tender,Notice Inviting Tender (NIT),2023-07-30,2023-08-14,2023-08-19,746443.23,750000.0,CONTRACTOR-DEMO-0091,Reliable Construction Co,5,Completed
TENDER-DEMO-01016,MPLADS-DEMO-000508,Procurement for Construction of Public Sanitation Facility and Bathing Block in Village-181,WO/NIZ/2023/1017,E-Procurement,Work Order Issued,2023-08-18,2023-08-24,2023-08-29,750000.0,750000.0,CONTRACTOR-DEMO-0091,Reliable Construction Co,1,Awarded
TENDER-DEMO-01017,MPLADS-DEMO-000509,Procurement for Construction of Additional Classrooms at Govt Senior Secondary School Village-136,NIT/Rur/NAS/2023/1018,Open Tender,Notice Inviting Tender (NIT),2023-06-12,2023-06-28,2023-07-08,1686378.79,1690000.0,CONTRACTOR-DEMO-0026,Gitanjali Buildcon Pvt Ltd,6,Completed
TENDER-DEMO-01018,MPLADS-DEMO-000509,Procurement for Construction of Additional Classrooms at Govt Senior Secondary School Village-136,WO/NAS/2023/1019,E-Procurement,Work Order Issued,2023-06-24,2023-07-03,2023-07-05,1690000.0,1690000.0,CONTRACTOR-DEMO-0026,Gitanjali Buildcon Pvt Ltd,1,Awarded
TENDER-DEMO-01019,MPLADS-DEMO-000510,Procurement for Installation of Digital Smart Classroom and Computer Lab Infrastructure at Village-16,NIT/Pan/JAI/2023/1020,Open Tender,Notice Inviting Tender (NIT),2023-03-11,2023-03-29,2023-04-07,724790.66,730000.0,CONTRACTOR-DEMO-0070,Alliance Projects Ltd,3,Completed
TENDER-DEMO-01020,MPLADS-DEMO-000510,Procurement for Installation of Digital Smart Classroom and Computer Lab Infrastructure at Village-16,WO/JAI/2023/1021,E-Procurement,Work Order Issued,2023-04-02,2023-04-09,2023-04-12,730000.0,730000.0,CONTRACTOR-DEMO-0070,Alliance Projects Ltd,1,Awarded
TENDER-DEMO-01021,MPLADS-DEMO-000511,Procurement for Construction of Multipurpose Community Hall at Village Village-52,NIT/Mun/KAR/2023/1022,Open Tender,Notice Inviting Tender (NIT),2023-07-30,2023-08-13,2023-08-23,1559881.2,1500000.0,CONTRACTOR-DEMO-0122,Shanti Construction Co,3,Completed
TENDER-DEMO-01022,MPLADS-DEMO-000511,Procurement for Construction of Multipurpose Community Hall at Village Village-52,WO/KAR/2023/1023,E-Procurement,Work Order Issued,2023-08-16,2023-08-21,2023-08-27,1500000.0,1500000.0,CONTRACTOR-DEMO-0122,Shanti Construction Co,1,Awarded
TENDER-DEMO-01023,MPLADS-DEMO-000512,Procurement for Renovation and Expansion of Village Panchayat Bhavan in Village-8,NIT/Mun/BHO/2024/1024,E-Procurement,Notice Inviting Tender (NIT),2023-12-30,2024-01-19,2024-01-30,1495764.17,1440000.0,CONTRACTOR-DEMO-0081,Vanguard Urban Works Pvt Ltd,3,Completed
TENDER-DEMO-01024,MPLADS-DEMO-000512,Procurement for Renovation and Expansion of Village Panchayat Bhavan in Village-8,WO/BHO/2024/1025,E-Procurement,Work Order Issued,2024-01-07,2024-01-15,2024-01-17,1440000.0,1440000.0,CONTRACTOR-DEMO-0081,Vanguard Urban Works Pvt Ltd,1,Awarded
TENDER-DEMO-01025,MPLADS-DEMO-000513,Procurement for Construction of Additional Classrooms at Govt Senior Secondary School Village-163,NIT/Pub/BHO/2024/1026,Open Tender,Notice Inviting Tender (NIT),2024-02-20,2024-03-09,2024-03-18,1754734.61,1760000.0,CONTRACTOR-DEMO-0119,Shiv Shakti Infrastructure Ltd,4,Completed
TENDER-DEMO-01026,MPLADS-DEMO-000513,Procurement for Construction of Additional Classrooms at Govt Senior Secondary School Village-163,WO/BHO/2024/1027,E-Procurement,Work Order Issued,2024-03-13,2024-03-19,2024-03-24,1760000.0,1760000.0,CONTRACTOR-DEMO-0119,Shiv Shakti Infrastructure Ltd,1,Awarded
TENDER-DEMO-01027,MPLADS-DEMO-000514,Procurement for Desilting and Deepening of Traditional Village Water Reservoir in Village-159,NIT/Mun/RAJ/2023/1028,Open Tender,Notice Inviting Tender (NIT),2023-06-06,2023-06-23,2023-07-01,828496.39,800000.0,CONTRACTOR-DEMO-0153,Siddhartha Infrastructure Ltd,7,Completed
TENDER-DEMO-01028,MPLADS-DEMO-000514,Procurement for Desilting and Deepening of Traditional Village Water Reservoir in Village-159,WO/RAJ/2023/1029,E-Procurement,Work Order Issued,2023-06-24,2023-07-03,2023-07-10,800000.0,800000.0,CONTRACTOR-DEMO-0153,Siddhartha Infrastructure Ltd,1,Awarded
TENDER-DEMO-01029,MPLADS-DEMO-000515,Procurement for Development of Public Recreation Shed and Boundary Wall in Village-190,NIT/Dis/JAI/2023/1030,E-Procurement,Notice Inviting Tender (NIT),2023-04-02,2023-04-19,2023-04-29,1043124.56,1010000.0,CONTRACTOR-DEMO-0133,Mahalaxmi Contractors,7,Completed
TENDER-DEMO-01030,MPLADS-DEMO-000515,Procurement for Development of Public Recreation Shed and Boundary Wall in Village-190,WO/JAI/2023/1031,E-Procurement,Work Order Issued,2023-04-17,2023-04-27,2023-05-03,1010000.0,1010000.0,CONTRACTOR-DEMO-0133,Mahalaxmi Contractors,1,Awarded
TENDER-DEMO-01031,MPLADS-DEMO-000516,Procurement for Supply of Diagnostic Medical Equipment and Patient Beds to Rural Clinic in Village-163,NIT/Min/CUT/2023/1032,E-Procurement,Notice Inviting Tender (NIT),2023-07-13,2023-07-24,2023-07-31,1603816.76,1570000.0,CONTRACTOR-DEMO-0008,Apex Projects Ltd,7,Completed
TENDER-DEMO-01032,MPLADS-DEMO-000516,Procurement for Supply of Diagnostic Medical Equipment and Patient Beds to Rural Clinic in Village-163,WO/CUT/2023/1033,E-Procurement,Work Order Issued,2023-07-24,2023-08-02,2023-08-05,1570000.0,1570000.0,CONTRACTOR-DEMO-0008,Apex Projects Ltd,1,Awarded
TENDER-DEMO-01033,MPLADS-DEMO-000517,Procurement for Construction of Maternity & Child Healthcare Ward at Primary Health Sub-Center Village-156,NIT/Pub/PUN/2024/1034,E-Procurement,Notice Inviting Tender (NIT),2024-01-28,2024-02-07,2024-02-15,2344669.8,2240000.0,CONTRACTOR-DEMO-0141,Alliance Engineering Works,4,Completed
TENDER-DEMO-01034,MPLADS-DEMO-000517,Procurement for Construction of Maternity & Child Healthcare Ward at Primary Health Sub-Center Village-156,WO/PUN/2024/1035,E-Procurement,Work Order Issued,2024-02-17,2024-02-24,2024-02-26,2240000.0,2240000.0,CONTRACTOR-DEMO-0141,Alliance Engineering Works,1,Awarded
TENDER-DEMO-01035,MPLADS-DEMO-000518,Procurement for Construction of Reinforced Concrete Irrigation Sluice Gate and Channel in Village-114,NIT/Pub/CUT/2023/1036,Open Tender,Notice Inviting Tender (NIT),2023-04-10,2023-04-27,2023-05-07,1386569.65,1380000.0,CONTRACTOR-DEMO-0117,Riddhi Engineers & Builders,4,Completed
TENDER-DEMO-01036,MPLADS-DEMO-000518,Procurement for Construction of Reinforced Concrete Irrigation Sluice Gate and Channel in Village-114,WO/CUT/2023/1037,E-Procurement,Work Order Issued,2023-04-20,2023-04-29,2023-05-04,1380000.0,1380000.0,CONTRACTOR-DEMO-0117,Riddhi Engineers & Builders,1,Awarded
TENDER-DEMO-01037,MPLADS-DEMO-000519,Procurement for Construction of Maternity & Child Healthcare Ward at Primary Health Sub-Center Village-195,NIT/Dis/LUC/2024/1038,Open Tender,Notice Inviting Tender (NIT),2023-12-05,2023-12-15,2023-12-22,2656008.17,2710000.0,CONTRACTOR-DEMO-0130,Vikas Urban Works Pvt Ltd,6,Completed
TENDER-DEMO-01038,MPLADS-DEMO-000519,Procurement for Construction of Maternity & Child Healthcare Ward at Primary Health Sub-Center Village-195,WO/LUC/2024/1039,E-Procurement,Work Order Issued,2023-12-28,2024-01-03,2024-01-07,2710000.0,2710000.0,CONTRACTOR-DEMO-0130,Vikas Urban Works Pvt Ltd,1,Awarded
TENDER-DEMO-01039,MPLADS-DEMO-000520,Procurement for Construction of Culvert and Cross-Drainage Structure on Link Road Village-181,NIT/Min/AHM/2023/1040,Open Tender,Notice Inviting Tender (NIT),2023-03-23,2023-04-05,2023-04-10,1687530.97,1700000.0,CONTRACTOR-DEMO-0053,Bharat Engineers & Builders,6,Completed
TENDER-DEMO-01040,MPLADS-DEMO-000520,Procurement for Construction of Culvert and Cross-Drainage Structure on Link Road Village-181,WO/AHM/2023/1041,E-Procurement,Work Order Issued,2023-04-06,2023-04-12,2023-04-19,1700000.0,1700000.0,CONTRACTOR-DEMO-0053,Bharat Engineers & Builders,1,Awarded
TENDER-DEMO-01041,MPLADS-DEMO-000521,Procurement for Installation of 10kW Rooftop Solar Power System at Primary Health Center Village-175,NIT/Min/KOZ/2023/1042,Open Tender,Notice Inviting Tender (NIT),2023-06-04,2023-06-15,2023-06-25,1012178.81,970000.0,CONTRACTOR-DEMO-0053,Bharat Engineers & Builders,7,Completed
TENDER-DEMO-01042,MPLADS-DEMO-000521,Procurement for Installation of 10kW Rooftop Solar Power System at Primary Health Center Village-175,WO/KOZ/2023/1043,E-Procurement,Work Order Issued,2023-06-12,2023-06-24,2023-07-01,970000.0,970000.0,CONTRACTOR-DEMO-0053,Bharat Engineers & Builders,1,Awarded
TENDER-DEMO-01043,MPLADS-DEMO-000522,Procurement for Development of Emergency Cold Storage and Pharmacy Room at Hospital Village-137,NIT/Pub/RAJ/2023/1044,Open Tender,Notice Inviting Tender (NIT),2023-12-11,2023-12-31,2024-01-10,2375640.13,2330000.0,CONTRACTOR-DEMO-0074,Hindustan Urban Works Pvt Ltd,6,Completed
TENDER-DEMO-01044,MPLADS-DEMO-000522,Procurement for Development of Emergency Cold Storage and Pharmacy Room at Hospital Village-137,WO/RAJ/2023/1045,E-Procurement,Work Order Issued,2023-12-20,2023-12-26,2024-01-01,2330000.0,2330000.0,CONTRACTOR-DEMO-0074,Hindustan Urban Works Pvt Ltd,1,Awarded
TENDER-DEMO-01045,MPLADS-DEMO-000523,Procurement for Supply and Erection of 30 Standalone Solar Street Lights in Village-127,NIT/Dis/WAY/2023/1046,Open Tender,Notice Inviting Tender (NIT),2023-10-28,2023-11-10,2023-11-20,642087.75,640000.0,CONTRACTOR-DEMO-0053,Bharat Engineers & Builders,7,Completed
TENDER-DEMO-01046,MPLADS-DEMO-000523,Procurement for Supply and Erection of 30 Standalone Solar Street Lights in Village-127,WO/WAY/2023/1047,E-Procurement,Work Order Issued,2023-11-15,2023-11-25,2023-12-01,640000.0,640000.0,CONTRACTOR-DEMO-0053,Bharat Engineers & Builders,1,Awarded
TENDER-DEMO-01047,MPLADS-DEMO-000524,Procurement for Installation of Solar LED High-Mast Lighting System at Market Yard Village-189,NIT/Pan/SUR/2023/1048,Quotation / Direct Award,Notice Inviting Tender (NIT),2023-07-06,2023-07-27,2023-08-08,485944.54,490000.0,CONTRACTOR-DEMO-0011,Mahalaxmi Infrastructure Ltd,1,Completed
TENDER-DEMO-01048,MPLADS-DEMO-000524,Procurement for Installation of Solar LED High-Mast Lighting System at Market Yard Village-189,WO/SUR/2023/1049,E-Procurement,Work Order Issued,2023-07-24,2023-08-04,2023-08-10,490000.0,490000.0,CONTRACTOR-DEMO-0011,Mahalaxmi Infrastructure Ltd,1,Awarded
TENDER-DEMO-01049,MPLADS-DEMO-000525,Procurement for Construction of Check Dam and Water Harvesting Percolation Tank at Village-152,NIT/Pub/BHO/2023/1050,Open Tender,Notice Inviting Tender (NIT),2023-06-05,2023-06-26,2023-07-01,2240587.65,2170000.0,CONTRACTOR-DEMO-0064,Sai Civil Projects,5,Completed
TENDER-DEMO-01050,MPLADS-DEMO-000525,Procurement for Construction of Check Dam and Water Harvesting Percolation Tank at Village-152,WO/BHO/2023/1051,E-Procurement,Work Order Issued,2023-06-09,2023-06-21,2023-06-27,2170000.0,2170000.0,CONTRACTOR-DEMO-0064,Sai Civil Projects,1,Awarded
TENDER-DEMO-01051,MPLADS-DEMO-000526,Procurement for Installation of 10kW Rooftop Solar Power System at Primary Health Center Village-113,NIT/Pub/WAR/2024/1052,E-Procurement,Notice Inviting Tender (NIT),2024-04-23,2024-05-04,2024-05-15,991927.78,970000.0,CONTRACTOR-DEMO-0036,Sai Projects Ltd,4,Completed
TENDER-DEMO-01052,MPLADS-DEMO-000526,Procurement for Installation of 10kW Rooftop Solar Power System at Primary Health Center Village-113,WO/WAR/2024/1053,E-Procurement,Work Order Issued,2024-05-07,2024-05-14,2024-05-20,970000.0,970000.0,CONTRACTOR-DEMO-0036,Sai Projects Ltd,1,Awarded
TENDER-DEMO-01053,MPLADS-DEMO-000527,Procurement for Desilting and Deepening of Traditional Village Water Reservoir in Village-15,NIT/Mun/GAN/2023/1054,Open Tender,Notice Inviting Tender (NIT),2023-02-19,2023-03-06,2023-03-15,915759.93,880000.0,CONTRACTOR-DEMO-0063,Navnirman Infrastructure Ltd,3,Completed
TENDER-DEMO-01054,MPLADS-DEMO-000527,Procurement for Desilting and Deepening of Traditional Village Water Reservoir in Village-15,WO/GAN/2023/1055,E-Procurement,Work Order Issued,2023-03-07,2023-03-14,2023-03-21,880000.0,880000.0,CONTRACTOR-DEMO-0063,Navnirman Infrastructure Ltd,1,Awarded
TENDER-DEMO-01055,MPLADS-DEMO-000528,Procurement for Development of Emergency Cold Storage and Pharmacy Room at Hospital Village-3,NIT/Pub/NIZ/2023/1056,Open Tender,Notice Inviting Tender (NIT),2023-06-22,2023-07-04,2023-07-09,1711774.07,1740000.0,CONTRACTOR-DEMO-0031,Shiv Shakti Buildcon Pvt Ltd,7,Completed
TENDER-DEMO-01056,MPLADS-DEMO-000528,Procurement for Development of Emergency Cold Storage and Pharmacy Room at Hospital Village-3,WO/NIZ/2023/1057,E-Procurement,Work Order Issued,2023-07-13,2023-07-22,2023-07-28,1740000.0,1740000.0,CONTRACTOR-DEMO-0031,Shiv Shakti Buildcon Pvt Ltd,1,Awarded
TENDER-DEMO-01057,MPLADS-DEMO-000529,Procurement for Installation of 10kW Rooftop Solar Power System at Primary Health Center Village-18,NIT/Rur/RAJ/2023/1058,Open Tender,Notice Inviting Tender (NIT),2023-08-05,2023-08-25,2023-09-02,949890.16,960000.0,CONTRACTOR-DEMO-0051,Maruti Engineering Works,4,Completed
TENDER-DEMO-01058,MPLADS-DEMO-000529,Procurement for Installation of 10kW Rooftop Solar Power System at Primary Health Center Village-18,WO/RAJ/2023/1059,E-Procurement,Work Order Issued,2023-08-15,2023-08-24,2023-08-26,960000.0,960000.0,CONTRACTOR-DEMO-0051,Maruti Engineering Works,1,Awarded
TENDER-DEMO-01059,MPLADS-DEMO-000530,Procurement for Construction of Check Dam and Water Harvesting Percolation Tank at Village-16,NIT/Dis/PUN/2023/1060,Open Tender,Notice Inviting Tender (NIT),2023-06-23,2023-07-07,2023-07-19,1835956.87,1750000.0,CONTRACTOR-DEMO-0078,Maruti Civil Projects,4,Completed
TENDER-DEMO-01060,MPLADS-DEMO-000530,Procurement for Construction of Check Dam and Water Harvesting Percolation Tank at Village-16,WO/PUN/2023/1061,E-Procurement,Work Order Issued,2023-07-10,2023-07-16,2023-07-18,1750000.0,1750000.0,CONTRACTOR-DEMO-0078,Maruti Civil Projects,1,Awarded
TENDER-DEMO-01061,MPLADS-DEMO-000531,Procurement for Installation of 10kW Rooftop Solar Power System at Primary Health Center Village-169,NIT/Min/RAJ/2023/1062,Open Tender,Notice Inviting Tender (NIT),2023-02-24,2023-03-11,2023-03-19,946750.89,920000.0,CONTRACTOR-DEMO-0055,Gitanjali Projects Ltd,4,Completed
TENDER-DEMO-01062,MPLADS-DEMO-000531,Procurement for Installation of 10kW Rooftop Solar Power System at Primary Health Center Village-169,WO/RAJ/2023/1063,E-Procurement,Work Order Issued,2023-03-17,2023-03-24,2023-03-26,920000.0,920000.0,CONTRACTOR-DEMO-0055,Gitanjali Projects Ltd,1,Awarded
TENDER-DEMO-01063,MPLADS-DEMO-000532,Procurement for Installation of Community RO Water Purification Plant at Village-88,NIT/Pan/GAN/2023/1064,Open Tender,Notice Inviting Tender (NIT),2023-07-17,2023-07-27,2023-08-05,1087421.22,1040000.0,CONTRACTOR-DEMO-0030,Hindustan Civil Projects,4,Completed
TENDER-DEMO-01064,MPLADS-DEMO-000532,Procurement for Installation of Community RO Water Purification Plant at Village-88,WO/GAN/2023/1065,E-Procurement,Work Order Issued,2023-07-31,2023-08-07,2023-08-10,1040000.0,1040000.0,CONTRACTOR-DEMO-0030,Hindustan Civil Projects,1,Awarded
TENDER-DEMO-01065,MPLADS-DEMO-000533,Procurement for Construction of Check Dam and Water Harvesting Percolation Tank at Village-127,NIT/Pan/CUT/2023/1066,Open Tender,Notice Inviting Tender (NIT),2023-05-04,2023-05-21,2023-05-31,1434556.99,1380000.0,CONTRACTOR-DEMO-0193,Balaji Urban Works Pvt Ltd,4,Completed
TENDER-DEMO-01066,MPLADS-DEMO-000533,Procurement for Construction of Check Dam and Water Harvesting Percolation Tank at Village-127,WO/CUT/2023/1067,E-Procurement,Work Order Issued,2023-05-25,2023-06-02,2023-06-06,1380000.0,1380000.0,CONTRACTOR-DEMO-0193,Balaji Urban Works Pvt Ltd,1,Awarded
TENDER-DEMO-01067,MPLADS-DEMO-000534,Procurement for Installation of Digital Smart Classroom and Computer Lab Infrastructure at Village-2,NIT/Rur/VAR/2023/1068,E-Procurement,Notice Inviting Tender (NIT),2023-09-02,2023-09-12,2023-09-19,741120.58,730000.0,CONTRACTOR-DEMO-0011,Mahalaxmi Infrastructure Ltd,6,Completed
TENDER-DEMO-01068,MPLADS-DEMO-000534,Procurement for Installation of Digital Smart Classroom and Computer Lab Infrastructure at Village-2,WO/VAR/2023/1069,E-Procurement,Work Order Issued,2023-09-18,2023-09-23,2023-09-28,730000.0,730000.0,CONTRACTOR-DEMO-0011,Mahalaxmi Infrastructure Ltd,1,Awarded
TENDER-DEMO-01069,MPLADS-DEMO-000535,Procurement for Interlocking Paver Block Road Installation along Main Street in Village-57,NIT/Min/VAR/2023/1070,E-Procurement,Notice Inviting Tender (NIT),2023-04-17,2023-05-03,2023-05-11,1205648.47,1230000.0,CONTRACTOR-DEMO-0009,Golden Urban Works Pvt Ltd,3,Completed
TENDER-DEMO-01070,MPLADS-DEMO-000535,Procurement for Interlocking Paver Block Road Installation along Main Street in Village-57,WO/VAR/2023/1071,E-Procurement,Work Order Issued,2023-05-02,2023-05-10,2023-05-15,1230000.0,1230000.0,CONTRACTOR-DEMO-0009,Golden Urban Works Pvt Ltd,1,Awarded
TENDER-DEMO-01071,MPLADS-DEMO-000536,Procurement for Construction of Additional Classrooms at Govt Senior Secondary School Village-87,NIT/Rur/PUN/2023/1072,Open Tender,Notice Inviting Tender (NIT),2023-04-24,2023-05-11,2023-05-21,2025782.23,2010000.0,CONTRACTOR-DEMO-0037,Classic Urban Works Pvt Ltd,7,Completed
TENDER-DEMO-01072,MPLADS-DEMO-000536,Procurement for Construction of Additional Classrooms at Govt Senior Secondary School Village-87,WO/PUN/2023/1073,E-Procurement,Work Order Issued,2023-05-15,2023-05-23,2023-05-26,2010000.0,2010000.0,CONTRACTOR-DEMO-0037,Classic Urban Works Pvt Ltd,1,Awarded
TENDER-DEMO-01073,MPLADS-DEMO-000537,Procurement for Supply and Erection of 30 Standalone Solar Street Lights in Village-178,NIT/Rur/VAR/2023/1074,Open Tender,Notice Inviting Tender (NIT),2023-12-05,2023-12-25,2023-12-30,923060.96,900000.0,CONTRACTOR-DEMO-0087,Swastik Infrastructure Ltd,7,Completed
TENDER-DEMO-01074,MPLADS-DEMO-000537,Procurement for Supply and Erection of 30 Standalone Solar Street Lights in Village-178,WO/VAR/2023/1075,E-Procurement,Work Order Issued,2023-12-11,2023-12-22,2023-12-29,900000.0,900000.0,CONTRACTOR-DEMO-0087,Swastik Infrastructure Ltd,1,Awarded
TENDER-DEMO-01075,MPLADS-DEMO-000538,Procurement for Supply of Diagnostic Medical Equipment and Patient Beds to Rural Clinic in Village-33,NIT/Pan/AHM/2023/1076,Open Tender,Notice Inviting Tender (NIT),2023-09-13,2023-09-30,2023-10-09,1630478.82,1620000.0,CONTRACTOR-DEMO-0099,Maruti Infrastructure Ltd,7,Completed
TENDER-DEMO-01076,MPLADS-DEMO-000538,Procurement for Supply of Diagnostic Medical Equipment and Patient Beds to Rural Clinic in Village-33,WO/AHM/2023/1077,E-Procurement,Work Order Issued,2023-09-23,2023-09-30,2023-10-06,1620000.0,1620000.0,CONTRACTOR-DEMO-0099,Maruti Infrastructure Ltd,1,Awarded
TENDER-DEMO-01077,MPLADS-DEMO-000539,Procurement for Installation of Digital Smart Classroom and Computer Lab Infrastructure at Village-83,NIT/Pan/MYS/2023/1078,E-Procurement,Notice Inviting Tender (NIT),2023-06-19,2023-06-30,2023-07-05,1307978.6,1310000.0,CONTRACTOR-DEMO-0055,Gitanjali Projects Ltd,7,Completed
TENDER-DEMO-01078,MPLADS-DEMO-000539,Procurement for Installation of Digital Smart Classroom and Computer Lab Infrastructure at Village-83,WO/MYS/2023/1079,E-Procurement,Work Order Issued,2023-07-04,2023-07-10,2023-07-16,1310000.0,1310000.0,CONTRACTOR-DEMO-0055,Gitanjali Projects Ltd,1,Awarded
TENDER-DEMO-01079,MPLADS-DEMO-000540,Procurement for Laying of Underground Drinking Water Pipeline Distribution in Village-56,NIT/Mun/KHO/2023/1080,Open Tender,Notice Inviting Tender (NIT),2023-10-15,2023-10-31,2023-11-07,990558.5,1000000.0,CONTRACTOR-DEMO-0117,Riddhi Engineers & Builders,3,Completed
TENDER-DEMO-01080,MPLADS-DEMO-000540,Procurement for Laying of Underground Drinking Water Pipeline Distribution in Village-56,WO/KHO/2023/1081,E-Procurement,Work Order Issued,2023-11-05,2023-11-11,2023-11-16,1000000.0,1000000.0,CONTRACTOR-DEMO-0117,Riddhi Engineers & Builders,1,Awarded
TENDER-DEMO-01081,MPLADS-DEMO-000541,Procurement for Installation of Community RO Water Purification Plant at Village-120,NIT/Rur/UDA/2024/1082,E-Procurement,Notice Inviting Tender (NIT),2024-03-16,2024-03-26,2024-03-31,885000.58,880000.0,CONTRACTOR-DEMO-0010,Bharat Contractors,7,Completed
TENDER-DEMO-01082,MPLADS-DEMO-000541,Procurement for Installation of Community RO Water Purification Plant at Village-120,WO/UDA/2024/1083,E-Procurement,Work Order Issued,2024-04-04,2024-04-15,2024-04-20,880000.0,880000.0,CONTRACTOR-DEMO-0010,Bharat Contractors,1,Awarded
TENDER-DEMO-01083,MPLADS-DEMO-000542,Procurement for Drilling of Deep Borewell and Solar-Powered Overhead Water Tank at Village-166,NIT/Pub/JAB/2023/1084,Open Tender,Notice Inviting Tender (NIT),2023-11-30,2023-12-10,2023-12-21,677532.11,680000.0,CONTRACTOR-DEMO-0034,Maruti Engineers & Builders,6,Completed
TENDER-DEMO-01084,MPLADS-DEMO-000542,Procurement for Drilling of Deep Borewell and Solar-Powered Overhead Water Tank at Village-166,WO/JAB/2023/1085,E-Procurement,Work Order Issued,2023-12-23,2023-12-29,2024-01-04,680000.0,680000.0,CONTRACTOR-DEMO-0034,Maruti Engineers & Builders,1,Awarded
TENDER-DEMO-01085,MPLADS-DEMO-000543,Procurement for Development of Public Recreation Shed and Boundary Wall in Village-86,NIT/Min/UDA/2024/1086,E-Procurement,Notice Inviting Tender (NIT),2024-03-26,2024-04-10,2024-04-20,1259815.83,1280000.0,CONTRACTOR-DEMO-0196,Pragati Engineering Works,7,Completed
TENDER-DEMO-01086,MPLADS-DEMO-000543,Procurement for Development of Public Recreation Shed and Boundary Wall in Village-86,WO/UDA/2024/1087,E-Procurement,Work Order Issued,2024-04-13,2024-04-22,2024-04-26,1280000.0,1280000.0,CONTRACTOR-DEMO-0196,Pragati Engineering Works,1,Awarded
TENDER-DEMO-01087,MPLADS-DEMO-000544,Procurement for Supply and Erection of 30 Standalone Solar Street Lights in Village-3,NIT/Rur/KOZ/2023/1088,E-Procurement,Notice Inviting Tender (NIT),2023-08-08,2023-08-25,2023-09-05,725332.42,720000.0,CONTRACTOR-DEMO-0105,Krishna Buildcon Pvt Ltd,4,Completed
TENDER-DEMO-01088,MPLADS-DEMO-000544,Procurement for Supply and Erection of 30 Standalone Solar Street Lights in Village-3,WO/KOZ/2023/1089,E-Procurement,Work Order Issued,2023-08-16,2023-08-24,2023-08-31,720000.0,720000.0,CONTRACTOR-DEMO-0105,Krishna Buildcon Pvt Ltd,1,Awarded
TENDER-DEMO-01089,MPLADS-DEMO-000545,Procurement for Development of Emergency Cold Storage and Pharmacy Room at Hospital Village-54,NIT/Pan/LUC/2024/1090,E-Procurement,Notice Inviting Tender (NIT),2024-03-27,2024-04-15,2024-04-26,2208943.65,2200000.0,CONTRACTOR-DEMO-0052,Siddhartha Urban Works Pvt Ltd,5,Completed
TENDER-DEMO-01090,MPLADS-DEMO-000545,Procurement for Development of Emergency Cold Storage and Pharmacy Room at Hospital Village-54,WO/LUC/2024/1091,E-Procurement,Work Order Issued,2024-04-11,2024-04-18,2024-04-23,2200000.0,2200000.0,CONTRACTOR-DEMO-0052,Siddhartha Urban Works Pvt Ltd,1,Awarded
TENDER-DEMO-01091,MPLADS-DEMO-000546,Procurement for Supply of Diagnostic Medical Equipment and Patient Beds to Rural Clinic in Village-54,NIT/Rur/WAR/2023/1092,Open Tender,Notice Inviting Tender (NIT),2023-04-02,2023-04-14,2023-04-21,1037183.04,1030000.0,CONTRACTOR-DEMO-0090,Om Civil Projects,6,Completed
TENDER-DEMO-01092,MPLADS-DEMO-000546,Procurement for Supply of Diagnostic Medical Equipment and Patient Beds to Rural Clinic in Village-54,WO/WAR/2023/1093,E-Procurement,Work Order Issued,2023-04-17,2023-04-23,2023-04-27,1030000.0,1030000.0,CONTRACTOR-DEMO-0090,Om Civil Projects,1,Awarded
TENDER-DEMO-01093,MPLADS-DEMO-000547,Procurement for Setup of Science Laboratory and Learning Resource Center in Village-196,NIT/Min/BHO/2023/1094,E-Procurement,Notice Inviting Tender (NIT),2023-02-03,2023-02-17,2023-02-25,1355860.65,1310000.0,CONTRACTOR-DEMO-0149,Classic Buildcon Pvt Ltd,4,Completed
TENDER-DEMO-01094,MPLADS-DEMO-000547,Procurement for Setup of Science Laboratory and Learning Resource Center in Village-196,WO/BHO/2023/1095,E-Procurement,Work Order Issued,2023-02-12,2023-02-22,2023-02-26,1310000.0,1310000.0,CONTRACTOR-DEMO-0149,Classic Buildcon Pvt Ltd,1,Awarded
TENDER-DEMO-01095,MPLADS-DEMO-000548,Procurement for Installation of 10kW Rooftop Solar Power System at Primary Health Center Village-147,NIT/Pan/NIZ/2023/1096,Open Tender,Notice Inviting Tender (NIT),2023-08-07,2023-08-18,2023-08-23,742677.23,730000.0,CONTRACTOR-DEMO-0149,Classic Buildcon Pvt Ltd,6,Completed
TENDER-DEMO-01096,MPLADS-DEMO-000548,Procurement for Installation of 10kW Rooftop Solar Power System at Primary Health Center Village-147,WO/NIZ/2023/1097,E-Procurement,Work Order Issued,2023-08-15,2023-08-26,2023-08-29,730000.0,730000.0,CONTRACTOR-DEMO-0149,Classic Buildcon Pvt Ltd,1,Awarded
TENDER-DEMO-01097,MPLADS-DEMO-000549,Procurement for Construction of Cement Concrete (CC) Road and Drain Channel at Village-44,NIT/Dis/SAL/2023/1098,E-Procurement,Notice Inviting Tender (NIT),2023-01-31,2023-02-21,2023-03-02,1753114.93,1680000.0,CONTRACTOR-DEMO-0102,Samriddhi Civil Projects,3,Completed
TENDER-DEMO-01098,MPLADS-DEMO-000549,Procurement for Construction of Cement Concrete (CC) Road and Drain Channel at Village-44,WO/SAL/2023/1099,E-Procurement,Work Order Issued,2023-02-13,2023-02-22,2023-02-25,1680000.0,1680000.0,CONTRACTOR-DEMO-0102,Samriddhi Civil Projects,1,Awarded
TENDER-DEMO-01099,MPLADS-DEMO-000550,Procurement for Drilling of Deep Borewell and Solar-Powered Overhead Water Tank at Village-169,NIT/Rur/VAR/2024/1100,E-Procurement,Notice Inviting Tender (NIT),2024-04-18,2024-05-06,2024-05-16,756535.39,730000.0,CONTRACTOR-DEMO-0032,Golden Rural Developers,4,Completed
TENDER-DEMO-01100,MPLADS-DEMO-000550,Procurement for Drilling of Deep Borewell and Solar-Powered Overhead Water Tank at Village-169,WO/VAR/2024/1101,E-Procurement,Work Order Issued,2024-04-27,2024-05-09,2024-05-12,730000.0,730000.0,CONTRACTOR-DEMO-0032,Golden Rural Developers,1,Awarded
TENDER-DEMO-01101,MPLADS-DEMO-000551,Procurement for Setup of Science Laboratory and Learning Resource Center in Village-191,NIT/Rur/DHA/2023/1102,Open Tender,Notice Inviting Tender (NIT),2023-09-11,2023-10-01,2023-10-06,1166411.24,1160000.0,CONTRACTOR-DEMO-0154,Panchsheel Infrastructure Ltd,4,Completed
TENDER-DEMO-01102,MPLADS-DEMO-000551,Procurement for Setup of Science Laboratory and Learning Resource Center in Village-191,WO/DHA/2023/1103,E-Procurement,Work Order Issued,2023-09-29,2023-10-07,2023-10-11,1160000.0,1160000.0,CONTRACTOR-DEMO-0154,Panchsheel Infrastructure Ltd,1,Awarded
TENDER-DEMO-01103,MPLADS-DEMO-000552,Procurement for Development of Emergency Cold Storage and Pharmacy Room at Hospital Village-118,NIT/Pan/MYS/2023/1104,E-Procurement,Notice Inviting Tender (NIT),2023-11-28,2023-12-08,2023-12-16,1359891.17,1380000.0,CONTRACTOR-DEMO-0129,Mahalaxmi Engineers & Builders,5,Completed
TENDER-DEMO-01104,MPLADS-DEMO-000552,Procurement for Development of Emergency Cold Storage and Pharmacy Room at Hospital Village-118,WO/MYS/2023/1105,E-Procurement,Work Order Issued,2023-12-08,2023-12-19,2023-12-21,1380000.0,1380000.0,CONTRACTOR-DEMO-0129,Mahalaxmi Engineers & Builders,1,Awarded
TENDER-DEMO-01105,MPLADS-DEMO-000553,Procurement for Installation of Solar LED High-Mast Lighting System at Market Yard Village-189,NIT/Rur/JAB/2024/1106,E-Procurement,Notice Inviting Tender (NIT),2024-03-02,2024-03-23,2024-04-01,744355.38,740000.0,CONTRACTOR-DEMO-0110,Surya Shakti Rural Developers,6,Completed
TENDER-DEMO-01106,MPLADS-DEMO-000553,Procurement for Installation of Solar LED High-Mast Lighting System at Market Yard Village-189,WO/JAB/2024/1107,E-Procurement,Work Order Issued,2024-03-19,2024-03-28,2024-04-02,740000.0,740000.0,CONTRACTOR-DEMO-0110,Surya Shakti Rural Developers,1,Awarded
TENDER-DEMO-01107,MPLADS-DEMO-000554,Procurement for Installation of 10kW Rooftop Solar Power System at Primary Health Center Village-111,NIT/Min/NAS/2024/1108,E-Procurement,Notice Inviting Tender (NIT),2023-12-29,2024-01-15,2024-01-26,724965.28,710000.0,CONTRACTOR-DEMO-0074,Hindustan Urban Works Pvt Ltd,5,Completed
TENDER-DEMO-01108,MPLADS-DEMO-000554,Procurement for Installation of 10kW Rooftop Solar Power System at Primary Health Center Village-111,WO/NAS/2024/1109,E-Procurement,Work Order Issued,2024-01-15,2024-01-23,2024-01-27,710000.0,710000.0,CONTRACTOR-DEMO-0074,Hindustan Urban Works Pvt Ltd,1,Awarded
TENDER-DEMO-01109,MPLADS-DEMO-000555,Procurement for Construction of Cement Concrete (CC) Road and Drain Channel at Village-179,NIT/Dis/DHA/2023/1110,E-Procurement,Notice Inviting Tender (NIT),2023-04-02,2023-04-18,2023-04-28,2915776.4,2860000.0,CONTRACTOR-DEMO-0200,Gitanjali Construction Co,5,Completed
TENDER-DEMO-01110,MPLADS-DEMO-000555,Procurement for Construction of Cement Concrete (CC) Road and Drain Channel at Village-179,WO/DHA/2023/1111,E-Procurement,Work Order Issued,2023-04-13,2023-04-24,2023-05-01,2860000.0,2860000.0,CONTRACTOR-DEMO-0200,Gitanjali Construction Co,1,Awarded
TENDER-DEMO-01111,MPLADS-DEMO-000556,Procurement for Installation of Digital Smart Classroom and Computer Lab Infrastructure at Village-65,NIT/Pan/BHO/2024/1112,Open Tender,Notice Inviting Tender (NIT),2024-02-18,2024-02-29,2024-03-11,726060.57,730000.0,CONTRACTOR-DEMO-0053,Bharat Engineers & Builders,5,Completed
TENDER-DEMO-01112,MPLADS-DEMO-000556,Procurement for Installation of Digital Smart Classroom and Computer Lab Infrastructure at Village-65,WO/BHO/2024/1113,E-Procurement,Work Order Issued,2024-03-10,2024-03-16,2024-03-19,730000.0,730000.0,CONTRACTOR-DEMO-0053,Bharat Engineers & Builders,1,Awarded
TENDER-DEMO-01113,MPLADS-DEMO-000557,Procurement for Construction of Open Air Gymnasium and Seating Area at Village-30,NIT/Rur/AHM/2023/1114,E-Procurement,Notice Inviting Tender (NIT),2023-10-26,2023-11-09,2023-11-19,1168043.1,1190000.0,CONTRACTOR-DEMO-0075,National Engineering Works,3,Completed
TENDER-DEMO-01114,MPLADS-DEMO-000557,Procurement for Construction of Open Air Gymnasium and Seating Area at Village-30,WO/AHM/2023/1115,E-Procurement,Work Order Issued,2023-11-11,2023-11-20,2023-11-26,1190000.0,1190000.0,CONTRACTOR-DEMO-0075,National Engineering Works,1,Awarded
TENDER-DEMO-01115,MPLADS-DEMO-000558,Procurement for Construction of Check Dam and Water Harvesting Percolation Tank at Village-156,NIT/Rur/NAS/2024/1116,Open Tender,Notice Inviting Tender (NIT),2023-12-21,2024-01-05,2024-01-12,1839148.06,1780000.0,CONTRACTOR-DEMO-0095,Panchsheel Engineering Works,7,Completed
TENDER-DEMO-01116,MPLADS-DEMO-000558,Procurement for Construction of Check Dam and Water Harvesting Percolation Tank at Village-156,WO/NAS/2024/1117,E-Procurement,Work Order Issued,2023-12-28,2024-01-07,2024-01-11,1780000.0,1780000.0,CONTRACTOR-DEMO-0095,Panchsheel Engineering Works,1,Awarded
TENDER-DEMO-01117,MPLADS-DEMO-000559,Procurement for Construction of Maternity & Child Healthcare Ward at Primary Health Sub-Center Village-173,NIT/Mun/VAR/2023/1118,Open Tender,Notice Inviting Tender (NIT),2023-12-02,2023-12-18,2023-12-27,1995065.79,1920000.0,CONTRACTOR-DEMO-0017,Vikas Engineers & Builders,4,Completed
TENDER-DEMO-01118,MPLADS-DEMO-000559,Procurement for Construction of Maternity & Child Healthcare Ward at Primary Health Sub-Center Village-173,WO/VAR/2023/1119,E-Procurement,Work Order Issued,2023-12-21,2023-12-29,2023-12-31,1920000.0,1920000.0,CONTRACTOR-DEMO-0017,Vikas Engineers & Builders,1,Awarded
TENDER-DEMO-01119,MPLADS-DEMO-000560,Procurement for Renovation and Expansion of Village Panchayat Bhavan in Village-197,NIT/Pub/RAJ/2023/1120,Open Tender,Notice Inviting Tender (NIT),2023-01-14,2023-01-28,2023-02-04,2003511.34,2010000.0,CONTRACTOR-DEMO-0060,Premier Contractors,7,Completed
TENDER-DEMO-01120,MPLADS-DEMO-000560,Procurement for Renovation and Expansion of Village Panchayat Bhavan in Village-197,WO/RAJ/2023/1121,E-Procurement,Work Order Issued,2023-02-03,2023-02-12,2023-02-15,2010000.0,2010000.0,CONTRACTOR-DEMO-0060,Premier Contractors,1,Awarded
TENDER-DEMO-01121,MPLADS-DEMO-000561,Procurement for Construction of Reinforced Concrete Irrigation Sluice Gate and Channel in Village-43,NIT/Pub/NIZ/2023/1122,Open Tender,Notice Inviting Tender (NIT),2023-10-28,2023-11-08,2023-11-17,1524711.35,1550000.0,CONTRACTOR-DEMO-0113,Modern Buildcon Pvt Ltd,5,Completed
TENDER-DEMO-01122,MPLADS-DEMO-000561,Procurement for Construction of Reinforced Concrete Irrigation Sluice Gate and Channel in Village-43,WO/NIZ/2023/1123,E-Procurement,Work Order Issued,2023-11-16,2023-11-24,2023-11-27,1550000.0,1550000.0,CONTRACTOR-DEMO-0113,Modern Buildcon Pvt Ltd,1,Awarded
TENDER-DEMO-01123,MPLADS-DEMO-000562,Procurement for Installation of Community RO Water Purification Plant at Village-92,NIT/Mun/LUC/2023/1124,Open Tender,Notice Inviting Tender (NIT),2023-09-06,2023-09-17,2023-09-26,1044716.33,1010000.0,CONTRACTOR-DEMO-0170,Alliance Rural Developers,5,Completed
TENDER-DEMO-01124,MPLADS-DEMO-000562,Procurement for Installation of Community RO Water Purification Plant at Village-92,WO/LUC/2023/1125,E-Procurement,Work Order Issued,2023-09-29,2023-10-04,2023-10-09,1010000.0,1010000.0,CONTRACTOR-DEMO-0170,Alliance Rural Developers,1,Awarded
TENDER-DEMO-01125,MPLADS-DEMO-000563,Procurement for Construction of Multipurpose Community Hall at Village Village-56,NIT/Min/UDA/2023/1126,Open Tender,Notice Inviting Tender (NIT),2023-10-12,2023-10-25,2023-11-06,1822351.3,1830000.0,CONTRACTOR-DEMO-0165,Riddhi Infra Solutions,3,Completed
TENDER-DEMO-01126,MPLADS-DEMO-000563,Procurement for Construction of Multipurpose Community Hall at Village Village-56,WO/UDA/2023/1127,E-Procurement,Work Order Issued,2023-11-03,2023-11-09,2023-11-14,1830000.0,1830000.0,CONTRACTOR-DEMO-0165,Riddhi Infra Solutions,1,Awarded
TENDER-DEMO-01127,MPLADS-DEMO-000564,Procurement for Development of Emergency Cold Storage and Pharmacy Room at Hospital Village-35,NIT/Mun/IND/2024/1128,E-Procurement,Notice Inviting Tender (NIT),2024-01-09,2024-01-21,2024-01-28,2435396.35,2330000.0,CONTRACTOR-DEMO-0101,Bharat Construction Co,3,Completed
TENDER-DEMO-01128,MPLADS-DEMO-000564,Procurement for Development of Emergency Cold Storage and Pharmacy Room at Hospital Village-35,WO/IND/2024/1129,E-Procurement,Work Order Issued,2024-01-23,2024-02-04,2024-02-06,2330000.0,2330000.0,CONTRACTOR-DEMO-0101,Bharat Construction Co,1,Awarded
TENDER-DEMO-01129,MPLADS-DEMO-000565,Procurement for Construction of Maternity & Child Healthcare Ward at Primary Health Sub-Center Village-129,NIT/Pub/SAL/2023/1130,Open Tender,Notice Inviting Tender (NIT),2023-03-29,2023-04-13,2023-04-20,2377184.98,2390000.0,CONTRACTOR-DEMO-0162,Reliable Enterprises,5,Completed
TENDER-DEMO-01130,MPLADS-DEMO-000565,Procurement for Construction of Maternity & Child Healthcare Ward at Primary Health Sub-Center Village-129,WO/SAL/2023/1131,E-Procurement,Work Order Issued,2023-04-10,2023-04-21,2023-04-27,2390000.0,2390000.0,CONTRACTOR-DEMO-0162,Reliable Enterprises,1,Awarded
TENDER-DEMO-01131,MPLADS-DEMO-000566,Procurement for Drilling of Deep Borewell and Solar-Powered Overhead Water Tank at Village-128,NIT/Min/AHM/2024/1132,Open Tender,Notice Inviting Tender (NIT),2024-02-03,2024-02-17,2024-02-26,654626.64,630000.0,CONTRACTOR-DEMO-0085,Kisan Rural Developers,6,Completed
TENDER-DEMO-01132,MPLADS-DEMO-000566,Procurement for Drilling of Deep Borewell and Solar-Powered Overhead Water Tank at Village-128,WO/AHM/2024/1133,E-Procurement,Work Order Issued,2024-02-26,2024-03-03,2024-03-08,630000.0,630000.0,CONTRACTOR-DEMO-0085,Kisan Rural Developers,1,Awarded
TENDER-DEMO-01133,MPLADS-DEMO-000567,Procurement for Construction of Check Dam and Water Harvesting Percolation Tank at Village-134,NIT/Pub/NIZ/2024/1134,E-Procurement,Notice Inviting Tender (NIT),2024-04-06,2024-04-26,2024-05-03,2227480.11,2140000.0,CONTRACTOR-DEMO-0142,Panchsheel Infra Solutions,3,Completed
TENDER-DEMO-01134,MPLADS-DEMO-000567,Procurement for Construction of Check Dam and Water Harvesting Percolation Tank at Village-134,WO/NIZ/2024/1135,E-Procurement,Work Order Issued,2024-04-17,2024-04-27,2024-05-04,2140000.0,2140000.0,CONTRACTOR-DEMO-0142,Panchsheel Infra Solutions,1,Awarded
TENDER-DEMO-01135,MPLADS-DEMO-000568,Procurement for Construction of Maternity & Child Healthcare Ward at Primary Health Sub-Center Village-176,NIT/Pub/GAN/2023/1136,E-Procurement,Notice Inviting Tender (NIT),2023-11-28,2023-12-11,2023-12-23,2804336.74,2770000.0,CONTRACTOR-DEMO-0053,Bharat Engineers & Builders,4,Completed
TENDER-DEMO-01136,MPLADS-DEMO-000568,Procurement for Construction of Maternity & Child Healthcare Ward at Primary Health Sub-Center Village-176,WO/GAN/2023/1137,E-Procurement,Work Order Issued,2023-12-06,2023-12-17,2023-12-24,2770000.0,2770000.0,CONTRACTOR-DEMO-0053,Bharat Engineers & Builders,1,Awarded
TENDER-DEMO-01137,MPLADS-DEMO-000569,Procurement for Construction of Public Sanitation Facility and Bathing Block in Village-33,NIT/Min/SAL/2023/1138,Open Tender,Notice Inviting Tender (NIT),2023-09-25,2023-10-11,2023-10-19,1222187.71,1230000.0,CONTRACTOR-DEMO-0046,Classic Projects Ltd,3,Completed
TENDER-DEMO-01138,MPLADS-DEMO-000569,Procurement for Construction of Public Sanitation Facility and Bathing Block in Village-33,WO/SAL/2023/1139,E-Procurement,Work Order Issued,2023-10-11,2023-10-20,2023-10-22,1230000.0,1230000.0,CONTRACTOR-DEMO-0046,Classic Projects Ltd,1,Awarded
TENDER-DEMO-01139,MPLADS-DEMO-000570,Procurement for Laying of Underground Drinking Water Pipeline Distribution in Village-46,NIT/Pan/VAR/2024/1140,Open Tender,Notice Inviting Tender (NIT),2024-04-28,2024-05-18,2024-05-28,1420786.42,1370000.0,CONTRACTOR-DEMO-0105,Krishna Buildcon Pvt Ltd,6,Completed
TENDER-DEMO-01140,MPLADS-DEMO-000570,Procurement for Laying of Underground Drinking Water Pipeline Distribution in Village-46,WO/VAR/2024/1141,E-Procurement,Work Order Issued,2024-05-09,2024-05-14,2024-05-18,1370000.0,1370000.0,CONTRACTOR-DEMO-0105,Krishna Buildcon Pvt Ltd,1,Awarded
TENDER-DEMO-01141,MPLADS-DEMO-000571,Procurement for Setup of Science Laboratory and Learning Resource Center in Village-109,NIT/Mun/NAS/2023/1142,E-Procurement,Notice Inviting Tender (NIT),2023-02-07,2023-02-27,2023-03-04,1070974.77,1090000.0,CONTRACTOR-DEMO-0156,Alliance Infra Solutions,4,Completed
TENDER-DEMO-01142,MPLADS-DEMO-000571,Procurement for Setup of Science Laboratory and Learning Resource Center in Village-109,WO/NAS/2023/1143,E-Procurement,Work Order Issued,2023-02-25,2023-03-04,2023-03-11,1090000.0,1090000.0,CONTRACTOR-DEMO-0156,Alliance Infra Solutions,1,Awarded
TENDER-DEMO-01143,MPLADS-DEMO-000572,Procurement for Installation of 10kW Rooftop Solar Power System at Primary Health Center Village-45,NIT/Rur/PUN/2023/1144,Open Tender,Notice Inviting Tender (NIT),2023-09-17,2023-09-28,2023-10-07,883807.02,890000.0,CONTRACTOR-DEMO-0124,Samriddhi Construction Co,6,Completed
TENDER-DEMO-01144,MPLADS-DEMO-000572,Procurement for Installation of 10kW Rooftop Solar Power System at Primary Health Center Village-45,WO/PUN/2023/1145,E-Procurement,Work Order Issued,2023-09-30,2023-10-06,2023-10-11,890000.0,890000.0,CONTRACTOR-DEMO-0124,Samriddhi Construction Co,1,Awarded
TENDER-DEMO-01145,MPLADS-DEMO-000573,Procurement for Installation of Community RO Water Purification Plant at Village-4,NIT/Min/PUN/2024/1146,Open Tender,Notice Inviting Tender (NIT),2024-06-03,2024-06-22,2024-07-01,826571.8,830000.0,CONTRACTOR-DEMO-0082,Siddhartha Construction Co,7,Completed
TENDER-DEMO-01146,MPLADS-DEMO-000573,Procurement for Installation of Community RO Water Purification Plant at Village-4,WO/PUN/2024/1147,E-Procurement,Work Order Issued,2024-06-10,2024-06-18,2024-06-23,830000.0,830000.0,CONTRACTOR-DEMO-0082,Siddhartha Construction Co,1,Awarded
TENDER-DEMO-01147,MPLADS-DEMO-000574,Procurement for Renovation and Expansion of Village Panchayat Bhavan in Village-10,NIT/Pub/COI/2023/1148,Open Tender,Notice Inviting Tender (NIT),2023-06-13,2023-06-30,2023-07-07,1888898.48,1810000.0,CONTRACTOR-DEMO-0182,Mahalaxmi Projects Ltd,4,Completed
TENDER-DEMO-01148,MPLADS-DEMO-000574,Procurement for Renovation and Expansion of Village Panchayat Bhavan in Village-10,WO/COI/2023/1149,E-Procurement,Work Order Issued,2023-06-22,2023-06-30,2023-07-05,1810000.0,1810000.0,CONTRACTOR-DEMO-0182,Mahalaxmi Projects Ltd,1,Awarded
TENDER-DEMO-01149,MPLADS-DEMO-000575,Procurement for Setup of Science Laboratory and Learning Resource Center in Village-189,NIT/Rur/SAL/2024/1150,Open Tender,Notice Inviting Tender (NIT),2024-01-04,2024-01-19,2024-01-26,1382122.88,1360000.0,CONTRACTOR-DEMO-0069,Samriddhi Infra Solutions,6,Completed
TENDER-DEMO-01150,MPLADS-DEMO-000575,Procurement for Setup of Science Laboratory and Learning Resource Center in Village-189,WO/SAL/2024/1151,E-Procurement,Work Order Issued,2024-01-25,2024-01-30,2024-02-05,1360000.0,1360000.0,CONTRACTOR-DEMO-0069,Samriddhi Infra Solutions,1,Awarded
TENDER-DEMO-01151,MPLADS-DEMO-000576,Procurement for Installation of 10kW Rooftop Solar Power System at Primary Health Center Village-42,NIT/Pan/MAD/2024/1152,Open Tender,Notice Inviting Tender (NIT),2024-01-10,2024-01-29,2024-02-10,1045235.38,1010000.0,CONTRACTOR-DEMO-0046,Classic Projects Ltd,5,Completed
TENDER-DEMO-01152,MPLADS-DEMO-000576,Procurement for Installation of 10kW Rooftop Solar Power System at Primary Health Center Village-42,WO/MAD/2024/1153,E-Procurement,Work Order Issued,2024-01-20,2024-01-30,2024-02-05,1010000.0,1010000.0,CONTRACTOR-DEMO-0046,Classic Projects Ltd,1,Awarded
TENDER-DEMO-01153,MPLADS-DEMO-000577,Procurement for Supply of Diagnostic Medical Equipment and Patient Beds to Rural Clinic in Village-129,NIT/Dis/GOR/2024/1154,Open Tender,Notice Inviting Tender (NIT),2024-01-28,2024-02-17,2024-02-25,1544628.82,1480000.0,CONTRACTOR-DEMO-0040,Balaji Rural Developers,4,Completed
TENDER-DEMO-01154,MPLADS-DEMO-000577,Procurement for Supply of Diagnostic Medical Equipment and Patient Beds to Rural Clinic in Village-129,WO/GOR/2024/1155,E-Procurement,Work Order Issued,2024-02-16,2024-02-23,2024-03-01,1480000.0,1480000.0,CONTRACTOR-DEMO-0040,Balaji Rural Developers,1,Awarded
TENDER-DEMO-01155,MPLADS-DEMO-000578,Procurement for Laying of Underground Drinking Water Pipeline Distribution in Village-179,NIT/Pan/KOZ/2024/1156,Open Tender,Notice Inviting Tender (NIT),2024-01-17,2024-01-30,2024-02-07,1480425.97,1420000.0,CONTRACTOR-DEMO-0191,Surya Shakti Civil Projects,7,Completed
TENDER-DEMO-01156,MPLADS-DEMO-000578,Procurement for Laying of Underground Drinking Water Pipeline Distribution in Village-179,WO/KOZ/2024/1157,E-Procurement,Work Order Issued,2024-02-10,2024-02-15,2024-02-19,1420000.0,1420000.0,CONTRACTOR-DEMO-0191,Surya Shakti Civil Projects,1,Awarded
TENDER-DEMO-01157,MPLADS-DEMO-000579,Procurement for Drilling of Deep Borewell and Solar-Powered Overhead Water Tank at Village-48,NIT/Rur/NAS/2023/1158,Open Tender,Notice Inviting Tender (NIT),2023-11-02,2023-11-19,2023-11-27,631185.37,610000.0,CONTRACTOR-DEMO-0195,National Infra Solutions,4,Completed
TENDER-DEMO-01158,MPLADS-DEMO-000579,Procurement for Drilling of Deep Borewell and Solar-Powered Overhead Water Tank at Village-48,WO/NAS/2023/1159,E-Procurement,Work Order Issued,2023-11-20,2023-11-28,2023-12-03,610000.0,610000.0,CONTRACTOR-DEMO-0195,National Infra Solutions,1,Awarded
TENDER-DEMO-01159,MPLADS-DEMO-000580,Procurement for Construction of Check Dam and Water Harvesting Percolation Tank at Village-67,NIT/Dis/NIZ/2024/1160,E-Procurement,Notice Inviting Tender (NIT),2024-03-30,2024-04-10,2024-04-20,1739745.57,1660000.0,CONTRACTOR-DEMO-0035,Surya Shakti Urban Works Pvt Ltd,6,Completed
TENDER-DEMO-01160,MPLADS-DEMO-000580,Procurement for Construction of Check Dam and Water Harvesting Percolation Tank at Village-67,WO/NIZ/2024/1161,E-Procurement,Work Order Issued,2024-04-21,2024-04-27,2024-04-29,1660000.0,1660000.0,CONTRACTOR-DEMO-0035,Surya Shakti Urban Works Pvt Ltd,1,Awarded
TENDER-DEMO-01161,MPLADS-DEMO-000581,Procurement for Construction of Cement Concrete (CC) Road and Drain Channel at Village-150,NIT/Pub/SUR/2024/1162,Open Tender,Notice Inviting Tender (NIT),2024-01-19,2024-01-29,2024-02-05,3565616.49,3540000.0,CONTRACTOR-DEMO-0137,Om Contractors,6,Completed
TENDER-DEMO-01162,MPLADS-DEMO-000581,Procurement for Construction of Cement Concrete (CC) Road and Drain Channel at Village-150,WO/SUR/2024/1163,E-Procurement,Work Order Issued,2024-02-10,2024-02-17,2024-02-20,3540000.0,3540000.0,CONTRACTOR-DEMO-0137,Om Contractors,1,Awarded
TENDER-DEMO-01163,MPLADS-DEMO-000582,Procurement for Installation of 10kW Rooftop Solar Power System at Primary Health Center Village-195,NIT/Pan/IND/2023/1164,Open Tender,Notice Inviting Tender (NIT),2023-07-31,2023-08-10,2023-08-16,1059470.46,1080000.0,CONTRACTOR-DEMO-0174,Maruti Projects Ltd,3,Completed
TENDER-DEMO-01164,MPLADS-DEMO-000582,Procurement for Installation of 10kW Rooftop Solar Power System at Primary Health Center Village-195,WO/IND/2023/1165,E-Procurement,Work Order Issued,2023-08-16,2023-08-27,2023-08-29,1080000.0,1080000.0,CONTRACTOR-DEMO-0174,Maruti Projects Ltd,1,Awarded
TENDER-DEMO-01165,MPLADS-DEMO-000583,Procurement for Installation of Solar LED High-Mast Lighting System at Market Yard Village-92,NIT/Min/IND/2024/1166,Quotation / Direct Award,Notice Inviting Tender (NIT),2024-01-17,2024-02-06,2024-02-14,469127.88,450000.0,CONTRACTOR-DEMO-0075,National Engineering Works,1,Completed
TENDER-DEMO-01166,MPLADS-DEMO-000583,Procurement for Installation of Solar LED High-Mast Lighting System at Market Yard Village-92,WO/IND/2024/1167,E-Procurement,Work Order Issued,2024-02-06,2024-02-12,2024-02-17,450000.0,450000.0,CONTRACTOR-DEMO-0075,National Engineering Works,1,Awarded
TENDER-DEMO-01167,MPLADS-DEMO-000584,Procurement for Construction of Check Dam and Water Harvesting Percolation Tank at Village-95,NIT/Dis/WAR/2023/1168,E-Procurement,Notice Inviting Tender (NIT),2023-01-22,2023-02-12,2023-02-21,1729561.75,1700000.0,CONTRACTOR-DEMO-0192,Navnirman Buildcon Pvt Ltd,5,Completed
TENDER-DEMO-01168,MPLADS-DEMO-000584,Procurement for Construction of Check Dam and Water Harvesting Percolation Tank at Village-95,WO/WAR/2023/1169,E-Procurement,Work Order Issued,2023-02-07,2023-02-19,2023-02-22,1700000.0,1700000.0,CONTRACTOR-DEMO-0192,Navnirman Buildcon Pvt Ltd,1,Awarded
TENDER-DEMO-01169,MPLADS-DEMO-000585,Procurement for Installation of Digital Smart Classroom and Computer Lab Infrastructure at Village-156,NIT/Mun/WAY/2024/1170,Open Tender,Notice Inviting Tender (NIT),2024-05-30,2024-06-16,2024-06-25,791337.35,800000.0,CONTRACTOR-DEMO-0079,Balaji Civil Projects,4,Completed
TENDER-DEMO-01170,MPLADS-DEMO-000585,Procurement for Installation of Digital Smart Classroom and Computer Lab Infrastructure at Village-156,WO/WAY/2024/1171,E-Procurement,Work Order Issued,2024-06-17,2024-06-24,2024-06-27,800000.0,800000.0,CONTRACTOR-DEMO-0079,Balaji Civil Projects,1,Awarded
TENDER-DEMO-01171,MPLADS-DEMO-000586,Procurement for Construction of Maternity & Child Healthcare Ward at Primary Health Sub-Center Village-134,NIT/Pan/VAR/2023/1172,E-Procurement,Notice Inviting Tender (NIT),2023-03-13,2023-04-03,2023-04-08,3165494.36,3090000.0,CONTRACTOR-DEMO-0047,Golden Civil Projects,7,Completed
TENDER-DEMO-01172,MPLADS-DEMO-000586,Procurement for Construction of Maternity & Child Healthcare Ward at Primary Health Sub-Center Village-134,WO/VAR/2023/1173,E-Procurement,Work Order Issued,2023-03-24,2023-04-02,2023-04-05,3090000.0,3090000.0,CONTRACTOR-DEMO-0047,Golden Civil Projects,1,Awarded
TENDER-DEMO-01173,MPLADS-DEMO-000587,Procurement for Installation of Digital Smart Classroom and Computer Lab Infrastructure at Village-63,NIT/Min/NAG/2023/1174,Open Tender,Notice Inviting Tender (NIT),2023-01-27,2023-02-14,2023-02-21,834474.02,810000.0,CONTRACTOR-DEMO-0060,Premier Contractors,4,Completed
TENDER-DEMO-01174,MPLADS-DEMO-000587,Procurement for Installation of Digital Smart Classroom and Computer Lab Infrastructure at Village-63,WO/NAG/2023/1175,E-Procurement,Work Order Issued,2023-02-12,2023-02-22,2023-02-27,810000.0,810000.0,CONTRACTOR-DEMO-0060,Premier Contractors,1,Awarded
TENDER-DEMO-01175,MPLADS-DEMO-000588,Procurement for Supply of Diagnostic Medical Equipment and Patient Beds to Rural Clinic in Village-172,NIT/Dis/GOR/2024/1176,E-Procurement,Notice Inviting Tender (NIT),2024-03-16,2024-04-01,2024-04-08,1742955.82,1680000.0,CONTRACTOR-DEMO-0168,Navnirman Infra Solutions,7,Completed
TENDER-DEMO-01176,MPLADS-DEMO-000588,Procurement for Supply of Diagnostic Medical Equipment and Patient Beds to Rural Clinic in Village-172,WO/GOR/2024/1177,E-Procurement,Work Order Issued,2024-03-24,2024-04-01,2024-04-05,1680000.0,1680000.0,CONTRACTOR-DEMO-0168,Navnirman Infra Solutions,1,Awarded
TENDER-DEMO-01177,MPLADS-DEMO-000589,Procurement for Development of Emergency Cold Storage and Pharmacy Room at Hospital Village-189,NIT/Pub/IND/2024/1178,Open Tender,Notice Inviting Tender (NIT),2024-03-15,2024-03-31,2024-04-08,2284299.88,2200000.0,CONTRACTOR-DEMO-0078,Maruti Civil Projects,6,Completed
TENDER-DEMO-01178,MPLADS-DEMO-000589,Procurement for Development of Emergency Cold Storage and Pharmacy Room at Hospital Village-189,WO/IND/2024/1179,E-Procurement,Work Order Issued,2024-03-25,2024-03-31,2024-04-07,2200000.0,2200000.0,CONTRACTOR-DEMO-0078,Maruti Civil Projects,1,Awarded
TENDER-DEMO-01179,MPLADS-DEMO-000590,Procurement for Construction of Open Air Gymnasium and Seating Area at Village-190,NIT/Pan/NAG/2023/1180,E-Procurement,Notice Inviting Tender (NIT),2023-07-14,2023-08-01,2023-08-06,739266.6,740000.0,CONTRACTOR-DEMO-0052,Siddhartha Urban Works Pvt Ltd,6,Completed
TENDER-DEMO-01180,MPLADS-DEMO-000590,Procurement for Construction of Open Air Gymnasium and Seating Area at Village-190,WO/NAG/2023/1181,E-Procurement,Work Order Issued,2023-07-26,2023-08-01,2023-08-04,740000.0,740000.0,CONTRACTOR-DEMO-0052,Siddhartha Urban Works Pvt Ltd,1,Awarded
TENDER-DEMO-01181,MPLADS-DEMO-000591,Procurement for Upgradation of Rural Link Road connecting Hamlet to Main Highway at Village-174,NIT/Rur/BHO/2024/1182,E-Procurement,Notice Inviting Tender (NIT),2024-04-23,2024-05-10,2024-05-20,3316806.75,3330000.0,CONTRACTOR-DEMO-0079,Balaji Civil Projects,7,Completed
TENDER-DEMO-01182,MPLADS-DEMO-000591,Procurement for Upgradation of Rural Link Road connecting Hamlet to Main Highway at Village-174,WO/BHO/2024/1183,E-Procurement,Work Order Issued,2024-05-02,2024-05-08,2024-05-15,3330000.0,3330000.0,CONTRACTOR-DEMO-0079,Balaji Civil Projects,1,Awarded
TENDER-DEMO-01183,MPLADS-DEMO-000592,Procurement for Supply of Diagnostic Medical Equipment and Patient Beds to Rural Clinic in Village-38,NIT/Min/BEN/2023/1184,Open Tender,Notice Inviting Tender (NIT),2023-02-10,2023-02-22,2023-02-27,1928057.98,1850000.0,CONTRACTOR-DEMO-0074,Hindustan Urban Works Pvt Ltd,3,Completed
TENDER-DEMO-01184,MPLADS-DEMO-000592,Procurement for Supply of Diagnostic Medical Equipment and Patient Beds to Rural Clinic in Village-38,WO/BEN/2023/1185,E-Procurement,Work Order Issued,2023-02-24,2023-03-07,2023-03-10,1850000.0,1850000.0,CONTRACTOR-DEMO-0074,Hindustan Urban Works Pvt Ltd,1,Awarded
TENDER-DEMO-01185,MPLADS-DEMO-000593,Procurement for Installation of Digital Smart Classroom and Computer Lab Infrastructure at Village-127,NIT/Pan/COI/2024/1186,E-Procurement,Notice Inviting Tender (NIT),2024-03-13,2024-04-02,2024-04-07,782019.9,770000.0,CONTRACTOR-DEMO-0049,National Buildcon Pvt Ltd,5,Completed
TENDER-DEMO-01186,MPLADS-DEMO-000593,Procurement for Installation of Digital Smart Classroom and Computer Lab Infrastructure at Village-127,WO/COI/2024/1187,E-Procurement,Work Order Issued,2024-04-01,2024-04-09,2024-04-15,770000.0,770000.0,CONTRACTOR-DEMO-0049,National Buildcon Pvt Ltd,1,Awarded
TENDER-DEMO-01187,MPLADS-DEMO-000594,Procurement for Construction of Separate Girls Toilet and Wash Area in Govt High School Village-169,NIT/Mun/KOZ/2024/1188,E-Procurement,Notice Inviting Tender (NIT),2024-01-11,2024-01-31,2024-02-10,513584.35,510000.0,CONTRACTOR-DEMO-0022,Reliable Engineers & Builders,5,Completed
TENDER-DEMO-01188,MPLADS-DEMO-000594,Procurement for Construction of Separate Girls Toilet and Wash Area in Govt High School Village-169,WO/KOZ/2024/1189,E-Procurement,Work Order Issued,2024-01-29,2024-02-10,2024-02-12,510000.0,510000.0,CONTRACTOR-DEMO-0022,Reliable Engineers & Builders,1,Awarded
TENDER-DEMO-01189,MPLADS-DEMO-000595,Procurement for Upgradation of Rural Link Road connecting Hamlet to Main Highway at Village-179,NIT/Rur/KOZ/2024/1190,Open Tender,Notice Inviting Tender (NIT),2024-02-15,2024-03-01,2024-03-10,4293389.1,4210000.0,CONTRACTOR-DEMO-0151,Modern Projects Ltd,4,Completed
TENDER-DEMO-01190,MPLADS-DEMO-000595,Procurement for Upgradation of Rural Link Road connecting Hamlet to Main Highway at Village-179,WO/KOZ/2024/1191,E-Procurement,Work Order Issued,2024-03-02,2024-03-12,2024-03-14,4210000.0,4210000.0,CONTRACTOR-DEMO-0151,Modern Projects Ltd,1,Awarded
TENDER-DEMO-01191,MPLADS-DEMO-000596,Procurement for Supply of Diagnostic Medical Equipment and Patient Beds to Rural Clinic in Village-75,NIT/Rur/JAB/2023/1192,E-Procurement,Notice Inviting Tender (NIT),2023-07-11,2023-08-01,2023-08-10,1920830.85,1950000.0,CONTRACTOR-DEMO-0177,Apex Enterprises,7,Completed
TENDER-DEMO-01192,MPLADS-DEMO-000596,Procurement for Supply of Diagnostic Medical Equipment and Patient Beds to Rural Clinic in Village-75,WO/JAB/2023/1193,E-Procurement,Work Order Issued,2023-07-29,2023-08-08,2023-08-13,1950000.0,1950000.0,CONTRACTOR-DEMO-0177,Apex Enterprises,1,Awarded
TENDER-DEMO-01193,MPLADS-DEMO-000597,Procurement for Construction of Multipurpose Community Hall at Village Village-92,NIT/Pub/GAN/2023/1194,Open Tender,Notice Inviting Tender (NIT),2023-07-25,2023-08-04,2023-08-10,1285623.66,1260000.0,CONTRACTOR-DEMO-0066,Aditya Projects Ltd,6,Completed
TENDER-DEMO-01194,MPLADS-DEMO-000597,Procurement for Construction of Multipurpose Community Hall at Village Village-92,WO/GAN/2023/1195,E-Procurement,Work Order Issued,2023-08-07,2023-08-17,2023-08-22,1260000.0,1260000.0,CONTRACTOR-DEMO-0066,Aditya Projects Ltd,1,Awarded
TENDER-DEMO-01195,MPLADS-DEMO-000598,Procurement for Laying of Underground Drinking Water Pipeline Distribution in Village-126,NIT/Min/NAG/2024/1196,Open Tender,Notice Inviting Tender (NIT),2023-12-24,2024-01-08,2024-01-15,1003898.15,1020000.0,CONTRACTOR-DEMO-0074,Hindustan Urban Works Pvt Ltd,3,Completed
TENDER-DEMO-01196,MPLADS-DEMO-000598,Procurement for Laying of Underground Drinking Water Pipeline Distribution in Village-126,WO/NAG/2024/1197,E-Procurement,Work Order Issued,2024-01-18,2024-01-23,2024-01-27,1020000.0,1020000.0,CONTRACTOR-DEMO-0074,Hindustan Urban Works Pvt Ltd,1,Awarded
TENDER-DEMO-01197,MPLADS-DEMO-000599,Procurement for Construction of Separate Girls Toilet and Wash Area in Govt High School Village-3,NIT/Pub/SAL/2023/1198,E-Procurement,Notice Inviting Tender (NIT),2023-05-05,2023-05-21,2023-05-28,831599.82,810000.0,CONTRACTOR-DEMO-0194,United Urban Works Pvt Ltd,3,Completed
TENDER-DEMO-01198,MPLADS-DEMO-000599,Procurement for Construction of Separate Girls Toilet and Wash Area in Govt High School Village-3,WO/SAL/2023/1199,E-Procurement,Work Order Issued,2023-05-19,2023-05-25,2023-05-28,810000.0,810000.0,CONTRACTOR-DEMO-0194,United Urban Works Pvt Ltd,1,Awarded
TENDER-DEMO-01199,MPLADS-DEMO-000600,Procurement for Installation of Solar LED High-Mast Lighting System at Market Yard Village-99,NIT/Pub/NIZ/2023/1200,Open Tender,Notice Inviting Tender (NIT),2023-07-01,2023-07-13,2023-07-22,709293.9,720000.0,CONTRACTOR-DEMO-0183,Shree Ganesh Infra Solutions,4,Completed
TENDER-DEMO-01200,MPLADS-DEMO-000600,Procurement for Installation of Solar LED High-Mast Lighting System at Market Yard Village-99,WO/NIZ/2023/1201,E-Procurement,Work Order Issued,2023-07-07,2023-07-18,2023-07-24,720000.0,720000.0,CONTRACTOR-DEMO-0183,Shree Ganesh Infra Solutions,1,Awarded
TENDER-DEMO-01201,MPLADS-DEMO-000601,Procurement for Installation of 10kW Rooftop Solar Power System at Primary Health Center Village-136,NIT/Mun/IND/2024/1202,E-Procurement,Notice Inviting Tender (NIT),2023-12-08,2023-12-25,2024-01-06,978166.28,970000.0,CONTRACTOR-DEMO-0050,Sai Engineering Works,7,Completed
TENDER-DEMO-01202,MPLADS-DEMO-000601,Procurement for Installation of 10kW Rooftop Solar Power System at Primary Health Center Village-136,WO/IND/2024/1203,E-Procurement,Work Order Issued,2023-12-27,2024-01-04,2024-01-06,970000.0,970000.0,CONTRACTOR-DEMO-0050,Sai Engineering Works,1,Awarded
TENDER-DEMO-01203,MPLADS-DEMO-000602,Procurement for Installation of Community RO Water Purification Plant at Village-143,NIT/Pub/ERN/2023/1204,Open Tender,Notice Inviting Tender (NIT),2023-04-06,2023-04-22,2023-05-04,646364.72,620000.0,CONTRACTOR-DEMO-0196,Pragati Engineering Works,4,Completed
TENDER-DEMO-01204,MPLADS-DEMO-000602,Procurement for Installation of Community RO Water Purification Plant at Village-143,WO/ERN/2023/1205,E-Procurement,Work Order Issued,2023-04-19,2023-04-26,2023-04-29,620000.0,620000.0,CONTRACTOR-DEMO-0196,Pragati Engineering Works,1,Awarded
TENDER-DEMO-01205,MPLADS-DEMO-000603,Procurement for Construction of Open Air Gymnasium and Seating Area at Village-94,NIT/Pan/SUR/2024/1206,E-Procurement,Notice Inviting Tender (NIT),2024-05-16,2024-06-05,2024-06-16,616347.9,600000.0,CONTRACTOR-DEMO-0151,Modern Projects Ltd,3,Completed
TENDER-DEMO-01206,MPLADS-DEMO-000603,Procurement for Construction of Open Air Gymnasium and Seating Area at Village-94,WO/SUR/2024/1207,E-Procurement,Work Order Issued,2024-06-04,2024-06-14,2024-06-21,600000.0,600000.0,CONTRACTOR-DEMO-0151,Modern Projects Ltd,1,Awarded
TENDER-DEMO-01207,MPLADS-DEMO-000604,Procurement for Upgradation of Rural Link Road connecting Hamlet to Main Highway at Village-156,NIT/Mun/ERN/2023/1208,E-Procurement,Notice Inviting Tender (NIT),2023-01-29,2023-02-18,2023-03-01,2712606.79,2700000.0,CONTRACTOR-DEMO-0038,Om Infrastructure Ltd,4,Completed
TENDER-DEMO-01208,MPLADS-DEMO-000604,Procurement for Upgradation of Rural Link Road connecting Hamlet to Main Highway at Village-156,WO/ERN/2023/1209,E-Procurement,Work Order Issued,2023-02-20,2023-02-28,2023-03-02,2700000.0,2700000.0,CONTRACTOR-DEMO-0038,Om Infrastructure Ltd,1,Awarded
TENDER-DEMO-01209,MPLADS-DEMO-000605,Procurement for Drilling of Deep Borewell and Solar-Powered Overhead Water Tank at Village-72,NIT/Pan/DHA/2024/1210,Open Tender,Notice Inviting Tender (NIT),2023-12-20,2024-01-09,2024-01-20,541629.23,540000.0,CONTRACTOR-DEMO-0177,Apex Enterprises,4,Completed
TENDER-DEMO-01210,MPLADS-DEMO-000605,Procurement for Drilling of Deep Borewell and Solar-Powered Overhead Water Tank at Village-72,WO/DHA/2024/1211,E-Procurement,Work Order Issued,2023-12-27,2024-01-06,2024-01-09,540000.0,540000.0,CONTRACTOR-DEMO-0177,Apex Enterprises,1,Awarded
TENDER-DEMO-01211,MPLADS-DEMO-000606,Procurement for Construction of Public Sanitation Facility and Bathing Block in Village-19,NIT/Pan/ERN/2023/1212,Open Tender,Notice Inviting Tender (NIT),2023-07-26,2023-08-06,2023-08-13,1081517.41,1100000.0,CONTRACTOR-DEMO-0115,Reliable Urban Works Pvt Ltd,3,Completed
TENDER-DEMO-01212,MPLADS-DEMO-000606,Procurement for Construction of Public Sanitation Facility and Bathing Block in Village-19,WO/ERN/2023/1213,E-Procurement,Work Order Issued,2023-08-07,2023-08-17,2023-08-19,1100000.0,1100000.0,CONTRACTOR-DEMO-0115,Reliable Urban Works Pvt Ltd,1,Awarded
TENDER-DEMO-01213,MPLADS-DEMO-000607,Procurement for Installation of Solar LED High-Mast Lighting System at Market Yard Village-20,NIT/Dis/RAJ/2023/1214,E-Procurement,Notice Inviting Tender (NIT),2023-03-12,2023-03-29,2023-04-09,799248.1,800000.0,CONTRACTOR-DEMO-0061,Gitanjali Engineers & Builders,5,Completed
TENDER-DEMO-01214,MPLADS-DEMO-000607,Procurement for Installation of Solar LED High-Mast Lighting System at Market Yard Village-20,WO/RAJ/2023/1215,E-Procurement,Work Order Issued,2023-03-29,2023-04-07,2023-04-12,800000.0,800000.0,CONTRACTOR-DEMO-0061,Gitanjali Engineers & Builders,1,Awarded
TENDER-DEMO-01215,MPLADS-DEMO-000608,Procurement for Renovation and Expansion of Village Panchayat Bhavan in Village-57,NIT/Dis/RAJ/2023/1216,E-Procurement,Notice Inviting Tender (NIT),2023-07-20,2023-08-10,2023-08-15,1675942.52,1710000.0,CONTRACTOR-DEMO-0145,Samriddhi Urban Works Pvt Ltd,6,Completed
TENDER-DEMO-01216,MPLADS-DEMO-000608,Procurement for Renovation and Expansion of Village Panchayat Bhavan in Village-57,WO/RAJ/2023/1217,E-Procurement,Work Order Issued,2023-07-24,2023-08-04,2023-08-08,1710000.0,1710000.0,CONTRACTOR-DEMO-0145,Samriddhi Urban Works Pvt Ltd,1,Awarded
TENDER-DEMO-01217,MPLADS-DEMO-000609,Procurement for Construction of Multipurpose Community Hall at Village Village-44,NIT/Pub/MAD/2024/1218,E-Procurement,Notice Inviting Tender (NIT),2024-06-08,2024-06-26,2024-07-07,1451090.82,1430000.0,CONTRACTOR-DEMO-0070,Alliance Projects Ltd,5,Completed
TENDER-DEMO-01218,MPLADS-DEMO-000609,Procurement for Construction of Multipurpose Community Hall at Village Village-44,WO/MAD/2024/1219,E-Procurement,Work Order Issued,2024-06-20,2024-07-02,2024-07-06,1430000.0,1430000.0,CONTRACTOR-DEMO-0070,Alliance Projects Ltd,1,Awarded
TENDER-DEMO-01219,MPLADS-DEMO-000610,Procurement for Installation of 10kW Rooftop Solar Power System at Primary Health Center Village-40,NIT/Pan/WAY/2024/1220,E-Procurement,Notice Inviting Tender (NIT),2024-02-10,2024-02-26,2024-03-05,966716.15,960000.0,CONTRACTOR-DEMO-0184,Shanti Projects Ltd,5,Completed
TENDER-DEMO-01220,MPLADS-DEMO-000610,Procurement for Installation of 10kW Rooftop Solar Power System at Primary Health Center Village-40,WO/WAY/2024/1221,E-Procurement,Work Order Issued,2024-02-22,2024-02-27,2024-03-02,960000.0,960000.0,CONTRACTOR-DEMO-0184,Shanti Projects Ltd,1,Awarded
TENDER-DEMO-01221,MPLADS-DEMO-000611,Procurement for Construction of Separate Girls Toilet and Wash Area in Govt High School Village-120,NIT/Dis/NAS/2024/1222,E-Procurement,Notice Inviting Tender (NIT),2024-05-04,2024-05-14,2024-05-19,776521.46,770000.0,CONTRACTOR-DEMO-0026,Gitanjali Buildcon Pvt Ltd,5,Completed
TENDER-DEMO-01222,MPLADS-DEMO-000611,Procurement for Construction of Separate Girls Toilet and Wash Area in Govt High School Village-120,WO/NAS/2024/1223,E-Procurement,Work Order Issued,2024-05-21,2024-05-29,2024-06-03,770000.0,770000.0,CONTRACTOR-DEMO-0026,Gitanjali Buildcon Pvt Ltd,1,Awarded
TENDER-DEMO-01223,MPLADS-DEMO-000612,Procurement for Desilting and Deepening of Traditional Village Water Reservoir in Village-24,NIT/Pan/BHO/2023/1224,E-Procurement,Notice Inviting Tender (NIT),2023-02-11,2023-02-21,2023-03-04,1153078.97,1100000.0,CONTRACTOR-DEMO-0006,Apex Civil Projects,7,Completed
TENDER-DEMO-01224,MPLADS-DEMO-000612,Procurement for Desilting and Deepening of Traditional Village Water Reservoir in Village-24,WO/BHO/2023/1225,E-Procurement,Work Order Issued,2023-02-25,2023-03-04,2023-03-09,1100000.0,1100000.0,CONTRACTOR-DEMO-0006,Apex Civil Projects,1,Awarded
TENDER-DEMO-01225,MPLADS-DEMO-000613,Procurement for Installation of 10kW Rooftop Solar Power System at Primary Health Center Village-35,NIT/Pan/WAY/2023/1226,E-Procurement,Notice Inviting Tender (NIT),2023-07-26,2023-08-06,2023-08-12,1073044.97,1030000.0,CONTRACTOR-DEMO-0186,Classic Enterprises,7,Completed
TENDER-DEMO-01226,MPLADS-DEMO-000613,Procurement for Installation of 10kW Rooftop Solar Power System at Primary Health Center Village-35,WO/WAY/2023/1227,E-Procurement,Work Order Issued,2023-08-17,2023-08-24,2023-08-30,1030000.0,1030000.0,CONTRACTOR-DEMO-0186,Classic Enterprises,1,Awarded
TENDER-DEMO-01227,MPLADS-DEMO-000614,Procurement for Installation of 10kW Rooftop Solar Power System at Primary Health Center Village-89,NIT/Dis/ERN/2023/1228,E-Procurement,Notice Inviting Tender (NIT),2023-08-29,2023-09-11,2023-09-21,924803.35,930000.0,CONTRACTOR-DEMO-0023,Reliable Buildcon Pvt Ltd,5,Completed
TENDER-DEMO-01228,MPLADS-DEMO-000614,Procurement for Installation of 10kW Rooftop Solar Power System at Primary Health Center Village-89,WO/ERN/2023/1229,E-Procurement,Work Order Issued,2023-09-20,2023-09-25,2023-09-28,930000.0,930000.0,CONTRACTOR-DEMO-0023,Reliable Buildcon Pvt Ltd,1,Awarded
TENDER-DEMO-01229,MPLADS-DEMO-000615,Procurement for Drilling of Deep Borewell and Solar-Powered Overhead Water Tank at Village-14,NIT/Dis/KAR/2024/1230,E-Procurement,Notice Inviting Tender (NIT),2023-12-31,2024-01-15,2024-01-21,723653.26,730000.0,CONTRACTOR-DEMO-0078,Maruti Civil Projects,4,Completed
TENDER-DEMO-01230,MPLADS-DEMO-000615,Procurement for Drilling of Deep Borewell and Solar-Powered Overhead Water Tank at Village-14,WO/KAR/2024/1231,E-Procurement,Work Order Issued,2024-01-15,2024-01-26,2024-02-02,730000.0,730000.0,CONTRACTOR-DEMO-0078,Maruti Civil Projects,1,Awarded
TENDER-DEMO-01231,MPLADS-DEMO-000616,Procurement for Upgradation of Rural Link Road connecting Hamlet to Main Highway at Village-55,NIT/Pub/BEN/2024/1232,E-Procurement,Notice Inviting Tender (NIT),2024-05-01,2024-05-17,2024-05-26,4194986.94,4210000.0,CONTRACTOR-DEMO-0128,Classic Infrastructure Ltd,3,Completed
TENDER-DEMO-01232,MPLADS-DEMO-000616,Procurement for Upgradation of Rural Link Road connecting Hamlet to Main Highway at Village-55,WO/BEN/2024/1233,E-Procurement,Work Order Issued,2024-05-13,2024-05-22,2024-05-28,4210000.0,4210000.0,CONTRACTOR-DEMO-0128,Classic Infrastructure Ltd,1,Awarded
TENDER-DEMO-01233,MPLADS-DEMO-000617,Procurement for Renovation and Expansion of Village Panchayat Bhavan in Village-85,NIT/Mun/UDA/2023/1234,E-Procurement,Notice Inviting Tender (NIT),2023-07-04,2023-07-23,2023-08-03,2300093.56,2290000.0,CONTRACTOR-DEMO-0025,Aditya Infra Solutions,5,Completed
TENDER-DEMO-01234,MPLADS-DEMO-000617,Procurement for Renovation and Expansion of Village Panchayat Bhavan in Village-85,WO/UDA/2023/1235,E-Procurement,Work Order Issued,2023-07-18,2023-07-29,2023-08-01,2290000.0,2290000.0,CONTRACTOR-DEMO-0025,Aditya Infra Solutions,1,Awarded
TENDER-DEMO-01235,MPLADS-DEMO-000618,Procurement for Laying of Underground Drinking Water Pipeline Distribution in Village-32,NIT/Pub/MYS/2023/1236,Open Tender,Notice Inviting Tender (NIT),2023-06-30,2023-07-15,2023-07-24,1166173.27,1120000.0,CONTRACTOR-DEMO-0072,Sai Rural Developers,5,Completed
TENDER-DEMO-01236,MPLADS-DEMO-000618,Procurement for Laying of Underground Drinking Water Pipeline Distribution in Village-32,WO/MYS/2023/1237,E-Procurement,Work Order Issued,2023-07-15,2023-07-24,2023-07-31,1120000.0,1120000.0,CONTRACTOR-DEMO-0072,Sai Rural Developers,1,Awarded
TENDER-DEMO-01237,MPLADS-DEMO-000619,Procurement for Supply of Diagnostic Medical Equipment and Patient Beds to Rural Clinic in Village-42,NIT/Pan/JAB/2023/1238,Open Tender,Notice Inviting Tender (NIT),2023-04-24,2023-05-05,2023-05-14,1022839.07,1000000.0,CONTRACTOR-DEMO-0105,Krishna Buildcon Pvt Ltd,6,Completed
TENDER-DEMO-01238,MPLADS-DEMO-000619,Procurement for Supply of Diagnostic Medical Equipment and Patient Beds to Rural Clinic in Village-42,WO/JAB/2023/1239,E-Procurement,Work Order Issued,2023-05-09,2023-05-17,2023-05-24,1000000.0,1000000.0,CONTRACTOR-DEMO-0105,Krishna Buildcon Pvt Ltd,1,Awarded
TENDER-DEMO-01239,MPLADS-DEMO-000620,Procurement for Construction of Cement Concrete (CC) Road and Drain Channel at Village-42,NIT/Min/KOZ/2023/1240,E-Procurement,Notice Inviting Tender (NIT),2023-10-14,2023-10-28,2023-11-09,3299855.53,3300000.0,CONTRACTOR-DEMO-0132,Riddhi Infrastructure Ltd,7,Completed
TENDER-DEMO-01240,MPLADS-DEMO-000620,Procurement for Construction of Cement Concrete (CC) Road and Drain Channel at Village-42,WO/KOZ/2023/1241,E-Procurement,Work Order Issued,2023-10-26,2023-11-06,2023-11-10,3300000.0,3300000.0,CONTRACTOR-DEMO-0132,Riddhi Infrastructure Ltd,1,Awarded
TENDER-DEMO-01241,MPLADS-DEMO-000621,Procurement for Supply of Diagnostic Medical Equipment and Patient Beds to Rural Clinic in Village-34,NIT/Mun/GAN/2023/1242,E-Procurement,Notice Inviting Tender (NIT),2023-02-04,2023-02-22,2023-03-01,1010031.84,1020000.0,CONTRACTOR-DEMO-0113,Modern Buildcon Pvt Ltd,3,Completed
TENDER-DEMO-01242,MPLADS-DEMO-000621,Procurement for Supply of Diagnostic Medical Equipment and Patient Beds to Rural Clinic in Village-34,WO/GAN/2023/1243,E-Procurement,Work Order Issued,2023-02-08,2023-02-19,2023-02-22,1020000.0,1020000.0,CONTRACTOR-DEMO-0113,Modern Buildcon Pvt Ltd,1,Awarded
TENDER-DEMO-01243,MPLADS-DEMO-000622,Procurement for Renovation and Expansion of Village Panchayat Bhavan in Village-123,NIT/Min/KOZ/2023/1244,E-Procurement,Notice Inviting Tender (NIT),2023-09-28,2023-10-19,2023-10-27,2612465.43,2490000.0,CONTRACTOR-DEMO-0071,Kisan Infra Solutions,7,Completed
TENDER-DEMO-01244,MPLADS-DEMO-000622,Procurement for Renovation and Expansion of Village Panchayat Bhavan in Village-123,WO/KOZ/2023/1245,E-Procurement,Work Order Issued,2023-10-22,2023-10-28,2023-10-31,2490000.0,2490000.0,CONTRACTOR-DEMO-0071,Kisan Infra Solutions,1,Awarded
TENDER-DEMO-01245,MPLADS-DEMO-000623,Procurement for Supply of Diagnostic Medical Equipment and Patient Beds to Rural Clinic in Village-51,NIT/Pan/LUC/2023/1246,E-Procurement,Notice Inviting Tender (NIT),2023-04-23,2023-05-04,2023-05-09,1186318.57,1130000.0,CONTRACTOR-DEMO-0037,Classic Urban Works Pvt Ltd,7,Completed
TENDER-DEMO-01246,MPLADS-DEMO-000623,Procurement for Supply of Diagnostic Medical Equipment and Patient Beds to Rural Clinic in Village-51,WO/LUC/2023/1247,E-Procurement,Work Order Issued,2023-05-06,2023-05-13,2023-05-15,1130000.0,1130000.0,CONTRACTOR-DEMO-0037,Classic Urban Works Pvt Ltd,1,Awarded
TENDER-DEMO-01247,MPLADS-DEMO-000624,Procurement for Interlocking Paver Block Road Installation along Main Street in Village-38,NIT/Pan/AHM/2023/1248,E-Procurement,Notice Inviting Tender (NIT),2023-10-23,2023-11-03,2023-11-15,940319.25,910000.0,CONTRACTOR-DEMO-0113,Modern Buildcon Pvt Ltd,6,Completed
TENDER-DEMO-01248,MPLADS-DEMO-000624,Procurement for Interlocking Paver Block Road Installation along Main Street in Village-38,WO/AHM/2023/1249,E-Procurement,Work Order Issued,2023-11-03,2023-11-12,2023-11-18,910000.0,910000.0,CONTRACTOR-DEMO-0113,Modern Buildcon Pvt Ltd,1,Awarded
TENDER-DEMO-01249,MPLADS-DEMO-000625,Procurement for Supply and Erection of 30 Standalone Solar Street Lights in Village-165,NIT/Pub/AHM/2023/1250,E-Procurement,Notice Inviting Tender (NIT),2023-08-20,2023-09-02,2023-09-11,747608.19,730000.0,CONTRACTOR-DEMO-0014,Surya Shakti Construction Co,6,Completed
TENDER-DEMO-01250,MPLADS-DEMO-000625,Procurement for Supply and Erection of 30 Standalone Solar Street Lights in Village-165,WO/AHM/2023/1251,E-Procurement,Work Order Issued,2023-09-05,2023-09-15,2023-09-20,730000.0,730000.0,CONTRACTOR-DEMO-0014,Surya Shakti Construction Co,1,Awarded
TENDER-DEMO-01251,MPLADS-DEMO-000626,Procurement for Development of Emergency Cold Storage and Pharmacy Room at Hospital Village-83,NIT/Min/AHM/2023/1252,E-Procurement,Notice Inviting Tender (NIT),2023-06-19,2023-07-01,2023-07-06,2353180.47,2360000.0,CONTRACTOR-DEMO-0028,Siddhartha Buildcon Pvt Ltd,3,Completed
TENDER-DEMO-01252,MPLADS-DEMO-000626,Procurement for Development of Emergency Cold Storage and Pharmacy Room at Hospital Village-83,WO/AHM/2023/1253,E-Procurement,Work Order Issued,2023-06-29,2023-07-08,2023-07-14,2360000.0,2360000.0,CONTRACTOR-DEMO-0028,Siddhartha Buildcon Pvt Ltd,1,Awarded
TENDER-DEMO-01253,MPLADS-DEMO-000627,Procurement for Development of Emergency Cold Storage and Pharmacy Room at Hospital Village-198,NIT/Pan/RAJ/2023/1254,Open Tender,Notice Inviting Tender (NIT),2023-11-21,2023-12-05,2023-12-16,2236349.28,2140000.0,CONTRACTOR-DEMO-0153,Siddhartha Infrastructure Ltd,4,Completed
TENDER-DEMO-01254,MPLADS-DEMO-000627,Procurement for Development of Emergency Cold Storage and Pharmacy Room at Hospital Village-198,WO/RAJ/2023/1255,E-Procurement,Work Order Issued,2023-12-14,2023-12-19,2023-12-21,2140000.0,2140000.0,CONTRACTOR-DEMO-0153,Siddhartha Infrastructure Ltd,1,Awarded
TENDER-DEMO-01255,MPLADS-DEMO-000628,Procurement for Development of Public Recreation Shed and Boundary Wall in Village-162,NIT/Mun/SUR/2024/1256,Open Tender,Notice Inviting Tender (NIT),2024-03-15,2024-04-05,2024-04-15,1629316.47,1650000.0,CONTRACTOR-DEMO-0023,Reliable Buildcon Pvt Ltd,3,Completed
TENDER-DEMO-01256,MPLADS-DEMO-000628,Procurement for Development of Public Recreation Shed and Boundary Wall in Village-162,WO/SUR/2024/1257,E-Procurement,Work Order Issued,2024-03-22,2024-04-03,2024-04-07,1650000.0,1650000.0,CONTRACTOR-DEMO-0023,Reliable Buildcon Pvt Ltd,1,Awarded
TENDER-DEMO-01257,MPLADS-DEMO-000629,Procurement for Upgradation of Rural Link Road connecting Hamlet to Main Highway at Village-186,NIT/Min/MAD/2023/1258,E-Procurement,Notice Inviting Tender (NIT),2023-10-26,2023-11-10,2023-11-21,2960099.62,2980000.0,CONTRACTOR-DEMO-0118,Om Rural Developers,7,Completed
TENDER-DEMO-01258,MPLADS-DEMO-000629,Procurement for Upgradation of Rural Link Road connecting Hamlet to Main Highway at Village-186,WO/MAD/2023/1259,E-Procurement,Work Order Issued,2023-11-10,2023-11-22,2023-11-24,2980000.0,2980000.0,CONTRACTOR-DEMO-0118,Om Rural Developers,1,Awarded
TENDER-DEMO-01259,MPLADS-DEMO-000630,Procurement for Renovation and Expansion of Village Panchayat Bhavan in Village-18,NIT/Pub/ERN/2023/1260,E-Procurement,Notice Inviting Tender (NIT),2023-05-29,2023-06-09,2023-06-17,2803566.03,2680000.0,CONTRACTOR-DEMO-0148,National Engineers & Builders,5,Completed
TENDER-DEMO-01260,MPLADS-DEMO-000630,Procurement for Renovation and Expansion of Village Panchayat Bhavan in Village-18,WO/ERN/2023/1261,E-Procurement,Work Order Issued,2023-06-17,2023-06-26,2023-06-29,2680000.0,2680000.0,CONTRACTOR-DEMO-0148,National Engineers & Builders,1,Awarded
TENDER-DEMO-01261,MPLADS-DEMO-000631,Procurement for Construction of Maternity & Child Healthcare Ward at Primary Health Sub-Center Village-190,NIT/Mun/NIZ/2023/1262,Open Tender,Notice Inviting Tender (NIT),2023-04-28,2023-05-19,2023-05-29,3184516.59,3160000.0,CONTRACTOR-DEMO-0106,Modern Engineering Works,4,Completed
TENDER-DEMO-01262,MPLADS-DEMO-000631,Procurement for Construction of Maternity & Child Healthcare Ward at Primary Health Sub-Center Village-190,WO/NIZ/2023/1263,E-Procurement,Work Order Issued,2023-05-15,2023-05-21,2023-05-24,3160000.0,3160000.0,CONTRACTOR-DEMO-0106,Modern Engineering Works,1,Awarded
TENDER-DEMO-01263,MPLADS-DEMO-000632,Procurement for Construction of Public Sanitation Facility and Bathing Block in Village-1,NIT/Dis/GOR/2023/1264,Open Tender,Notice Inviting Tender (NIT),2023-10-21,2023-10-31,2023-11-08,1140870.55,1140000.0,CONTRACTOR-DEMO-0070,Alliance Projects Ltd,4,Completed
TENDER-DEMO-01264,MPLADS-DEMO-000632,Procurement for Construction of Public Sanitation Facility and Bathing Block in Village-1,WO/GOR/2023/1265,E-Procurement,Work Order Issued,2023-11-05,2023-11-16,2023-11-19,1140000.0,1140000.0,CONTRACTOR-DEMO-0070,Alliance Projects Ltd,1,Awarded
TENDER-DEMO-01265,MPLADS-DEMO-000633,Procurement for Drilling of Deep Borewell and Solar-Powered Overhead Water Tank at Village-182,NIT/Min/KHO/2023/1266,E-Procurement,Notice Inviting Tender (NIT),2023-02-08,2023-02-18,2023-02-26,635931.65,640000.0,CONTRACTOR-DEMO-0017,Vikas Engineers & Builders,6,Completed
TENDER-DEMO-01266,MPLADS-DEMO-000633,Procurement for Drilling of Deep Borewell and Solar-Powered Overhead Water Tank at Village-182,WO/KHO/2023/1267,E-Procurement,Work Order Issued,2023-02-20,2023-02-27,2023-03-03,640000.0,640000.0,CONTRACTOR-DEMO-0017,Vikas Engineers & Builders,1,Awarded
TENDER-DEMO-01267,MPLADS-DEMO-000634,Procurement for Construction of Check Dam and Water Harvesting Percolation Tank at Village-137,NIT/Pub/LUC/2023/1268,E-Procurement,Notice Inviting Tender (NIT),2023-02-28,2023-03-13,2023-03-19,1864489.3,1900000.0,CONTRACTOR-DEMO-0087,Swastik Infrastructure Ltd,4,Completed
TENDER-DEMO-01268,MPLADS-DEMO-000634,Procurement for Construction of Check Dam and Water Harvesting Percolation Tank at Village-137,WO/LUC/2023/1269,E-Procurement,Work Order Issued,2023-03-17,2023-03-28,2023-04-03,1900000.0,1900000.0,CONTRACTOR-DEMO-0087,Swastik Infrastructure Ltd,1,Awarded
TENDER-DEMO-01269,MPLADS-DEMO-000635,Procurement for Construction of Check Dam and Water Harvesting Percolation Tank at Village-92,NIT/Min/SAL/2024/1270,Open Tender,Notice Inviting Tender (NIT),2023-12-10,2023-12-28,2024-01-02,1296618.67,1320000.0,CONTRACTOR-DEMO-0164,Kisan Civil Projects,5,Completed
TENDER-DEMO-01270,MPLADS-DEMO-000635,Procurement for Construction of Check Dam and Water Harvesting Percolation Tank at Village-92,WO/SAL/2024/1271,E-Procurement,Work Order Issued,2023-12-28,2024-01-06,2024-01-11,1320000.0,1320000.0,CONTRACTOR-DEMO-0164,Kisan Civil Projects,1,Awarded
TENDER-DEMO-01271,MPLADS-DEMO-000636,Procurement for Installation of Solar LED High-Mast Lighting System at Market Yard Village-114,NIT/Pan/MAD/2023/1272,E-Procurement,Notice Inviting Tender (NIT),2023-08-12,2023-08-24,2023-08-30,840716.74,820000.0,CONTRACTOR-DEMO-0189,Balaji Engineers & Builders,6,Completed
TENDER-DEMO-01272,MPLADS-DEMO-000636,Procurement for Installation of Solar LED High-Mast Lighting System at Market Yard Village-114,WO/MAD/2023/1273,E-Procurement,Work Order Issued,2023-08-19,2023-08-28,2023-08-30,820000.0,820000.0,CONTRACTOR-DEMO-0189,Balaji Engineers & Builders,1,Awarded
TENDER-DEMO-01273,MPLADS-DEMO-000637,Procurement for Laying of Underground Drinking Water Pipeline Distribution in Village-24,NIT/Rur/UDA/2024/1274,Open Tender,Notice Inviting Tender (NIT),2024-01-19,2024-02-02,2024-02-10,1070539.26,1020000.0,CONTRACTOR-DEMO-0045,Shiv Shakti Rural Developers,5,Completed
TENDER-DEMO-01274,MPLADS-DEMO-000637,Procurement for Laying of Underground Drinking Water Pipeline Distribution in Village-24,WO/UDA/2024/1275,E-Procurement,Work Order Issued,2024-02-07,2024-02-17,2024-02-19,1020000.0,1020000.0,CONTRACTOR-DEMO-0045,Shiv Shakti Rural Developers,1,Awarded
TENDER-DEMO-01275,MPLADS-DEMO-000638,Procurement for Installation of Digital Smart Classroom and Computer Lab Infrastructure at Village-18,NIT/Pub/KAR/2023/1276,Open Tender,Notice Inviting Tender (NIT),2023-03-10,2023-03-23,2023-04-02,1339273.53,1280000.0,CONTRACTOR-DEMO-0102,Samriddhi Civil Projects,4,Completed
TENDER-DEMO-01276,MPLADS-DEMO-000638,Procurement for Installation of Digital Smart Classroom and Computer Lab Infrastructure at Village-18,WO/KAR/2023/1277,E-Procurement,Work Order Issued,2023-03-20,2023-03-29,2023-04-03,1280000.0,1280000.0,CONTRACTOR-DEMO-0102,Samriddhi Civil Projects,1,Awarded
TENDER-DEMO-01277,MPLADS-DEMO-000639,Procurement for Construction of Check Dam and Water Harvesting Percolation Tank at Village-196,NIT/Min/NAG/2023/1278,Open Tender,Notice Inviting Tender (NIT),2023-03-16,2023-03-31,2023-04-07,1274353.79,1260000.0,CONTRACTOR-DEMO-0142,Panchsheel Infra Solutions,5,Completed
TENDER-DEMO-01278,MPLADS-DEMO-000639,Procurement for Construction of Check Dam and Water Harvesting Percolation Tank at Village-196,WO/NAG/2023/1279,E-Procurement,Work Order Issued,2023-04-04,2023-04-12,2023-04-15,1260000.0,1260000.0,CONTRACTOR-DEMO-0142,Panchsheel Infra Solutions,1,Awarded
TENDER-DEMO-01279,MPLADS-DEMO-000640,Procurement for Construction of Cement Concrete (CC) Road and Drain Channel at Village-52,NIT/Dis/KAR/2023/1280,Open Tender,Notice Inviting Tender (NIT),2023-09-21,2023-10-09,2023-10-16,2794571.58,2730000.0,CONTRACTOR-DEMO-0181,Navnirman Engineers & Builders,4,Completed
TENDER-DEMO-01280,MPLADS-DEMO-000640,Procurement for Construction of Cement Concrete (CC) Road and Drain Channel at Village-52,WO/KAR/2023/1281,E-Procurement,Work Order Issued,2023-10-03,2023-10-10,2023-10-12,2730000.0,2730000.0,CONTRACTOR-DEMO-0181,Navnirman Engineers & Builders,1,Awarded
TENDER-DEMO-01281,MPLADS-DEMO-000641,Procurement for Installation of Solar LED High-Mast Lighting System at Market Yard Village-6,NIT/Pan/SAL/2023/1282,Open Tender,Notice Inviting Tender (NIT),2023-08-19,2023-09-03,2023-09-14,642696.51,630000.0,CONTRACTOR-DEMO-0062,Panchsheel Projects Ltd,3,Completed
TENDER-DEMO-01282,MPLADS-DEMO-000641,Procurement for Installation of Solar LED High-Mast Lighting System at Market Yard Village-6,WO/SAL/2023/1283,E-Procurement,Work Order Issued,2023-08-30,2023-09-07,2023-09-09,630000.0,630000.0,CONTRACTOR-DEMO-0062,Panchsheel Projects Ltd,1,Awarded
TENDER-DEMO-01283,MPLADS-DEMO-000642,Procurement for Drilling of Deep Borewell and Solar-Powered Overhead Water Tank at Village-168,NIT/Rur/IND/2024/1284,E-Procurement,Notice Inviting Tender (NIT),2024-03-10,2024-03-20,2024-03-28,924242.18,930000.0,CONTRACTOR-DEMO-0032,Golden Rural Developers,6,Completed
TENDER-DEMO-01284,MPLADS-DEMO-000642,Procurement for Drilling of Deep Borewell and Solar-Powered Overhead Water Tank at Village-168,WO/IND/2024/1285,E-Procurement,Work Order Issued,2024-03-20,2024-04-01,2024-04-03,930000.0,930000.0,CONTRACTOR-DEMO-0032,Golden Rural Developers,1,Awarded
TENDER-DEMO-01285,MPLADS-DEMO-000643,Procurement for Upgradation of Rural Link Road connecting Hamlet to Main Highway at Village-20,NIT/Pan/NAG/2023/1286,Open Tender,Notice Inviting Tender (NIT),2023-05-09,2023-05-29,2023-06-09,2721607.96,2630000.0,CONTRACTOR-DEMO-0177,Apex Enterprises,5,Completed
TENDER-DEMO-01286,MPLADS-DEMO-000643,Procurement for Upgradation of Rural Link Road connecting Hamlet to Main Highway at Village-20,WO/NAG/2023/1287,E-Procurement,Work Order Issued,2023-05-15,2023-05-27,2023-06-01,2630000.0,2630000.0,CONTRACTOR-DEMO-0177,Apex Enterprises,1,Awarded
TENDER-DEMO-01287,MPLADS-DEMO-000644,Procurement for Development of Emergency Cold Storage and Pharmacy Room at Hospital Village-78,NIT/Rur/PUN/2024/1288,Open Tender,Notice Inviting Tender (NIT),2024-01-06,2024-01-23,2024-02-02,2395546.77,2320000.0,CONTRACTOR-DEMO-0004,Aditya Buildcon Pvt Ltd,5,Completed
TENDER-DEMO-01288,MPLADS-DEMO-000644,Procurement for Development of Emergency Cold Storage and Pharmacy Room at Hospital Village-78,WO/PUN/2024/1289,E-Procurement,Work Order Issued,2024-01-20,2024-01-25,2024-01-28,2320000.0,2320000.0,CONTRACTOR-DEMO-0004,Aditya Buildcon Pvt Ltd,1,Awarded
TENDER-DEMO-01289,MPLADS-DEMO-000645,Procurement for Construction of Maternity & Child Healthcare Ward at Primary Health Sub-Center Village-82,NIT/Rur/WAR/2023/1290,Open Tender,Notice Inviting Tender (NIT),2023-08-29,2023-09-18,2023-09-28,3004122.82,3020000.0,CONTRACTOR-DEMO-0036,Sai Projects Ltd,3,Completed
TENDER-DEMO-01290,MPLADS-DEMO-000645,Procurement for Construction of Maternity & Child Healthcare Ward at Primary Health Sub-Center Village-82,WO/WAR/2023/1291,E-Procurement,Work Order Issued,2023-09-13,2023-09-21,2023-09-28,3020000.0,3020000.0,CONTRACTOR-DEMO-0036,Sai Projects Ltd,1,Awarded
TENDER-DEMO-01291,MPLADS-DEMO-000646,Procurement for Construction of Separate Girls Toilet and Wash Area in Govt High School Village-82,NIT/Mun/WAR/2023/1292,E-Procurement,Notice Inviting Tender (NIT),2023-04-01,2023-04-18,2023-04-25,757301.35,760000.0,CONTRACTOR-DEMO-0141,Alliance Engineering Works,4,Completed
TENDER-DEMO-01292,MPLADS-DEMO-000646,Procurement for Construction of Separate Girls Toilet and Wash Area in Govt High School Village-82,WO/WAR/2023/1293,E-Procurement,Work Order Issued,2023-04-17,2023-04-24,2023-04-26,760000.0,760000.0,CONTRACTOR-DEMO-0141,Alliance Engineering Works,1,Awarded
TENDER-DEMO-01293,MPLADS-DEMO-000647,Procurement for Installation of 10kW Rooftop Solar Power System at Primary Health Center Village-59,NIT/Rur/BEN/2024/1294,Open Tender,Notice Inviting Tender (NIT),2024-03-14,2024-04-01,2024-04-10,870398.85,860000.0,CONTRACTOR-DEMO-0004,Aditya Buildcon Pvt Ltd,7,Completed
TENDER-DEMO-01294,MPLADS-DEMO-000647,Procurement for Installation of 10kW Rooftop Solar Power System at Primary Health Center Village-59,WO/BEN/2024/1295,E-Procurement,Work Order Issued,2024-03-27,2024-04-02,2024-04-07,860000.0,860000.0,CONTRACTOR-DEMO-0004,Aditya Buildcon Pvt Ltd,1,Awarded
TENDER-DEMO-01295,MPLADS-DEMO-000648,Procurement for Construction of Open Air Gymnasium and Seating Area at Village-143,NIT/Rur/KHO/2024/1296,Open Tender,Notice Inviting Tender (NIT),2024-03-26,2024-04-07,2024-04-14,740360.52,740000.0,CONTRACTOR-DEMO-0111,Modern Construction Co,5,Completed
TENDER-DEMO-01296,MPLADS-DEMO-000648,Procurement for Construction of Open Air Gymnasium and Seating Area at Village-143,WO/KHO/2024/1297,E-Procurement,Work Order Issued,2024-04-03,2024-04-15,2024-04-22,740000.0,740000.0,CONTRACTOR-DEMO-0111,Modern Construction Co,1,Awarded
TENDER-DEMO-01297,MPLADS-DEMO-000649,Procurement for Construction of Check Dam and Water Harvesting Percolation Tank at Village-15,NIT/Min/VAR/2023/1298,E-Procurement,Notice Inviting Tender (NIT),2023-02-10,2023-02-24,2023-03-08,2051839.87,1990000.0,CONTRACTOR-DEMO-0031,Shiv Shakti Buildcon Pvt Ltd,3,Completed
TENDER-DEMO-01298,MPLADS-DEMO-000649,Procurement for Construction of Check Dam and Water Harvesting Percolation Tank at Village-15,WO/VAR/2023/1299,E-Procurement,Work Order Issued,2023-02-26,2023-03-10,2023-03-14,1990000.0,1990000.0,CONTRACTOR-DEMO-0031,Shiv Shakti Buildcon Pvt Ltd,1,Awarded
TENDER-DEMO-01299,MPLADS-DEMO-000650,Procurement for Renovation and Expansion of Village Panchayat Bhavan in Village-153,NIT/Rur/COI/2023/1300,Open Tender,Notice Inviting Tender (NIT),2023-02-07,2023-02-23,2023-03-01,2384896.9,2330000.0,CONTRACTOR-DEMO-0194,United Urban Works Pvt Ltd,7,Completed
TENDER-DEMO-01300,MPLADS-DEMO-000650,Procurement for Renovation and Expansion of Village Panchayat Bhavan in Village-153,WO/COI/2023/1301,E-Procurement,Work Order Issued,2023-02-21,2023-03-02,2023-03-04,2330000.0,2330000.0,CONTRACTOR-DEMO-0194,United Urban Works Pvt Ltd,1,Awarded
TENDER-DEMO-01301,MPLADS-DEMO-000651,Procurement for Installation of 10kW Rooftop Solar Power System at Primary Health Center Village-77,NIT/Pub/KOZ/2023/1302,Open Tender,Notice Inviting Tender (NIT),2023-06-04,2023-06-19,2023-06-27,895468.29,880000.0,CONTRACTOR-DEMO-0168,Navnirman Infra Solutions,6,Completed
TENDER-DEMO-01302,MPLADS-DEMO-000651,Procurement for Installation of 10kW Rooftop Solar Power System at Primary Health Center Village-77,WO/KOZ/2023/1303,E-Procurement,Work Order Issued,2023-06-19,2023-07-01,2023-07-08,880000.0,880000.0,CONTRACTOR-DEMO-0168,Navnirman Infra Solutions,1,Awarded
TENDER-DEMO-01303,MPLADS-DEMO-000652,Procurement for Construction of Check Dam and Water Harvesting Percolation Tank at Village-129,NIT/Rur/MAD/2023/1304,Open Tender,Notice Inviting Tender (NIT),2023-11-05,2023-11-20,2023-11-26,1627850.08,1640000.0,CONTRACTOR-DEMO-0112,Hindustan Infrastructure Ltd,5,Completed
TENDER-DEMO-01304,MPLADS-DEMO-000652,Procurement for Construction of Check Dam and Water Harvesting Percolation Tank at Village-129,WO/MAD/2023/1305,E-Procurement,Work Order Issued,2023-11-14,2023-11-24,2023-11-29,1640000.0,1640000.0,CONTRACTOR-DEMO-0112,Hindustan Infrastructure Ltd,1,Awarded
TENDER-DEMO-01305,MPLADS-DEMO-000653,Procurement for Renovation and Expansion of Village Panchayat Bhavan in Village-33,NIT/Rur/GOR/2024/1306,Open Tender,Notice Inviting Tender (NIT),2024-01-22,2024-02-09,2024-02-18,1586019.52,1540000.0,CONTRACTOR-DEMO-0101,Bharat Construction Co,7,Completed
TENDER-DEMO-01306,MPLADS-DEMO-000653,Procurement for Renovation and Expansion of Village Panchayat Bhavan in Village-33,WO/GOR/2024/1307,E-Procurement,Work Order Issued,2024-02-10,2024-02-18,2024-02-23,1540000.0,1540000.0,CONTRACTOR-DEMO-0101,Bharat Construction Co,1,Awarded
TENDER-DEMO-01307,MPLADS-DEMO-000654,Procurement for Desilting and Deepening of Traditional Village Water Reservoir in Village-166,NIT/Mun/AHM/2024/1308,Open Tender,Notice Inviting Tender (NIT),2024-04-05,2024-04-25,2024-05-03,940784.16,930000.0,CONTRACTOR-DEMO-0045,Shiv Shakti Rural Developers,3,Completed
TENDER-DEMO-01308,MPLADS-DEMO-000654,Procurement for Desilting and Deepening of Traditional Village Water Reservoir in Village-166,WO/AHM/2024/1309,E-Procurement,Work Order Issued,2024-04-21,2024-04-27,2024-04-30,930000.0,930000.0,CONTRACTOR-DEMO-0045,Shiv Shakti Rural Developers,1,Awarded
TENDER-DEMO-01309,MPLADS-DEMO-000655,Procurement for Development of Public Recreation Shed and Boundary Wall in Village-153,NIT/Mun/NAG/2023/1310,Open Tender,Notice Inviting Tender (NIT),2023-02-12,2023-02-23,2023-02-28,1126714.22,1140000.0,CONTRACTOR-DEMO-0149,Classic Buildcon Pvt Ltd,6,Completed
TENDER-DEMO-01310,MPLADS-DEMO-000655,Procurement for Development of Public Recreation Shed and Boundary Wall in Village-153,WO/NAG/2023/1311,E-Procurement,Work Order Issued,2023-02-21,2023-03-01,2023-03-08,1140000.0,1140000.0,CONTRACTOR-DEMO-0149,Classic Buildcon Pvt Ltd,1,Awarded
TENDER-DEMO-01311,MPLADS-DEMO-000656,Procurement for Supply and Erection of 30 Standalone Solar Street Lights in Village-12,NIT/Pan/AHM/2023/1312,Open Tender,Notice Inviting Tender (NIT),2023-06-21,2023-07-12,2023-07-23,715194.64,690000.0,CONTRACTOR-DEMO-0196,Pragati Engineering Works,7,Completed
TENDER-DEMO-01312,MPLADS-DEMO-000656,Procurement for Supply and Erection of 30 Standalone Solar Street Lights in Village-12,WO/AHM/2023/1313,E-Procurement,Work Order Issued,2023-07-11,2023-07-17,2023-07-22,690000.0,690000.0,CONTRACTOR-DEMO-0196,Pragati Engineering Works,1,Awarded
TENDER-DEMO-01313,MPLADS-DEMO-000657,Procurement for Interlocking Paver Block Road Installation along Main Street in Village-180,NIT/Mun/KOZ/2024/1314,Open Tender,Notice Inviting Tender (NIT),2024-02-22,2024-03-10,2024-03-19,1789678.77,1740000.0,CONTRACTOR-DEMO-0126,Swastik Engineers & Builders,4,Completed
TENDER-DEMO-01314,MPLADS-DEMO-000657,Procurement for Interlocking Paver Block Road Installation along Main Street in Village-180,WO/KOZ/2024/1315,E-Procurement,Work Order Issued,2024-02-28,2024-03-09,2024-03-11,1740000.0,1740000.0,CONTRACTOR-DEMO-0126,Swastik Engineers & Builders,1,Awarded
TENDER-DEMO-01315,MPLADS-DEMO-000658,Procurement for Construction of Check Dam and Water Harvesting Percolation Tank at Village-75,NIT/Min/KHO/2024/1316,Open Tender,Notice Inviting Tender (NIT),2024-01-22,2024-02-12,2024-02-22,1190969.03,1200000.0,CONTRACTOR-DEMO-0200,Gitanjali Construction Co,5,Completed
TENDER-DEMO-01316,MPLADS-DEMO-000658,Procurement for Construction of Check Dam and Water Harvesting Percolation Tank at Village-75,WO/KHO/2024/1317,E-Procurement,Work Order Issued,2024-02-02,2024-02-14,2024-02-16,1200000.0,1200000.0,CONTRACTOR-DEMO-0200,Gitanjali Construction Co,1,Awarded
TENDER-DEMO-01317,MPLADS-DEMO-000659,Procurement for Installation of 10kW Rooftop Solar Power System at Primary Health Center Village-187,NIT/Min/NAS/2023/1318,E-Procurement,Notice Inviting Tender (NIT),2023-07-19,2023-07-31,2023-08-07,1137275.61,1090000.0,CONTRACTOR-DEMO-0014,Surya Shakti Construction Co,6,Completed
TENDER-DEMO-01318,MPLADS-DEMO-000659,Procurement for Installation of 10kW Rooftop Solar Power System at Primary Health Center Village-187,WO/NAS/2023/1319,E-Procurement,Work Order Issued,2023-07-31,2023-08-08,2023-08-11,1090000.0,1090000.0,CONTRACTOR-DEMO-0014,Surya Shakti Construction Co,1,Awarded
TENDER-DEMO-01319,MPLADS-DEMO-000660,Procurement for Supply of Diagnostic Medical Equipment and Patient Beds to Rural Clinic in Village-62,NIT/Mun/WAR/2023/1320,Open Tender,Notice Inviting Tender (NIT),2023-09-17,2023-09-29,2023-10-06,1069837.7,1090000.0,CONTRACTOR-DEMO-0083,Maruti Buildcon Pvt Ltd,5,Completed
TENDER-DEMO-01320,MPLADS-DEMO-000660,Procurement for Supply of Diagnostic Medical Equipment and Patient Beds to Rural Clinic in Village-62,WO/WAR/2023/1321,E-Procurement,Work Order Issued,2023-10-09,2023-10-16,2023-10-18,1090000.0,1090000.0,CONTRACTOR-DEMO-0083,Maruti Buildcon Pvt Ltd,1,Awarded
TENDER-DEMO-01321,MPLADS-DEMO-000661,Procurement for Construction of Check Dam and Water Harvesting Percolation Tank at Village-128,NIT/Pan/KHO/2023/1322,E-Procurement,Notice Inviting Tender (NIT),2023-07-29,2023-08-10,2023-08-21,1510482.19,1470000.0,CONTRACTOR-DEMO-0185,United Construction Co,5,Completed
TENDER-DEMO-01322,MPLADS-DEMO-000661,Procurement for Construction of Check Dam and Water Harvesting Percolation Tank at Village-128,WO/KHO/2023/1323,E-Procurement,Work Order Issued,2023-08-17,2023-08-25,2023-08-28,1470000.0,1470000.0,CONTRACTOR-DEMO-0185,United Construction Co,1,Awarded
TENDER-DEMO-01323,MPLADS-DEMO-000662,Procurement for Construction of Separate Girls Toilet and Wash Area in Govt High School Village-196,NIT/Mun/GOR/2023/1324,E-Procurement,Notice Inviting Tender (NIT),2023-09-22,2023-10-13,2023-10-21,576615.68,580000.0,CONTRACTOR-DEMO-0108,Shanti Buildcon Pvt Ltd,5,Completed
TENDER-DEMO-01324,MPLADS-DEMO-000662,Procurement for Construction of Separate Girls Toilet and Wash Area in Govt High School Village-196,WO/GOR/2023/1325,E-Procurement,Work Order Issued,2023-09-28,2023-10-07,2023-10-12,580000.0,580000.0,CONTRACTOR-DEMO-0108,Shanti Buildcon Pvt Ltd,1,Awarded
TENDER-DEMO-01325,MPLADS-DEMO-000663,Procurement for Construction of Maternity & Child Healthcare Ward at Primary Health Sub-Center Village-113,NIT/Min/GAN/2023/1326,E-Procurement,Notice Inviting Tender (NIT),2023-10-28,2023-11-11,2023-11-23,2640560.57,2600000.0,CONTRACTOR-DEMO-0162,Reliable Enterprises,7,Completed
TENDER-DEMO-01326,MPLADS-DEMO-000663,Procurement for Construction of Maternity & Child Healthcare Ward at Primary Health Sub-Center Village-113,WO/GAN/2023/1327,E-Procurement,Work Order Issued,2023-11-07,2023-11-12,2023-11-16,2600000.0,2600000.0,CONTRACTOR-DEMO-0162,Reliable Enterprises,1,Awarded
TENDER-DEMO-01327,MPLADS-DEMO-000664,Procurement for Construction of Maternity & Child Healthcare Ward at Primary Health Sub-Center Village-180,NIT/Pub/AHM/2023/1328,E-Procurement,Notice Inviting Tender (NIT),2023-07-27,2023-08-06,2023-08-13,2020288.78,2060000.0,CONTRACTOR-DEMO-0175,Premier Projects Ltd,5,Completed
TENDER-DEMO-01328,MPLADS-DEMO-000664,Procurement for Construction of Maternity & Child Healthcare Ward at Primary Health Sub-Center Village-180,WO/AHM/2023/1329,E-Procurement,Work Order Issued,2023-08-15,2023-08-25,2023-08-27,2060000.0,2060000.0,CONTRACTOR-DEMO-0175,Premier Projects Ltd,1,Awarded
TENDER-DEMO-01329,MPLADS-DEMO-000665,Procurement for Setup of Science Laboratory and Learning Resource Center in Village-165,NIT/Pub/UDA/2024/1330,Open Tender,Notice Inviting Tender (NIT),2024-05-12,2024-05-25,2024-06-06,1045221.82,1030000.0,CONTRACTOR-DEMO-0088,Alliance Contractors,7,Completed
TENDER-DEMO-01330,MPLADS-DEMO-000665,Procurement for Setup of Science Laboratory and Learning Resource Center in Village-165,WO/UDA/2024/1331,E-Procurement,Work Order Issued,2024-05-26,2024-06-06,2024-06-11,1030000.0,1030000.0,CONTRACTOR-DEMO-0088,Alliance Contractors,1,Awarded
TENDER-DEMO-01331,MPLADS-DEMO-000666,Procurement for Construction of Culvert and Cross-Drainage Structure on Link Road Village-55,NIT/Mun/JOD/2024/1332,Open Tender,Notice Inviting Tender (NIT),2024-06-06,2024-06-18,2024-06-28,1927167.15,1910000.0,CONTRACTOR-DEMO-0085,Kisan Rural Developers,5,Completed
TENDER-DEMO-01332,MPLADS-DEMO-000666,Procurement for Construction of Culvert and Cross-Drainage Structure on Link Road Village-55,WO/JOD/2024/1333,E-Procurement,Work Order Issued,2024-06-15,2024-06-27,2024-07-02,1910000.0,1910000.0,CONTRACTOR-DEMO-0085,Kisan Rural Developers,1,Awarded
TENDER-DEMO-01333,MPLADS-DEMO-000667,Procurement for Supply and Erection of 30 Standalone Solar Street Lights in Village-16,NIT/Rur/AHM/2023/1334,Open Tender,Notice Inviting Tender (NIT),2023-04-18,2023-05-03,2023-05-10,763224.97,770000.0,CONTRACTOR-DEMO-0166,Shiv Shakti Engineers & Builders,5,Completed
TENDER-DEMO-01334,MPLADS-DEMO-000667,Procurement for Supply and Erection of 30 Standalone Solar Street Lights in Village-16,WO/AHM/2023/1335,E-Procurement,Work Order Issued,2023-05-13,2023-05-18,2023-05-23,770000.0,770000.0,CONTRACTOR-DEMO-0166,Shiv Shakti Engineers & Builders,1,Awarded
TENDER-DEMO-01335,MPLADS-DEMO-000668,Procurement for Installation of Community RO Water Purification Plant at Village-71,NIT/Dis/SUR/2023/1336,Open Tender,Notice Inviting Tender (NIT),2023-05-17,2023-06-02,2023-06-12,1068891.17,1050000.0,CONTRACTOR-DEMO-0113,Modern Buildcon Pvt Ltd,4,Completed
TENDER-DEMO-01336,MPLADS-DEMO-000668,Procurement for Installation of Community RO Water Purification Plant at Village-71,WO/SUR/2023/1337,E-Procurement,Work Order Issued,2023-05-29,2023-06-03,2023-06-10,1050000.0,1050000.0,CONTRACTOR-DEMO-0113,Modern Buildcon Pvt Ltd,1,Awarded
TENDER-DEMO-01337,MPLADS-DEMO-000669,Procurement for Interlocking Paver Block Road Installation along Main Street in Village-51,NIT/Pan/WAR/2024/1338,Open Tender,Notice Inviting Tender (NIT),2024-06-07,2024-06-26,2024-07-03,1386789.12,1400000.0,CONTRACTOR-DEMO-0150,Reliable Engineering Works,5,Completed
TENDER-DEMO-01338,MPLADS-DEMO-000669,Procurement for Interlocking Paver Block Road Installation along Main Street in Village-51,WO/WAR/2024/1339,E-Procurement,Work Order Issued,2024-06-27,2024-07-03,2024-07-07,1400000.0,1400000.0,CONTRACTOR-DEMO-0150,Reliable Engineering Works,1,Awarded
TENDER-DEMO-01339,MPLADS-DEMO-000670,Procurement for Development of Public Recreation Shed and Boundary Wall in Village-20,NIT/Rur/KAR/2024/1340,E-Procurement,Notice Inviting Tender (NIT),2024-05-15,2024-05-28,2024-06-02,1069863.59,1080000.0,CONTRACTOR-DEMO-0121,Apex Engineering Works,5,Completed
TENDER-DEMO-01340,MPLADS-DEMO-000670,Procurement for Development of Public Recreation Shed and Boundary Wall in Village-20,WO/KAR/2024/1341,E-Procurement,Work Order Issued,2024-06-01,2024-06-12,2024-06-15,1080000.0,1080000.0,CONTRACTOR-DEMO-0121,Apex Engineering Works,1,Awarded
TENDER-DEMO-01341,MPLADS-DEMO-000671,Procurement for Desilting and Deepening of Traditional Village Water Reservoir in Village-30,NIT/Rur/BEN/2023/1342,E-Procurement,Notice Inviting Tender (NIT),2023-08-27,2023-09-09,2023-09-21,1160268.47,1130000.0,CONTRACTOR-DEMO-0013,Bharat Engineering Works,4,Completed
TENDER-DEMO-01342,MPLADS-DEMO-000671,Procurement for Desilting and Deepening of Traditional Village Water Reservoir in Village-30,WO/BEN/2023/1343,E-Procurement,Work Order Issued,2023-09-17,2023-09-24,2023-09-30,1130000.0,1130000.0,CONTRACTOR-DEMO-0013,Bharat Engineering Works,1,Awarded
TENDER-DEMO-01343,MPLADS-DEMO-000672,Procurement for Laying of Underground Drinking Water Pipeline Distribution in Village-179,NIT/Dis/KOZ/2023/1344,Open Tender,Notice Inviting Tender (NIT),2023-04-12,2023-05-02,2023-05-09,1258229.99,1280000.0,CONTRACTOR-DEMO-0081,Vanguard Urban Works Pvt Ltd,6,Completed
TENDER-DEMO-01344,MPLADS-DEMO-000672,Procurement for Laying of Underground Drinking Water Pipeline Distribution in Village-179,WO/KOZ/2023/1345,E-Procurement,Work Order Issued,2023-04-26,2023-05-06,2023-05-13,1280000.0,1280000.0,CONTRACTOR-DEMO-0081,Vanguard Urban Works Pvt Ltd,1,Awarded
TENDER-DEMO-01345,MPLADS-DEMO-000673,Procurement for Construction of Check Dam and Water Harvesting Percolation Tank at Village-180,NIT/Rur/MYS/2023/1346,E-Procurement,Notice Inviting Tender (NIT),2023-11-06,2023-11-25,2023-11-30,1660891.23,1620000.0,CONTRACTOR-DEMO-0033,Golden Buildcon Pvt Ltd,7,Completed
TENDER-DEMO-01346,MPLADS-DEMO-000673,Procurement for Construction of Check Dam and Water Harvesting Percolation Tank at Village-180,WO/MYS/2023/1347,E-Procurement,Work Order Issued,2023-11-23,2023-11-29,2023-12-02,1620000.0,1620000.0,CONTRACTOR-DEMO-0033,Golden Buildcon Pvt Ltd,1,Awarded
TENDER-DEMO-01347,MPLADS-DEMO-000674,Procurement for Construction of Separate Girls Toilet and Wash Area in Govt High School Village-46,NIT/Pub/JAB/2024/1348,Open Tender,Notice Inviting Tender (NIT),2024-01-22,2024-02-12,2024-02-18,766621.6,770000.0,CONTRACTOR-DEMO-0026,Gitanjali Buildcon Pvt Ltd,7,Completed
TENDER-DEMO-01348,MPLADS-DEMO-000674,Procurement for Construction of Separate Girls Toilet and Wash Area in Govt High School Village-46,WO/JAB/2024/1349,E-Procurement,Work Order Issued,2024-02-07,2024-02-12,2024-02-16,770000.0,770000.0,CONTRACTOR-DEMO-0026,Gitanjali Buildcon Pvt Ltd,1,Awarded
TENDER-DEMO-01349,MPLADS-DEMO-000675,Procurement for Construction of Maternity & Child Healthcare Ward at Primary Health Sub-Center Village-158,NIT/Pan/SUR/2023/1350,Open Tender,Notice Inviting Tender (NIT),2023-11-02,2023-11-23,2023-11-30,3140543.08,3190000.0,CONTRACTOR-DEMO-0061,Gitanjali Engineers & Builders,3,Completed
TENDER-DEMO-01350,MPLADS-DEMO-000675,Procurement for Construction of Maternity & Child Healthcare Ward at Primary Health Sub-Center Village-158,WO/SUR/2023/1351,E-Procurement,Work Order Issued,2023-11-17,2023-11-24,2023-11-26,3190000.0,3190000.0,CONTRACTOR-DEMO-0061,Gitanjali Engineers & Builders,1,Awarded
TENDER-DEMO-01351,MPLADS-DEMO-000676,Procurement for Construction of Additional Classrooms at Govt Senior Secondary School Village-51,NIT/Dis/DHA/2023/1352,Open Tender,Notice Inviting Tender (NIT),2023-09-02,2023-09-13,2023-09-23,2364294.08,2290000.0,CONTRACTOR-DEMO-0133,Mahalaxmi Contractors,7,Completed
TENDER-DEMO-01352,MPLADS-DEMO-000676,Procurement for Construction of Additional Classrooms at Govt Senior Secondary School Village-51,WO/DHA/2023/1353,E-Procurement,Work Order Issued,2023-09-12,2023-09-22,2023-09-28,2290000.0,2290000.0,CONTRACTOR-DEMO-0133,Mahalaxmi Contractors,1,Awarded
TENDER-DEMO-01353,MPLADS-DEMO-000677,Procurement for Supply of Diagnostic Medical Equipment and Patient Beds to Rural Clinic in Village-79,NIT/Dis/GOR/2024/1354,E-Procurement,Notice Inviting Tender (NIT),2024-05-15,2024-05-31,2024-06-11,1556782.62,1530000.0,CONTRACTOR-DEMO-0043,Panchsheel Engineers & Builders,6,Completed
TENDER-DEMO-01354,MPLADS-DEMO-000677,Procurement for Supply of Diagnostic Medical Equipment and Patient Beds to Rural Clinic in Village-79,WO/GOR/2024/1355,E-Procurement,Work Order Issued,2024-05-29,2024-06-03,2024-06-05,1530000.0,1530000.0,CONTRACTOR-DEMO-0043,Panchsheel Engineers & Builders,1,Awarded
TENDER-DEMO-01355,MPLADS-DEMO-000678,Procurement for Construction of Reinforced Concrete Irrigation Sluice Gate and Channel in Village-190,NIT/Pub/KAR/2024/1356,Open Tender,Notice Inviting Tender (NIT),2024-06-17,2024-07-05,2024-07-15,1627310.62,1630000.0,CONTRACTOR-DEMO-0104,Panchsheel Enterprises,7,Completed
TENDER-DEMO-01356,MPLADS-DEMO-000678,Procurement for Construction of Reinforced Concrete Irrigation Sluice Gate and Channel in Village-190,WO/KAR/2024/1357,E-Procurement,Work Order Issued,2024-06-24,2024-07-05,2024-07-09,1630000.0,1630000.0,CONTRACTOR-DEMO-0104,Panchsheel Enterprises,1,Awarded
TENDER-DEMO-01357,MPLADS-DEMO-000679,Procurement for Supply and Erection of 30 Standalone Solar Street Lights in Village-33,NIT/Mun/NIZ/2023/1358,Open Tender,Notice Inviting Tender (NIT),2023-04-23,2023-05-05,2023-05-10,599618.18,610000.0,CONTRACTOR-DEMO-0036,Sai Projects Ltd,6,Completed
TENDER-DEMO-01358,MPLADS-DEMO-000679,Procurement for Supply and Erection of 30 Standalone Solar Street Lights in Village-33,WO/NIZ/2023/1359,E-Procurement,Work Order Issued,2023-05-05,2023-05-17,2023-05-22,610000.0,610000.0,CONTRACTOR-DEMO-0036,Sai Projects Ltd,1,Awarded
TENDER-DEMO-01359,MPLADS-DEMO-000680,Procurement for Development of Emergency Cold Storage and Pharmacy Room at Hospital Village-101,NIT/Pub/NAG/2023/1360,E-Procurement,Notice Inviting Tender (NIT),2023-06-26,2023-07-09,2023-07-19,1555175.64,1530000.0,CONTRACTOR-DEMO-0115,Reliable Urban Works Pvt Ltd,6,Completed
TENDER-DEMO-01360,MPLADS-DEMO-000680,Procurement for Development of Emergency Cold Storage and Pharmacy Room at Hospital Village-101,WO/NAG/2023/1361,E-Procurement,Work Order Issued,2023-07-17,2023-07-26,2023-07-31,1530000.0,1530000.0,CONTRACTOR-DEMO-0115,Reliable Urban Works Pvt Ltd,1,Awarded
TENDER-DEMO-01361,MPLADS-DEMO-000681,Procurement for Construction of Reinforced Concrete Irrigation Sluice Gate and Channel in Village-40,NIT/Rur/SAL/2024/1362,Open Tender,Notice Inviting Tender (NIT),2024-01-23,2024-02-13,2024-02-19,1021705.53,1000000.0,CONTRACTOR-DEMO-0051,Maruti Engineering Works,4,Completed
TENDER-DEMO-01362,MPLADS-DEMO-000681,Procurement for Construction of Reinforced Concrete Irrigation Sluice Gate and Channel in Village-40,WO/SAL/2024/1363,E-Procurement,Work Order Issued,2024-02-07,2024-02-16,2024-02-23,1000000.0,1000000.0,CONTRACTOR-DEMO-0051,Maruti Engineering Works,1,Awarded
TENDER-DEMO-01363,MPLADS-DEMO-000682,Procurement for Drilling of Deep Borewell and Solar-Powered Overhead Water Tank at Village-50,NIT/Min/SAL/2023/1364,Open Tender,Notice Inviting Tender (NIT),2023-05-25,2023-06-05,2023-06-12,1019739.73,990000.0,CONTRACTOR-DEMO-0040,Balaji Rural Developers,6,Completed
TENDER-DEMO-01364,MPLADS-DEMO-000682,Procurement for Drilling of Deep Borewell and Solar-Powered Overhead Water Tank at Village-50,WO/SAL/2023/1365,E-Procurement,Work Order Issued,2023-06-07,2023-06-14,2023-06-16,990000.0,990000.0,CONTRACTOR-DEMO-0040,Balaji Rural Developers,1,Awarded
TENDER-DEMO-01365,MPLADS-DEMO-000683,Procurement for Development of Emergency Cold Storage and Pharmacy Room at Hospital Village-27,NIT/Rur/RAJ/2024/1366,Open Tender,Notice Inviting Tender (NIT),2024-04-21,2024-05-03,2024-05-08,1351882.82,1350000.0,CONTRACTOR-DEMO-0096,Kisan Contractors,3,Completed
TENDER-DEMO-01366,MPLADS-DEMO-000683,Procurement for Development of Emergency Cold Storage and Pharmacy Room at Hospital Village-27,WO/RAJ/2024/1367,E-Procurement,Work Order Issued,2024-05-03,2024-05-12,2024-05-15,1350000.0,1350000.0,CONTRACTOR-DEMO-0096,Kisan Contractors,1,Awarded
TENDER-DEMO-01367,MPLADS-DEMO-000684,Procurement for Renovation and Expansion of Village Panchayat Bhavan in Village-6,NIT/Pub/IND/2024/1368,E-Procurement,Notice Inviting Tender (NIT),2024-04-25,2024-05-13,2024-05-21,1646776.73,1590000.0,CONTRACTOR-DEMO-0080,Krishna Urban Works Pvt Ltd,3,Completed
TENDER-DEMO-01368,MPLADS-DEMO-000684,Procurement for Renovation and Expansion of Village Panchayat Bhavan in Village-6,WO/IND/2024/1369,E-Procurement,Work Order Issued,2024-05-06,2024-05-18,2024-05-24,1590000.0,1590000.0,CONTRACTOR-DEMO-0080,Krishna Urban Works Pvt Ltd,1,Awarded
TENDER-DEMO-01369,MPLADS-DEMO-000685,Procurement for Installation of Community RO Water Purification Plant at Village-31,NIT/Mun/CUT/2023/1370,Open Tender,Notice Inviting Tender (NIT),2023-01-23,2023-02-03,2023-02-15,936350.15,900000.0,CONTRACTOR-DEMO-0053,Bharat Engineers & Builders,6,Completed
TENDER-DEMO-01370,MPLADS-DEMO-000685,Procurement for Installation of Community RO Water Purification Plant at Village-31,WO/CUT/2023/1371,E-Procurement,Work Order Issued,2023-01-30,2023-02-10,2023-02-16,900000.0,900000.0,CONTRACTOR-DEMO-0053,Bharat Engineers & Builders,1,Awarded
TENDER-DEMO-01371,MPLADS-DEMO-000686,Procurement for Installation of Solar LED High-Mast Lighting System at Market Yard Village-133,NIT/Rur/RAJ/2023/1372,Open Tender,Notice Inviting Tender (NIT),2023-06-30,2023-07-19,2023-07-25,697420.33,680000.0,CONTRACTOR-DEMO-0181,Navnirman Engineers & Builders,7,Completed
TENDER-DEMO-01372,MPLADS-DEMO-000686,Procurement for Installation of Solar LED High-Mast Lighting System at Market Yard Village-133,WO/RAJ/2023/1373,E-Procurement,Work Order Issued,2023-07-17,2023-07-23,2023-07-30,680000.0,680000.0,CONTRACTOR-DEMO-0181,Navnirman Engineers & Builders,1,Awarded
TENDER-DEMO-01373,MPLADS-DEMO-000687,Procurement for Construction of Culvert and Cross-Drainage Structure on Link Road Village-52,NIT/Min/GOR/2023/1374,E-Procurement,Notice Inviting Tender (NIT),2023-09-19,2023-09-29,2023-10-07,2030462.53,1950000.0,CONTRACTOR-DEMO-0054,Krishna Construction Co,6,Completed
TENDER-DEMO-01374,MPLADS-DEMO-000687,Procurement for Construction of Culvert and Cross-Drainage Structure on Link Road Village-52,WO/GOR/2023/1375,E-Procurement,Work Order Issued,2023-09-29,2023-10-04,2023-10-11,1950000.0,1950000.0,CONTRACTOR-DEMO-0054,Krishna Construction Co,1,Awarded
TENDER-DEMO-01375,MPLADS-DEMO-000688,Procurement for Supply of Diagnostic Medical Equipment and Patient Beds to Rural Clinic in Village-101,NIT/Mun/KHO/2024/1376,Open Tender,Notice Inviting Tender (NIT),2024-06-11,2024-07-02,2024-07-07,1722642.52,1750000.0,CONTRACTOR-DEMO-0112,Hindustan Infrastructure Ltd,5,Completed
TENDER-DEMO-01376,MPLADS-DEMO-000688,Procurement for Supply of Diagnostic Medical Equipment and Patient Beds to Rural Clinic in Village-101,WO/KHO/2024/1377,E-Procurement,Work Order Issued,2024-06-24,2024-07-01,2024-07-07,1750000.0,1750000.0,CONTRACTOR-DEMO-0112,Hindustan Infrastructure Ltd,1,Awarded
TENDER-DEMO-01377,MPLADS-DEMO-000689,Procurement for Upgradation of Rural Link Road connecting Hamlet to Main Highway at Village-160,NIT/Mun/KOZ/2023/1378,Open Tender,Notice Inviting Tender (NIT),2023-11-27,2023-12-10,2023-12-21,3198099.63,3220000.0,CONTRACTOR-DEMO-0012,Vanguard Rural Developers,3,Completed
TENDER-DEMO-01378,MPLADS-DEMO-000689,Procurement for Upgradation of Rural Link Road connecting Hamlet to Main Highway at Village-160,WO/KOZ/2023/1379,E-Procurement,Work Order Issued,2023-12-12,2023-12-22,2023-12-29,3220000.0,3220000.0,CONTRACTOR-DEMO-0012,Vanguard Rural Developers,1,Awarded
TENDER-DEMO-01379,MPLADS-DEMO-000690,Procurement for Supply and Erection of 30 Standalone Solar Street Lights in Village-76,NIT/Pub/GOR/2023/1380,Open Tender,Notice Inviting Tender (NIT),2023-05-05,2023-05-20,2023-05-27,829095.88,830000.0,CONTRACTOR-DEMO-0066,Aditya Projects Ltd,7,Completed
TENDER-DEMO-01380,MPLADS-DEMO-000690,Procurement for Supply and Erection of 30 Standalone Solar Street Lights in Village-76,WO/GOR/2023/1381,E-Procurement,Work Order Issued,2023-05-16,2023-05-21,2023-05-25,830000.0,830000.0,CONTRACTOR-DEMO-0066,Aditya Projects Ltd,1,Awarded
TENDER-DEMO-01381,MPLADS-DEMO-000691,Procurement for Supply of Diagnostic Medical Equipment and Patient Beds to Rural Clinic in Village-96,NIT/Mun/VAR/2023/1382,Open Tender,Notice Inviting Tender (NIT),2023-07-09,2023-07-25,2023-08-01,1036460.92,1010000.0,CONTRACTOR-DEMO-0063,Navnirman Infrastructure Ltd,7,Completed
TENDER-DEMO-01382,MPLADS-DEMO-000691,Procurement for Supply of Diagnostic Medical Equipment and Patient Beds to Rural Clinic in Village-96,WO/VAR/2023/1383,E-Procurement,Work Order Issued,2023-07-24,2023-07-29,2023-08-03,1010000.0,1010000.0,CONTRACTOR-DEMO-0063,Navnirman Infrastructure Ltd,1,Awarded
TENDER-DEMO-01383,MPLADS-DEMO-000692,Procurement for Construction of Separate Girls Toilet and Wash Area in Govt High School Village-155,NIT/Dis/SUR/2024/1384,E-Procurement,Notice Inviting Tender (NIT),2024-04-02,2024-04-20,2024-05-01,842758.84,850000.0,CONTRACTOR-DEMO-0085,Kisan Rural Developers,6,Completed
TENDER-DEMO-01384,MPLADS-DEMO-000692,Procurement for Construction of Separate Girls Toilet and Wash Area in Govt High School Village-155,WO/SUR/2024/1385,E-Procurement,Work Order Issued,2024-04-21,2024-04-29,2024-05-02,850000.0,850000.0,CONTRACTOR-DEMO-0085,Kisan Rural Developers,1,Awarded
TENDER-DEMO-01385,MPLADS-DEMO-000693,Procurement for Installation of Community RO Water Purification Plant at Village-127,NIT/Dis/VAR/2023/1386,E-Procurement,Notice Inviting Tender (NIT),2023-12-02,2023-12-20,2023-12-28,895897.25,860000.0,CONTRACTOR-DEMO-0009,Golden Urban Works Pvt Ltd,7,Completed
TENDER-DEMO-01386,MPLADS-DEMO-000693,Procurement for Installation of Community RO Water Purification Plant at Village-127,WO/VAR/2023/1387,E-Procurement,Work Order Issued,2023-12-14,2023-12-22,2023-12-25,860000.0,860000.0,CONTRACTOR-DEMO-0009,Golden Urban Works Pvt Ltd,1,Awarded
TENDER-DEMO-01387,MPLADS-DEMO-000694,Procurement for Development of Emergency Cold Storage and Pharmacy Room at Hospital Village-2,NIT/Pub/RAJ/2023/1388,E-Procurement,Notice Inviting Tender (NIT),2023-10-01,2023-10-17,2023-10-23,2304949.09,2270000.0,CONTRACTOR-DEMO-0124,Samriddhi Construction Co,3,Completed
TENDER-DEMO-01388,MPLADS-DEMO-000694,Procurement for Development of Emergency Cold Storage and Pharmacy Room at Hospital Village-2,WO/RAJ/2023/1389,E-Procurement,Work Order Issued,2023-10-24,2023-10-31,2023-11-05,2270000.0,2270000.0,CONTRACTOR-DEMO-0124,Samriddhi Construction Co,1,Awarded
TENDER-DEMO-01389,MPLADS-DEMO-000695,Procurement for Desilting and Deepening of Traditional Village Water Reservoir in Village-186,NIT/Min/KAR/2023/1390,Open Tender,Notice Inviting Tender (NIT),2023-07-10,2023-07-21,2023-07-29,1252875.84,1240000.0,CONTRACTOR-DEMO-0130,Vikas Urban Works Pvt Ltd,5,Completed
TENDER-DEMO-01390,MPLADS-DEMO-000695,Procurement for Desilting and Deepening of Traditional Village Water Reservoir in Village-186,WO/KAR/2023/1391,E-Procurement,Work Order Issued,2023-08-03,2023-08-08,2023-08-10,1240000.0,1240000.0,CONTRACTOR-DEMO-0130,Vikas Urban Works Pvt Ltd,1,Awarded
TENDER-DEMO-01391,MPLADS-DEMO-000696,Procurement for Construction of Open Air Gymnasium and Seating Area at Village-159,NIT/Min/GAN/2024/1392,Open Tender,Notice Inviting Tender (NIT),2024-04-20,2024-05-02,2024-05-09,606388.04,610000.0,CONTRACTOR-DEMO-0052,Siddhartha Urban Works Pvt Ltd,4,Completed
TENDER-DEMO-01392,MPLADS-DEMO-000696,Procurement for Construction of Open Air Gymnasium and Seating Area at Village-159,WO/GAN/2024/1393,E-Procurement,Work Order Issued,2024-05-05,2024-05-11,2024-05-18,610000.0,610000.0,CONTRACTOR-DEMO-0052,Siddhartha Urban Works Pvt Ltd,1,Awarded
TENDER-DEMO-01393,MPLADS-DEMO-000697,Procurement for Desilting and Deepening of Traditional Village Water Reservoir in Village-138,NIT/Min/CUT/2023/1394,Open Tender,Notice Inviting Tender (NIT),2023-03-07,2023-03-22,2023-03-29,870557.41,860000.0,CONTRACTOR-DEMO-0088,Alliance Contractors,7,Completed
TENDER-DEMO-01394,MPLADS-DEMO-000697,Procurement for Desilting and Deepening of Traditional Village Water Reservoir in Village-138,WO/CUT/2023/1395,E-Procurement,Work Order Issued,2023-03-17,2023-03-29,2023-04-02,860000.0,860000.0,CONTRACTOR-DEMO-0088,Alliance Contractors,1,Awarded
TENDER-DEMO-01395,MPLADS-DEMO-000698,Procurement for Desilting and Deepening of Traditional Village Water Reservoir in Village-70,NIT/Mun/MAD/2024/1396,Open Tender,Notice Inviting Tender (NIT),2024-04-08,2024-04-24,2024-05-06,1562346.3,1540000.0,CONTRACTOR-DEMO-0137,Om Contractors,3,Completed
TENDER-DEMO-01396,MPLADS-DEMO-000698,Procurement for Desilting and Deepening of Traditional Village Water Reservoir in Village-70,WO/MAD/2024/1397,E-Procurement,Work Order Issued,2024-04-12,2024-04-23,2024-04-30,1540000.0,1540000.0,CONTRACTOR-DEMO-0137,Om Contractors,1,Awarded
TENDER-DEMO-01397,MPLADS-DEMO-000699,Procurement for Supply and Erection of 30 Standalone Solar Street Lights in Village-170,NIT/Min/LUC/2023/1398,Open Tender,Notice Inviting Tender (NIT),2023-06-08,2023-06-27,2023-07-04,784351.34,800000.0,CONTRACTOR-DEMO-0172,Aditya Enterprises,7,Completed
TENDER-DEMO-01398,MPLADS-DEMO-000699,Procurement for Supply and Erection of 30 Standalone Solar Street Lights in Village-170,WO/LUC/2023/1399,E-Procurement,Work Order Issued,2023-06-25,2023-07-04,2023-07-07,800000.0,800000.0,CONTRACTOR-DEMO-0172,Aditya Enterprises,1,Awarded
TENDER-DEMO-01399,MPLADS-DEMO-000700,Procurement for Construction of Check Dam and Water Harvesting Percolation Tank at Village-178,NIT/Mun/KOZ/2023/1400,E-Procurement,Notice Inviting Tender (NIT),2023-10-02,2023-10-21,2023-10-28,1184854.58,1170000.0,CONTRACTOR-DEMO-0057,Universal Projects Ltd,6,Completed
TENDER-DEMO-01400,MPLADS-DEMO-000700,Procurement for Construction of Check Dam and Water Harvesting Percolation Tank at Village-178,WO/KOZ/2023/1401,E-Procurement,Work Order Issued,2023-10-13,2023-10-19,2023-10-24,1170000.0,1170000.0,CONTRACTOR-DEMO-0057,Universal Projects Ltd,1,Awarded
TENDER-DEMO-01401,MPLADS-DEMO-000701,Procurement for Installation of 10kW Rooftop Solar Power System at Primary Health Center Village-81,NIT/Mun/WAR/2023/1402,Open Tender,Notice Inviting Tender (NIT),2023-03-14,2023-03-29,2023-04-09,908306.3,890000.0,CONTRACTOR-DEMO-0119,Shiv Shakti Infrastructure Ltd,7,Completed
TENDER-DEMO-01402,MPLADS-DEMO-000701,Procurement for Installation of 10kW Rooftop Solar Power System at Primary Health Center Village-81,WO/WAR/2023/1403,E-Procurement,Work Order Issued,2023-03-23,2023-04-01,2023-04-05,890000.0,890000.0,CONTRACTOR-DEMO-0119,Shiv Shakti Infrastructure Ltd,1,Awarded
TENDER-DEMO-01403,MPLADS-DEMO-000702,Procurement for Laying of Underground Drinking Water Pipeline Distribution in Village-49,NIT/Pub/MYS/2023/1404,E-Procurement,Notice Inviting Tender (NIT),2023-03-01,2023-03-13,2023-03-18,1248723.29,1190000.0,CONTRACTOR-DEMO-0065,Kisan Enterprises,4,Completed
TENDER-DEMO-01404,MPLADS-DEMO-000702,Procurement for Laying of Underground Drinking Water Pipeline Distribution in Village-49,WO/MYS/2023/1405,E-Procurement,Work Order Issued,2023-03-20,2023-03-31,2023-04-04,1190000.0,1190000.0,CONTRACTOR-DEMO-0065,Kisan Enterprises,1,Awarded
TENDER-DEMO-01405,MPLADS-DEMO-000703,Procurement for Installation of Digital Smart Classroom and Computer Lab Infrastructure at Village-69,NIT/Mun/CUT/2023/1406,E-Procurement,Notice Inviting Tender (NIT),2023-10-15,2023-11-02,2023-11-13,1312494.65,1270000.0,CONTRACTOR-DEMO-0105,Krishna Buildcon Pvt Ltd,7,Completed
TENDER-DEMO-01406,MPLADS-DEMO-000703,Procurement for Installation of Digital Smart Classroom and Computer Lab Infrastructure at Village-69,WO/CUT/2023/1407,E-Procurement,Work Order Issued,2023-11-05,2023-11-11,2023-11-14,1270000.0,1270000.0,CONTRACTOR-DEMO-0105,Krishna Buildcon Pvt Ltd,1,Awarded
TENDER-DEMO-01407,MPLADS-DEMO-000704,Procurement for Supply and Erection of 30 Standalone Solar Street Lights in Village-14,NIT/Mun/BHO/2023/1408,Open Tender,Notice Inviting Tender (NIT),2023-08-20,2023-09-06,2023-09-14,530828.58,530000.0,CONTRACTOR-DEMO-0049,National Buildcon Pvt Ltd,7,Completed
TENDER-DEMO-01408,MPLADS-DEMO-000704,Procurement for Supply and Erection of 30 Standalone Solar Street Lights in Village-14,WO/BHO/2023/1409,E-Procurement,Work Order Issued,2023-09-04,2023-09-14,2023-09-18,530000.0,530000.0,CONTRACTOR-DEMO-0049,National Buildcon Pvt Ltd,1,Awarded
TENDER-DEMO-01409,MPLADS-DEMO-000705,Procurement for Installation of 10kW Rooftop Solar Power System at Primary Health Center Village-127,NIT/Pub/GOR/2023/1410,E-Procurement,Notice Inviting Tender (NIT),2023-05-06,2023-05-25,2023-06-03,646998.27,630000.0,CONTRACTOR-DEMO-0065,Kisan Enterprises,3,Completed
TENDER-DEMO-01410,MPLADS-DEMO-000705,Procurement for Installation of 10kW Rooftop Solar Power System at Primary Health Center Village-127,WO/GOR/2023/1411,E-Procurement,Work Order Issued,2023-05-19,2023-05-28,2023-05-31,630000.0,630000.0,CONTRACTOR-DEMO-0065,Kisan Enterprises,1,Awarded
TENDER-DEMO-01411,MPLADS-DEMO-000706,Procurement for Construction of Open Air Gymnasium and Seating Area at Village-58,NIT/Dis/DHA/2024/1412,E-Procurement,Notice Inviting Tender (NIT),2024-02-10,2024-02-27,2024-03-07,1136549.1,1110000.0,CONTRACTOR-DEMO-0056,Om Construction Co,4,Completed
TENDER-DEMO-01412,MPLADS-DEMO-000706,Procurement for Construction of Open Air Gymnasium and Seating Area at Village-58,WO/DHA/2024/1413,E-Procurement,Work Order Issued,2024-02-14,2024-02-25,2024-03-02,1110000.0,1110000.0,CONTRACTOR-DEMO-0056,Om Construction Co,1,Awarded
TENDER-DEMO-01413,MPLADS-DEMO-000707,Procurement for Upgradation of Rural Link Road connecting Hamlet to Main Highway at Village-188,NIT/Rur/SAL/2024/1414,E-Procurement,Notice Inviting Tender (NIT),2024-01-07,2024-01-18,2024-01-30,4733665.83,4640000.0,CONTRACTOR-DEMO-0046,Classic Projects Ltd,6,Completed
TENDER-DEMO-01414,MPLADS-DEMO-000707,Procurement for Upgradation of Rural Link Road connecting Hamlet to Main Highway at Village-188,WO/SAL/2024/1415,E-Procurement,Work Order Issued,2024-01-26,2024-01-31,2024-02-06,4640000.0,4640000.0,CONTRACTOR-DEMO-0046,Classic Projects Ltd,1,Awarded
TENDER-DEMO-01415,MPLADS-DEMO-000708,Procurement for Installation of Digital Smart Classroom and Computer Lab Infrastructure at Village-4,NIT/Pub/JOD/2023/1416,E-Procurement,Notice Inviting Tender (NIT),2023-03-04,2023-03-22,2023-04-03,721072.47,720000.0,CONTRACTOR-DEMO-0153,Siddhartha Infrastructure Ltd,6,Completed
TENDER-DEMO-01416,MPLADS-DEMO-000708,Procurement for Installation of Digital Smart Classroom and Computer Lab Infrastructure at Village-4,WO/JOD/2023/1417,E-Procurement,Work Order Issued,2023-03-09,2023-03-19,2023-03-26,720000.0,720000.0,CONTRACTOR-DEMO-0153,Siddhartha Infrastructure Ltd,1,Awarded
TENDER-DEMO-01417,MPLADS-DEMO-000709,Procurement for Construction of Check Dam and Water Harvesting Percolation Tank at Village-121,NIT/Min/BEN/2023/1418,Open Tender,Notice Inviting Tender (NIT),2023-05-11,2023-05-27,2023-06-05,1793189.14,1820000.0,CONTRACTOR-DEMO-0081,Vanguard Urban Works Pvt Ltd,7,Completed
TENDER-DEMO-01418,MPLADS-DEMO-000709,Procurement for Construction of Check Dam and Water Harvesting Percolation Tank at Village-121,WO/BEN/2023/1419,E-Procurement,Work Order Issued,2023-05-26,2023-06-04,2023-06-06,1820000.0,1820000.0,CONTRACTOR-DEMO-0081,Vanguard Urban Works Pvt Ltd,1,Awarded
TENDER-DEMO-01419,MPLADS-DEMO-000710,Procurement for Setup of Science Laboratory and Learning Resource Center in Village-189,NIT/Mun/JOD/2023/1420,E-Procurement,Notice Inviting Tender (NIT),2023-01-29,2023-02-15,2023-02-23,1740397.19,1740000.0,CONTRACTOR-DEMO-0173,Kisan Infrastructure Ltd,6,Completed
TENDER-DEMO-01420,MPLADS-DEMO-000710,Procurement for Setup of Science Laboratory and Learning Resource Center in Village-189,WO/JOD/2023/1421,E-Procurement,Work Order Issued,2023-02-18,2023-02-26,2023-03-03,1740000.0,1740000.0,CONTRACTOR-DEMO-0173,Kisan Infrastructure Ltd,1,Awarded
TENDER-DEMO-01421,MPLADS-DEMO-000711,Procurement for Construction of Open Air Gymnasium and Seating Area at Village-176,NIT/Min/BEN/2024/1422,Open Tender,Notice Inviting Tender (NIT),2023-12-23,2024-01-08,2024-01-17,806791.75,780000.0,CONTRACTOR-DEMO-0151,Modern Projects Ltd,7,Completed
TENDER-DEMO-01422,MPLADS-DEMO-000711,Procurement for Construction of Open Air Gymnasium and Seating Area at Village-176,WO/BEN/2024/1423,E-Procurement,Work Order Issued,2024-01-01,2024-01-10,2024-01-14,780000.0,780000.0,CONTRACTOR-DEMO-0151,Modern Projects Ltd,1,Awarded
TENDER-DEMO-01423,MPLADS-DEMO-000712,Procurement for Construction of Separate Girls Toilet and Wash Area in Govt High School Village-53,NIT/Dis/ERN/2024/1424,E-Procurement,Notice Inviting Tender (NIT),2024-04-25,2024-05-05,2024-05-12,759537.25,740000.0,CONTRACTOR-DEMO-0177,Apex Enterprises,7,Completed
TENDER-DEMO-01424,MPLADS-DEMO-000712,Procurement for Construction of Separate Girls Toilet and Wash Area in Govt High School Village-53,WO/ERN/2024/1425,E-Procurement,Work Order Issued,2024-05-15,2024-05-20,2024-05-24,740000.0,740000.0,CONTRACTOR-DEMO-0177,Apex Enterprises,1,Awarded
TENDER-DEMO-01425,MPLADS-DEMO-000713,Procurement for Construction of Culvert and Cross-Drainage Structure on Link Road Village-151,NIT/Dis/CUT/2024/1426,E-Procurement,Notice Inviting Tender (NIT),2024-01-24,2024-02-04,2024-02-09,1973048.88,1990000.0,CONTRACTOR-DEMO-0149,Classic Buildcon Pvt Ltd,4,Completed
TENDER-DEMO-01426,MPLADS-DEMO-000713,Procurement for Construction of Culvert and Cross-Drainage Structure on Link Road Village-151,WO/CUT/2024/1427,E-Procurement,Work Order Issued,2024-02-08,2024-02-13,2024-02-18,1990000.0,1990000.0,CONTRACTOR-DEMO-0149,Classic Buildcon Pvt Ltd,1,Awarded
TENDER-DEMO-01427,MPLADS-DEMO-000714,Procurement for Construction of Multipurpose Community Hall at Village Village-128,NIT/Pub/JAI/2023/1428,Open Tender,Notice Inviting Tender (NIT),2023-11-27,2023-12-11,2023-12-16,2031219.53,2070000.0,CONTRACTOR-DEMO-0079,Balaji Civil Projects,7,Completed
TENDER-DEMO-01428,MPLADS-DEMO-000714,Procurement for Construction of Multipurpose Community Hall at Village Village-128,WO/JAI/2023/1429,E-Procurement,Work Order Issued,2023-12-15,2023-12-24,2023-12-30,2070000.0,2070000.0,CONTRACTOR-DEMO-0079,Balaji Civil Projects,1,Awarded
TENDER-DEMO-01429,MPLADS-DEMO-000715,Procurement for Development of Public Recreation Shed and Boundary Wall in Village-73,NIT/Dis/JAB/2024/1430,Open Tender,Notice Inviting Tender (NIT),2023-12-10,2023-12-25,2023-12-31,1571546.35,1520000.0,CONTRACTOR-DEMO-0093,Reliable Infrastructure Ltd,3,Completed
TENDER-DEMO-01430,MPLADS-DEMO-000715,Procurement for Development of Public Recreation Shed and Boundary Wall in Village-73,WO/JAB/2024/1431,E-Procurement,Work Order Issued,2023-12-28,2024-01-02,2024-01-06,1520000.0,1520000.0,CONTRACTOR-DEMO-0093,Reliable Infrastructure Ltd,1,Awarded
TENDER-DEMO-01431,MPLADS-DEMO-000716,Procurement for Construction of Reinforced Concrete Irrigation Sluice Gate and Channel in Village-171,NIT/Rur/NIZ/2024/1432,E-Procurement,Notice Inviting Tender (NIT),2024-01-21,2024-02-04,2024-02-12,1033553.0,1010000.0,CONTRACTOR-DEMO-0078,Maruti Civil Projects,6,Completed
TENDER-DEMO-01432,MPLADS-DEMO-000716,Procurement for Construction of Reinforced Concrete Irrigation Sluice Gate and Channel in Village-171,WO/NIZ/2024/1433,E-Procurement,Work Order Issued,2024-02-14,2024-02-20,2024-02-26,1010000.0,1010000.0,CONTRACTOR-DEMO-0078,Maruti Civil Projects,1,Awarded
TENDER-DEMO-01433,MPLADS-DEMO-000717,Procurement for Construction of Separate Girls Toilet and Wash Area in Govt High School Village-64,NIT/Pan/AHM/2024/1434,E-Procurement,Notice Inviting Tender (NIT),2024-04-20,2024-05-06,2024-05-14,755385.26,770000.0,CONTRACTOR-DEMO-0148,National Engineers & Builders,6,Completed
TENDER-DEMO-01434,MPLADS-DEMO-000717,Procurement for Construction of Separate Girls Toilet and Wash Area in Govt High School Village-64,WO/AHM/2024/1435,E-Procurement,Work Order Issued,2024-05-11,2024-05-16,2024-05-18,770000.0,770000.0,CONTRACTOR-DEMO-0148,National Engineers & Builders,1,Awarded
TENDER-DEMO-01435,MPLADS-DEMO-000718,Procurement for Interlocking Paver Block Road Installation along Main Street in Village-175,NIT/Pub/WAY/2023/1436,E-Procurement,Notice Inviting Tender (NIT),2023-03-17,2023-03-30,2023-04-04,1366676.07,1330000.0,CONTRACTOR-DEMO-0115,Reliable Urban Works Pvt Ltd,6,Completed
TENDER-DEMO-01436,MPLADS-DEMO-000718,Procurement for Interlocking Paver Block Road Installation along Main Street in Village-175,WO/WAY/2023/1437,E-Procurement,Work Order Issued,2023-03-26,2023-04-01,2023-04-07,1330000.0,1330000.0,CONTRACTOR-DEMO-0115,Reliable Urban Works Pvt Ltd,1,Awarded
TENDER-DEMO-01437,MPLADS-DEMO-000719,Procurement for Supply and Erection of 30 Standalone Solar Street Lights in Village-178,NIT/Pan/PUN/2023/1438,E-Procurement,Notice Inviting Tender (NIT),2023-09-24,2023-10-14,2023-10-22,932149.61,950000.0,CONTRACTOR-DEMO-0010,Bharat Contractors,5,Completed
TENDER-DEMO-01438,MPLADS-DEMO-000719,Procurement for Supply and Erection of 30 Standalone Solar Street Lights in Village-178,WO/PUN/2023/1439,E-Procurement,Work Order Issued,2023-10-11,2023-10-20,2023-10-22,950000.0,950000.0,CONTRACTOR-DEMO-0010,Bharat Contractors,1,Awarded
TENDER-DEMO-01439,MPLADS-DEMO-000720,Procurement for Construction of Check Dam and Water Harvesting Percolation Tank at Village-158,NIT/Pan/SUR/2023/1440,E-Procurement,Notice Inviting Tender (NIT),2023-10-29,2023-11-17,2023-11-25,1909520.28,1840000.0,CONTRACTOR-DEMO-0036,Sai Projects Ltd,7,Completed
TENDER-DEMO-01440,MPLADS-DEMO-000720,Procurement for Construction of Check Dam and Water Harvesting Percolation Tank at Village-158,WO/SUR/2023/1441,E-Procurement,Work Order Issued,2023-11-10,2023-11-21,2023-11-26,1840000.0,1840000.0,CONTRACTOR-DEMO-0036,Sai Projects Ltd,1,Awarded
TENDER-DEMO-01441,MPLADS-DEMO-000721,Procurement for Renovation and Expansion of Village Panchayat Bhavan in Village-196,NIT/Pan/WAY/2024/1442,Open Tender,Notice Inviting Tender (NIT),2023-12-17,2024-01-04,2024-01-16,1597287.32,1530000.0,CONTRACTOR-DEMO-0148,National Engineers & Builders,3,Completed
TENDER-DEMO-01442,MPLADS-DEMO-000721,Procurement for Renovation and Expansion of Village Panchayat Bhavan in Village-196,WO/WAY/2024/1443,E-Procurement,Work Order Issued,2023-12-21,2024-01-02,2024-01-05,1530000.0,1530000.0,CONTRACTOR-DEMO-0148,National Engineers & Builders,1,Awarded
TENDER-DEMO-01443,MPLADS-DEMO-000722,Procurement for Construction of Cement Concrete (CC) Road and Drain Channel at Village-32,NIT/Rur/ERN/2023/1444,E-Procurement,Notice Inviting Tender (NIT),2023-10-01,2023-10-21,2023-10-26,3427829.49,3490000.0,CONTRACTOR-DEMO-0038,Om Infrastructure Ltd,4,Completed
TENDER-DEMO-01444,MPLADS-DEMO-000722,Procurement for Construction of Cement Concrete (CC) Road and Drain Channel at Village-32,WO/ERN/2023/1445,E-Procurement,Work Order Issued,2023-10-19,2023-10-29,2023-11-05,3490000.0,3490000.0,CONTRACTOR-DEMO-0038,Om Infrastructure Ltd,1,Awarded
TENDER-DEMO-01445,MPLADS-DEMO-000723,Procurement for Development of Emergency Cold Storage and Pharmacy Room at Hospital Village-40,NIT/Mun/CUT/2024/1446,E-Procurement,Notice Inviting Tender (NIT),2024-01-10,2024-01-20,2024-01-28,2387602.43,2390000.0,CONTRACTOR-DEMO-0043,Panchsheel Engineers & Builders,5,Completed
TENDER-DEMO-01446,MPLADS-DEMO-000723,Procurement for Development of Emergency Cold Storage and Pharmacy Room at Hospital Village-40,WO/CUT/2024/1447,E-Procurement,Work Order Issued,2024-01-19,2024-01-28,2024-01-31,2390000.0,2390000.0,CONTRACTOR-DEMO-0043,Panchsheel Engineers & Builders,1,Awarded
TENDER-DEMO-01447,MPLADS-DEMO-000724,Procurement for Construction of Multipurpose Community Hall at Village Village-64,NIT/Mun/CUT/2024/1448,E-Procurement,Notice Inviting Tender (NIT),2024-05-08,2024-05-24,2024-06-05,2258187.73,2260000.0,CONTRACTOR-DEMO-0064,Sai Civil Projects,5,Completed
TENDER-DEMO-01448,MPLADS-DEMO-000724,Procurement for Construction of Multipurpose Community Hall at Village Village-64,WO/CUT/2024/1449,E-Procurement,Work Order Issued,2024-05-13,2024-05-24,2024-05-28,2260000.0,2260000.0,CONTRACTOR-DEMO-0064,Sai Civil Projects,1,Awarded
TENDER-DEMO-01449,MPLADS-DEMO-000725,Procurement for Construction of Reinforced Concrete Irrigation Sluice Gate and Channel in Village-175,NIT/Min/GOR/2023/1450,Open Tender,Notice Inviting Tender (NIT),2023-04-22,2023-05-06,2023-05-11,1056770.49,1050000.0,CONTRACTOR-DEMO-0193,Balaji Urban Works Pvt Ltd,4,Completed
TENDER-DEMO-01450,MPLADS-DEMO-000725,Procurement for Construction of Reinforced Concrete Irrigation Sluice Gate and Channel in Village-175,WO/GOR/2023/1451,E-Procurement,Work Order Issued,2023-05-02,2023-05-12,2023-05-16,1050000.0,1050000.0,CONTRACTOR-DEMO-0193,Balaji Urban Works Pvt Ltd,1,Awarded
TENDER-DEMO-01451,MPLADS-DEMO-000726,Procurement for Laying of Underground Drinking Water Pipeline Distribution in Village-123,NIT/Pub/DHA/2023/1452,Open Tender,Notice Inviting Tender (NIT),2023-07-23,2023-08-09,2023-08-16,1432974.18,1430000.0,CONTRACTOR-DEMO-0041,Om Engineers & Builders,6,Completed
TENDER-DEMO-01452,MPLADS-DEMO-000726,Procurement for Laying of Underground Drinking Water Pipeline Distribution in Village-123,WO/DHA/2023/1453,E-Procurement,Work Order Issued,2023-08-13,2023-08-20,2023-08-23,1430000.0,1430000.0,CONTRACTOR-DEMO-0041,Om Engineers & Builders,1,Awarded
TENDER-DEMO-01453,MPLADS-DEMO-000727,Procurement for Construction of Additional Classrooms at Govt Senior Secondary School Village-145,NIT/Pan/JAI/2024/1454,E-Procurement,Notice Inviting Tender (NIT),2023-12-22,2024-01-10,2024-01-15,1484772.95,1480000.0,CONTRACTOR-DEMO-0039,Vanguard Engineers & Builders,4,Completed
TENDER-DEMO-01454,MPLADS-DEMO-000727,Procurement for Construction of Additional Classrooms at Govt Senior Secondary School Village-145,WO/JAI/2024/1455,E-Procurement,Work Order Issued,2023-12-28,2024-01-09,2024-01-11,1480000.0,1480000.0,CONTRACTOR-DEMO-0039,Vanguard Engineers & Builders,1,Awarded
TENDER-DEMO-01455,MPLADS-DEMO-000728,Procurement for Supply of Diagnostic Medical Equipment and Patient Beds to Rural Clinic in Village-71,NIT/Rur/CUT/2023/1456,E-Procurement,Notice Inviting Tender (NIT),2023-07-27,2023-08-13,2023-08-22,1662349.96,1640000.0,CONTRACTOR-DEMO-0171,Golden Contractors,6,Completed
TENDER-DEMO-01456,MPLADS-DEMO-000728,Procurement for Supply of Diagnostic Medical Equipment and Patient Beds to Rural Clinic in Village-71,WO/CUT/2023/1457,E-Procurement,Work Order Issued,2023-08-10,2023-08-19,2023-08-26,1640000.0,1640000.0,CONTRACTOR-DEMO-0171,Golden Contractors,1,Awarded
TENDER-DEMO-01457,MPLADS-DEMO-000729,Procurement for Development of Emergency Cold Storage and Pharmacy Room at Hospital Village-145,NIT/Pan/UDA/2024/1458,Open Tender,Notice Inviting Tender (NIT),2023-12-26,2024-01-10,2024-01-18,2248520.47,2200000.0,CONTRACTOR-DEMO-0169,Swastik Civil Projects,5,Completed
TENDER-DEMO-01458,MPLADS-DEMO-000729,Procurement for Development of Emergency Cold Storage and Pharmacy Room at Hospital Village-145,WO/UDA/2024/1459,E-Procurement,Work Order Issued,2024-01-14,2024-01-20,2024-01-23,2200000.0,2200000.0,CONTRACTOR-DEMO-0169,Swastik Civil Projects,1,Awarded
TENDER-DEMO-01459,MPLADS-DEMO-000730,Procurement for Installation of Digital Smart Classroom and Computer Lab Infrastructure at Village-148,NIT/Min/IND/2023/1460,Open Tender,Notice Inviting Tender (NIT),2023-11-26,2023-12-11,2023-12-16,1389504.59,1370000.0,CONTRACTOR-DEMO-0011,Mahalaxmi Infrastructure Ltd,3,Completed
TENDER-DEMO-01460,MPLADS-DEMO-000730,Procurement for Installation of Digital Smart Classroom and Computer Lab Infrastructure at Village-148,WO/IND/2023/1461,E-Procurement,Work Order Issued,2023-12-09,2023-12-18,2023-12-22,1370000.0,1370000.0,CONTRACTOR-DEMO-0011,Mahalaxmi Infrastructure Ltd,1,Awarded
TENDER-DEMO-01461,MPLADS-DEMO-000731,Procurement for Installation of Community RO Water Purification Plant at Village-171,NIT/Pan/NAS/2024/1462,Open Tender,Notice Inviting Tender (NIT),2024-02-17,2024-03-01,2024-03-07,892472.12,900000.0,CONTRACTOR-DEMO-0190,Balaji Enterprises,7,Completed
TENDER-DEMO-01462,MPLADS-DEMO-000731,Procurement for Installation of Community RO Water Purification Plant at Village-171,WO/NAS/2024/1463,E-Procurement,Work Order Issued,2024-03-09,2024-03-14,2024-03-21,900000.0,900000.0,CONTRACTOR-DEMO-0190,Balaji Enterprises,1,Awarded
TENDER-DEMO-01463,MPLADS-DEMO-000732,Procurement for Construction of Additional Classrooms at Govt Senior Secondary School Village-16,NIT/Rur/WAR/2023/1464,Open Tender,Notice Inviting Tender (NIT),2023-11-27,2023-12-13,2023-12-20,1621220.37,1580000.0,CONTRACTOR-DEMO-0100,Modern Civil Projects,3,Completed
TENDER-DEMO-01464,MPLADS-DEMO-000732,Procurement for Construction of Additional Classrooms at Govt Senior Secondary School Village-16,WO/WAR/2023/1465,E-Procurement,Work Order Issued,2023-12-07,2023-12-19,2023-12-22,1580000.0,1580000.0,CONTRACTOR-DEMO-0100,Modern Civil Projects,1,Awarded
TENDER-DEMO-01465,MPLADS-DEMO-000733,Procurement for Installation of 10kW Rooftop Solar Power System at Primary Health Center Village-52,NIT/Mun/SAL/2023/1466,E-Procurement,Notice Inviting Tender (NIT),2023-04-29,2023-05-19,2023-05-31,1045064.52,1030000.0,CONTRACTOR-DEMO-0026,Gitanjali Buildcon Pvt Ltd,6,Completed
TENDER-DEMO-01466,MPLADS-DEMO-000733,Procurement for Installation of 10kW Rooftop Solar Power System at Primary Health Center Village-52,WO/SAL/2023/1467,E-Procurement,Work Order Issued,2023-05-10,2023-05-18,2023-05-24,1030000.0,1030000.0,CONTRACTOR-DEMO-0026,Gitanjali Buildcon Pvt Ltd,1,Awarded
TENDER-DEMO-01467,MPLADS-DEMO-000734,Procurement for Development of Emergency Cold Storage and Pharmacy Room at Hospital Village-25,NIT/Min/RAJ/2023/1468,E-Procurement,Notice Inviting Tender (NIT),2023-10-24,2023-11-11,2023-11-21,2409885.47,2340000.0,CONTRACTOR-DEMO-0190,Balaji Enterprises,5,Completed
TENDER-DEMO-01468,MPLADS-DEMO-000734,Procurement for Development of Emergency Cold Storage and Pharmacy Room at Hospital Village-25,WO/RAJ/2023/1469,E-Procurement,Work Order Issued,2023-11-12,2023-11-19,2023-11-22,2340000.0,2340000.0,CONTRACTOR-DEMO-0190,Balaji Enterprises,1,Awarded
TENDER-DEMO-01469,MPLADS-DEMO-000735,Procurement for Supply and Erection of 30 Standalone Solar Street Lights in Village-49,NIT/Mun/SAL/2024/1470,Open Tender,Notice Inviting Tender (NIT),2024-04-17,2024-04-29,2024-05-09,791836.81,800000.0,CONTRACTOR-DEMO-0022,Reliable Engineers & Builders,5,Completed
TENDER-DEMO-01470,MPLADS-DEMO-000735,Procurement for Supply and Erection of 30 Standalone Solar Street Lights in Village-49,WO/SAL/2024/1471,E-Procurement,Work Order Issued,2024-04-30,2024-05-11,2024-05-13,800000.0,800000.0,CONTRACTOR-DEMO-0022,Reliable Engineers & Builders,1,Awarded
TENDER-DEMO-01471,MPLADS-DEMO-000736,Procurement for Drilling of Deep Borewell and Solar-Powered Overhead Water Tank at Village-26,NIT/Rur/SUR/2024/1472,Open Tender,Notice Inviting Tender (NIT),2024-03-17,2024-04-03,2024-04-13,900280.78,880000.0,CONTRACTOR-DEMO-0021,Apex Contractors,6,Completed
TENDER-DEMO-01472,MPLADS-DEMO-000736,Procurement for Drilling of Deep Borewell and Solar-Powered Overhead Water Tank at Village-26,WO/SUR/2024/1473,E-Procurement,Work Order Issued,2024-04-06,2024-04-11,2024-04-15,880000.0,880000.0,CONTRACTOR-DEMO-0021,Apex Contractors,1,Awarded
TENDER-DEMO-01473,MPLADS-DEMO-000737,Procurement for Development of Public Recreation Shed and Boundary Wall in Village-133,NIT/Pub/JAI/2024/1474,Open Tender,Notice Inviting Tender (NIT),2024-04-20,2024-05-08,2024-05-13,1417655.03,1410000.0,CONTRACTOR-DEMO-0171,Golden Contractors,7,Completed
TENDER-DEMO-01474,MPLADS-DEMO-000737,Procurement for Development of Public Recreation Shed and Boundary Wall in Village-133,WO/JAI/2024/1475,E-Procurement,Work Order Issued,2024-04-27,2024-05-06,2024-05-11,1410000.0,1410000.0,CONTRACTOR-DEMO-0171,Golden Contractors,1,Awarded
TENDER-DEMO-01475,MPLADS-DEMO-000738,Procurement for Construction of Culvert and Cross-Drainage Structure on Link Road Village-67,NIT/Mun/AHM/2024/1476,Open Tender,Notice Inviting Tender (NIT),2024-01-31,2024-02-14,2024-02-23,1367567.71,1350000.0,CONTRACTOR-DEMO-0022,Reliable Engineers & Builders,5,Completed
TENDER-DEMO-01476,MPLADS-DEMO-000738,Procurement for Construction of Culvert and Cross-Drainage Structure on Link Road Village-67,WO/AHM/2024/1477,E-Procurement,Work Order Issued,2024-02-19,2024-02-29,2024-03-03,1350000.0,1350000.0,CONTRACTOR-DEMO-0022,Reliable Engineers & Builders,1,Awarded
TENDER-DEMO-01477,MPLADS-DEMO-000739,Procurement for Installation of 10kW Rooftop Solar Power System at Primary Health Center Village-196,NIT/Min/CUT/2023/1478,Open Tender,Notice Inviting Tender (NIT),2023-11-19,2023-12-06,2023-12-15,632223.65,640000.0,CONTRACTOR-DEMO-0073,Gitanjali Engineering Works,6,Completed
TENDER-DEMO-01478,MPLADS-DEMO-000739,Procurement for Installation of 10kW Rooftop Solar Power System at Primary Health Center Village-196,WO/CUT/2023/1479,E-Procurement,Work Order Issued,2023-12-03,2023-12-13,2023-12-19,640000.0,640000.0,CONTRACTOR-DEMO-0073,Gitanjali Engineering Works,1,Awarded
TENDER-DEMO-01479,MPLADS-DEMO-000740,Procurement for Construction of Multipurpose Community Hall at Village Village-128,NIT/Mun/AHM/2024/1480,Open Tender,Notice Inviting Tender (NIT),2024-04-11,2024-05-02,2024-05-14,1739431.25,1750000.0,CONTRACTOR-DEMO-0054,Krishna Construction Co,5,Completed
TENDER-DEMO-01480,MPLADS-DEMO-000740,Procurement for Construction of Multipurpose Community Hall at Village Village-128,WO/AHM/2024/1481,E-Procurement,Work Order Issued,2024-04-30,2024-05-05,2024-05-09,1750000.0,1750000.0,CONTRACTOR-DEMO-0054,Krishna Construction Co,1,Awarded
TENDER-DEMO-01481,MPLADS-DEMO-000741,Procurement for Desilting and Deepening of Traditional Village Water Reservoir in Village-175,NIT/Pub/MAD/2024/1482,Open Tender,Notice Inviting Tender (NIT),2024-01-06,2024-01-23,2024-01-28,1403735.63,1410000.0,CONTRACTOR-DEMO-0039,Vanguard Engineers & Builders,3,Completed
TENDER-DEMO-01482,MPLADS-DEMO-000741,Procurement for Desilting and Deepening of Traditional Village Water Reservoir in Village-175,WO/MAD/2024/1483,E-Procurement,Work Order Issued,2024-01-17,2024-01-28,2024-01-30,1410000.0,1410000.0,CONTRACTOR-DEMO-0039,Vanguard Engineers & Builders,1,Awarded
TENDER-DEMO-01483,MPLADS-DEMO-000742,Procurement for Construction of Open Air Gymnasium and Seating Area at Village-91,NIT/Pub/JAB/2023/1484,Open Tender,Notice Inviting Tender (NIT),2023-01-31,2023-02-21,2023-03-01,667839.39,670000.0,CONTRACTOR-DEMO-0149,Classic Buildcon Pvt Ltd,7,Completed
TENDER-DEMO-01484,MPLADS-DEMO-000742,Procurement for Construction of Open Air Gymnasium and Seating Area at Village-91,WO/JAB/2023/1485,E-Procurement,Work Order Issued,2023-02-06,2023-02-17,2023-02-19,670000.0,670000.0,CONTRACTOR-DEMO-0149,Classic Buildcon Pvt Ltd,1,Awarded
TENDER-DEMO-01485,MPLADS-DEMO-000743,Procurement for Development of Public Recreation Shed and Boundary Wall in Village-15,NIT/Pan/NIZ/2023/1486,Open Tender,Notice Inviting Tender (NIT),2023-11-18,2023-12-06,2023-12-13,1171635.93,1130000.0,CONTRACTOR-DEMO-0105,Krishna Buildcon Pvt Ltd,7,Completed
TENDER-DEMO-01486,MPLADS-DEMO-000743,Procurement for Development of Public Recreation Shed and Boundary Wall in Village-15,WO/NIZ/2023/1487,E-Procurement,Work Order Issued,2023-12-08,2023-12-18,2023-12-21,1130000.0,1130000.0,CONTRACTOR-DEMO-0105,Krishna Buildcon Pvt Ltd,1,Awarded
TENDER-DEMO-01487,MPLADS-DEMO-000744,Procurement for Construction of Multipurpose Community Hall at Village Village-20,NIT/Dis/WAY/2024/1488,E-Procurement,Notice Inviting Tender (NIT),2024-04-16,2024-05-04,2024-05-16,1818545.93,1830000.0,CONTRACTOR-DEMO-0145,Samriddhi Urban Works Pvt Ltd,5,Completed
TENDER-DEMO-01488,MPLADS-DEMO-000744,Procurement for Construction of Multipurpose Community Hall at Village Village-20,WO/WAY/2024/1489,E-Procurement,Work Order Issued,2024-05-09,2024-05-16,2024-05-20,1830000.0,1830000.0,CONTRACTOR-DEMO-0145,Samriddhi Urban Works Pvt Ltd,1,Awarded
TENDER-DEMO-01489,MPLADS-DEMO-000745,Procurement for Construction of Maternity & Child Healthcare Ward at Primary Health Sub-Center Village-135,NIT/Rur/KHO/2024/1490,E-Procurement,Notice Inviting Tender (NIT),2024-05-13,2024-05-28,2024-06-04,3143607.76,3180000.0,CONTRACTOR-DEMO-0056,Om Construction Co,5,Completed
TENDER-DEMO-01490,MPLADS-DEMO-000745,Procurement for Construction of Maternity & Child Healthcare Ward at Primary Health Sub-Center Village-135,WO/KHO/2024/1491,E-Procurement,Work Order Issued,2024-05-20,2024-05-30,2024-06-06,3180000.0,3180000.0,CONTRACTOR-DEMO-0056,Om Construction Co,1,Awarded
TENDER-DEMO-01491,MPLADS-DEMO-000746,Procurement for Installation of Solar LED High-Mast Lighting System at Market Yard Village-79,NIT/Pub/KAR/2023/1492,Open Tender,Notice Inviting Tender (NIT),2023-02-10,2023-02-25,2023-03-05,689373.23,680000.0,CONTRACTOR-DEMO-0033,Golden Buildcon Pvt Ltd,7,Completed
TENDER-DEMO-01492,MPLADS-DEMO-000746,Procurement for Installation of Solar LED High-Mast Lighting System at Market Yard Village-79,WO/KAR/2023/1493,E-Procurement,Work Order Issued,2023-02-25,2023-03-03,2023-03-09,680000.0,680000.0,CONTRACTOR-DEMO-0033,Golden Buildcon Pvt Ltd,1,Awarded
TENDER-DEMO-01493,MPLADS-DEMO-000747,Procurement for Construction of Check Dam and Water Harvesting Percolation Tank at Village-70,NIT/Pan/BEN/2024/1494,E-Procurement,Notice Inviting Tender (NIT),2024-04-16,2024-05-01,2024-05-12,2210176.64,2150000.0,CONTRACTOR-DEMO-0101,Bharat Construction Co,4,Completed
TENDER-DEMO-01494,MPLADS-DEMO-000747,Procurement for Construction of Check Dam and Water Harvesting Percolation Tank at Village-70,WO/BEN/2024/1495,E-Procurement,Work Order Issued,2024-04-25,2024-05-04,2024-05-09,2150000.0,2150000.0,CONTRACTOR-DEMO-0101,Bharat Construction Co,1,Awarded
TENDER-DEMO-01495,MPLADS-DEMO-000748,Procurement for Development of Public Recreation Shed and Boundary Wall in Village-53,NIT/Mun/JAB/2023/1496,Open Tender,Notice Inviting Tender (NIT),2023-10-25,2023-11-05,2023-11-17,1597361.85,1580000.0,CONTRACTOR-DEMO-0071,Kisan Infra Solutions,6,Completed
TENDER-DEMO-01496,MPLADS-DEMO-000748,Procurement for Development of Public Recreation Shed and Boundary Wall in Village-53,WO/JAB/2023/1497,E-Procurement,Work Order Issued,2023-11-13,2023-11-24,2023-11-30,1580000.0,1580000.0,CONTRACTOR-DEMO-0071,Kisan Infra Solutions,1,Awarded
TENDER-DEMO-01497,MPLADS-DEMO-000749,Procurement for Construction of Check Dam and Water Harvesting Percolation Tank at Village-88,NIT/Pan/VAR/2024/1498,Open Tender,Notice Inviting Tender (NIT),2024-01-26,2024-02-09,2024-02-17,2188324.62,2200000.0,CONTRACTOR-DEMO-0140,Krishna Enterprises,6,Completed
TENDER-DEMO-01498,MPLADS-DEMO-000749,Procurement for Construction of Check Dam and Water Harvesting Percolation Tank at Village-88,WO/VAR/2024/1499,E-Procurement,Work Order Issued,2024-02-03,2024-02-12,2024-02-17,2200000.0,2200000.0,CONTRACTOR-DEMO-0140,Krishna Enterprises,1,Awarded
TENDER-DEMO-01499,MPLADS-DEMO-000750,Procurement for Installation of 10kW Rooftop Solar Power System at Primary Health Center Village-146,NIT/Rur/BHO/2023/1500,Open Tender,Notice Inviting Tender (NIT),2023-05-10,2023-05-24,2023-06-03,826296.31,840000.0,CONTRACTOR-DEMO-0025,Aditya Infra Solutions,7,Completed
TENDER-DEMO-01500,MPLADS-DEMO-000750,Procurement for Installation of 10kW Rooftop Solar Power System at Primary Health Center Village-146,WO/BHO/2023/1501,E-Procurement,Work Order Issued,2023-06-02,2023-06-07,2023-06-09,840000.0,840000.0,CONTRACTOR-DEMO-0025,Aditya Infra Solutions,1,Awarded
TENDER-DEMO-01501,MPLADS-DEMO-000751,Procurement for Supply and Erection of 30 Standalone Solar Street Lights in Village-87,NIT/Rur/WAR/2024/1502,Open Tender,Notice Inviting Tender (NIT),2024-02-17,2024-03-06,2024-03-16,679097.49,670000.0,CONTRACTOR-DEMO-0071,Kisan Infra Solutions,7,Completed
TENDER-DEMO-01502,MPLADS-DEMO-000751,Procurement for Supply and Erection of 30 Standalone Solar Street Lights in Village-87,WO/WAR/2024/1503,E-Procurement,Work Order Issued,2024-02-25,2024-03-04,2024-03-11,670000.0,670000.0,CONTRACTOR-DEMO-0071,Kisan Infra Solutions,1,Awarded
TENDER-DEMO-01503,MPLADS-DEMO-000752,Procurement for Construction of Additional Classrooms at Govt Senior Secondary School Village-113,NIT/Mun/JAB/2023/1504,E-Procurement,Notice Inviting Tender (NIT),2023-05-21,2023-06-02,2023-06-08,2377680.74,2310000.0,CONTRACTOR-DEMO-0074,Hindustan Urban Works Pvt Ltd,7,Completed
TENDER-DEMO-01504,MPLADS-DEMO-000752,Procurement for Construction of Additional Classrooms at Govt Senior Secondary School Village-113,WO/JAB/2023/1505,E-Procurement,Work Order Issued,2023-06-06,2023-06-15,2023-06-19,2310000.0,2310000.0,CONTRACTOR-DEMO-0074,Hindustan Urban Works Pvt Ltd,1,Awarded
TENDER-DEMO-01505,MPLADS-DEMO-000753,Procurement for Construction of Cement Concrete (CC) Road and Drain Channel at Village-113,NIT/Pub/DHA/2023/1506,E-Procurement,Notice Inviting Tender (NIT),2023-05-16,2023-06-05,2023-06-14,2316767.85,2300000.0,CONTRACTOR-DEMO-0063,Navnirman Infrastructure Ltd,7,Completed
TENDER-DEMO-01506,MPLADS-DEMO-000753,Procurement for Construction of Cement Concrete (CC) Road and Drain Channel at Village-113,WO/DHA/2023/1507,E-Procurement,Work Order Issued,2023-05-24,2023-06-05,2023-06-11,2300000.0,2300000.0,CONTRACTOR-DEMO-0063,Navnirman Infrastructure Ltd,1,Awarded
TENDER-DEMO-01507,MPLADS-DEMO-000754,Procurement for Development of Public Recreation Shed and Boundary Wall in Village-176,NIT/Mun/SAL/2023/1508,E-Procurement,Notice Inviting Tender (NIT),2023-02-19,2023-03-08,2023-03-15,1325054.64,1300000.0,CONTRACTOR-DEMO-0094,Panchsheel Construction Co,5,Completed
TENDER-DEMO-01508,MPLADS-DEMO-000754,Procurement for Development of Public Recreation Shed and Boundary Wall in Village-176,WO/SAL/2023/1509,E-Procurement,Work Order Issued,2023-03-07,2023-03-17,2023-03-24,1300000.0,1300000.0,CONTRACTOR-DEMO-0094,Panchsheel Construction Co,1,Awarded
TENDER-DEMO-01509,MPLADS-DEMO-000755,Procurement for Development of Public Recreation Shed and Boundary Wall in Village-90,NIT/Dis/ERN/2023/1510,Open Tender,Notice Inviting Tender (NIT),2023-07-11,2023-07-29,2023-08-05,1088028.6,1040000.0,CONTRACTOR-DEMO-0113,Modern Buildcon Pvt Ltd,3,Completed
TENDER-DEMO-01510,MPLADS-DEMO-000755,Procurement for Development of Public Recreation Shed and Boundary Wall in Village-90,WO/ERN/2023/1511,E-Procurement,Work Order Issued,2023-07-30,2023-08-06,2023-08-09,1040000.0,1040000.0,CONTRACTOR-DEMO-0113,Modern Buildcon Pvt Ltd,1,Awarded
TENDER-DEMO-01511,MPLADS-DEMO-000756,Procurement for Construction of Open Air Gymnasium and Seating Area at Village-156,NIT/Dis/PUN/2024/1512,Open Tender,Notice Inviting Tender (NIT),2024-05-26,2024-06-12,2024-06-24,1154920.44,1120000.0,CONTRACTOR-DEMO-0015,Maruti Contractors,7,Completed
TENDER-DEMO-01512,MPLADS-DEMO-000756,Procurement for Construction of Open Air Gymnasium and Seating Area at Village-156,WO/PUN/2024/1513,E-Procurement,Work Order Issued,2024-06-05,2024-06-12,2024-06-16,1120000.0,1120000.0,CONTRACTOR-DEMO-0015,Maruti Contractors,1,Awarded
TENDER-DEMO-01513,MPLADS-DEMO-000757,Procurement for Installation of Community RO Water Purification Plant at Village-28,NIT/Min/GAN/2024/1514,Open Tender,Notice Inviting Tender (NIT),2024-03-06,2024-03-26,2024-04-07,959477.16,920000.0,CONTRACTOR-DEMO-0172,Aditya Enterprises,6,Completed
TENDER-DEMO-01514,MPLADS-DEMO-000757,Procurement for Installation of Community RO Water Purification Plant at Village-28,WO/GAN/2024/1515,E-Procurement,Work Order Issued,2024-03-17,2024-03-27,2024-04-02,920000.0,920000.0,CONTRACTOR-DEMO-0172,Aditya Enterprises,1,Awarded
TENDER-DEMO-01515,MPLADS-DEMO-000758,Procurement for Construction of Additional Classrooms at Govt Senior Secondary School Village-20,NIT/Mun/PUN/2024/1516,Open Tender,Notice Inviting Tender (NIT),2024-02-10,2024-02-24,2024-03-05,2778522.06,2680000.0,CONTRACTOR-DEMO-0017,Vikas Engineers & Builders,5,Completed
TENDER-DEMO-01516,MPLADS-DEMO-000758,Procurement for Construction of Additional Classrooms at Govt Senior Secondary School Village-20,WO/PUN/2024/1517,E-Procurement,Work Order Issued,2024-02-23,2024-03-05,2024-03-10,2680000.0,2680000.0,CONTRACTOR-DEMO-0017,Vikas Engineers & Builders,1,Awarded
TENDER-DEMO-01517,MPLADS-DEMO-000759,Procurement for Development of Emergency Cold Storage and Pharmacy Room at Hospital Village-134,NIT/Min/BEN/2023/1518,Open Tender,Notice Inviting Tender (NIT),2023-07-11,2023-07-29,2023-08-09,2380646.56,2270000.0,CONTRACTOR-DEMO-0084,Apex Buildcon Pvt Ltd,3,Completed
TENDER-DEMO-01518,MPLADS-DEMO-000759,Procurement for Development of Emergency Cold Storage and Pharmacy Room at Hospital Village-134,WO/BEN/2023/1519,E-Procurement,Work Order Issued,2023-07-24,2023-07-31,2023-08-07,2270000.0,2270000.0,CONTRACTOR-DEMO-0084,Apex Buildcon Pvt Ltd,1,Awarded
TENDER-DEMO-01519,MPLADS-DEMO-000760,Procurement for Construction of Maternity & Child Healthcare Ward at Primary Health Sub-Center Village-114,NIT/Rur/NAG/2023/1520,E-Procurement,Notice Inviting Tender (NIT),2023-03-11,2023-03-31,2023-04-05,2705568.78,2720000.0,CONTRACTOR-DEMO-0111,Modern Construction Co,7,Completed
TENDER-DEMO-01520,MPLADS-DEMO-000760,Procurement for Construction of Maternity & Child Healthcare Ward at Primary Health Sub-Center Village-114,WO/NAG/2023/1521,E-Procurement,Work Order Issued,2023-03-21,2023-04-01,2023-04-07,2720000.0,2720000.0,CONTRACTOR-DEMO-0111,Modern Construction Co,1,Awarded
TENDER-DEMO-01521,MPLADS-DEMO-000761,Procurement for Construction of Check Dam and Water Harvesting Percolation Tank at Village-138,NIT/Pan/COI/2023/1522,Open Tender,Notice Inviting Tender (NIT),2023-06-11,2023-06-22,2023-06-30,2004458.33,1960000.0,CONTRACTOR-DEMO-0108,Shanti Buildcon Pvt Ltd,6,Completed
TENDER-DEMO-01522,MPLADS-DEMO-000761,Procurement for Construction of Check Dam and Water Harvesting Percolation Tank at Village-138,WO/COI/2023/1523,E-Procurement,Work Order Issued,2023-06-20,2023-06-29,2023-07-03,1960000.0,1960000.0,CONTRACTOR-DEMO-0108,Shanti Buildcon Pvt Ltd,1,Awarded
TENDER-DEMO-01523,MPLADS-DEMO-000762,Procurement for Laying of Underground Drinking Water Pipeline Distribution in Village-162,NIT/Pub/MYS/2023/1524,E-Procurement,Notice Inviting Tender (NIT),2023-04-11,2023-04-21,2023-04-28,1069487.74,1030000.0,CONTRACTOR-DEMO-0194,United Urban Works Pvt Ltd,6,Completed
TENDER-DEMO-01524,MPLADS-DEMO-000762,Procurement for Laying of Underground Drinking Water Pipeline Distribution in Village-162,WO/MYS/2023/1525,E-Procurement,Work Order Issued,2023-04-21,2023-04-26,2023-04-30,1030000.0,1030000.0,CONTRACTOR-DEMO-0194,United Urban Works Pvt Ltd,1,Awarded
TENDER-DEMO-01525,MPLADS-DEMO-000763,Procurement for Construction of Check Dam and Water Harvesting Percolation Tank at Village-111,NIT/Min/PUN/2024/1526,Open Tender,Notice Inviting Tender (NIT),2024-05-12,2024-05-24,2024-06-04,1243220.15,1190000.0,CONTRACTOR-DEMO-0106,Modern Engineering Works,7,Completed
TENDER-DEMO-01526,MPLADS-DEMO-000763,Procurement for Construction of Check Dam and Water Harvesting Percolation Tank at Village-111,WO/PUN/2024/1527,E-Procurement,Work Order Issued,2024-05-29,2024-06-06,2024-06-10,1190000.0,1190000.0,CONTRACTOR-DEMO-0106,Modern Engineering Works,1,Awarded
TENDER-DEMO-01527,MPLADS-DEMO-000764,Procurement for Drilling of Deep Borewell and Solar-Powered Overhead Water Tank at Village-31,NIT/Pan/DHA/2024/1528,Open Tender,Notice Inviting Tender (NIT),2024-01-18,2024-02-07,2024-02-17,732802.32,710000.0,CONTRACTOR-DEMO-0118,Om Rural Developers,7,Completed
TENDER-DEMO-01528,MPLADS-DEMO-000764,Procurement for Drilling of Deep Borewell and Solar-Powered Overhead Water Tank at Village-31,WO/DHA/2024/1529,E-Procurement,Work Order Issued,2024-01-23,2024-02-04,2024-02-11,710000.0,710000.0,CONTRACTOR-DEMO-0118,Om Rural Developers,1,Awarded
TENDER-DEMO-01529,MPLADS-DEMO-000765,Procurement for Setup of Science Laboratory and Learning Resource Center in Village-75,NIT/Min/SAL/2024/1530,Open Tender,Notice Inviting Tender (NIT),2024-03-13,2024-04-02,2024-04-12,1122837.07,1130000.0,CONTRACTOR-DEMO-0176,Surya Shakti Infrastructure Ltd,6,Completed
TENDER-DEMO-01530,MPLADS-DEMO-000765,Procurement for Setup of Science Laboratory and Learning Resource Center in Village-75,WO/SAL/2024/1531,E-Procurement,Work Order Issued,2024-03-22,2024-03-28,2024-03-30,1130000.0,1130000.0,CONTRACTOR-DEMO-0176,Surya Shakti Infrastructure Ltd,1,Awarded
TENDER-DEMO-01531,MPLADS-DEMO-000766,Procurement for Construction of Separate Girls Toilet and Wash Area in Govt High School Village-113,NIT/Mun/JAB/2023/1532,Open Tender,Notice Inviting Tender (NIT),2023-07-09,2023-07-28,2023-08-03,657089.41,670000.0,CONTRACTOR-DEMO-0136,Shree Ganesh Engineering Works,7,Completed
TENDER-DEMO-01532,MPLADS-DEMO-000766,Procurement for Construction of Separate Girls Toilet and Wash Area in Govt High School Village-113,WO/JAB/2023/1533,E-Procurement,Work Order Issued,2023-07-19,2023-07-31,2023-08-04,670000.0,670000.0,CONTRACTOR-DEMO-0136,Shree Ganesh Engineering Works,1,Awarded
TENDER-DEMO-01533,MPLADS-DEMO-000767,Procurement for Supply and Erection of 30 Standalone Solar Street Lights in Village-74,NIT/Mun/COI/2024/1534,E-Procurement,Notice Inviting Tender (NIT),2024-05-20,2024-06-09,2024-06-19,612726.29,610000.0,CONTRACTOR-DEMO-0151,Modern Projects Ltd,4,Completed
TENDER-DEMO-01534,MPLADS-DEMO-000767,Procurement for Supply and Erection of 30 Standalone Solar Street Lights in Village-74,WO/COI/2024/1535,E-Procurement,Work Order Issued,2024-06-03,2024-06-08,2024-06-14,610000.0,610000.0,CONTRACTOR-DEMO-0151,Modern Projects Ltd,1,Awarded
TENDER-DEMO-01535,MPLADS-DEMO-000768,Procurement for Construction of Open Air Gymnasium and Seating Area at Village-73,NIT/Pub/JOD/2023/1536,Open Tender,Notice Inviting Tender (NIT),2023-06-25,2023-07-16,2023-07-26,1266170.44,1220000.0,CONTRACTOR-DEMO-0040,Balaji Rural Developers,3,Completed
TENDER-DEMO-01536,MPLADS-DEMO-000768,Procurement for Construction of Open Air Gymnasium and Seating Area at Village-73,WO/JOD/2023/1537,E-Procurement,Work Order Issued,2023-07-06,2023-07-11,2023-07-15,1220000.0,1220000.0,CONTRACTOR-DEMO-0040,Balaji Rural Developers,1,Awarded
TENDER-DEMO-01537,MPLADS-DEMO-000769,Procurement for Installation of 10kW Rooftop Solar Power System at Primary Health Center Village-194,NIT/Rur/VAR/2024/1538,Open Tender,Notice Inviting Tender (NIT),2024-02-29,2024-03-10,2024-03-17,620591.22,620000.0,CONTRACTOR-DEMO-0098,Vanguard Civil Projects,6,Completed
TENDER-DEMO-01538,MPLADS-DEMO-000769,Procurement for Installation of 10kW Rooftop Solar Power System at Primary Health Center Village-194,WO/VAR/2024/1539,E-Procurement,Work Order Issued,2024-03-14,2024-03-25,2024-03-27,620000.0,620000.0,CONTRACTOR-DEMO-0098,Vanguard Civil Projects,1,Awarded
TENDER-DEMO-01539,MPLADS-DEMO-000770,Procurement for Supply and Erection of 30 Standalone Solar Street Lights in Village-188,NIT/Pub/JAI/2024/1540,Open Tender,Notice Inviting Tender (NIT),2024-01-07,2024-01-28,2024-02-09,785571.98,790000.0,CONTRACTOR-DEMO-0071,Kisan Infra Solutions,6,Completed
TENDER-DEMO-01540,MPLADS-DEMO-000770,Procurement for Supply and Erection of 30 Standalone Solar Street Lights in Village-188,WO/JAI/2024/1541,E-Procurement,Work Order Issued,2024-01-20,2024-02-01,2024-02-03,790000.0,790000.0,CONTRACTOR-DEMO-0071,Kisan Infra Solutions,1,Awarded
TENDER-DEMO-01541,MPLADS-DEMO-000771,Procurement for Drilling of Deep Borewell and Solar-Powered Overhead Water Tank at Village-188,NIT/Min/KHO/2023/1542,E-Procurement,Notice Inviting Tender (NIT),2023-03-07,2023-03-28,2023-04-07,558621.79,550000.0,CONTRACTOR-DEMO-0120,Golden Projects Ltd,7,Completed
TENDER-DEMO-01542,MPLADS-DEMO-000771,Procurement for Drilling of Deep Borewell and Solar-Powered Overhead Water Tank at Village-188,WO/KHO/2023/1543,E-Procurement,Work Order Issued,2023-03-20,2023-03-28,2023-03-31,550000.0,550000.0,CONTRACTOR-DEMO-0120,Golden Projects Ltd,1,Awarded
TENDER-DEMO-01543,MPLADS-DEMO-000772,Procurement for Installation of 10kW Rooftop Solar Power System at Primary Health Center Village-199,NIT/Min/KOZ/2024/1544,E-Procurement,Notice Inviting Tender (NIT),2024-03-04,2024-03-17,2024-03-22,638167.25,620000.0,CONTRACTOR-DEMO-0166,Shiv Shakti Engineers & Builders,5,Completed
TENDER-DEMO-01544,MPLADS-DEMO-000772,Procurement for Installation of 10kW Rooftop Solar Power System at Primary Health Center Village-199,WO/KOZ/2024/1545,E-Procurement,Work Order Issued,2024-03-19,2024-03-30,2024-04-01,620000.0,620000.0,CONTRACTOR-DEMO-0166,Shiv Shakti Engineers & Builders,1,Awarded
TENDER-DEMO-01545,MPLADS-DEMO-000773,Procurement for Construction of Public Sanitation Facility and Bathing Block in Village-151,NIT/Pub/RAJ/2023/1546,Open Tender,Notice Inviting Tender (NIT),2023-09-19,2023-10-09,2023-10-18,1143023.69,1130000.0,CONTRACTOR-DEMO-0166,Shiv Shakti Engineers & Builders,4,Completed
TENDER-DEMO-01546,MPLADS-DEMO-000773,Procurement for Construction of Public Sanitation Facility and Bathing Block in Village-151,WO/RAJ/2023/1547,E-Procurement,Work Order Issued,2023-10-05,2023-10-15,2023-10-20,1130000.0,1130000.0,CONTRACTOR-DEMO-0166,Shiv Shakti Engineers & Builders,1,Awarded
TENDER-DEMO-01547,MPLADS-DEMO-000774,Procurement for Construction of Reinforced Concrete Irrigation Sluice Gate and Channel in Village-192,NIT/Mun/MYS/2023/1548,E-Procurement,Notice Inviting Tender (NIT),2023-04-05,2023-04-18,2023-04-30,1550045.82,1520000.0,CONTRACTOR-DEMO-0165,Riddhi Infra Solutions,5,Completed
TENDER-DEMO-01548,MPLADS-DEMO-000774,Procurement for Construction of Reinforced Concrete Irrigation Sluice Gate and Channel in Village-192,WO/MYS/2023/1549,E-Procurement,Work Order Issued,2023-04-26,2023-05-02,2023-05-04,1520000.0,1520000.0,CONTRACTOR-DEMO-0165,Riddhi Infra Solutions,1,Awarded
TENDER-DEMO-01549,MPLADS-DEMO-000775,Procurement for Supply of Diagnostic Medical Equipment and Patient Beds to Rural Clinic in Village-124,NIT/Dis/LUC/2024/1550,Open Tender,Notice Inviting Tender (NIT),2024-01-10,2024-01-24,2024-02-01,1390352.92,1380000.0,CONTRACTOR-DEMO-0157,Surya Shakti Infra Solutions,7,Completed
TENDER-DEMO-01550,MPLADS-DEMO-000775,Procurement for Supply of Diagnostic Medical Equipment and Patient Beds to Rural Clinic in Village-124,WO/LUC/2024/1551,E-Procurement,Work Order Issued,2024-01-30,2024-02-06,2024-02-12,1380000.0,1380000.0,CONTRACTOR-DEMO-0157,Surya Shakti Infra Solutions,1,Awarded
TENDER-DEMO-01551,MPLADS-DEMO-000776,Procurement for Construction of Separate Girls Toilet and Wash Area in Govt High School Village-25,NIT/Min/DHA/2023/1552,Open Tender,Notice Inviting Tender (NIT),2023-06-09,2023-06-26,2023-07-08,675049.43,680000.0,CONTRACTOR-DEMO-0085,Kisan Rural Developers,3,Completed
TENDER-DEMO-01552,MPLADS-DEMO-000776,Procurement for Construction of Separate Girls Toilet and Wash Area in Govt High School Village-25,WO/DHA/2023/1553,E-Procurement,Work Order Issued,2023-06-20,2023-07-01,2023-07-08,680000.0,680000.0,CONTRACTOR-DEMO-0085,Kisan Rural Developers,1,Awarded
TENDER-DEMO-01553,MPLADS-DEMO-000777,Procurement for Construction of Culvert and Cross-Drainage Structure on Link Road Village-181,NIT/Mun/NAG/2023/1554,E-Procurement,Notice Inviting Tender (NIT),2023-02-03,2023-02-19,2023-02-24,2459844.3,2450000.0,CONTRACTOR-DEMO-0019,Samriddhi Infrastructure Ltd,4,Completed
TENDER-DEMO-01554,MPLADS-DEMO-000777,Procurement for Construction of Culvert and Cross-Drainage Structure on Link Road Village-181,WO/NAG/2023/1555,E-Procurement,Work Order Issued,2023-02-23,2023-03-02,2023-03-08,2450000.0,2450000.0,CONTRACTOR-DEMO-0019,Samriddhi Infrastructure Ltd,1,Awarded
TENDER-DEMO-01555,MPLADS-DEMO-000778,Procurement for Upgradation of Rural Link Road connecting Hamlet to Main Highway at Village-173,NIT/Pub/WAR/2023/1556,Open Tender,Notice Inviting Tender (NIT),2023-02-25,2023-03-13,2023-03-22,4450855.81,4460000.0,CONTRACTOR-DEMO-0166,Shiv Shakti Engineers & Builders,6,Completed
TENDER-DEMO-01556,MPLADS-DEMO-000778,Procurement for Upgradation of Rural Link Road connecting Hamlet to Main Highway at Village-173,WO/WAR/2023/1557,E-Procurement,Work Order Issued,2023-03-09,2023-03-14,2023-03-16,4460000.0,4460000.0,CONTRACTOR-DEMO-0166,Shiv Shakti Engineers & Builders,1,Awarded
TENDER-DEMO-01557,MPLADS-DEMO-000779,Procurement for Setup of Science Laboratory and Learning Resource Center in Village-57,NIT/Min/JAI/2024/1558,E-Procurement,Notice Inviting Tender (NIT),2024-05-30,2024-06-14,2024-06-22,1163982.68,1160000.0,CONTRACTOR-DEMO-0009,Golden Urban Works Pvt Ltd,5,Completed
TENDER-DEMO-01558,MPLADS-DEMO-000779,Procurement for Setup of Science Laboratory and Learning Resource Center in Village-57,WO/JAI/2024/1559,E-Procurement,Work Order Issued,2024-06-19,2024-06-28,2024-06-30,1160000.0,1160000.0,CONTRACTOR-DEMO-0009,Golden Urban Works Pvt Ltd,1,Awarded
TENDER-DEMO-01559,MPLADS-DEMO-000780,Procurement for Desilting and Deepening of Traditional Village Water Reservoir in Village-24,NIT/Rur/RAJ/2024/1560,Open Tender,Notice Inviting Tender (NIT),2023-12-07,2023-12-18,2023-12-23,1241529.57,1250000.0,CONTRACTOR-DEMO-0141,Alliance Engineering Works,7,Completed
TENDER-DEMO-01560,MPLADS-DEMO-000780,Procurement for Desilting and Deepening of Traditional Village Water Reservoir in Village-24,WO/RAJ/2024/1561,E-Procurement,Work Order Issued,2023-12-26,2024-01-02,2024-01-07,1250000.0,1250000.0,CONTRACTOR-DEMO-0141,Alliance Engineering Works,1,Awarded
TENDER-DEMO-01561,MPLADS-DEMO-000781,Procurement for Construction of Reinforced Concrete Irrigation Sluice Gate and Channel in Village-102,NIT/Mun/NAS/2023/1562,Open Tender,Notice Inviting Tender (NIT),2023-05-13,2023-05-23,2023-06-01,1088988.66,1100000.0,CONTRACTOR-DEMO-0009,Golden Urban Works Pvt Ltd,6,Completed
TENDER-DEMO-01562,MPLADS-DEMO-000781,Procurement for Construction of Reinforced Concrete Irrigation Sluice Gate and Channel in Village-102,WO/NAS/2023/1563,E-Procurement,Work Order Issued,2023-05-23,2023-06-03,2023-06-06,1100000.0,1100000.0,CONTRACTOR-DEMO-0009,Golden Urban Works Pvt Ltd,1,Awarded
TENDER-DEMO-01563,MPLADS-DEMO-000782,Procurement for Supply and Erection of 30 Standalone Solar Street Lights in Village-125,NIT/Pan/NAG/2023/1564,Open Tender,Notice Inviting Tender (NIT),2023-05-19,2023-06-02,2023-06-11,523948.63,510000.0,CONTRACTOR-DEMO-0171,Golden Contractors,6,Completed
TENDER-DEMO-01564,MPLADS-DEMO-000782,Procurement for Supply and Erection of 30 Standalone Solar Street Lights in Village-125,WO/NAG/2023/1565,E-Procurement,Work Order Issued,2023-05-29,2023-06-06,2023-06-12,510000.0,510000.0,CONTRACTOR-DEMO-0171,Golden Contractors,1,Awarded
TENDER-DEMO-01565,MPLADS-DEMO-000783,Procurement for Construction of Reinforced Concrete Irrigation Sluice Gate and Channel in Village-70,NIT/Rur/PUN/2023/1566,Open Tender,Notice Inviting Tender (NIT),2023-08-05,2023-08-18,2023-08-23,1571222.13,1540000.0,CONTRACTOR-DEMO-0158,Vikas Rural Developers,7,Completed
TENDER-DEMO-01566,MPLADS-DEMO-000783,Procurement for Construction of Reinforced Concrete Irrigation Sluice Gate and Channel in Village-70,WO/PUN/2023/1567,E-Procurement,Work Order Issued,2023-08-19,2023-08-30,2023-09-04,1540000.0,1540000.0,CONTRACTOR-DEMO-0158,Vikas Rural Developers,1,Awarded
TENDER-DEMO-01567,MPLADS-DEMO-000784,Procurement for Development of Emergency Cold Storage and Pharmacy Room at Hospital Village-101,NIT/Pub/NAG/2024/1568,E-Procurement,Notice Inviting Tender (NIT),2024-01-18,2024-02-01,2024-02-06,1621604.03,1590000.0,CONTRACTOR-DEMO-0055,Gitanjali Projects Ltd,4,Completed
TENDER-DEMO-01568,MPLADS-DEMO-000784,Procurement for Development of Emergency Cold Storage and Pharmacy Room at Hospital Village-101,WO/NAG/2024/1569,E-Procurement,Work Order Issued,2024-02-02,2024-02-14,2024-02-18,1590000.0,1590000.0,CONTRACTOR-DEMO-0055,Gitanjali Projects Ltd,1,Awarded
TENDER-DEMO-01569,MPLADS-DEMO-000785,Procurement for Development of Emergency Cold Storage and Pharmacy Room at Hospital Village-121,NIT/Pan/GOR/2023/1570,E-Procurement,Notice Inviting Tender (NIT),2023-09-26,2023-10-11,2023-10-17,1539048.31,1480000.0,CONTRACTOR-DEMO-0008,Apex Projects Ltd,4,Completed
TENDER-DEMO-01570,MPLADS-DEMO-000785,Procurement for Development of Emergency Cold Storage and Pharmacy Room at Hospital Village-121,WO/GOR/2023/1571,E-Procurement,Work Order Issued,2023-10-09,2023-10-21,2023-10-24,1480000.0,1480000.0,CONTRACTOR-DEMO-0008,Apex Projects Ltd,1,Awarded
TENDER-DEMO-01571,MPLADS-DEMO-000786,Procurement for Construction of Separate Girls Toilet and Wash Area in Govt High School Village-196,NIT/Min/KOZ/2024/1572,Open Tender,Notice Inviting Tender (NIT),2024-02-11,2024-02-22,2024-03-05,639111.52,640000.0,CONTRACTOR-DEMO-0031,Shiv Shakti Buildcon Pvt Ltd,4,Completed
TENDER-DEMO-01572,MPLADS-DEMO-000786,Procurement for Construction of Separate Girls Toilet and Wash Area in Govt High School Village-196,WO/KOZ/2024/1573,E-Procurement,Work Order Issued,2024-03-01,2024-03-12,2024-03-18,640000.0,640000.0,CONTRACTOR-DEMO-0031,Shiv Shakti Buildcon Pvt Ltd,1,Awarded
TENDER-DEMO-01573,MPLADS-DEMO-000787,Procurement for Interlocking Paver Block Road Installation along Main Street in Village-162,NIT/Pan/JAI/2023/1574,Open Tender,Notice Inviting Tender (NIT),2023-11-25,2023-12-06,2023-12-17,1049127.46,1010000.0,CONTRACTOR-DEMO-0161,Sai Infrastructure Ltd,5,Completed
TENDER-DEMO-01574,MPLADS-DEMO-000787,Procurement for Interlocking Paver Block Road Installation along Main Street in Village-162,WO/JAI/2023/1575,E-Procurement,Work Order Issued,2023-12-05,2023-12-13,2023-12-17,1010000.0,1010000.0,CONTRACTOR-DEMO-0161,Sai Infrastructure Ltd,1,Awarded
TENDER-DEMO-01575,MPLADS-DEMO-000788,Procurement for Development of Emergency Cold Storage and Pharmacy Room at Hospital Village-195,NIT/Pan/MYS/2024/1576,E-Procurement,Notice Inviting Tender (NIT),2024-03-19,2024-04-07,2024-04-13,1543572.16,1520000.0,CONTRACTOR-DEMO-0157,Surya Shakti Infra Solutions,4,Completed
TENDER-DEMO-01576,MPLADS-DEMO-000788,Procurement for Development of Emergency Cold Storage and Pharmacy Room at Hospital Village-195,WO/MYS/2024/1577,E-Procurement,Work Order Issued,2024-03-28,2024-04-09,2024-04-16,1520000.0,1520000.0,CONTRACTOR-DEMO-0157,Surya Shakti Infra Solutions,1,Awarded
TENDER-DEMO-01577,MPLADS-DEMO-000789,Procurement for Construction of Open Air Gymnasium and Seating Area at Village-177,NIT/Mun/KHO/2024/1578,E-Procurement,Notice Inviting Tender (NIT),2023-12-17,2024-01-04,2024-01-12,1258138.26,1220000.0,CONTRACTOR-DEMO-0135,Pragati Rural Developers,4,Completed
TENDER-DEMO-01578,MPLADS-DEMO-000789,Procurement for Construction of Open Air Gymnasium and Seating Area at Village-177,WO/KHO/2024/1579,E-Procurement,Work Order Issued,2024-01-03,2024-01-12,2024-01-17,1220000.0,1220000.0,CONTRACTOR-DEMO-0135,Pragati Rural Developers,1,Awarded
TENDER-DEMO-01579,MPLADS-DEMO-000790,Procurement for Development of Emergency Cold Storage and Pharmacy Room at Hospital Village-21,NIT/Pub/KHO/2023/1580,Open Tender,Notice Inviting Tender (NIT),2023-03-30,2023-04-09,2023-04-18,1272714.67,1290000.0,CONTRACTOR-DEMO-0033,Golden Buildcon Pvt Ltd,3,Completed
TENDER-DEMO-01580,MPLADS-DEMO-000790,Procurement for Development of Emergency Cold Storage and Pharmacy Room at Hospital Village-21,WO/KHO/2023/1581,E-Procurement,Work Order Issued,2023-04-22,2023-04-28,2023-05-02,1290000.0,1290000.0,CONTRACTOR-DEMO-0033,Golden Buildcon Pvt Ltd,1,Awarded
TENDER-DEMO-01581,MPLADS-DEMO-000791,Procurement for Setup of Science Laboratory and Learning Resource Center in Village-44,NIT/Min/CUT/2023/1582,Open Tender,Notice Inviting Tender (NIT),2023-07-31,2023-08-18,2023-08-29,1121202.41,1070000.0,CONTRACTOR-DEMO-0079,Balaji Civil Projects,4,Completed
TENDER-DEMO-01582,MPLADS-DEMO-000791,Procurement for Setup of Science Laboratory and Learning Resource Center in Village-44,WO/CUT/2023/1583,E-Procurement,Work Order Issued,2023-08-10,2023-08-21,2023-08-24,1070000.0,1070000.0,CONTRACTOR-DEMO-0079,Balaji Civil Projects,1,Awarded
TENDER-DEMO-01583,MPLADS-DEMO-000792,Procurement for Supply of Diagnostic Medical Equipment and Patient Beds to Rural Clinic in Village-134,NIT/Pan/GAN/2023/1584,Open Tender,Notice Inviting Tender (NIT),2023-10-10,2023-10-24,2023-10-31,1802374.57,1720000.0,CONTRACTOR-DEMO-0124,Samriddhi Construction Co,5,Completed
TENDER-DEMO-01584,MPLADS-DEMO-000792,Procurement for Supply of Diagnostic Medical Equipment and Patient Beds to Rural Clinic in Village-134,WO/GAN/2023/1585,E-Procurement,Work Order Issued,2023-10-29,2023-11-05,2023-11-08,1720000.0,1720000.0,CONTRACTOR-DEMO-0124,Samriddhi Construction Co,1,Awarded
TENDER-DEMO-01585,MPLADS-DEMO-000793,Procurement for Interlocking Paver Block Road Installation along Main Street in Village-43,NIT/Min/VAR/2023/1586,E-Procurement,Notice Inviting Tender (NIT),2023-09-13,2023-10-02,2023-10-07,834859.94,810000.0,CONTRACTOR-DEMO-0055,Gitanjali Projects Ltd,5,Completed
TENDER-DEMO-01586,MPLADS-DEMO-000793,Procurement for Interlocking Paver Block Road Installation along Main Street in Village-43,WO/VAR/2023/1587,E-Procurement,Work Order Issued,2023-09-18,2023-09-30,2023-10-03,810000.0,810000.0,CONTRACTOR-DEMO-0055,Gitanjali Projects Ltd,1,Awarded
TENDER-DEMO-01587,MPLADS-DEMO-000794,Procurement for Supply and Erection of 30 Standalone Solar Street Lights in Village-85,NIT/Dis/NAG/2023/1588,E-Procurement,Notice Inviting Tender (NIT),2023-11-10,2023-11-24,2023-12-03,866483.14,880000.0,CONTRACTOR-DEMO-0074,Hindustan Urban Works Pvt Ltd,3,Completed
TENDER-DEMO-01588,MPLADS-DEMO-000794,Procurement for Supply and Erection of 30 Standalone Solar Street Lights in Village-85,WO/NAG/2023/1589,E-Procurement,Work Order Issued,2023-11-16,2023-11-25,2023-11-27,880000.0,880000.0,CONTRACTOR-DEMO-0074,Hindustan Urban Works Pvt Ltd,1,Awarded
TENDER-DEMO-01589,MPLADS-DEMO-000795,Procurement for Desilting and Deepening of Traditional Village Water Reservoir in Village-150,NIT/Rur/KAR/2024/1590,Open Tender,Notice Inviting Tender (NIT),2023-12-14,2023-12-26,2024-01-04,1317841.92,1310000.0,CONTRACTOR-DEMO-0191,Surya Shakti Civil Projects,4,Completed
TENDER-DEMO-01590,MPLADS-DEMO-000795,Procurement for Desilting and Deepening of Traditional Village Water Reservoir in Village-150,WO/KAR/2024/1591,E-Procurement,Work Order Issued,2023-12-30,2024-01-04,2024-01-10,1310000.0,1310000.0,CONTRACTOR-DEMO-0191,Surya Shakti Civil Projects,1,Awarded
TENDER-DEMO-01591,MPLADS-DEMO-000796,Procurement for Drilling of Deep Borewell and Solar-Powered Overhead Water Tank at Village-145,NIT/Rur/GOR/2023/1592,Open Tender,Notice Inviting Tender (NIT),2023-11-06,2023-11-27,2023-12-06,858616.35,870000.0,CONTRACTOR-DEMO-0004,Aditya Buildcon Pvt Ltd,4,Completed
TENDER-DEMO-01592,MPLADS-DEMO-000796,Procurement for Drilling of Deep Borewell and Solar-Powered Overhead Water Tank at Village-145,WO/GOR/2023/1593,E-Procurement,Work Order Issued,2023-11-27,2023-12-06,2023-12-12,870000.0,870000.0,CONTRACTOR-DEMO-0004,Aditya Buildcon Pvt Ltd,1,Awarded
TENDER-DEMO-01593,MPLADS-DEMO-000797,Procurement for Development of Public Recreation Shed and Boundary Wall in Village-37,NIT/Mun/VAR/2023/1594,E-Procurement,Notice Inviting Tender (NIT),2023-04-08,2023-04-18,2023-04-30,1297648.84,1310000.0,CONTRACTOR-DEMO-0081,Vanguard Urban Works Pvt Ltd,6,Completed
TENDER-DEMO-01594,MPLADS-DEMO-000797,Procurement for Development of Public Recreation Shed and Boundary Wall in Village-37,WO/VAR/2023/1595,E-Procurement,Work Order Issued,2023-04-26,2023-05-07,2023-05-10,1310000.0,1310000.0,CONTRACTOR-DEMO-0081,Vanguard Urban Works Pvt Ltd,1,Awarded
TENDER-DEMO-01595,MPLADS-DEMO-000798,Procurement for Development of Public Recreation Shed and Boundary Wall in Village-144,NIT/Rur/WAR/2023/1596,E-Procurement,Notice Inviting Tender (NIT),2023-10-23,2023-11-04,2023-11-14,1773844.21,1800000.0,CONTRACTOR-DEMO-0158,Vikas Rural Developers,6,Completed
TENDER-DEMO-01596,MPLADS-DEMO-000798,Procurement for Development of Public Recreation Shed and Boundary Wall in Village-144,WO/WAR/2023/1597,E-Procurement,Work Order Issued,2023-11-05,2023-11-12,2023-11-15,1800000.0,1800000.0,CONTRACTOR-DEMO-0158,Vikas Rural Developers,1,Awarded
TENDER-DEMO-01597,MPLADS-DEMO-000799,Procurement for Supply of Diagnostic Medical Equipment and Patient Beds to Rural Clinic in Village-183,NIT/Pub/NAS/2024/1598,Open Tender,Notice Inviting Tender (NIT),2023-12-28,2024-01-07,2024-01-16,1619696.09,1560000.0,CONTRACTOR-DEMO-0049,National Buildcon Pvt Ltd,4,Completed
TENDER-DEMO-01598,MPLADS-DEMO-000799,Procurement for Supply of Diagnostic Medical Equipment and Patient Beds to Rural Clinic in Village-183,WO/NAS/2024/1599,E-Procurement,Work Order Issued,2024-01-10,2024-01-21,2024-01-23,1560000.0,1560000.0,CONTRACTOR-DEMO-0049,National Buildcon Pvt Ltd,1,Awarded
TENDER-DEMO-01599,MPLADS-DEMO-000800,Procurement for Construction of Culvert and Cross-Drainage Structure on Link Road Village-198,NIT/Pub/KHO/2024/1600,E-Procurement,Notice Inviting Tender (NIT),2024-05-08,2024-05-26,2024-05-31,1709517.33,1740000.0,CONTRACTOR-DEMO-0195,National Infra Solutions,5,Completed
TENDER-DEMO-01600,MPLADS-DEMO-000800,Procurement for Construction of Culvert and Cross-Drainage Structure on Link Road Village-198,WO/KHO/2024/1601,E-Procurement,Work Order Issued,2024-05-15,2024-05-26,2024-05-28,1740000.0,1740000.0,CONTRACTOR-DEMO-0195,National Infra Solutions,1,Awarded
TENDER-DEMO-01601,MPLADS-DEMO-000801,Procurement for Construction of Separate Girls Toilet and Wash Area in Govt High School Village-135,NIT/Min/VAR/2023/1602,E-Procurement,Notice Inviting Tender (NIT),2023-05-11,2023-05-24,2023-05-29,719402.09,710000.0,CONTRACTOR-DEMO-0074,Hindustan Urban Works Pvt Ltd,4,Completed
TENDER-DEMO-01602,MPLADS-DEMO-000801,Procurement for Construction of Separate Girls Toilet and Wash Area in Govt High School Village-135,WO/VAR/2023/1603,E-Procurement,Work Order Issued,2023-05-26,2023-06-07,2023-06-14,710000.0,710000.0,CONTRACTOR-DEMO-0074,Hindustan Urban Works Pvt Ltd,1,Awarded
TENDER-DEMO-01603,MPLADS-DEMO-000802,Procurement for Construction of Additional Classrooms at Govt Senior Secondary School Village-179,NIT/Min/BEN/2024/1604,E-Procurement,Notice Inviting Tender (NIT),2024-04-24,2024-05-04,2024-05-11,1593180.08,1540000.0,CONTRACTOR-DEMO-0195,National Infra Solutions,3,Completed
TENDER-DEMO-01604,MPLADS-DEMO-000802,Procurement for Construction of Additional Classrooms at Govt Senior Secondary School Village-179,WO/BEN/2024/1605,E-Procurement,Work Order Issued,2024-05-06,2024-05-14,2024-05-19,1540000.0,1540000.0,CONTRACTOR-DEMO-0195,National Infra Solutions,1,Awarded
TENDER-DEMO-01605,MPLADS-DEMO-000803,Procurement for Installation of Solar LED High-Mast Lighting System at Market Yard Village-10,NIT/Pan/WAR/2024/1606,Open Tender,Notice Inviting Tender (NIT),2024-03-19,2024-04-09,2024-04-16,531848.97,540000.0,CONTRACTOR-DEMO-0018,Bharat Civil Projects,5,Completed
TENDER-DEMO-01606,MPLADS-DEMO-000803,Procurement for Installation of Solar LED High-Mast Lighting System at Market Yard Village-10,WO/WAR/2024/1607,E-Procurement,Work Order Issued,2024-04-05,2024-04-16,2024-04-22,540000.0,540000.0,CONTRACTOR-DEMO-0018,Bharat Civil Projects,1,Awarded
TENDER-DEMO-01607,MPLADS-DEMO-000804,Procurement for Construction of Maternity & Child Healthcare Ward at Primary Health Sub-Center Village-81,NIT/Pub/SAL/2023/1608,E-Procurement,Notice Inviting Tender (NIT),2023-07-23,2023-08-02,2023-08-12,2318714.87,2290000.0,CONTRACTOR-DEMO-0136,Shree Ganesh Engineering Works,7,Completed
TENDER-DEMO-01608,MPLADS-DEMO-000804,Procurement for Construction of Maternity & Child Healthcare Ward at Primary Health Sub-Center Village-81,WO/SAL/2023/1609,E-Procurement,Work Order Issued,2023-08-02,2023-08-07,2023-08-09,2290000.0,2290000.0,CONTRACTOR-DEMO-0136,Shree Ganesh Engineering Works,1,Awarded
TENDER-DEMO-01609,MPLADS-DEMO-000805,Procurement for Setup of Science Laboratory and Learning Resource Center in Village-171,NIT/Min/WAY/2023/1610,Open Tender,Notice Inviting Tender (NIT),2023-05-07,2023-05-24,2023-06-01,1523921.33,1540000.0,CONTRACTOR-DEMO-0054,Krishna Construction Co,7,Completed
TENDER-DEMO-01610,MPLADS-DEMO-000805,Procurement for Setup of Science Laboratory and Learning Resource Center in Village-171,WO/WAY/2023/1611,E-Procurement,Work Order Issued,2023-05-20,2023-05-25,2023-05-30,1540000.0,1540000.0,CONTRACTOR-DEMO-0054,Krishna Construction Co,1,Awarded
TENDER-DEMO-01611,MPLADS-DEMO-000806,Procurement for Installation of Digital Smart Classroom and Computer Lab Infrastructure at Village-163,NIT/Pan/MYS/2023/1612,E-Procurement,Notice Inviting Tender (NIT),2023-03-30,2023-04-18,2023-04-30,690384.29,700000.0,CONTRACTOR-DEMO-0148,National Engineers & Builders,3,Completed
TENDER-DEMO-01612,MPLADS-DEMO-000806,Procurement for Installation of Digital Smart Classroom and Computer Lab Infrastructure at Village-163,WO/MYS/2023/1613,E-Procurement,Work Order Issued,2023-04-13,2023-04-20,2023-04-23,700000.0,700000.0,CONTRACTOR-DEMO-0148,National Engineers & Builders,1,Awarded
TENDER-DEMO-01613,MPLADS-DEMO-000807,Procurement for Construction of Multipurpose Community Hall at Village Village-47,NIT/Min/SUR/2023/1614,Open Tender,Notice Inviting Tender (NIT),2023-04-08,2023-04-19,2023-04-27,1984783.15,1950000.0,CONTRACTOR-DEMO-0024,Modern Contractors,6,Completed
TENDER-DEMO-01614,MPLADS-DEMO-000807,Procurement for Construction of Multipurpose Community Hall at Village Village-47,WO/SUR/2023/1615,E-Procurement,Work Order Issued,2023-04-13,2023-04-25,2023-04-27,1950000.0,1950000.0,CONTRACTOR-DEMO-0024,Modern Contractors,1,Awarded
TENDER-DEMO-01615,MPLADS-DEMO-000808,Procurement for Interlocking Paver Block Road Installation along Main Street in Village-192,NIT/Rur/LUC/2023/1616,E-Procurement,Notice Inviting Tender (NIT),2023-06-01,2023-06-18,2023-06-25,853975.4,860000.0,CONTRACTOR-DEMO-0073,Gitanjali Engineering Works,3,Completed
TENDER-DEMO-01616,MPLADS-DEMO-000808,Procurement for Interlocking Paver Block Road Installation along Main Street in Village-192,WO/LUC/2023/1617,E-Procurement,Work Order Issued,2023-06-18,2023-06-28,2023-07-05,860000.0,860000.0,CONTRACTOR-DEMO-0073,Gitanjali Engineering Works,1,Awarded
TENDER-DEMO-01617,MPLADS-DEMO-000809,Procurement for Upgradation of Rural Link Road connecting Hamlet to Main Highway at Village-179,NIT/Pan/NAS/2024/1618,Open Tender,Notice Inviting Tender (NIT),2023-12-28,2024-01-18,2024-01-29,4152211.85,4010000.0,CONTRACTOR-DEMO-0153,Siddhartha Infrastructure Ltd,6,Completed
TENDER-DEMO-01618,MPLADS-DEMO-000809,Procurement for Upgradation of Rural Link Road connecting Hamlet to Main Highway at Village-179,WO/NAS/2024/1619,E-Procurement,Work Order Issued,2024-01-13,2024-01-20,2024-01-26,4010000.0,4010000.0,CONTRACTOR-DEMO-0153,Siddhartha Infrastructure Ltd,1,Awarded
TENDER-DEMO-01619,MPLADS-DEMO-000810,Procurement for Installation of 10kW Rooftop Solar Power System at Primary Health Center Village-54,NIT/Mun/PUN/2023/1620,Open Tender,Notice Inviting Tender (NIT),2023-05-19,2023-06-05,2023-06-10,1021953.52,1010000.0,CONTRACTOR-DEMO-0027,Modern Rural Developers,5,Completed
TENDER-DEMO-01620,MPLADS-DEMO-000810,Procurement for Installation of 10kW Rooftop Solar Power System at Primary Health Center Village-54,WO/PUN/2023/1621,E-Procurement,Work Order Issued,2023-05-25,2023-06-05,2023-06-07,1010000.0,1010000.0,CONTRACTOR-DEMO-0027,Modern Rural Developers,1,Awarded
TENDER-DEMO-01621,MPLADS-DEMO-000811,Procurement for Drilling of Deep Borewell and Solar-Powered Overhead Water Tank at Village-56,NIT/Pan/WAR/2023/1622,Open Tender,Notice Inviting Tender (NIT),2023-09-18,2023-10-01,2023-10-10,570296.12,570000.0,CONTRACTOR-DEMO-0148,National Engineers & Builders,4,Completed
TENDER-DEMO-01622,MPLADS-DEMO-000811,Procurement for Drilling of Deep Borewell and Solar-Powered Overhead Water Tank at Village-56,WO/WAR/2023/1623,E-Procurement,Work Order Issued,2023-09-27,2023-10-07,2023-10-10,570000.0,570000.0,CONTRACTOR-DEMO-0148,National Engineers & Builders,1,Awarded
TENDER-DEMO-01623,MPLADS-DEMO-000812,Procurement for Installation of Solar LED High-Mast Lighting System at Market Yard Village-83,NIT/Pan/WAY/2023/1624,Quotation / Direct Award,Notice Inviting Tender (NIT),2023-07-09,2023-07-29,2023-08-09,441485.0,450000.0,CONTRACTOR-DEMO-0045,Shiv Shakti Rural Developers,2,Completed
TENDER-DEMO-01624,MPLADS-DEMO-000812,Procurement for Installation of Solar LED High-Mast Lighting System at Market Yard Village-83,WO/WAY/2023/1625,E-Procurement,Work Order Issued,2023-07-19,2023-07-26,2023-07-29,450000.0,450000.0,CONTRACTOR-DEMO-0045,Shiv Shakti Rural Developers,1,Awarded
TENDER-DEMO-01625,MPLADS-DEMO-000813,Procurement for Installation of Community RO Water Purification Plant at Village-113,NIT/Min/DHA/2023/1626,E-Procurement,Notice Inviting Tender (NIT),2023-09-20,2023-10-01,2023-10-08,1004932.31,960000.0,CONTRACTOR-DEMO-0127,Samriddhi Engineering Works,3,Completed
TENDER-DEMO-01626,MPLADS-DEMO-000813,Procurement for Installation of Community RO Water Purification Plant at Village-113,WO/DHA/2023/1627,E-Procurement,Work Order Issued,2023-10-04,2023-10-13,2023-10-20,960000.0,960000.0,CONTRACTOR-DEMO-0127,Samriddhi Engineering Works,1,Awarded
TENDER-DEMO-01627,MPLADS-DEMO-000814,Procurement for Construction of Cement Concrete (CC) Road and Drain Channel at Village-60,NIT/Dis/IND/2023/1628,Open Tender,Notice Inviting Tender (NIT),2023-06-11,2023-06-28,2023-07-05,2908229.93,2890000.0,CONTRACTOR-DEMO-0046,Classic Projects Ltd,3,Completed
TENDER-DEMO-01628,MPLADS-DEMO-000814,Procurement for Construction of Cement Concrete (CC) Road and Drain Channel at Village-60,WO/IND/2023/1629,E-Procurement,Work Order Issued,2023-07-03,2023-07-10,2023-07-15,2890000.0,2890000.0,CONTRACTOR-DEMO-0046,Classic Projects Ltd,1,Awarded
TENDER-DEMO-01629,MPLADS-DEMO-000815,Procurement for Installation of 10kW Rooftop Solar Power System at Primary Health Center Village-135,NIT/Pan/CUT/2024/1630,E-Procurement,Notice Inviting Tender (NIT),2024-02-13,2024-02-28,2024-03-05,1075383.49,1080000.0,CONTRACTOR-DEMO-0092,Apex Infra Solutions,4,Completed
TENDER-DEMO-01630,MPLADS-DEMO-000815,Procurement for Installation of 10kW Rooftop Solar Power System at Primary Health Center Village-135,WO/CUT/2024/1631,E-Procurement,Work Order Issued,2024-02-28,2024-03-10,2024-03-12,1080000.0,1080000.0,CONTRACTOR-DEMO-0092,Apex Infra Solutions,1,Awarded
TENDER-DEMO-01631,MPLADS-DEMO-000816,Procurement for Laying of Underground Drinking Water Pipeline Distribution in Village-1,NIT/Rur/IND/2023/1632,Open Tender,Notice Inviting Tender (NIT),2023-05-13,2023-06-01,2023-06-10,1051022.29,1020000.0,CONTRACTOR-DEMO-0066,Aditya Projects Ltd,3,Completed
TENDER-DEMO-01632,MPLADS-DEMO-000816,Procurement for Laying of Underground Drinking Water Pipeline Distribution in Village-1,WO/IND/2023/1633,E-Procurement,Work Order Issued,2023-06-02,2023-06-11,2023-06-15,1020000.0,1020000.0,CONTRACTOR-DEMO-0066,Aditya Projects Ltd,1,Awarded
TENDER-DEMO-01633,MPLADS-DEMO-000817,Procurement for Supply and Erection of 30 Standalone Solar Street Lights in Village-2,NIT/Pub/WAY/2023/1634,Open Tender,Notice Inviting Tender (NIT),2023-05-21,2023-06-09,2023-06-19,790269.02,800000.0,CONTRACTOR-DEMO-0199,Shanti Civil Projects,3,Completed
TENDER-DEMO-01634,MPLADS-DEMO-000817,Procurement for Supply and Erection of 30 Standalone Solar Street Lights in Village-2,WO/WAY/2023/1635,E-Procurement,Work Order Issued,2023-06-10,2023-06-16,2023-06-18,800000.0,800000.0,CONTRACTOR-DEMO-0199,Shanti Civil Projects,1,Awarded
TENDER-DEMO-01635,MPLADS-DEMO-000818,Procurement for Drilling of Deep Borewell and Solar-Powered Overhead Water Tank at Village-196,NIT/Min/IND/2024/1636,E-Procurement,Notice Inviting Tender (NIT),2024-02-15,2024-03-01,2024-03-07,694365.75,700000.0,CONTRACTOR-DEMO-0129,Mahalaxmi Engineers & Builders,6,Completed
TENDER-DEMO-01636,MPLADS-DEMO-000818,Procurement for Drilling of Deep Borewell and Solar-Powered Overhead Water Tank at Village-196,WO/IND/2024/1637,E-Procurement,Work Order Issued,2024-02-24,2024-03-04,2024-03-11,700000.0,700000.0,CONTRACTOR-DEMO-0129,Mahalaxmi Engineers & Builders,1,Awarded
TENDER-DEMO-01637,MPLADS-DEMO-000819,Procurement for Installation of Solar LED High-Mast Lighting System at Market Yard Village-57,NIT/Pan/KOZ/2024/1638,E-Procurement,Notice Inviting Tender (NIT),2024-02-26,2024-03-11,2024-03-23,611352.11,600000.0,CONTRACTOR-DEMO-0039,Vanguard Engineers & Builders,7,Completed
TENDER-DEMO-01638,MPLADS-DEMO-000819,Procurement for Installation of Solar LED High-Mast Lighting System at Market Yard Village-57,WO/KOZ/2024/1639,E-Procurement,Work Order Issued,2024-03-18,2024-03-25,2024-03-28,600000.0,600000.0,CONTRACTOR-DEMO-0039,Vanguard Engineers & Builders,1,Awarded
TENDER-DEMO-01639,MPLADS-DEMO-000820,Procurement for Development of Public Recreation Shed and Boundary Wall in Village-78,NIT/Rur/VAR/2023/1640,E-Procurement,Notice Inviting Tender (NIT),2023-07-02,2023-07-18,2023-07-23,1805341.19,1730000.0,CONTRACTOR-DEMO-0111,Modern Construction Co,7,Completed
TENDER-DEMO-01640,MPLADS-DEMO-000820,Procurement for Development of Public Recreation Shed and Boundary Wall in Village-78,WO/VAR/2023/1641,E-Procurement,Work Order Issued,2023-07-22,2023-07-31,2023-08-05,1730000.0,1730000.0,CONTRACTOR-DEMO-0111,Modern Construction Co,1,Awarded
TENDER-DEMO-01641,MPLADS-DEMO-000821,Procurement for Construction of Additional Classrooms at Govt Senior Secondary School Village-120,NIT/Min/NAS/2024/1642,Open Tender,Notice Inviting Tender (NIT),2024-02-23,2024-03-04,2024-03-12,1667626.19,1650000.0,CONTRACTOR-DEMO-0102,Samriddhi Civil Projects,7,Completed
TENDER-DEMO-01642,MPLADS-DEMO-000821,Procurement for Construction of Additional Classrooms at Govt Senior Secondary School Village-120,WO/NAS/2024/1643,E-Procurement,Work Order Issued,2024-03-11,2024-03-17,2024-03-23,1650000.0,1650000.0,CONTRACTOR-DEMO-0102,Samriddhi Civil Projects,1,Awarded
TENDER-DEMO-01643,MPLADS-DEMO-000822,Procurement for Renovation and Expansion of Village Panchayat Bhavan in Village-168,NIT/Dis/JAB/2023/1644,Open Tender,Notice Inviting Tender (NIT),2023-12-10,2023-12-27,2024-01-05,1565771.07,1530000.0,CONTRACTOR-DEMO-0186,Classic Enterprises,7,Completed
TENDER-DEMO-01644,MPLADS-DEMO-000822,Procurement for Renovation and Expansion of Village Panchayat Bhavan in Village-168,WO/JAB/2023/1645,E-Procurement,Work Order Issued,2023-12-20,2023-12-26,2023-12-31,1530000.0,1530000.0,CONTRACTOR-DEMO-0186,Classic Enterprises,1,Awarded
TENDER-DEMO-01645,MPLADS-DEMO-000823,Procurement for Supply and Erection of 30 Standalone Solar Street Lights in Village-29,NIT/Mun/KHO/2023/1646,Open Tender,Notice Inviting Tender (NIT),2023-02-23,2023-03-05,2023-03-10,846935.44,840000.0,CONTRACTOR-DEMO-0054,Krishna Construction Co,7,Completed
TENDER-DEMO-01646,MPLADS-DEMO-000823,Procurement for Supply and Erection of 30 Standalone Solar Street Lights in Village-29,WO/KHO/2023/1647,E-Procurement,Work Order Issued,2023-03-08,2023-03-19,2023-03-25,840000.0,840000.0,CONTRACTOR-DEMO-0054,Krishna Construction Co,1,Awarded
TENDER-DEMO-01647,MPLADS-DEMO-000824,Procurement for Installation of 10kW Rooftop Solar Power System at Primary Health Center Village-117,NIT/Min/KAR/2023/1648,E-Procurement,Notice Inviting Tender (NIT),2023-07-19,2023-08-01,2023-08-11,650116.7,620000.0,CONTRACTOR-DEMO-0090,Om Civil Projects,5,Completed
TENDER-DEMO-01648,MPLADS-DEMO-000824,Procurement for Installation of 10kW Rooftop Solar Power System at Primary Health Center Village-117,WO/KAR/2023/1649,E-Procurement,Work Order Issued,2023-07-27,2023-08-07,2023-08-11,620000.0,620000.0,CONTRACTOR-DEMO-0090,Om Civil Projects,1,Awarded
TENDER-DEMO-01649,MPLADS-DEMO-000825,Procurement for Construction of Check Dam and Water Harvesting Percolation Tank at Village-139,NIT/Min/JAI/2023/1650,E-Procurement,Notice Inviting Tender (NIT),2023-11-23,2023-12-03,2023-12-10,1610780.32,1630000.0,CONTRACTOR-DEMO-0140,Krishna Enterprises,7,Completed
TENDER-DEMO-01650,MPLADS-DEMO-000825,Procurement for Construction of Check Dam and Water Harvesting Percolation Tank at Village-139,WO/JAI/2023/1651,E-Procurement,Work Order Issued,2023-12-12,2023-12-22,2023-12-26,1630000.0,1630000.0,CONTRACTOR-DEMO-0140,Krishna Enterprises,1,Awarded
TENDER-DEMO-01651,MPLADS-DEMO-000826,Procurement for Construction of Public Sanitation Facility and Bathing Block in Village-22,NIT/Mun/IND/2023/1652,Open Tender,Notice Inviting Tender (NIT),2023-06-12,2023-06-24,2023-07-01,813707.2,790000.0,CONTRACTOR-DEMO-0191,Surya Shakti Civil Projects,3,Completed
TENDER-DEMO-01652,MPLADS-DEMO-000826,Procurement for Construction of Public Sanitation Facility and Bathing Block in Village-22,WO/IND/2023/1653,E-Procurement,Work Order Issued,2023-07-04,2023-07-10,2023-07-13,790000.0,790000.0,CONTRACTOR-DEMO-0191,Surya Shakti Civil Projects,1,Awarded
TENDER-DEMO-01653,MPLADS-DEMO-000827,Procurement for Construction of Additional Classrooms at Govt Senior Secondary School Village-20,NIT/Min/COI/2023/1654,Open Tender,Notice Inviting Tender (NIT),2023-03-10,2023-03-31,2023-04-12,1696269.87,1650000.0,CONTRACTOR-DEMO-0051,Maruti Engineering Works,4,Completed
TENDER-DEMO-01654,MPLADS-DEMO-000827,Procurement for Construction of Additional Classrooms at Govt Senior Secondary School Village-20,WO/COI/2023/1655,E-Procurement,Work Order Issued,2023-03-21,2023-03-31,2023-04-04,1650000.0,1650000.0,CONTRACTOR-DEMO-0051,Maruti Engineering Works,1,Awarded
TENDER-DEMO-01655,MPLADS-DEMO-000828,Procurement for Development of Emergency Cold Storage and Pharmacy Room at Hospital Village-191,NIT/Min/GOR/2023/1656,Open Tender,Notice Inviting Tender (NIT),2023-11-18,2023-12-01,2023-12-09,1715242.35,1750000.0,CONTRACTOR-DEMO-0066,Aditya Projects Ltd,3,Completed
TENDER-DEMO-01656,MPLADS-DEMO-000828,Procurement for Development of Emergency Cold Storage and Pharmacy Room at Hospital Village-191,WO/GOR/2023/1657,E-Procurement,Work Order Issued,2023-11-22,2023-12-03,2023-12-06,1750000.0,1750000.0,CONTRACTOR-DEMO-0066,Aditya Projects Ltd,1,Awarded
TENDER-DEMO-01657,MPLADS-DEMO-000829,Procurement for Construction of Open Air Gymnasium and Seating Area at Village-147,NIT/Min/NIZ/2023/1658,Open Tender,Notice Inviting Tender (NIT),2023-04-27,2023-05-18,2023-05-29,1163501.68,1150000.0,CONTRACTOR-DEMO-0050,Sai Engineering Works,7,Completed
TENDER-DEMO-01658,MPLADS-DEMO-000829,Procurement for Construction of Open Air Gymnasium and Seating Area at Village-147,WO/NIZ/2023/1659,E-Procurement,Work Order Issued,2023-05-16,2023-05-21,2023-05-23,1150000.0,1150000.0,CONTRACTOR-DEMO-0050,Sai Engineering Works,1,Awarded
TENDER-DEMO-01659,MPLADS-DEMO-000830,Procurement for Construction of Cement Concrete (CC) Road and Drain Channel at Village-105,NIT/Min/JAI/2023/1660,Open Tender,Notice Inviting Tender (NIT),2023-12-04,2023-12-15,2023-12-24,3241747.87,3280000.0,CONTRACTOR-DEMO-0008,Apex Projects Ltd,3,Completed
TENDER-DEMO-01660,MPLADS-DEMO-000830,Procurement for Construction of Cement Concrete (CC) Road and Drain Channel at Village-105,WO/JAI/2023/1661,E-Procurement,Work Order Issued,2023-12-15,2023-12-21,2023-12-26,3280000.0,3280000.0,CONTRACTOR-DEMO-0008,Apex Projects Ltd,1,Awarded
TENDER-DEMO-01661,MPLADS-DEMO-000831,Procurement for Installation of Community RO Water Purification Plant at Village-157,NIT/Dis/JOD/2023/1662,E-Procurement,Notice Inviting Tender (NIT),2023-07-21,2023-08-03,2023-08-10,914907.33,890000.0,CONTRACTOR-DEMO-0091,Reliable Construction Co,4,Completed
TENDER-DEMO-01662,MPLADS-DEMO-000831,Procurement for Installation of Community RO Water Purification Plant at Village-157,WO/JOD/2023/1663,E-Procurement,Work Order Issued,2023-07-28,2023-08-09,2023-08-16,890000.0,890000.0,CONTRACTOR-DEMO-0091,Reliable Construction Co,1,Awarded
TENDER-DEMO-01663,MPLADS-DEMO-000832,Procurement for Construction of Culvert and Cross-Drainage Structure on Link Road Village-39,NIT/Pub/JOD/2023/1664,E-Procurement,Notice Inviting Tender (NIT),2023-08-16,2023-09-01,2023-09-06,1761009.2,1730000.0,CONTRACTOR-DEMO-0150,Reliable Engineering Works,5,Completed
TENDER-DEMO-01664,MPLADS-DEMO-000832,Procurement for Construction of Culvert and Cross-Drainage Structure on Link Road Village-39,WO/JOD/2023/1665,E-Procurement,Work Order Issued,2023-08-26,2023-09-01,2023-09-07,1730000.0,1730000.0,CONTRACTOR-DEMO-0150,Reliable Engineering Works,1,Awarded
TENDER-DEMO-01665,MPLADS-DEMO-000833,Procurement for Construction of Separate Girls Toilet and Wash Area in Govt High School Village-22,NIT/Rur/SAL/2023/1666,Open Tender,Notice Inviting Tender (NIT),2023-09-18,2023-10-05,2023-10-14,735252.75,730000.0,CONTRACTOR-DEMO-0153,Siddhartha Infrastructure Ltd,3,Completed
TENDER-DEMO-01666,MPLADS-DEMO-000833,Procurement for Construction of Separate Girls Toilet and Wash Area in Govt High School Village-22,WO/SAL/2023/1667,E-Procurement,Work Order Issued,2023-10-11,2023-10-16,2023-10-22,730000.0,730000.0,CONTRACTOR-DEMO-0153,Siddhartha Infrastructure Ltd,1,Awarded
TENDER-DEMO-01667,MPLADS-DEMO-000834,Procurement for Construction of Culvert and Cross-Drainage Structure on Link Road Village-107,NIT/Pub/MAD/2023/1668,Open Tender,Notice Inviting Tender (NIT),2023-05-30,2023-06-19,2023-06-27,1915071.13,1920000.0,CONTRACTOR-DEMO-0159,Samriddhi Engineers & Builders,3,Completed
TENDER-DEMO-01668,MPLADS-DEMO-000834,Procurement for Construction of Culvert and Cross-Drainage Structure on Link Road Village-107,WO/MAD/2023/1669,E-Procurement,Work Order Issued,2023-06-14,2023-06-22,2023-06-27,1920000.0,1920000.0,CONTRACTOR-DEMO-0159,Samriddhi Engineers & Builders,1,Awarded
TENDER-DEMO-01669,MPLADS-DEMO-000835,Procurement for Installation of Digital Smart Classroom and Computer Lab Infrastructure at Village-55,NIT/Mun/NAG/2024/1670,E-Procurement,Notice Inviting Tender (NIT),2024-02-17,2024-02-28,2024-03-05,922101.15,920000.0,CONTRACTOR-DEMO-0111,Modern Construction Co,7,Completed
TENDER-DEMO-01670,MPLADS-DEMO-000835,Procurement for Installation of Digital Smart Classroom and Computer Lab Infrastructure at Village-55,WO/NAG/2024/1671,E-Procurement,Work Order Issued,2024-02-25,2024-03-05,2024-03-09,920000.0,920000.0,CONTRACTOR-DEMO-0111,Modern Construction Co,1,Awarded
TENDER-DEMO-01671,MPLADS-DEMO-000836,Procurement for Upgradation of Rural Link Road connecting Hamlet to Main Highway at Village-162,NIT/Rur/GOR/2023/1672,Open Tender,Notice Inviting Tender (NIT),2023-05-30,2023-06-18,2023-06-27,3783731.72,3820000.0,CONTRACTOR-DEMO-0119,Shiv Shakti Infrastructure Ltd,3,Completed
TENDER-DEMO-01672,MPLADS-DEMO-000836,Procurement for Upgradation of Rural Link Road connecting Hamlet to Main Highway at Village-162,WO/GOR/2023/1673,E-Procurement,Work Order Issued,2023-06-09,2023-06-18,2023-06-25,3820000.0,3820000.0,CONTRACTOR-DEMO-0119,Shiv Shakti Infrastructure Ltd,1,Awarded
TENDER-DEMO-01673,MPLADS-DEMO-000837,Procurement for Construction of Check Dam and Water Harvesting Percolation Tank at Village-103,NIT/Pan/GAN/2024/1674,E-Procurement,Notice Inviting Tender (NIT),2024-01-04,2024-01-15,2024-01-25,1511247.43,1520000.0,CONTRACTOR-DEMO-0111,Modern Construction Co,4,Completed
TENDER-DEMO-01674,MPLADS-DEMO-000837,Procurement for Construction of Check Dam and Water Harvesting Percolation Tank at Village-103,WO/GAN/2024/1675,E-Procurement,Work Order Issued,2024-01-08,2024-01-19,2024-01-24,1520000.0,1520000.0,CONTRACTOR-DEMO-0111,Modern Construction Co,1,Awarded
TENDER-DEMO-01675,MPLADS-DEMO-000838,Procurement for Construction of Maternity & Child Healthcare Ward at Primary Health Sub-Center Village-159,NIT/Mun/VAR/2024/1676,E-Procurement,Notice Inviting Tender (NIT),2024-02-18,2024-03-06,2024-03-16,3099263.33,3080000.0,CONTRACTOR-DEMO-0046,Classic Projects Ltd,7,Completed
TENDER-DEMO-01676,MPLADS-DEMO-000838,Procurement for Construction of Maternity & Child Healthcare Ward at Primary Health Sub-Center Village-159,WO/VAR/2024/1677,E-Procurement,Work Order Issued,2024-02-24,2024-03-04,2024-03-10,3080000.0,3080000.0,CONTRACTOR-DEMO-0046,Classic Projects Ltd,1,Awarded
TENDER-DEMO-01677,MPLADS-DEMO-000839,Procurement for Construction of Additional Classrooms at Govt Senior Secondary School Village-95,NIT/Pan/SAL/2024/1678,Open Tender,Notice Inviting Tender (NIT),2024-03-26,2024-04-11,2024-04-22,2416082.48,2390000.0,CONTRACTOR-DEMO-0048,Shanti Rural Developers,3,Completed
TENDER-DEMO-01678,MPLADS-DEMO-000839,Procurement for Construction of Additional Classrooms at Govt Senior Secondary School Village-95,WO/SAL/2024/1679,E-Procurement,Work Order Issued,2024-04-13,2024-04-18,2024-04-24,2390000.0,2390000.0,CONTRACTOR-DEMO-0048,Shanti Rural Developers,1,Awarded
TENDER-DEMO-01679,MPLADS-DEMO-000840,Procurement for Construction of Maternity & Child Healthcare Ward at Primary Health Sub-Center Village-83,NIT/Min/GAN/2023/1680,Open Tender,Notice Inviting Tender (NIT),2023-06-12,2023-06-26,2023-07-01,1938643.83,1870000.0,CONTRACTOR-DEMO-0132,Riddhi Infrastructure Ltd,7,Completed
TENDER-DEMO-01680,MPLADS-DEMO-000840,Procurement for Construction of Maternity & Child Healthcare Ward at Primary Health Sub-Center Village-83,WO/GAN/2023/1681,E-Procurement,Work Order Issued,2023-06-24,2023-07-01,2023-07-04,1870000.0,1870000.0,CONTRACTOR-DEMO-0132,Riddhi Infrastructure Ltd,1,Awarded
TENDER-DEMO-01681,MPLADS-DEMO-000841,Procurement for Construction of Reinforced Concrete Irrigation Sluice Gate and Channel in Village-85,NIT/Pub/NAG/2023/1682,Open Tender,Notice Inviting Tender (NIT),2023-01-12,2023-01-30,2023-02-11,1236320.46,1210000.0,CONTRACTOR-DEMO-0102,Samriddhi Civil Projects,5,Completed
TENDER-DEMO-01682,MPLADS-DEMO-000841,Procurement for Construction of Reinforced Concrete Irrigation Sluice Gate and Channel in Village-85,WO/NAG/2023/1683,E-Procurement,Work Order Issued,2023-01-27,2023-02-03,2023-02-08,1210000.0,1210000.0,CONTRACTOR-DEMO-0102,Samriddhi Civil Projects,1,Awarded
TENDER-DEMO-01683,MPLADS-DEMO-000842,Procurement for Construction of Separate Girls Toilet and Wash Area in Govt High School Village-184,NIT/Pan/NIZ/2023/1684,E-Procurement,Notice Inviting Tender (NIT),2023-02-19,2023-03-01,2023-03-11,893249.1,880000.0,CONTRACTOR-DEMO-0078,Maruti Civil Projects,3,Completed
TENDER-DEMO-01684,MPLADS-DEMO-000842,Procurement for Construction of Separate Girls Toilet and Wash Area in Govt High School Village-184,WO/NIZ/2023/1685,E-Procurement,Work Order Issued,2023-03-01,2023-03-10,2023-03-17,880000.0,880000.0,CONTRACTOR-DEMO-0078,Maruti Civil Projects,1,Awarded
TENDER-DEMO-01685,MPLADS-DEMO-000843,Procurement for Construction of Reinforced Concrete Irrigation Sluice Gate and Channel in Village-197,NIT/Mun/KAR/2024/1686,Open Tender,Notice Inviting Tender (NIT),2024-02-18,2024-03-01,2024-03-13,1543673.06,1550000.0,CONTRACTOR-DEMO-0071,Kisan Infra Solutions,5,Completed
TENDER-DEMO-01686,MPLADS-DEMO-000843,Procurement for Construction of Reinforced Concrete Irrigation Sluice Gate and Channel in Village-197,WO/KAR/2024/1687,E-Procurement,Work Order Issued,2024-03-03,2024-03-14,2024-03-18,1550000.0,1550000.0,CONTRACTOR-DEMO-0071,Kisan Infra Solutions,1,Awarded
TENDER-DEMO-01687,MPLADS-DEMO-000844,Procurement for Construction of Check Dam and Water Harvesting Percolation Tank at Village-185,NIT/Min/WAR/2023/1688,Open Tender,Notice Inviting Tender (NIT),2023-09-26,2023-10-09,2023-10-19,1606044.37,1530000.0,CONTRACTOR-DEMO-0168,Navnirman Infra Solutions,3,Completed
TENDER-DEMO-01688,MPLADS-DEMO-000844,Procurement for Construction of Check Dam and Water Harvesting Percolation Tank at Village-185,WO/WAR/2023/1689,E-Procurement,Work Order Issued,2023-10-07,2023-10-16,2023-10-18,1530000.0,1530000.0,CONTRACTOR-DEMO-0168,Navnirman Infra Solutions,1,Awarded
TENDER-DEMO-01689,MPLADS-DEMO-000845,Procurement for Setup of Science Laboratory and Learning Resource Center in Village-193,NIT/Mun/SUR/2023/1690,Open Tender,Notice Inviting Tender (NIT),2023-09-12,2023-10-01,2023-10-07,1332832.39,1270000.0,CONTRACTOR-DEMO-0041,Om Engineers & Builders,7,Completed
TENDER-DEMO-01690,MPLADS-DEMO-000845,Procurement for Setup of Science Laboratory and Learning Resource Center in Village-193,WO/SUR/2023/1691,E-Procurement,Work Order Issued,2023-09-22,2023-10-02,2023-10-04,1270000.0,1270000.0,CONTRACTOR-DEMO-0041,Om Engineers & Builders,1,Awarded
TENDER-DEMO-01691,MPLADS-DEMO-000846,Procurement for Development of Public Recreation Shed and Boundary Wall in Village-95,NIT/Min/JAI/2024/1692,E-Procurement,Notice Inviting Tender (NIT),2023-12-20,2024-01-09,2024-01-20,1348925.61,1290000.0,CONTRACTOR-DEMO-0043,Panchsheel Engineers & Builders,4,Completed
TENDER-DEMO-01692,MPLADS-DEMO-000846,Procurement for Development of Public Recreation Shed and Boundary Wall in Village-95,WO/JAI/2024/1693,E-Procurement,Work Order Issued,2023-12-28,2024-01-07,2024-01-13,1290000.0,1290000.0,CONTRACTOR-DEMO-0043,Panchsheel Engineers & Builders,1,Awarded
TENDER-DEMO-01693,MPLADS-DEMO-000847,Procurement for Construction of Maternity & Child Healthcare Ward at Primary Health Sub-Center Village-38,NIT/Min/NIZ/2023/1694,Open Tender,Notice Inviting Tender (NIT),2023-05-21,2023-06-04,2023-06-15,2420623.42,2450000.0,CONTRACTOR-DEMO-0097,Surya Shakti Buildcon Pvt Ltd,3,Completed
TENDER-DEMO-01694,MPLADS-DEMO-000847,Procurement for Construction of Maternity & Child Healthcare Ward at Primary Health Sub-Center Village-38,WO/NIZ/2023/1695,E-Procurement,Work Order Issued,2023-05-24,2023-06-05,2023-06-11,2450000.0,2450000.0,CONTRACTOR-DEMO-0097,Surya Shakti Buildcon Pvt Ltd,1,Awarded
TENDER-DEMO-01695,MPLADS-DEMO-000848,Procurement for Development of Emergency Cold Storage and Pharmacy Room at Hospital Village-104,NIT/Rur/MYS/2023/1696,Open Tender,Notice Inviting Tender (NIT),2023-10-12,2023-10-25,2023-10-30,1637564.85,1640000.0,CONTRACTOR-DEMO-0169,Swastik Civil Projects,6,Completed
TENDER-DEMO-01696,MPLADS-DEMO-000848,Procurement for Development of Emergency Cold Storage and Pharmacy Room at Hospital Village-104,WO/MYS/2023/1697,E-Procurement,Work Order Issued,2023-10-27,2023-11-01,2023-11-03,1640000.0,1640000.0,CONTRACTOR-DEMO-0169,Swastik Civil Projects,1,Awarded
TENDER-DEMO-01697,MPLADS-DEMO-000849,Procurement for Supply and Erection of 30 Standalone Solar Street Lights in Village-45,NIT/Min/KHO/2023/1698,Open Tender,Notice Inviting Tender (NIT),2023-06-30,2023-07-18,2023-07-26,935240.73,920000.0,CONTRACTOR-DEMO-0159,Samriddhi Engineers & Builders,6,Completed
TENDER-DEMO-01698,MPLADS-DEMO-000849,Procurement for Supply and Erection of 30 Standalone Solar Street Lights in Village-45,WO/KHO/2023/1699,E-Procurement,Work Order Issued,2023-07-14,2023-07-19,2023-07-21,920000.0,920000.0,CONTRACTOR-DEMO-0159,Samriddhi Engineers & Builders,1,Awarded
TENDER-DEMO-01699,MPLADS-DEMO-000850,Procurement for Development of Public Recreation Shed and Boundary Wall in Village-92,NIT/Min/NIZ/2024/1700,Open Tender,Notice Inviting Tender (NIT),2024-03-31,2024-04-13,2024-04-20,1743765.46,1710000.0,CONTRACTOR-DEMO-0106,Modern Engineering Works,6,Completed
TENDER-DEMO-01700,MPLADS-DEMO-000850,Procurement for Development of Public Recreation Shed and Boundary Wall in Village-92,WO/NIZ/2024/1701,E-Procurement,Work Order Issued,2024-04-10,2024-04-20,2024-04-22,1710000.0,1710000.0,CONTRACTOR-DEMO-0106,Modern Engineering Works,1,Awarded
TENDER-DEMO-01701,MPLADS-DEMO-000851,Procurement for Construction of Cement Concrete (CC) Road and Drain Channel at Village-70,NIT/Dis/NAG/2024/1702,Open Tender,Notice Inviting Tender (NIT),2024-02-25,2024-03-06,2024-03-15,3651430.9,3490000.0,CONTRACTOR-DEMO-0066,Aditya Projects Ltd,5,Completed
TENDER-DEMO-01702,MPLADS-DEMO-000851,Procurement for Construction of Cement Concrete (CC) Road and Drain Channel at Village-70,WO/NAG/2024/1703,E-Procurement,Work Order Issued,2024-03-03,2024-03-15,2024-03-22,3490000.0,3490000.0,CONTRACTOR-DEMO-0066,Aditya Projects Ltd,1,Awarded
TENDER-DEMO-01703,MPLADS-DEMO-000852,Procurement for Construction of Maternity & Child Healthcare Ward at Primary Health Sub-Center Village-177,NIT/Rur/NIZ/2023/1704,E-Procurement,Notice Inviting Tender (NIT),2023-02-07,2023-02-23,2023-03-05,2369783.1,2380000.0,CONTRACTOR-DEMO-0194,United Urban Works Pvt Ltd,5,Completed
TENDER-DEMO-01704,MPLADS-DEMO-000852,Procurement for Construction of Maternity & Child Healthcare Ward at Primary Health Sub-Center Village-177,WO/NIZ/2023/1705,E-Procurement,Work Order Issued,2023-02-24,2023-03-07,2023-03-14,2380000.0,2380000.0,CONTRACTOR-DEMO-0194,United Urban Works Pvt Ltd,1,Awarded
TENDER-DEMO-01705,MPLADS-DEMO-000853,Procurement for Construction of Check Dam and Water Harvesting Percolation Tank at Village-34,NIT/Min/KOZ/2023/1706,E-Procurement,Notice Inviting Tender (NIT),2023-10-13,2023-10-27,2023-11-03,1449170.01,1390000.0,CONTRACTOR-DEMO-0085,Kisan Rural Developers,6,Completed
TENDER-DEMO-01706,MPLADS-DEMO-000853,Procurement for Construction of Check Dam and Water Harvesting Percolation Tank at Village-34,WO/KOZ/2023/1707,E-Procurement,Work Order Issued,2023-10-21,2023-10-29,2023-11-05,1390000.0,1390000.0,CONTRACTOR-DEMO-0085,Kisan Rural Developers,1,Awarded
TENDER-DEMO-01707,MPLADS-DEMO-000854,Procurement for Laying of Underground Drinking Water Pipeline Distribution in Village-30,NIT/Pan/SUR/2023/1708,E-Procurement,Notice Inviting Tender (NIT),2023-09-30,2023-10-16,2023-10-21,908495.37,920000.0,CONTRACTOR-DEMO-0188,Universal Contractors,3,Completed
TENDER-DEMO-01708,MPLADS-DEMO-000854,Procurement for Laying of Underground Drinking Water Pipeline Distribution in Village-30,WO/SUR/2023/1709,E-Procurement,Work Order Issued,2023-10-16,2023-10-24,2023-10-26,920000.0,920000.0,CONTRACTOR-DEMO-0188,Universal Contractors,1,Awarded
TENDER-DEMO-01709,MPLADS-DEMO-000855,Procurement for Construction of Maternity & Child Healthcare Ward at Primary Health Sub-Center Village-151,NIT/Pan/WAR/2023/1710,E-Procurement,Notice Inviting Tender (NIT),2023-08-16,2023-09-02,2023-09-10,3100548.86,2960000.0,CONTRACTOR-DEMO-0133,Mahalaxmi Contractors,5,Completed
TENDER-DEMO-01710,MPLADS-DEMO-000855,Procurement for Construction of Maternity & Child Healthcare Ward at Primary Health Sub-Center Village-151,WO/WAR/2023/1711,E-Procurement,Work Order Issued,2023-09-04,2023-09-11,2023-09-15,2960000.0,2960000.0,CONTRACTOR-DEMO-0133,Mahalaxmi Contractors,1,Awarded
TENDER-DEMO-01711,MPLADS-DEMO-000856,Procurement for Upgradation of Rural Link Road connecting Hamlet to Main Highway at Village-68,NIT/Pub/MYS/2024/1712,Open Tender,Notice Inviting Tender (NIT),2023-12-21,2024-01-05,2024-01-16,3548934.69,3600000.0,CONTRACTOR-DEMO-0128,Classic Infrastructure Ltd,6,Completed
TENDER-DEMO-01712,MPLADS-DEMO-000856,Procurement for Upgradation of Rural Link Road connecting Hamlet to Main Highway at Village-68,WO/MYS/2024/1713,E-Procurement,Work Order Issued,2024-01-05,2024-01-12,2024-01-16,3600000.0,3600000.0,CONTRACTOR-DEMO-0128,Classic Infrastructure Ltd,1,Awarded
TENDER-DEMO-01713,MPLADS-DEMO-000857,Procurement for Supply and Erection of 30 Standalone Solar Street Lights in Village-127,NIT/Rur/JOD/2024/1714,E-Procurement,Notice Inviting Tender (NIT),2024-04-24,2024-05-15,2024-05-22,799124.1,770000.0,CONTRACTOR-DEMO-0050,Sai Engineering Works,4,Completed
TENDER-DEMO-01714,MPLADS-DEMO-000857,Procurement for Supply and Erection of 30 Standalone Solar Street Lights in Village-127,WO/JOD/2024/1715,E-Procurement,Work Order Issued,2024-04-30,2024-05-12,2024-05-14,770000.0,770000.0,CONTRACTOR-DEMO-0050,Sai Engineering Works,1,Awarded
TENDER-DEMO-01715,MPLADS-DEMO-000858,Procurement for Development of Public Recreation Shed and Boundary Wall in Village-55,NIT/Pan/WAR/2024/1716,Open Tender,Notice Inviting Tender (NIT),2024-05-03,2024-05-19,2024-05-30,1641350.72,1570000.0,CONTRACTOR-DEMO-0200,Gitanjali Construction Co,6,Completed
TENDER-DEMO-01716,MPLADS-DEMO-000858,Procurement for Development of Public Recreation Shed and Boundary Wall in Village-55,WO/WAR/2024/1717,E-Procurement,Work Order Issued,2024-05-23,2024-05-30,2024-06-03,1570000.0,1570000.0,CONTRACTOR-DEMO-0200,Gitanjali Construction Co,1,Awarded
TENDER-DEMO-01717,MPLADS-DEMO-000859,Procurement for Construction of Public Sanitation Facility and Bathing Block in Village-157,NIT/Pan/NIZ/2024/1718,E-Procurement,Notice Inviting Tender (NIT),2024-03-16,2024-04-04,2024-04-16,1073127.33,1030000.0,CONTRACTOR-DEMO-0071,Kisan Infra Solutions,6,Completed
TENDER-DEMO-01718,MPLADS-DEMO-000859,Procurement for Construction of Public Sanitation Facility and Bathing Block in Village-157,WO/NIZ/2024/1719,E-Procurement,Work Order Issued,2024-03-24,2024-04-02,2024-04-08,1030000.0,1030000.0,CONTRACTOR-DEMO-0071,Kisan Infra Solutions,1,Awarded
TENDER-DEMO-01719,MPLADS-DEMO-000860,Procurement for Desilting and Deepening of Traditional Village Water Reservoir in Village-95,NIT/Pan/GAN/2023/1720,Open Tender,Notice Inviting Tender (NIT),2023-07-08,2023-07-25,2023-08-06,1297613.57,1250000.0,CONTRACTOR-DEMO-0199,Shanti Civil Projects,4,Completed
TENDER-DEMO-01720,MPLADS-DEMO-000860,Procurement for Desilting and Deepening of Traditional Village Water Reservoir in Village-95,WO/GAN/2023/1721,E-Procurement,Work Order Issued,2023-07-24,2023-08-01,2023-08-05,1250000.0,1250000.0,CONTRACTOR-DEMO-0199,Shanti Civil Projects,1,Awarded
TENDER-DEMO-01721,MPLADS-DEMO-000861,Procurement for Construction of Separate Girls Toilet and Wash Area in Govt High School Village-166,NIT/Pan/AHM/2023/1722,E-Procurement,Notice Inviting Tender (NIT),2023-05-16,2023-05-26,2023-06-06,702325.96,670000.0,CONTRACTOR-DEMO-0086,Swastik Buildcon Pvt Ltd,3,Completed
TENDER-DEMO-01722,MPLADS-DEMO-000861,Procurement for Construction of Separate Girls Toilet and Wash Area in Govt High School Village-166,WO/AHM/2023/1723,E-Procurement,Work Order Issued,2023-05-19,2023-05-31,2023-06-04,670000.0,670000.0,CONTRACTOR-DEMO-0086,Swastik Buildcon Pvt Ltd,1,Awarded
TENDER-DEMO-01723,MPLADS-DEMO-000862,Procurement for Construction of Separate Girls Toilet and Wash Area in Govt High School Village-143,NIT/Min/NIZ/2023/1724,Open Tender,Notice Inviting Tender (NIT),2023-06-05,2023-06-17,2023-06-25,631212.43,630000.0,CONTRACTOR-DEMO-0087,Swastik Infrastructure Ltd,5,Completed
TENDER-DEMO-01724,MPLADS-DEMO-000862,Procurement for Construction of Separate Girls Toilet and Wash Area in Govt High School Village-143,WO/NIZ/2023/1725,E-Procurement,Work Order Issued,2023-06-15,2023-06-24,2023-06-26,630000.0,630000.0,CONTRACTOR-DEMO-0087,Swastik Infrastructure Ltd,1,Awarded
TENDER-DEMO-01725,MPLADS-DEMO-000863,Procurement for Development of Emergency Cold Storage and Pharmacy Room at Hospital Village-121,NIT/Mun/BEN/2024/1726,Open Tender,Notice Inviting Tender (NIT),2024-05-15,2024-06-05,2024-06-16,2280905.5,2190000.0,CONTRACTOR-DEMO-0159,Samriddhi Engineers & Builders,6,Completed
TENDER-DEMO-01726,MPLADS-DEMO-000863,Procurement for Development of Emergency Cold Storage and Pharmacy Room at Hospital Village-121,WO/BEN/2024/1727,E-Procurement,Work Order Issued,2024-06-02,2024-06-08,2024-06-11,2190000.0,2190000.0,CONTRACTOR-DEMO-0159,Samriddhi Engineers & Builders,1,Awarded
TENDER-DEMO-01727,MPLADS-DEMO-000864,Procurement for Construction of Multipurpose Community Hall at Village Village-15,NIT/Rur/IND/2023/1728,E-Procurement,Notice Inviting Tender (NIT),2023-09-18,2023-10-03,2023-10-14,1735202.42,1670000.0,CONTRACTOR-DEMO-0042,Balaji Construction Co,7,Completed
TENDER-DEMO-01728,MPLADS-DEMO-000864,Procurement for Construction of Multipurpose Community Hall at Village Village-15,WO/IND/2023/1729,E-Procurement,Work Order Issued,2023-09-28,2023-10-05,2023-10-09,1670000.0,1670000.0,CONTRACTOR-DEMO-0042,Balaji Construction Co,1,Awarded
TENDER-DEMO-01729,MPLADS-DEMO-000865,Procurement for Interlocking Paver Block Road Installation along Main Street in Village-144,NIT/Min/COI/2023/1730,E-Procurement,Notice Inviting Tender (NIT),2023-11-05,2023-11-24,2023-12-01,1501241.25,1530000.0,CONTRACTOR-DEMO-0021,Apex Contractors,6,Completed
TENDER-DEMO-01730,MPLADS-DEMO-000865,Procurement for Interlocking Paver Block Road Installation along Main Street in Village-144,WO/COI/2023/1731,E-Procurement,Work Order Issued,2023-11-19,2023-11-28,2023-12-05,1530000.0,1530000.0,CONTRACTOR-DEMO-0021,Apex Contractors,1,Awarded
TENDER-DEMO-01731,MPLADS-DEMO-000866,Procurement for Supply of Diagnostic Medical Equipment and Patient Beds to Rural Clinic in Village-93,NIT/Dis/ERN/2023/1732,E-Procurement,Notice Inviting Tender (NIT),2023-09-27,2023-10-08,2023-10-14,1304214.62,1270000.0,CONTRACTOR-DEMO-0184,Shanti Projects Ltd,7,Completed
TENDER-DEMO-01732,MPLADS-DEMO-000866,Procurement for Supply of Diagnostic Medical Equipment and Patient Beds to Rural Clinic in Village-93,WO/ERN/2023/1733,E-Procurement,Work Order Issued,2023-10-06,2023-10-14,2023-10-20,1270000.0,1270000.0,CONTRACTOR-DEMO-0184,Shanti Projects Ltd,1,Awarded
TENDER-DEMO-01733,MPLADS-DEMO-000867,Procurement for Installation of 10kW Rooftop Solar Power System at Primary Health Center Village-6,NIT/Pub/GOR/2023/1734,E-Procurement,Notice Inviting Tender (NIT),2023-02-08,2023-02-26,2023-03-05,880833.2,870000.0,CONTRACTOR-DEMO-0115,Reliable Urban Works Pvt Ltd,3,Completed
TENDER-DEMO-01734,MPLADS-DEMO-000867,Procurement for Installation of 10kW Rooftop Solar Power System at Primary Health Center Village-6,WO/GOR/2023/1735,E-Procurement,Work Order Issued,2023-02-17,2023-02-25,2023-03-01,870000.0,870000.0,CONTRACTOR-DEMO-0115,Reliable Urban Works Pvt Ltd,1,Awarded
TENDER-DEMO-01735,MPLADS-DEMO-000868,Procurement for Desilting and Deepening of Traditional Village Water Reservoir in Village-138,NIT/Pub/MYS/2023/1736,Open Tender,Notice Inviting Tender (NIT),2023-03-02,2023-03-17,2023-03-26,1634199.9,1610000.0,CONTRACTOR-DEMO-0135,Pragati Rural Developers,7,Completed
TENDER-DEMO-01736,MPLADS-DEMO-000868,Procurement for Desilting and Deepening of Traditional Village Water Reservoir in Village-138,WO/MYS/2023/1737,E-Procurement,Work Order Issued,2023-03-18,2023-03-24,2023-03-30,1610000.0,1610000.0,CONTRACTOR-DEMO-0135,Pragati Rural Developers,1,Awarded
TENDER-DEMO-01737,MPLADS-DEMO-000869,Procurement for Installation of Digital Smart Classroom and Computer Lab Infrastructure at Village-193,NIT/Mun/COI/2024/1738,E-Procurement,Notice Inviting Tender (NIT),2024-01-28,2024-02-16,2024-02-27,1068457.77,1050000.0,CONTRACTOR-DEMO-0169,Swastik Civil Projects,6,Completed
TENDER-DEMO-01738,MPLADS-DEMO-000869,Procurement for Installation of Digital Smart Classroom and Computer Lab Infrastructure at Village-193,WO/COI/2024/1739,E-Procurement,Work Order Issued,2024-02-11,2024-02-20,2024-02-22,1050000.0,1050000.0,CONTRACTOR-DEMO-0169,Swastik Civil Projects,1,Awarded
TENDER-DEMO-01739,MPLADS-DEMO-000870,Procurement for Setup of Science Laboratory and Learning Resource Center in Village-6,NIT/Mun/JOD/2023/1740,Open Tender,Notice Inviting Tender (NIT),2023-05-18,2023-05-29,2023-06-04,1773667.56,1690000.0,CONTRACTOR-DEMO-0061,Gitanjali Engineers & Builders,4,Completed
TENDER-DEMO-01740,MPLADS-DEMO-000870,Procurement for Setup of Science Laboratory and Learning Resource Center in Village-6,WO/JOD/2023/1741,E-Procurement,Work Order Issued,2023-06-06,2023-06-13,2023-06-17,1690000.0,1690000.0,CONTRACTOR-DEMO-0061,Gitanjali Engineers & Builders,1,Awarded
TENDER-DEMO-01741,MPLADS-DEMO-000871,Procurement for Desilting and Deepening of Traditional Village Water Reservoir in Village-137,NIT/Rur/WAY/2024/1742,Open Tender,Notice Inviting Tender (NIT),2024-01-15,2024-01-28,2024-02-06,1508210.23,1530000.0,CONTRACTOR-DEMO-0082,Siddhartha Construction Co,4,Completed
TENDER-DEMO-01742,MPLADS-DEMO-000871,Procurement for Desilting and Deepening of Traditional Village Water Reservoir in Village-137,WO/WAY/2024/1743,E-Procurement,Work Order Issued,2024-02-03,2024-02-08,2024-02-10,1530000.0,1530000.0,CONTRACTOR-DEMO-0082,Siddhartha Construction Co,1,Awarded
TENDER-DEMO-01743,MPLADS-DEMO-000872,Procurement for Construction of Multipurpose Community Hall at Village Village-200,NIT/Rur/NAG/2023/1744,E-Procurement,Notice Inviting Tender (NIT),2023-05-12,2023-05-22,2023-05-31,1309172.55,1280000.0,CONTRACTOR-DEMO-0073,Gitanjali Engineering Works,7,Completed
TENDER-DEMO-01744,MPLADS-DEMO-000872,Procurement for Construction of Multipurpose Community Hall at Village Village-200,WO/NAG/2023/1745,E-Procurement,Work Order Issued,2023-06-03,2023-06-08,2023-06-11,1280000.0,1280000.0,CONTRACTOR-DEMO-0073,Gitanjali Engineering Works,1,Awarded
TENDER-DEMO-01745,MPLADS-DEMO-000873,Procurement for Drilling of Deep Borewell and Solar-Powered Overhead Water Tank at Village-7,NIT/Pan/GAN/2023/1746,E-Procurement,Notice Inviting Tender (NIT),2023-02-09,2023-02-21,2023-02-27,803358.74,780000.0,CONTRACTOR-DEMO-0116,Samriddhi Projects Ltd,7,Completed
TENDER-DEMO-01746,MPLADS-DEMO-000873,Procurement for Drilling of Deep Borewell and Solar-Powered Overhead Water Tank at Village-7,WO/GAN/2023/1747,E-Procurement,Work Order Issued,2023-03-06,2023-03-11,2023-03-13,780000.0,780000.0,CONTRACTOR-DEMO-0116,Samriddhi Projects Ltd,1,Awarded
TENDER-DEMO-01747,MPLADS-DEMO-000874,Procurement for Laying of Underground Drinking Water Pipeline Distribution in Village-152,NIT/Min/VAR/2023/1748,Open Tender,Notice Inviting Tender (NIT),2023-10-06,2023-10-18,2023-10-23,1070964.48,1020000.0,CONTRACTOR-DEMO-0129,Mahalaxmi Engineers & Builders,4,Completed
TENDER-DEMO-01748,MPLADS-DEMO-000874,Procurement for Laying of Underground Drinking Water Pipeline Distribution in Village-152,WO/VAR/2023/1749,E-Procurement,Work Order Issued,2023-10-15,2023-10-27,2023-11-02,1020000.0,1020000.0,CONTRACTOR-DEMO-0129,Mahalaxmi Engineers & Builders,1,Awarded
TENDER-DEMO-01749,MPLADS-DEMO-000875,Procurement for Upgradation of Rural Link Road connecting Hamlet to Main Highway at Village-107,NIT/Pan/MAD/2023/1750,Open Tender,Notice Inviting Tender (NIT),2023-04-09,2023-04-20,2023-04-26,4964984.17,4790000.0,CONTRACTOR-DEMO-0111,Modern Construction Co,3,Completed
TENDER-DEMO-01750,MPLADS-DEMO-000875,Procurement for Upgradation of Rural Link Road connecting Hamlet to Main Highway at Village-107,WO/MAD/2023/1751,E-Procurement,Work Order Issued,2023-04-17,2023-04-25,2023-04-29,4790000.0,4790000.0,CONTRACTOR-DEMO-0111,Modern Construction Co,1,Awarded
TENDER-DEMO-01751,MPLADS-DEMO-000876,Procurement for Construction of Open Air Gymnasium and Seating Area at Village-93,NIT/Min/KHO/2023/1752,Open Tender,Notice Inviting Tender (NIT),2023-05-01,2023-05-12,2023-05-20,1135608.49,1150000.0,CONTRACTOR-DEMO-0074,Hindustan Urban Works Pvt Ltd,6,Completed
TENDER-DEMO-01752,MPLADS-DEMO-000876,Procurement for Construction of Open Air Gymnasium and Seating Area at Village-93,WO/KHO/2023/1753,E-Procurement,Work Order Issued,2023-05-19,2023-05-31,2023-06-07,1150000.0,1150000.0,CONTRACTOR-DEMO-0074,Hindustan Urban Works Pvt Ltd,1,Awarded
TENDER-DEMO-01753,MPLADS-DEMO-000877,Procurement for Construction of Cement Concrete (CC) Road and Drain Channel at Village-37,NIT/Min/SAL/2024/1754,Open Tender,Notice Inviting Tender (NIT),2024-01-21,2024-01-31,2024-02-06,1687916.6,1620000.0,CONTRACTOR-DEMO-0057,Universal Projects Ltd,6,Completed
TENDER-DEMO-01754,MPLADS-DEMO-000877,Procurement for Construction of Cement Concrete (CC) Road and Drain Channel at Village-37,WO/SAL/2024/1755,E-Procurement,Work Order Issued,2024-02-08,2024-02-18,2024-02-25,1620000.0,1620000.0,CONTRACTOR-DEMO-0057,Universal Projects Ltd,1,Awarded
TENDER-DEMO-01755,MPLADS-DEMO-000878,Procurement for Upgradation of Rural Link Road connecting Hamlet to Main Highway at Village-159,NIT/Pub/WAY/2023/1756,E-Procurement,Notice Inviting Tender (NIT),2023-04-11,2023-05-02,2023-05-11,3039641.38,3080000.0,CONTRACTOR-DEMO-0045,Shiv Shakti Rural Developers,5,Completed
TENDER-DEMO-01756,MPLADS-DEMO-000878,Procurement for Upgradation of Rural Link Road connecting Hamlet to Main Highway at Village-159,WO/WAY/2023/1757,E-Procurement,Work Order Issued,2023-04-17,2023-04-27,2023-05-01,3080000.0,3080000.0,CONTRACTOR-DEMO-0045,Shiv Shakti Rural Developers,1,Awarded
TENDER-DEMO-01757,MPLADS-DEMO-000879,Procurement for Drilling of Deep Borewell and Solar-Powered Overhead Water Tank at Village-104,NIT/Rur/BEN/2023/1758,E-Procurement,Notice Inviting Tender (NIT),2023-02-17,2023-03-09,2023-03-15,650359.31,660000.0,CONTRACTOR-DEMO-0192,Navnirman Buildcon Pvt Ltd,6,Completed
TENDER-DEMO-01758,MPLADS-DEMO-000879,Procurement for Drilling of Deep Borewell and Solar-Powered Overhead Water Tank at Village-104,WO/BEN/2023/1759,E-Procurement,Work Order Issued,2023-02-24,2023-03-04,2023-03-08,660000.0,660000.0,CONTRACTOR-DEMO-0192,Navnirman Buildcon Pvt Ltd,1,Awarded
TENDER-DEMO-01759,MPLADS-DEMO-000880,Procurement for Construction of Additional Classrooms at Govt Senior Secondary School Village-139,NIT/Pan/GAN/2023/1760,E-Procurement,Notice Inviting Tender (NIT),2023-07-20,2023-08-10,2023-08-16,2689541.17,2740000.0,CONTRACTOR-DEMO-0032,Golden Rural Developers,4,Completed
TENDER-DEMO-01760,MPLADS-DEMO-000880,Procurement for Construction of Additional Classrooms at Govt Senior Secondary School Village-139,WO/GAN/2023/1761,E-Procurement,Work Order Issued,2023-08-04,2023-08-09,2023-08-14,2740000.0,2740000.0,CONTRACTOR-DEMO-0032,Golden Rural Developers,1,Awarded
TENDER-DEMO-01761,MPLADS-DEMO-000881,Procurement for Setup of Science Laboratory and Learning Resource Center in Village-35,NIT/Mun/JAB/2024/1762,Open Tender,Notice Inviting Tender (NIT),2024-05-02,2024-05-19,2024-05-24,927048.71,900000.0,CONTRACTOR-DEMO-0097,Surya Shakti Buildcon Pvt Ltd,6,Completed
TENDER-DEMO-01762,MPLADS-DEMO-000881,Procurement for Setup of Science Laboratory and Learning Resource Center in Village-35,WO/JAB/2024/1763,E-Procurement,Work Order Issued,2024-05-10,2024-05-21,2024-05-23,900000.0,900000.0,CONTRACTOR-DEMO-0097,Surya Shakti Buildcon Pvt Ltd,1,Awarded
TENDER-DEMO-01763,MPLADS-DEMO-000882,Procurement for Construction of Maternity & Child Healthcare Ward at Primary Health Sub-Center Village-123,NIT/Pan/WAY/2024/1764,Open Tender,Notice Inviting Tender (NIT),2024-02-26,2024-03-07,2024-03-13,2379450.75,2300000.0,CONTRACTOR-DEMO-0187,Balaji Engineering Works,6,Completed
TENDER-DEMO-01764,MPLADS-DEMO-000882,Procurement for Construction of Maternity & Child Healthcare Ward at Primary Health Sub-Center Village-123,WO/WAY/2024/1765,E-Procurement,Work Order Issued,2024-03-18,2024-03-25,2024-03-28,2300000.0,2300000.0,CONTRACTOR-DEMO-0187,Balaji Engineering Works,1,Awarded
TENDER-DEMO-01765,MPLADS-DEMO-000883,Procurement for Installation of Solar LED High-Mast Lighting System at Market Yard Village-64,NIT/Rur/JAI/2024/1766,Open Tender,Notice Inviting Tender (NIT),2023-12-27,2024-01-10,2024-01-22,649170.37,640000.0,CONTRACTOR-DEMO-0173,Kisan Infrastructure Ltd,3,Completed
TENDER-DEMO-01766,MPLADS-DEMO-000883,Procurement for Installation of Solar LED High-Mast Lighting System at Market Yard Village-64,WO/JAI/2024/1767,E-Procurement,Work Order Issued,2024-01-11,2024-01-23,2024-01-27,640000.0,640000.0,CONTRACTOR-DEMO-0173,Kisan Infrastructure Ltd,1,Awarded
TENDER-DEMO-01767,MPLADS-DEMO-000884,Procurement for Construction of Maternity & Child Healthcare Ward at Primary Health Sub-Center Village-192,NIT/Pan/COI/2023/1768,Open Tender,Notice Inviting Tender (NIT),2023-01-23,2023-02-02,2023-02-14,1999644.42,1920000.0,CONTRACTOR-DEMO-0045,Shiv Shakti Rural Developers,7,Completed
TENDER-DEMO-01768,MPLADS-DEMO-000884,Procurement for Construction of Maternity & Child Healthcare Ward at Primary Health Sub-Center Village-192,WO/COI/2023/1769,E-Procurement,Work Order Issued,2023-02-09,2023-02-14,2023-02-17,1920000.0,1920000.0,CONTRACTOR-DEMO-0045,Shiv Shakti Rural Developers,1,Awarded
TENDER-DEMO-01769,MPLADS-DEMO-000885,Procurement for Renovation and Expansion of Village Panchayat Bhavan in Village-124,NIT/Mun/JOD/2023/1770,E-Procurement,Notice Inviting Tender (NIT),2023-12-05,2023-12-23,2023-12-28,2496002.56,2430000.0,CONTRACTOR-DEMO-0171,Golden Contractors,7,Completed
TENDER-DEMO-01770,MPLADS-DEMO-000885,Procurement for Renovation and Expansion of Village Panchayat Bhavan in Village-124,WO/JOD/2023/1771,E-Procurement,Work Order Issued,2023-12-19,2023-12-29,2024-01-03,2430000.0,2430000.0,CONTRACTOR-DEMO-0171,Golden Contractors,1,Awarded
TENDER-DEMO-01771,MPLADS-DEMO-000886,Procurement for Upgradation of Rural Link Road connecting Hamlet to Main Highway at Village-48,NIT/Pan/GAN/2023/1772,Open Tender,Notice Inviting Tender (NIT),2023-03-24,2023-04-03,2023-04-10,4810032.24,4690000.0,CONTRACTOR-DEMO-0097,Surya Shakti Buildcon Pvt Ltd,5,Completed
TENDER-DEMO-01772,MPLADS-DEMO-000886,Procurement for Upgradation of Rural Link Road connecting Hamlet to Main Highway at Village-48,WO/GAN/2023/1773,E-Procurement,Work Order Issued,2023-04-02,2023-04-09,2023-04-12,4690000.0,4690000.0,CONTRACTOR-DEMO-0097,Surya Shakti Buildcon Pvt Ltd,1,Awarded
TENDER-DEMO-01773,MPLADS-DEMO-000887,Procurement for Development of Public Recreation Shed and Boundary Wall in Village-25,NIT/Mun/SAL/2023/1774,E-Procurement,Notice Inviting Tender (NIT),2023-03-29,2023-04-10,2023-04-17,1089836.23,1040000.0,CONTRACTOR-DEMO-0025,Aditya Infra Solutions,3,Completed
TENDER-DEMO-01774,MPLADS-DEMO-000887,Procurement for Development of Public Recreation Shed and Boundary Wall in Village-25,WO/SAL/2023/1775,E-Procurement,Work Order Issued,2023-04-20,2023-04-25,2023-04-30,1040000.0,1040000.0,CONTRACTOR-DEMO-0025,Aditya Infra Solutions,1,Awarded
TENDER-DEMO-01775,MPLADS-DEMO-000888,Procurement for Installation of Digital Smart Classroom and Computer Lab Infrastructure at Village-37,NIT/Mun/NAS/2023/1776,E-Procurement,Notice Inviting Tender (NIT),2023-10-07,2023-10-25,2023-11-04,748284.56,720000.0,CONTRACTOR-DEMO-0096,Kisan Contractors,5,Completed
TENDER-DEMO-01776,MPLADS-DEMO-000888,Procurement for Installation of Digital Smart Classroom and Computer Lab Infrastructure at Village-37,WO/NAS/2023/1777,E-Procurement,Work Order Issued,2023-10-22,2023-11-03,2023-11-05,720000.0,720000.0,CONTRACTOR-DEMO-0096,Kisan Contractors,1,Awarded
TENDER-DEMO-01777,MPLADS-DEMO-000889,Procurement for Development of Emergency Cold Storage and Pharmacy Room at Hospital Village-43,NIT/Dis/LUC/2023/1778,Open Tender,Notice Inviting Tender (NIT),2023-05-06,2023-05-23,2023-06-02,1388343.14,1410000.0,CONTRACTOR-DEMO-0055,Gitanjali Projects Ltd,7,Completed
TENDER-DEMO-01778,MPLADS-DEMO-000889,Procurement for Development of Emergency Cold Storage and Pharmacy Room at Hospital Village-43,WO/LUC/2023/1779,E-Procurement,Work Order Issued,2023-05-25,2023-06-02,2023-06-08,1410000.0,1410000.0,CONTRACTOR-DEMO-0055,Gitanjali Projects Ltd,1,Awarded
TENDER-DEMO-01779,MPLADS-DEMO-000890,Procurement for Construction of Separate Girls Toilet and Wash Area in Govt High School Village-100,NIT/Mun/AHM/2024/1780,Open Tender,Notice Inviting Tender (NIT),2024-05-16,2024-06-06,2024-06-13,789008.79,800000.0,CONTRACTOR-DEMO-0185,United Construction Co,3,Completed
TENDER-DEMO-01780,MPLADS-DEMO-000890,Procurement for Construction of Separate Girls Toilet and Wash Area in Govt High School Village-100,WO/AHM/2024/1781,E-Procurement,Work Order Issued,2024-05-31,2024-06-11,2024-06-15,800000.0,800000.0,CONTRACTOR-DEMO-0185,United Construction Co,1,Awarded
TENDER-DEMO-01781,MPLADS-DEMO-000891,Procurement for Interlocking Paver Block Road Installation along Main Street in Village-188,NIT/Pan/WAY/2023/1782,Open Tender,Notice Inviting Tender (NIT),2023-09-23,2023-10-09,2023-10-15,852868.68,870000.0,CONTRACTOR-DEMO-0169,Swastik Civil Projects,3,Completed
TENDER-DEMO-01782,MPLADS-DEMO-000891,Procurement for Interlocking Paver Block Road Installation along Main Street in Village-188,WO/WAY/2023/1783,E-Procurement,Work Order Issued,2023-10-04,2023-10-12,2023-10-16,870000.0,870000.0,CONTRACTOR-DEMO-0169,Swastik Civil Projects,1,Awarded
TENDER-DEMO-01783,MPLADS-DEMO-000892,Procurement for Installation of Solar LED High-Mast Lighting System at Market Yard Village-64,NIT/Dis/IND/2024/1784,E-Procurement,Notice Inviting Tender (NIT),2024-01-28,2024-02-17,2024-02-26,646347.0,620000.0,CONTRACTOR-DEMO-0198,Aditya Infrastructure Ltd,4,Completed
TENDER-DEMO-01784,MPLADS-DEMO-000892,Procurement for Installation of Solar LED High-Mast Lighting System at Market Yard Village-64,WO/IND/2024/1785,E-Procurement,Work Order Issued,2024-02-05,2024-02-13,2024-02-20,620000.0,620000.0,CONTRACTOR-DEMO-0198,Aditya Infrastructure Ltd,1,Awarded
TENDER-DEMO-01785,MPLADS-DEMO-000893,Procurement for Construction of Maternity & Child Healthcare Ward at Primary Health Sub-Center Village-134,NIT/Pub/RAJ/2024/1786,E-Procurement,Notice Inviting Tender (NIT),2024-03-13,2024-04-01,2024-04-09,3061356.33,3000000.0,CONTRACTOR-DEMO-0043,Panchsheel Engineers & Builders,5,Completed
TENDER-DEMO-01786,MPLADS-DEMO-000893,Procurement for Construction of Maternity & Child Healthcare Ward at Primary Health Sub-Center Village-134,WO/RAJ/2024/1787,E-Procurement,Work Order Issued,2024-03-25,2024-03-31,2024-04-03,3000000.0,3000000.0,CONTRACTOR-DEMO-0043,Panchsheel Engineers & Builders,1,Awarded
TENDER-DEMO-01787,MPLADS-DEMO-000894,Procurement for Construction of Reinforced Concrete Irrigation Sluice Gate and Channel in Village-88,NIT/Dis/CUT/2023/1788,Open Tender,Notice Inviting Tender (NIT),2023-04-10,2023-04-20,2023-04-29,991706.17,950000.0,CONTRACTOR-DEMO-0198,Aditya Infrastructure Ltd,6,Completed
TENDER-DEMO-01788,MPLADS-DEMO-000894,Procurement for Construction of Reinforced Concrete Irrigation Sluice Gate and Channel in Village-88,WO/CUT/2023/1789,E-Procurement,Work Order Issued,2023-04-20,2023-04-25,2023-04-29,950000.0,950000.0,CONTRACTOR-DEMO-0198,Aditya Infrastructure Ltd,1,Awarded
TENDER-DEMO-01789,MPLADS-DEMO-000895,Procurement for Installation of Solar LED High-Mast Lighting System at Market Yard Village-23,NIT/Min/LUC/2024/1790,E-Procurement,Notice Inviting Tender (NIT),2024-04-17,2024-04-27,2024-05-04,819264.27,830000.0,CONTRACTOR-DEMO-0075,National Engineering Works,3,Completed
TENDER-DEMO-01790,MPLADS-DEMO-000895,Procurement for Installation of Solar LED High-Mast Lighting System at Market Yard Village-23,WO/LUC/2024/1791,E-Procurement,Work Order Issued,2024-04-27,2024-05-09,2024-05-16,830000.0,830000.0,CONTRACTOR-DEMO-0075,National Engineering Works,1,Awarded
TENDER-DEMO-01791,MPLADS-DEMO-000896,Procurement for Upgradation of Rural Link Road connecting Hamlet to Main Highway at Village-164,NIT/Pan/KOZ/2023/1792,Open Tender,Notice Inviting Tender (NIT),2023-03-26,2023-04-16,2023-04-27,3580502.44,3480000.0,CONTRACTOR-DEMO-0155,Reliable Contractors,6,Completed
TENDER-DEMO-01792,MPLADS-DEMO-000896,Procurement for Upgradation of Rural Link Road connecting Hamlet to Main Highway at Village-164,WO/KOZ/2023/1793,E-Procurement,Work Order Issued,2023-04-13,2023-04-21,2023-04-28,3480000.0,3480000.0,CONTRACTOR-DEMO-0155,Reliable Contractors,1,Awarded
TENDER-DEMO-01793,MPLADS-DEMO-000897,Procurement for Construction of Cement Concrete (CC) Road and Drain Channel at Village-200,NIT/Pub/WAY/2023/1794,Open Tender,Notice Inviting Tender (NIT),2023-10-20,2023-11-02,2023-11-11,3208264.11,3150000.0,CONTRACTOR-DEMO-0151,Modern Projects Ltd,3,Completed
TENDER-DEMO-01794,MPLADS-DEMO-000897,Procurement for Construction of Cement Concrete (CC) Road and Drain Channel at Village-200,WO/WAY/2023/1795,E-Procurement,Work Order Issued,2023-11-04,2023-11-14,2023-11-16,3150000.0,3150000.0,CONTRACTOR-DEMO-0151,Modern Projects Ltd,1,Awarded
TENDER-DEMO-01795,MPLADS-DEMO-000898,Procurement for Construction of Check Dam and Water Harvesting Percolation Tank at Village-93,NIT/Mun/NAG/2024/1796,E-Procurement,Notice Inviting Tender (NIT),2024-01-29,2024-02-12,2024-02-24,1887657.99,1870000.0,CONTRACTOR-DEMO-0121,Apex Engineering Works,4,Completed
TENDER-DEMO-01796,MPLADS-DEMO-000898,Procurement for Construction of Check Dam and Water Harvesting Percolation Tank at Village-93,WO/NAG/2024/1797,E-Procurement,Work Order Issued,2024-02-05,2024-02-16,2024-02-18,1870000.0,1870000.0,CONTRACTOR-DEMO-0121,Apex Engineering Works,1,Awarded
TENDER-DEMO-01797,MPLADS-DEMO-000899,Procurement for Installation of Solar LED High-Mast Lighting System at Market Yard Village-103,NIT/Dis/KHO/2023/1798,Open Tender,Notice Inviting Tender (NIT),2023-11-01,2023-11-18,2023-11-26,733411.2,720000.0,CONTRACTOR-DEMO-0029,Pragati Construction Co,5,Completed
TENDER-DEMO-01798,MPLADS-DEMO-000899,Procurement for Installation of Solar LED High-Mast Lighting System at Market Yard Village-103,WO/KHO/2023/1799,E-Procurement,Work Order Issued,2023-11-19,2023-11-26,2023-12-02,720000.0,720000.0,CONTRACTOR-DEMO-0029,Pragati Construction Co,1,Awarded
TENDER-DEMO-01799,MPLADS-DEMO-000900,Procurement for Construction of Additional Classrooms at Govt Senior Secondary School Village-187,NIT/Dis/GAN/2024/1800,Open Tender,Notice Inviting Tender (NIT),2024-06-08,2024-06-25,2024-07-07,2317082.7,2310000.0,CONTRACTOR-DEMO-0016,Om Buildcon Pvt Ltd,3,Completed
TENDER-DEMO-01800,MPLADS-DEMO-000900,Procurement for Construction of Additional Classrooms at Govt Senior Secondary School Village-187,WO/GAN/2024/1801,E-Procurement,Work Order Issued,2024-06-17,2024-06-25,2024-07-01,2310000.0,2310000.0,CONTRACTOR-DEMO-0016,Om Buildcon Pvt Ltd,1,Awarded
TENDER-DEMO-01801,MPLADS-DEMO-000901,Procurement for Development of Emergency Cold Storage and Pharmacy Room at Hospital Village-68,NIT/Pub/JAB/2023/1802,E-Procurement,Notice Inviting Tender (NIT),2023-07-11,2023-07-30,2023-08-11,1939544.41,1910000.0,CONTRACTOR-DEMO-0131,Panchsheel Rural Developers,5,Completed
TENDER-DEMO-01802,MPLADS-DEMO-000901,Procurement for Development of Emergency Cold Storage and Pharmacy Room at Hospital Village-68,WO/JAB/2023/1803,E-Procurement,Work Order Issued,2023-07-28,2023-08-06,2023-08-09,1910000.0,1910000.0,CONTRACTOR-DEMO-0131,Panchsheel Rural Developers,1,Awarded
TENDER-DEMO-01803,MPLADS-DEMO-000902,Procurement for Interlocking Paver Block Road Installation along Main Street in Village-82,NIT/Min/JOD/2024/1804,E-Procurement,Notice Inviting Tender (NIT),2023-12-17,2024-01-06,2024-01-11,1777396.24,1720000.0,CONTRACTOR-DEMO-0071,Kisan Infra Solutions,7,Completed
TENDER-DEMO-01804,MPLADS-DEMO-000902,Procurement for Interlocking Paver Block Road Installation along Main Street in Village-82,WO/JOD/2024/1805,E-Procurement,Work Order Issued,2024-01-06,2024-01-13,2024-01-16,1720000.0,1720000.0,CONTRACTOR-DEMO-0071,Kisan Infra Solutions,1,Awarded
TENDER-DEMO-01805,MPLADS-DEMO-000903,Procurement for Upgradation of Rural Link Road connecting Hamlet to Main Highway at Village-113,NIT/Mun/BEN/2023/1806,E-Procurement,Notice Inviting Tender (NIT),2023-11-14,2023-11-24,2023-12-01,3062125.19,3060000.0,CONTRACTOR-DEMO-0079,Balaji Civil Projects,5,Completed
TENDER-DEMO-01806,MPLADS-DEMO-000903,Procurement for Upgradation of Rural Link Road connecting Hamlet to Main Highway at Village-113,WO/BEN/2023/1807,E-Procurement,Work Order Issued,2023-12-01,2023-12-11,2023-12-15,3060000.0,3060000.0,CONTRACTOR-DEMO-0079,Balaji Civil Projects,1,Awarded
TENDER-DEMO-01807,MPLADS-DEMO-000904,Procurement for Laying of Underground Drinking Water Pipeline Distribution in Village-159,NIT/Mun/DHA/2024/1808,Open Tender,Notice Inviting Tender (NIT),2023-12-31,2024-01-17,2024-01-29,900803.77,910000.0,CONTRACTOR-DEMO-0091,Reliable Construction Co,5,Completed
TENDER-DEMO-01808,MPLADS-DEMO-000904,Procurement for Laying of Underground Drinking Water Pipeline Distribution in Village-159,WO/DHA/2024/1809,E-Procurement,Work Order Issued,2024-01-16,2024-01-28,2024-01-30,910000.0,910000.0,CONTRACTOR-DEMO-0091,Reliable Construction Co,1,Awarded
TENDER-DEMO-01809,MPLADS-DEMO-000905,Procurement for Installation of Digital Smart Classroom and Computer Lab Infrastructure at Village-99,NIT/Rur/UDA/2023/1810,E-Procurement,Notice Inviting Tender (NIT),2023-07-12,2023-07-29,2023-08-06,1053179.85,1070000.0,CONTRACTOR-DEMO-0144,Navnirman Engineering Works,7,Completed
TENDER-DEMO-01810,MPLADS-DEMO-000905,Procurement for Installation of Digital Smart Classroom and Computer Lab Infrastructure at Village-99,WO/UDA/2023/1811,E-Procurement,Work Order Issued,2023-07-21,2023-07-27,2023-07-31,1070000.0,1070000.0,CONTRACTOR-DEMO-0144,Navnirman Engineering Works,1,Awarded
TENDER-DEMO-01811,MPLADS-DEMO-000906,Procurement for Construction of Cement Concrete (CC) Road and Drain Channel at Village-127,NIT/Pub/WAY/2024/1812,E-Procurement,Notice Inviting Tender (NIT),2023-12-12,2023-12-26,2024-01-07,2197171.67,2160000.0,CONTRACTOR-DEMO-0066,Aditya Projects Ltd,4,Completed
TENDER-DEMO-01812,MPLADS-DEMO-000906,Procurement for Construction of Cement Concrete (CC) Road and Drain Channel at Village-127,WO/WAY/2024/1813,E-Procurement,Work Order Issued,2024-01-03,2024-01-08,2024-01-11,2160000.0,2160000.0,CONTRACTOR-DEMO-0066,Aditya Projects Ltd,1,Awarded
TENDER-DEMO-01813,MPLADS-DEMO-000907,Procurement for Supply and Erection of 30 Standalone Solar Street Lights in Village-113,NIT/Pan/KHO/2023/1814,Open Tender,Notice Inviting Tender (NIT),2023-10-28,2023-11-14,2023-11-24,861275.12,860000.0,CONTRACTOR-DEMO-0071,Kisan Infra Solutions,4,Completed
TENDER-DEMO-01814,MPLADS-DEMO-000907,Procurement for Supply and Erection of 30 Standalone Solar Street Lights in Village-113,WO/KHO/2023/1815,E-Procurement,Work Order Issued,2023-11-08,2023-11-15,2023-11-20,860000.0,860000.0,CONTRACTOR-DEMO-0071,Kisan Infra Solutions,1,Awarded
TENDER-DEMO-01815,MPLADS-DEMO-000908,Procurement for Interlocking Paver Block Road Installation along Main Street in Village-82,NIT/Min/UDA/2024/1816,E-Procurement,Notice Inviting Tender (NIT),2024-01-14,2024-01-25,2024-02-03,1705582.77,1680000.0,CONTRACTOR-DEMO-0133,Mahalaxmi Contractors,5,Completed
TENDER-DEMO-01816,MPLADS-DEMO-000908,Procurement for Interlocking Paver Block Road Installation along Main Street in Village-82,WO/UDA/2024/1817,E-Procurement,Work Order Issued,2024-01-31,2024-02-07,2024-02-12,1680000.0,1680000.0,CONTRACTOR-DEMO-0133,Mahalaxmi Contractors,1,Awarded
TENDER-DEMO-01817,MPLADS-DEMO-000909,Procurement for Supply and Erection of 30 Standalone Solar Street Lights in Village-27,NIT/Pan/BEN/2023/1818,E-Procurement,Notice Inviting Tender (NIT),2023-11-06,2023-11-18,2023-11-25,722349.47,720000.0,CONTRACTOR-DEMO-0017,Vikas Engineers & Builders,6,Completed
TENDER-DEMO-01818,MPLADS-DEMO-000909,Procurement for Supply and Erection of 30 Standalone Solar Street Lights in Village-27,WO/BEN/2023/1819,E-Procurement,Work Order Issued,2023-11-15,2023-11-22,2023-11-27,720000.0,720000.0,CONTRACTOR-DEMO-0017,Vikas Engineers & Builders,1,Awarded
TENDER-DEMO-01819,MPLADS-DEMO-000910,Procurement for Setup of Science Laboratory and Learning Resource Center in Village-152,NIT/Min/MAD/2023/1820,E-Procurement,Notice Inviting Tender (NIT),2023-12-10,2023-12-28,2024-01-06,1165269.36,1110000.0,CONTRACTOR-DEMO-0020,Universal Engineering Works,6,Completed
TENDER-DEMO-01820,MPLADS-DEMO-000910,Procurement for Setup of Science Laboratory and Learning Resource Center in Village-152,WO/MAD/2023/1821,E-Procurement,Work Order Issued,2023-12-19,2023-12-30,2024-01-03,1110000.0,1110000.0,CONTRACTOR-DEMO-0020,Universal Engineering Works,1,Awarded
TENDER-DEMO-01821,MPLADS-DEMO-000911,Procurement for Construction of Open Air Gymnasium and Seating Area at Village-146,NIT/Dis/UDA/2024/1822,Open Tender,Notice Inviting Tender (NIT),2024-01-13,2024-01-23,2024-02-04,646184.19,630000.0,CONTRACTOR-DEMO-0119,Shiv Shakti Infrastructure Ltd,6,Completed
TENDER-DEMO-01822,MPLADS-DEMO-000911,Procurement for Construction of Open Air Gymnasium and Seating Area at Village-146,WO/UDA/2024/1823,E-Procurement,Work Order Issued,2024-01-25,2024-02-01,2024-02-06,630000.0,630000.0,CONTRACTOR-DEMO-0119,Shiv Shakti Infrastructure Ltd,1,Awarded
TENDER-DEMO-01823,MPLADS-DEMO-000912,Procurement for Development of Emergency Cold Storage and Pharmacy Room at Hospital Village-78,NIT/Dis/DHA/2024/1824,E-Procurement,Notice Inviting Tender (NIT),2024-02-28,2024-03-20,2024-03-28,2426756.05,2320000.0,CONTRACTOR-DEMO-0186,Classic Enterprises,4,Completed
TENDER-DEMO-01824,MPLADS-DEMO-000912,Procurement for Development of Emergency Cold Storage and Pharmacy Room at Hospital Village-78,WO/DHA/2024/1825,E-Procurement,Work Order Issued,2024-03-04,2024-03-16,2024-03-21,2320000.0,2320000.0,CONTRACTOR-DEMO-0186,Classic Enterprises,1,Awarded
TENDER-DEMO-01825,MPLADS-DEMO-000913,Procurement for Construction of Multipurpose Community Hall at Village Village-158,NIT/Min/COI/2023/1826,E-Procurement,Notice Inviting Tender (NIT),2023-11-24,2023-12-09,2023-12-16,1393353.03,1400000.0,CONTRACTOR-DEMO-0130,Vikas Urban Works Pvt Ltd,7,Completed
TENDER-DEMO-01826,MPLADS-DEMO-000913,Procurement for Construction of Multipurpose Community Hall at Village Village-158,WO/COI/2023/1827,E-Procurement,Work Order Issued,2023-12-01,2023-12-13,2023-12-19,1400000.0,1400000.0,CONTRACTOR-DEMO-0130,Vikas Urban Works Pvt Ltd,1,Awarded
TENDER-DEMO-01827,MPLADS-DEMO-000914,Procurement for Construction of Cement Concrete (CC) Road and Drain Channel at Village-25,NIT/Dis/NAG/2024/1828,E-Procurement,Notice Inviting Tender (NIT),2024-02-03,2024-02-19,2024-02-24,3469974.14,3350000.0,CONTRACTOR-DEMO-0028,Siddhartha Buildcon Pvt Ltd,7,Completed
TENDER-DEMO-01828,MPLADS-DEMO-000914,Procurement for Construction of Cement Concrete (CC) Road and Drain Channel at Village-25,WO/NAG/2024/1829,E-Procurement,Work Order Issued,2024-02-11,2024-02-19,2024-02-22,3350000.0,3350000.0,CONTRACTOR-DEMO-0028,Siddhartha Buildcon Pvt Ltd,1,Awarded
TENDER-DEMO-01829,MPLADS-DEMO-000915,Procurement for Laying of Underground Drinking Water Pipeline Distribution in Village-65,NIT/Dis/UDA/2023/1830,E-Procurement,Notice Inviting Tender (NIT),2023-12-15,2024-01-05,2024-01-15,1355341.78,1310000.0,CONTRACTOR-DEMO-0138,Pragati Buildcon Pvt Ltd,4,Completed
TENDER-DEMO-01830,MPLADS-DEMO-000915,Procurement for Laying of Underground Drinking Water Pipeline Distribution in Village-65,WO/UDA/2023/1831,E-Procurement,Work Order Issued,2023-12-26,2023-12-31,2024-01-04,1310000.0,1310000.0,CONTRACTOR-DEMO-0138,Pragati Buildcon Pvt Ltd,1,Awarded
TENDER-DEMO-01831,MPLADS-DEMO-000916,Procurement for Installation of Solar LED High-Mast Lighting System at Market Yard Village-143,NIT/Mun/RAJ/2023/1832,E-Procurement,Notice Inviting Tender (NIT),2023-01-20,2023-02-09,2023-02-16,557259.22,550000.0,CONTRACTOR-DEMO-0149,Classic Buildcon Pvt Ltd,7,Completed
TENDER-DEMO-01832,MPLADS-DEMO-000916,Procurement for Installation of Solar LED High-Mast Lighting System at Market Yard Village-143,WO/RAJ/2023/1833,E-Procurement,Work Order Issued,2023-01-29,2023-02-04,2023-02-08,550000.0,550000.0,CONTRACTOR-DEMO-0149,Classic Buildcon Pvt Ltd,1,Awarded
TENDER-DEMO-01833,MPLADS-DEMO-000917,Procurement for Construction of Check Dam and Water Harvesting Percolation Tank at Village-45,NIT/Rur/UDA/2023/1834,Open Tender,Notice Inviting Tender (NIT),2023-02-27,2023-03-15,2023-03-24,1375693.24,1330000.0,CONTRACTOR-DEMO-0184,Shanti Projects Ltd,5,Completed
TENDER-DEMO-01834,MPLADS-DEMO-000917,Procurement for Construction of Check Dam and Water Harvesting Percolation Tank at Village-45,WO/UDA/2023/1835,E-Procurement,Work Order Issued,2023-03-18,2023-03-28,2023-04-02,1330000.0,1330000.0,CONTRACTOR-DEMO-0184,Shanti Projects Ltd,1,Awarded
TENDER-DEMO-01835,MPLADS-DEMO-000918,Procurement for Laying of Underground Drinking Water Pipeline Distribution in Village-8,NIT/Pub/MYS/2023/1836,E-Procurement,Notice Inviting Tender (NIT),2023-06-04,2023-06-14,2023-06-26,964262.74,950000.0,CONTRACTOR-DEMO-0046,Classic Projects Ltd,6,Completed
TENDER-DEMO-01836,MPLADS-DEMO-000918,Procurement for Laying of Underground Drinking Water Pipeline Distribution in Village-8,WO/MYS/2023/1837,E-Procurement,Work Order Issued,2023-06-23,2023-07-03,2023-07-07,950000.0,950000.0,CONTRACTOR-DEMO-0046,Classic Projects Ltd,1,Awarded
TENDER-DEMO-01837,MPLADS-DEMO-000919,Procurement for Construction of Public Sanitation Facility and Bathing Block in Village-157,NIT/Rur/BEN/2024/1838,Open Tender,Notice Inviting Tender (NIT),2024-03-10,2024-03-22,2024-04-02,1341003.62,1290000.0,CONTRACTOR-DEMO-0090,Om Civil Projects,7,Completed
TENDER-DEMO-01838,MPLADS-DEMO-000919,Procurement for Construction of Public Sanitation Facility and Bathing Block in Village-157,WO/BEN/2024/1839,E-Procurement,Work Order Issued,2024-03-25,2024-04-02,2024-04-08,1290000.0,1290000.0,CONTRACTOR-DEMO-0090,Om Civil Projects,1,Awarded
TENDER-DEMO-01839,MPLADS-DEMO-000920,Procurement for Construction of Public Sanitation Facility and Bathing Block in Village-126,NIT/Dis/UDA/2023/1840,Open Tender,Notice Inviting Tender (NIT),2023-09-14,2023-09-26,2023-10-03,932309.58,920000.0,CONTRACTOR-DEMO-0171,Golden Contractors,6,Completed
TENDER-DEMO-01840,MPLADS-DEMO-000920,Procurement for Construction of Public Sanitation Facility and Bathing Block in Village-126,WO/UDA/2023/1841,E-Procurement,Work Order Issued,2023-09-25,2023-10-07,2023-10-14,920000.0,920000.0,CONTRACTOR-DEMO-0171,Golden Contractors,1,Awarded
TENDER-DEMO-01841,MPLADS-DEMO-000921,Procurement for Installation of 10kW Rooftop Solar Power System at Primary Health Center Village-148,NIT/Pan/GAN/2023/1842,Open Tender,Notice Inviting Tender (NIT),2023-06-29,2023-07-11,2023-07-16,1111786.19,1080000.0,CONTRACTOR-DEMO-0164,Kisan Civil Projects,4,Completed
TENDER-DEMO-01842,MPLADS-DEMO-000921,Procurement for Installation of 10kW Rooftop Solar Power System at Primary Health Center Village-148,WO/GAN/2023/1843,E-Procurement,Work Order Issued,2023-07-08,2023-07-20,2023-07-22,1080000.0,1080000.0,CONTRACTOR-DEMO-0164,Kisan Civil Projects,1,Awarded
TENDER-DEMO-01843,MPLADS-DEMO-000922,Procurement for Setup of Science Laboratory and Learning Resource Center in Village-22,NIT/Pub/IND/2023/1844,E-Procurement,Notice Inviting Tender (NIT),2023-07-17,2023-07-28,2023-08-09,1359923.13,1310000.0,CONTRACTOR-DEMO-0139,Premier Enterprises,6,Completed
TENDER-DEMO-01844,MPLADS-DEMO-000922,Procurement for Setup of Science Laboratory and Learning Resource Center in Village-22,WO/IND/2023/1845,E-Procurement,Work Order Issued,2023-07-29,2023-08-04,2023-08-09,1310000.0,1310000.0,CONTRACTOR-DEMO-0139,Premier Enterprises,1,Awarded
TENDER-DEMO-01845,MPLADS-DEMO-000923,Procurement for Construction of Open Air Gymnasium and Seating Area at Village-151,NIT/Dis/VAR/2023/1846,Open Tender,Notice Inviting Tender (NIT),2023-10-12,2023-10-28,2023-11-04,806883.63,820000.0,CONTRACTOR-DEMO-0052,Siddhartha Urban Works Pvt Ltd,5,Completed
TENDER-DEMO-01846,MPLADS-DEMO-000923,Procurement for Construction of Open Air Gymnasium and Seating Area at Village-151,WO/VAR/2023/1847,E-Procurement,Work Order Issued,2023-10-20,2023-10-30,2023-11-01,820000.0,820000.0,CONTRACTOR-DEMO-0052,Siddhartha Urban Works Pvt Ltd,1,Awarded
TENDER-DEMO-01847,MPLADS-DEMO-000924,Procurement for Renovation and Expansion of Village Panchayat Bhavan in Village-190,NIT/Min/DHA/2024/1848,Open Tender,Notice Inviting Tender (NIT),2024-04-28,2024-05-12,2024-05-23,2755076.53,2700000.0,CONTRACTOR-DEMO-0060,Premier Contractors,4,Completed
TENDER-DEMO-01848,MPLADS-DEMO-000924,Procurement for Renovation and Expansion of Village Panchayat Bhavan in Village-190,WO/DHA/2024/1849,E-Procurement,Work Order Issued,2024-05-12,2024-05-22,2024-05-25,2700000.0,2700000.0,CONTRACTOR-DEMO-0060,Premier Contractors,1,Awarded
TENDER-DEMO-01849,MPLADS-DEMO-000925,Procurement for Development of Public Recreation Shed and Boundary Wall in Village-127,NIT/Min/JOD/2024/1850,Open Tender,Notice Inviting Tender (NIT),2024-04-22,2024-05-08,2024-05-13,905006.94,910000.0,CONTRACTOR-DEMO-0065,Kisan Enterprises,4,Completed
TENDER-DEMO-01850,MPLADS-DEMO-000925,Procurement for Development of Public Recreation Shed and Boundary Wall in Village-127,WO/JOD/2024/1851,E-Procurement,Work Order Issued,2024-05-05,2024-05-10,2024-05-13,910000.0,910000.0,CONTRACTOR-DEMO-0065,Kisan Enterprises,1,Awarded
TENDER-DEMO-01851,MPLADS-DEMO-000926,Procurement for Desilting and Deepening of Traditional Village Water Reservoir in Village-46,NIT/Min/KAR/2023/1852,Open Tender,Notice Inviting Tender (NIT),2023-03-30,2023-04-18,2023-04-23,1253103.76,1270000.0,CONTRACTOR-DEMO-0112,Hindustan Infrastructure Ltd,5,Completed
TENDER-DEMO-01852,MPLADS-DEMO-000926,Procurement for Desilting and Deepening of Traditional Village Water Reservoir in Village-46,WO/KAR/2023/1853,E-Procurement,Work Order Issued,2023-04-16,2023-04-27,2023-05-01,1270000.0,1270000.0,CONTRACTOR-DEMO-0112,Hindustan Infrastructure Ltd,1,Awarded
TENDER-DEMO-01853,MPLADS-DEMO-000927,Procurement for Development of Emergency Cold Storage and Pharmacy Room at Hospital Village-80,NIT/Dis/COI/2023/1854,Open Tender,Notice Inviting Tender (NIT),2023-01-30,2023-02-10,2023-02-15,2160460.97,2140000.0,CONTRACTOR-DEMO-0128,Classic Infrastructure Ltd,3,Completed
TENDER-DEMO-01854,MPLADS-DEMO-000927,Procurement for Development of Emergency Cold Storage and Pharmacy Room at Hospital Village-80,WO/COI/2023/1855,E-Procurement,Work Order Issued,2023-02-17,2023-03-01,2023-03-06,2140000.0,2140000.0,CONTRACTOR-DEMO-0128,Classic Infrastructure Ltd,1,Awarded
TENDER-DEMO-01855,MPLADS-DEMO-000928,Procurement for Renovation and Expansion of Village Panchayat Bhavan in Village-11,NIT/Rur/MAD/2023/1856,E-Procurement,Notice Inviting Tender (NIT),2023-05-06,2023-05-19,2023-05-25,1985768.57,1970000.0,CONTRACTOR-DEMO-0087,Swastik Infrastructure Ltd,4,Completed
TENDER-DEMO-01856,MPLADS-DEMO-000928,Procurement for Renovation and Expansion of Village Panchayat Bhavan in Village-11,WO/MAD/2023/1857,E-Procurement,Work Order Issued,2023-05-16,2023-05-21,2023-05-25,1970000.0,1970000.0,CONTRACTOR-DEMO-0087,Swastik Infrastructure Ltd,1,Awarded
TENDER-DEMO-01857,MPLADS-DEMO-000929,Procurement for Construction of Culvert and Cross-Drainage Structure on Link Road Village-73,NIT/Rur/KOZ/2024/1858,Open Tender,Notice Inviting Tender (NIT),2024-03-22,2024-04-01,2024-04-10,1898745.99,1860000.0,CONTRACTOR-DEMO-0055,Gitanjali Projects Ltd,4,Completed
TENDER-DEMO-01858,MPLADS-DEMO-000929,Procurement for Construction of Culvert and Cross-Drainage Structure on Link Road Village-73,WO/KOZ/2024/1859,E-Procurement,Work Order Issued,2024-03-26,2024-04-06,2024-04-11,1860000.0,1860000.0,CONTRACTOR-DEMO-0055,Gitanjali Projects Ltd,1,Awarded
TENDER-DEMO-01859,MPLADS-DEMO-000930,Procurement for Renovation and Expansion of Village Panchayat Bhavan in Village-123,NIT/Min/MYS/2024/1860,Open Tender,Notice Inviting Tender (NIT),2024-02-29,2024-03-14,2024-03-23,2405227.79,2390000.0,CONTRACTOR-DEMO-0116,Samriddhi Projects Ltd,4,Completed
TENDER-DEMO-01860,MPLADS-DEMO-000930,Procurement for Renovation and Expansion of Village Panchayat Bhavan in Village-123,WO/MYS/2024/1861,E-Procurement,Work Order Issued,2024-03-08,2024-03-20,2024-03-23,2390000.0,2390000.0,CONTRACTOR-DEMO-0116,Samriddhi Projects Ltd,1,Awarded
TENDER-DEMO-01861,MPLADS-DEMO-000931,Procurement for Construction of Additional Classrooms at Govt Senior Secondary School Village-170,NIT/Dis/PUN/2023/1862,Open Tender,Notice Inviting Tender (NIT),2023-01-28,2023-02-14,2023-02-25,1971221.65,1880000.0,CONTRACTOR-DEMO-0048,Shanti Rural Developers,7,Completed
TENDER-DEMO-01862,MPLADS-DEMO-000931,Procurement for Construction of Additional Classrooms at Govt Senior Secondary School Village-170,WO/PUN/2023/1863,E-Procurement,Work Order Issued,2023-02-12,2023-02-20,2023-02-26,1880000.0,1880000.0,CONTRACTOR-DEMO-0048,Shanti Rural Developers,1,Awarded
TENDER-DEMO-01863,MPLADS-DEMO-000932,Procurement for Installation of Community RO Water Purification Plant at Village-101,NIT/Pub/JAB/2023/1864,E-Procurement,Notice Inviting Tender (NIT),2023-05-13,2023-06-03,2023-06-14,950301.35,920000.0,CONTRACTOR-DEMO-0116,Samriddhi Projects Ltd,5,Completed
TENDER-DEMO-01864,MPLADS-DEMO-000932,Procurement for Installation of Community RO Water Purification Plant at Village-101,WO/JAB/2023/1865,E-Procurement,Work Order Issued,2023-05-24,2023-05-29,2023-06-01,920000.0,920000.0,CONTRACTOR-DEMO-0116,Samriddhi Projects Ltd,1,Awarded
TENDER-DEMO-01865,MPLADS-DEMO-000933,Procurement for Drilling of Deep Borewell and Solar-Powered Overhead Water Tank at Village-143,NIT/Pub/KAR/2023/1866,Open Tender,Notice Inviting Tender (NIT),2023-08-01,2023-08-20,2023-08-30,691327.56,700000.0,CONTRACTOR-DEMO-0098,Vanguard Civil Projects,7,Completed
TENDER-DEMO-01866,MPLADS-DEMO-000933,Procurement for Drilling of Deep Borewell and Solar-Powered Overhead Water Tank at Village-143,WO/KAR/2023/1867,E-Procurement,Work Order Issued,2023-08-19,2023-08-27,2023-08-30,700000.0,700000.0,CONTRACTOR-DEMO-0098,Vanguard Civil Projects,1,Awarded
TENDER-DEMO-01867,MPLADS-DEMO-000934,Procurement for Development of Public Recreation Shed and Boundary Wall in Village-2,NIT/Pan/PUN/2023/1868,Open Tender,Notice Inviting Tender (NIT),2023-04-26,2023-05-17,2023-05-24,1458654.12,1390000.0,CONTRACTOR-DEMO-0170,Alliance Rural Developers,6,Completed
TENDER-DEMO-01868,MPLADS-DEMO-000934,Procurement for Development of Public Recreation Shed and Boundary Wall in Village-2,WO/PUN/2023/1869,E-Procurement,Work Order Issued,2023-05-19,2023-05-25,2023-05-28,1390000.0,1390000.0,CONTRACTOR-DEMO-0170,Alliance Rural Developers,1,Awarded
TENDER-DEMO-01869,MPLADS-DEMO-000935,Procurement for Installation of 10kW Rooftop Solar Power System at Primary Health Center Village-99,NIT/Rur/GAN/2023/1870,E-Procurement,Notice Inviting Tender (NIT),2023-10-05,2023-10-21,2023-10-29,883840.6,880000.0,CONTRACTOR-DEMO-0126,Swastik Engineers & Builders,3,Completed
TENDER-DEMO-01870,MPLADS-DEMO-000935,Procurement for Installation of 10kW Rooftop Solar Power System at Primary Health Center Village-99,WO/GAN/2023/1871,E-Procurement,Work Order Issued,2023-10-12,2023-10-23,2023-10-25,880000.0,880000.0,CONTRACTOR-DEMO-0126,Swastik Engineers & Builders,1,Awarded
TENDER-DEMO-01871,MPLADS-DEMO-000936,Procurement for Supply and Erection of 30 Standalone Solar Street Lights in Village-58,NIT/Rur/JAB/2023/1872,Open Tender,Notice Inviting Tender (NIT),2023-05-31,2023-06-16,2023-06-27,617124.42,610000.0,CONTRACTOR-DEMO-0080,Krishna Urban Works Pvt Ltd,5,Completed
TENDER-DEMO-01872,MPLADS-DEMO-000936,Procurement for Supply and Erection of 30 Standalone Solar Street Lights in Village-58,WO/JAB/2023/1873,E-Procurement,Work Order Issued,2023-06-07,2023-06-19,2023-06-22,610000.0,610000.0,CONTRACTOR-DEMO-0080,Krishna Urban Works Pvt Ltd,1,Awarded
TENDER-DEMO-01873,MPLADS-DEMO-000937,Procurement for Setup of Science Laboratory and Learning Resource Center in Village-182,NIT/Pan/AHM/2023/1874,E-Procurement,Notice Inviting Tender (NIT),2023-05-16,2023-05-31,2023-06-08,1439846.66,1410000.0,CONTRACTOR-DEMO-0191,Surya Shakti Civil Projects,5,Completed
TENDER-DEMO-01874,MPLADS-DEMO-000937,Procurement for Setup of Science Laboratory and Learning Resource Center in Village-182,WO/AHM/2023/1875,E-Procurement,Work Order Issued,2023-06-04,2023-06-09,2023-06-14,1410000.0,1410000.0,CONTRACTOR-DEMO-0191,Surya Shakti Civil Projects,1,Awarded
TENDER-DEMO-01875,MPLADS-DEMO-000938,Procurement for Setup of Science Laboratory and Learning Resource Center in Village-94,NIT/Mun/JAB/2023/1876,E-Procurement,Notice Inviting Tender (NIT),2023-05-17,2023-06-04,2023-06-15,1071171.31,1070000.0,CONTRACTOR-DEMO-0122,Shanti Construction Co,3,Completed
TENDER-DEMO-01876,MPLADS-DEMO-000938,Procurement for Setup of Science Laboratory and Learning Resource Center in Village-94,WO/JAB/2023/1877,E-Procurement,Work Order Issued,2023-05-20,2023-06-01,2023-06-05,1070000.0,1070000.0,CONTRACTOR-DEMO-0122,Shanti Construction Co,1,Awarded
TENDER-DEMO-01877,MPLADS-DEMO-000939,Procurement for Desilting and Deepening of Traditional Village Water Reservoir in Village-96,NIT/Dis/KHO/2023/1878,Open Tender,Notice Inviting Tender (NIT),2023-09-08,2023-09-18,2023-09-25,963459.21,980000.0,CONTRACTOR-DEMO-0059,National Rural Developers,3,Completed
TENDER-DEMO-01878,MPLADS-DEMO-000939,Procurement for Desilting and Deepening of Traditional Village Water Reservoir in Village-96,WO/KHO/2023/1879,E-Procurement,Work Order Issued,2023-09-29,2023-10-06,2023-10-12,980000.0,980000.0,CONTRACTOR-DEMO-0059,National Rural Developers,1,Awarded
TENDER-DEMO-01879,MPLADS-DEMO-000940,Procurement for Laying of Underground Drinking Water Pipeline Distribution in Village-133,NIT/Rur/DHA/2024/1880,E-Procurement,Notice Inviting Tender (NIT),2023-12-31,2024-01-12,2024-01-19,858232.7,830000.0,CONTRACTOR-DEMO-0200,Gitanjali Construction Co,5,Completed
TENDER-DEMO-01880,MPLADS-DEMO-000940,Procurement for Laying of Underground Drinking Water Pipeline Distribution in Village-133,WO/DHA/2024/1881,E-Procurement,Work Order Issued,2024-01-08,2024-01-16,2024-01-22,830000.0,830000.0,CONTRACTOR-DEMO-0200,Gitanjali Construction Co,1,Awarded
TENDER-DEMO-01881,MPLADS-DEMO-000941,Procurement for Installation of Digital Smart Classroom and Computer Lab Infrastructure at Village-39,NIT/Pub/SAL/2023/1882,Open Tender,Notice Inviting Tender (NIT),2023-11-23,2023-12-07,2023-12-16,875441.28,860000.0,CONTRACTOR-DEMO-0009,Golden Urban Works Pvt Ltd,3,Completed
TENDER-DEMO-01882,MPLADS-DEMO-000941,Procurement for Installation of Digital Smart Classroom and Computer Lab Infrastructure at Village-39,WO/SAL/2023/1883,E-Procurement,Work Order Issued,2023-12-02,2023-12-09,2023-12-12,860000.0,860000.0,CONTRACTOR-DEMO-0009,Golden Urban Works Pvt Ltd,1,Awarded
TENDER-DEMO-01883,MPLADS-DEMO-000942,Procurement for Construction of Check Dam and Water Harvesting Percolation Tank at Village-85,NIT/Pan/GAN/2023/1884,Open Tender,Notice Inviting Tender (NIT),2023-05-11,2023-05-24,2023-06-01,1541382.46,1550000.0,CONTRACTOR-DEMO-0153,Siddhartha Infrastructure Ltd,3,Completed
TENDER-DEMO-01884,MPLADS-DEMO-000942,Procurement for Construction of Check Dam and Water Harvesting Percolation Tank at Village-85,WO/GAN/2023/1885,E-Procurement,Work Order Issued,2023-05-29,2023-06-06,2023-06-10,1550000.0,1550000.0,CONTRACTOR-DEMO-0153,Siddhartha Infrastructure Ltd,1,Awarded
TENDER-DEMO-01885,MPLADS-DEMO-000943,Procurement for Interlocking Paver Block Road Installation along Main Street in Village-75,NIT/Mun/BEN/2023/1886,E-Procurement,Notice Inviting Tender (NIT),2023-08-19,2023-08-29,2023-09-05,1036671.12,1000000.0,CONTRACTOR-DEMO-0044,United Engineering Works,5,Completed
TENDER-DEMO-01886,MPLADS-DEMO-000943,Procurement for Interlocking Paver Block Road Installation along Main Street in Village-75,WO/BEN/2023/1887,E-Procurement,Work Order Issued,2023-08-31,2023-09-05,2023-09-07,1000000.0,1000000.0,CONTRACTOR-DEMO-0044,United Engineering Works,1,Awarded
TENDER-DEMO-01887,MPLADS-DEMO-000944,Procurement for Supply of Diagnostic Medical Equipment and Patient Beds to Rural Clinic in Village-180,NIT/Pan/DHA/2023/1888,Open Tender,Notice Inviting Tender (NIT),2023-04-20,2023-05-05,2023-05-14,1313929.03,1310000.0,CONTRACTOR-DEMO-0101,Bharat Construction Co,3,Completed
TENDER-DEMO-01888,MPLADS-DEMO-000944,Procurement for Supply of Diagnostic Medical Equipment and Patient Beds to Rural Clinic in Village-180,WO/DHA/2023/1889,E-Procurement,Work Order Issued,2023-05-01,2023-05-12,2023-05-18,1310000.0,1310000.0,CONTRACTOR-DEMO-0101,Bharat Construction Co,1,Awarded
TENDER-DEMO-01889,MPLADS-DEMO-000945,Procurement for Installation of Digital Smart Classroom and Computer Lab Infrastructure at Village-197,NIT/Dis/IND/2023/1890,Open Tender,Notice Inviting Tender (NIT),2023-05-06,2023-05-27,2023-06-04,1187451.07,1160000.0,CONTRACTOR-DEMO-0092,Apex Infra Solutions,4,Completed
TENDER-DEMO-01890,MPLADS-DEMO-000945,Procurement for Installation of Digital Smart Classroom and Computer Lab Infrastructure at Village-197,WO/IND/2023/1891,E-Procurement,Work Order Issued,2023-05-23,2023-05-30,2023-06-03,1160000.0,1160000.0,CONTRACTOR-DEMO-0092,Apex Infra Solutions,1,Awarded
TENDER-DEMO-01891,MPLADS-DEMO-000946,Procurement for Construction of Cement Concrete (CC) Road and Drain Channel at Village-46,NIT/Dis/SUR/2024/1892,Open Tender,Notice Inviting Tender (NIT),2024-05-11,2024-05-27,2024-06-03,2655761.38,2600000.0,CONTRACTOR-DEMO-0025,Aditya Infra Solutions,4,Completed
TENDER-DEMO-01892,MPLADS-DEMO-000946,Procurement for Construction of Cement Concrete (CC) Road and Drain Channel at Village-46,WO/SUR/2024/1893,E-Procurement,Work Order Issued,2024-05-28,2024-06-02,2024-06-06,2600000.0,2600000.0,CONTRACTOR-DEMO-0025,Aditya Infra Solutions,1,Awarded
TENDER-DEMO-01893,MPLADS-DEMO-000947,Procurement for Desilting and Deepening of Traditional Village Water Reservoir in Village-5,NIT/Dis/MAD/2023/1894,E-Procurement,Notice Inviting Tender (NIT),2023-10-13,2023-10-24,2023-10-31,1048597.89,1010000.0,CONTRACTOR-DEMO-0129,Mahalaxmi Engineers & Builders,5,Completed
TENDER-DEMO-01894,MPLADS-DEMO-000947,Procurement for Desilting and Deepening of Traditional Village Water Reservoir in Village-5,WO/MAD/2023/1895,E-Procurement,Work Order Issued,2023-10-29,2023-11-04,2023-11-07,1010000.0,1010000.0,CONTRACTOR-DEMO-0129,Mahalaxmi Engineers & Builders,1,Awarded
TENDER-DEMO-01895,MPLADS-DEMO-000948,Procurement for Installation of Community RO Water Purification Plant at Village-167,NIT/Mun/CUT/2023/1896,E-Procurement,Notice Inviting Tender (NIT),2023-06-30,2023-07-17,2023-07-27,908683.58,880000.0,CONTRACTOR-DEMO-0037,Classic Urban Works Pvt Ltd,6,Completed
TENDER-DEMO-01896,MPLADS-DEMO-000948,Procurement for Installation of Community RO Water Purification Plant at Village-167,WO/CUT/2023/1897,E-Procurement,Work Order Issued,2023-07-09,2023-07-16,2023-07-18,880000.0,880000.0,CONTRACTOR-DEMO-0037,Classic Urban Works Pvt Ltd,1,Awarded
TENDER-DEMO-01897,MPLADS-DEMO-000949,Procurement for Development of Emergency Cold Storage and Pharmacy Room at Hospital Village-5,NIT/Pan/RAJ/2024/1898,Open Tender,Notice Inviting Tender (NIT),2024-01-07,2024-01-19,2024-01-27,1885839.59,1800000.0,CONTRACTOR-DEMO-0112,Hindustan Infrastructure Ltd,6,Completed
TENDER-DEMO-01898,MPLADS-DEMO-000949,Procurement for Development of Emergency Cold Storage and Pharmacy Room at Hospital Village-5,WO/RAJ/2024/1899,E-Procurement,Work Order Issued,2024-01-19,2024-01-25,2024-01-30,1800000.0,1800000.0,CONTRACTOR-DEMO-0112,Hindustan Infrastructure Ltd,1,Awarded
TENDER-DEMO-01899,MPLADS-DEMO-000950,Procurement for Interlocking Paver Block Road Installation along Main Street in Village-89,NIT/Rur/ERN/2023/1900,Open Tender,Notice Inviting Tender (NIT),2023-08-23,2023-09-06,2023-09-16,1419218.81,1420000.0,CONTRACTOR-DEMO-0009,Golden Urban Works Pvt Ltd,3,Completed
TENDER-DEMO-01900,MPLADS-DEMO-000950,Procurement for Interlocking Paver Block Road Installation along Main Street in Village-89,WO/ERN/2023/1901,E-Procurement,Work Order Issued,2023-09-10,2023-09-21,2023-09-24,1420000.0,1420000.0,CONTRACTOR-DEMO-0009,Golden Urban Works Pvt Ltd,1,Awarded
TENDER-DEMO-01901,MPLADS-DEMO-000951,Procurement for Construction of Check Dam and Water Harvesting Percolation Tank at Village-63,NIT/Pub/NIZ/2023/1902,E-Procurement,Notice Inviting Tender (NIT),2023-02-23,2023-03-15,2023-03-21,1315342.06,1290000.0,CONTRACTOR-DEMO-0162,Reliable Enterprises,6,Completed
TENDER-DEMO-01902,MPLADS-DEMO-000951,Procurement for Construction of Check Dam and Water Harvesting Percolation Tank at Village-63,WO/NIZ/2023/1903,E-Procurement,Work Order Issued,2023-03-12,2023-03-18,2023-03-24,1290000.0,1290000.0,CONTRACTOR-DEMO-0162,Reliable Enterprises,1,Awarded
TENDER-DEMO-01903,MPLADS-DEMO-000952,Procurement for Installation of 10kW Rooftop Solar Power System at Primary Health Center Village-118,NIT/Pub/PUN/2024/1904,Open Tender,Notice Inviting Tender (NIT),2024-01-13,2024-01-25,2024-02-05,1031468.57,1020000.0,CONTRACTOR-DEMO-0051,Maruti Engineering Works,4,Completed
TENDER-DEMO-01904,MPLADS-DEMO-000952,Procurement for Installation of 10kW Rooftop Solar Power System at Primary Health Center Village-118,WO/PUN/2024/1905,E-Procurement,Work Order Issued,2024-01-20,2024-02-01,2024-02-05,1020000.0,1020000.0,CONTRACTOR-DEMO-0051,Maruti Engineering Works,1,Awarded
TENDER-DEMO-01905,MPLADS-DEMO-000953,Procurement for Construction of Multipurpose Community Hall at Village Village-111,NIT/Min/ERN/2023/1906,E-Procurement,Notice Inviting Tender (NIT),2023-12-05,2023-12-26,2024-01-06,1246099.2,1260000.0,CONTRACTOR-DEMO-0158,Vikas Rural Developers,6,Completed
TENDER-DEMO-01906,MPLADS-DEMO-000953,Procurement for Construction of Multipurpose Community Hall at Village Village-111,WO/ERN/2023/1907,E-Procurement,Work Order Issued,2023-12-15,2023-12-27,2023-12-31,1260000.0,1260000.0,CONTRACTOR-DEMO-0158,Vikas Rural Developers,1,Awarded
TENDER-DEMO-01907,MPLADS-DEMO-000954,Procurement for Construction of Separate Girls Toilet and Wash Area in Govt High School Village-188,NIT/Mun/NAS/2023/1908,Open Tender,Notice Inviting Tender (NIT),2023-03-02,2023-03-22,2023-04-02,528744.54,530000.0,CONTRACTOR-DEMO-0142,Panchsheel Infra Solutions,3,Completed
TENDER-DEMO-01908,MPLADS-DEMO-000954,Procurement for Construction of Separate Girls Toilet and Wash Area in Govt High School Village-188,WO/NAS/2023/1909,E-Procurement,Work Order Issued,2023-03-16,2023-03-21,2023-03-27,530000.0,530000.0,CONTRACTOR-DEMO-0142,Panchsheel Infra Solutions,1,Awarded
TENDER-DEMO-01909,MPLADS-DEMO-000955,Procurement for Construction of Maternity & Child Healthcare Ward at Primary Health Sub-Center Village-180,NIT/Pan/VAR/2023/1910,Open Tender,Notice Inviting Tender (NIT),2023-08-09,2023-08-20,2023-09-01,2715906.69,2620000.0,CONTRACTOR-DEMO-0059,National Rural Developers,4,Completed
TENDER-DEMO-01910,MPLADS-DEMO-000955,Procurement for Construction of Maternity & Child Healthcare Ward at Primary Health Sub-Center Village-180,WO/VAR/2023/1911,E-Procurement,Work Order Issued,2023-09-01,2023-09-06,2023-09-12,2620000.0,2620000.0,CONTRACTOR-DEMO-0059,National Rural Developers,1,Awarded
TENDER-DEMO-01911,MPLADS-DEMO-000956,Procurement for Desilting and Deepening of Traditional Village Water Reservoir in Village-189,NIT/Pan/GOR/2023/1912,E-Procurement,Notice Inviting Tender (NIT),2023-02-14,2023-03-06,2023-03-15,1673470.85,1670000.0,CONTRACTOR-DEMO-0162,Reliable Enterprises,4,Completed
TENDER-DEMO-01912,MPLADS-DEMO-000956,Procurement for Desilting and Deepening of Traditional Village Water Reservoir in Village-189,WO/GOR/2023/1913,E-Procurement,Work Order Issued,2023-03-01,2023-03-06,2023-03-09,1670000.0,1670000.0,CONTRACTOR-DEMO-0162,Reliable Enterprises,1,Awarded
TENDER-DEMO-01913,MPLADS-DEMO-000957,Procurement for Development of Emergency Cold Storage and Pharmacy Room at Hospital Village-115,NIT/Dis/SUR/2024/1914,E-Procurement,Notice Inviting Tender (NIT),2024-05-14,2024-06-04,2024-06-10,1289558.26,1310000.0,CONTRACTOR-DEMO-0119,Shiv Shakti Infrastructure Ltd,4,Completed
TENDER-DEMO-01914,MPLADS-DEMO-000957,Procurement for Development of Emergency Cold Storage and Pharmacy Room at Hospital Village-115,WO/SUR/2024/1915,E-Procurement,Work Order Issued,2024-05-24,2024-06-03,2024-06-05,1310000.0,1310000.0,CONTRACTOR-DEMO-0119,Shiv Shakti Infrastructure Ltd,1,Awarded
TENDER-DEMO-01915,MPLADS-DEMO-000958,Procurement for Desilting and Deepening of Traditional Village Water Reservoir in Village-95,NIT/Pan/KOZ/2023/1916,Open Tender,Notice Inviting Tender (NIT),2023-05-10,2023-05-21,2023-05-30,1193630.23,1200000.0,CONTRACTOR-DEMO-0123,Navnirman Urban Works Pvt Ltd,4,Completed
TENDER-DEMO-01916,MPLADS-DEMO-000958,Procurement for Desilting and Deepening of Traditional Village Water Reservoir in Village-95,WO/KOZ/2023/1917,E-Procurement,Work Order Issued,2023-05-29,2023-06-04,2023-06-08,1200000.0,1200000.0,CONTRACTOR-DEMO-0123,Navnirman Urban Works Pvt Ltd,1,Awarded
TENDER-DEMO-01917,MPLADS-DEMO-000959,Procurement for Desilting and Deepening of Traditional Village Water Reservoir in Village-119,NIT/Rur/JOD/2023/1918,E-Procurement,Notice Inviting Tender (NIT),2023-08-10,2023-08-30,2023-09-04,1006057.53,990000.0,CONTRACTOR-DEMO-0165,Riddhi Infra Solutions,6,Completed
TENDER-DEMO-01918,MPLADS-DEMO-000959,Procurement for Desilting and Deepening of Traditional Village Water Reservoir in Village-119,WO/JOD/2023/1919,E-Procurement,Work Order Issued,2023-08-20,2023-09-01,2023-09-08,990000.0,990000.0,CONTRACTOR-DEMO-0165,Riddhi Infra Solutions,1,Awarded
TENDER-DEMO-01919,MPLADS-DEMO-000960,Procurement for Construction of Cement Concrete (CC) Road and Drain Channel at Village-112,NIT/Dis/IND/2023/1920,E-Procurement,Notice Inviting Tender (NIT),2023-05-07,2023-05-21,2023-06-02,2085660.35,2040000.0,CONTRACTOR-DEMO-0073,Gitanjali Engineering Works,4,Completed
TENDER-DEMO-01920,MPLADS-DEMO-000960,Procurement for Construction of Cement Concrete (CC) Road and Drain Channel at Village-112,WO/IND/2023/1921,E-Procurement,Work Order Issued,2023-05-17,2023-05-26,2023-05-29,2040000.0,2040000.0,CONTRACTOR-DEMO-0073,Gitanjali Engineering Works,1,Awarded
TENDER-DEMO-01921,MPLADS-DEMO-000961,Procurement for Renovation and Expansion of Village Panchayat Bhavan in Village-101,NIT/Min/VAR/2024/1922,E-Procurement,Notice Inviting Tender (NIT),2023-12-17,2023-12-28,2024-01-05,2882806.41,2800000.0,CONTRACTOR-DEMO-0128,Classic Infrastructure Ltd,5,Completed
TENDER-DEMO-01922,MPLADS-DEMO-000961,Procurement for Renovation and Expansion of Village Panchayat Bhavan in Village-101,WO/VAR/2024/1923,E-Procurement,Work Order Issued,2023-12-30,2024-01-05,2024-01-11,2800000.0,2800000.0,CONTRACTOR-DEMO-0128,Classic Infrastructure Ltd,1,Awarded
TENDER-DEMO-01923,MPLADS-DEMO-000962,Procurement for Construction of Cement Concrete (CC) Road and Drain Channel at Village-18,NIT/Dis/AHM/2024/1924,E-Procurement,Notice Inviting Tender (NIT),2024-06-05,2024-06-26,2024-07-01,3153703.7,3150000.0,CONTRACTOR-DEMO-0007,Vikas Civil Projects,7,Completed
TENDER-DEMO-01924,MPLADS-DEMO-000962,Procurement for Construction of Cement Concrete (CC) Road and Drain Channel at Village-18,WO/AHM/2024/1925,E-Procurement,Work Order Issued,2024-06-13,2024-06-25,2024-06-27,3150000.0,3150000.0,CONTRACTOR-DEMO-0007,Vikas Civil Projects,1,Awarded
TENDER-DEMO-01925,MPLADS-DEMO-000963,Procurement for Drilling of Deep Borewell and Solar-Powered Overhead Water Tank at Village-162,NIT/Mun/SAL/2023/1926,Open Tender,Notice Inviting Tender (NIT),2023-06-15,2023-07-02,2023-07-13,923878.77,890000.0,CONTRACTOR-DEMO-0098,Vanguard Civil Projects,4,Completed
TENDER-DEMO-01926,MPLADS-DEMO-000963,Procurement for Drilling of Deep Borewell and Solar-Powered Overhead Water Tank at Village-162,WO/SAL/2023/1927,E-Procurement,Work Order Issued,2023-07-05,2023-07-13,2023-07-16,890000.0,890000.0,CONTRACTOR-DEMO-0098,Vanguard Civil Projects,1,Awarded
TENDER-DEMO-01927,MPLADS-DEMO-000964,Procurement for Construction of Multipurpose Community Hall at Village Village-115,NIT/Mun/BEN/2024/1928,Open Tender,Notice Inviting Tender (NIT),2024-04-11,2024-04-26,2024-05-02,2412138.7,2400000.0,CONTRACTOR-DEMO-0091,Reliable Construction Co,7,Completed
TENDER-DEMO-01928,MPLADS-DEMO-000964,Procurement for Construction of Multipurpose Community Hall at Village Village-115,WO/BEN/2024/1929,E-Procurement,Work Order Issued,2024-05-02,2024-05-09,2024-05-13,2400000.0,2400000.0,CONTRACTOR-DEMO-0091,Reliable Construction Co,1,Awarded
TENDER-DEMO-01929,MPLADS-DEMO-000965,Procurement for Interlocking Paver Block Road Installation along Main Street in Village-33,NIT/Dis/NIZ/2023/1930,Open Tender,Notice Inviting Tender (NIT),2023-11-14,2023-12-05,2023-12-14,1602219.75,1530000.0,CONTRACTOR-DEMO-0008,Apex Projects Ltd,5,Completed
TENDER-DEMO-01930,MPLADS-DEMO-000965,Procurement for Interlocking Paver Block Road Installation along Main Street in Village-33,WO/NIZ/2023/1931,E-Procurement,Work Order Issued,2023-12-03,2023-12-13,2023-12-20,1530000.0,1530000.0,CONTRACTOR-DEMO-0008,Apex Projects Ltd,1,Awarded
TENDER-DEMO-01931,MPLADS-DEMO-000966,Procurement for Renovation and Expansion of Village Panchayat Bhavan in Village-193,NIT/Min/MYS/2024/1932,Open Tender,Notice Inviting Tender (NIT),2024-04-20,2024-05-11,2024-05-19,2854686.9,2750000.0,CONTRACTOR-DEMO-0074,Hindustan Urban Works Pvt Ltd,7,Completed
TENDER-DEMO-01932,MPLADS-DEMO-000966,Procurement for Renovation and Expansion of Village Panchayat Bhavan in Village-193,WO/MYS/2024/1933,E-Procurement,Work Order Issued,2024-05-06,2024-05-16,2024-05-23,2750000.0,2750000.0,CONTRACTOR-DEMO-0074,Hindustan Urban Works Pvt Ltd,1,Awarded
TENDER-DEMO-01933,MPLADS-DEMO-000967,Procurement for Construction of Cement Concrete (CC) Road and Drain Channel at Village-122,NIT/Mun/PUN/2023/1934,Open Tender,Notice Inviting Tender (NIT),2023-10-24,2023-11-14,2023-11-26,2404359.36,2430000.0,CONTRACTOR-DEMO-0084,Apex Buildcon Pvt Ltd,4,Completed
TENDER-DEMO-01934,MPLADS-DEMO-000967,Procurement for Construction of Cement Concrete (CC) Road and Drain Channel at Village-122,WO/PUN/2023/1935,E-Procurement,Work Order Issued,2023-11-12,2023-11-21,2023-11-26,2430000.0,2430000.0,CONTRACTOR-DEMO-0084,Apex Buildcon Pvt Ltd,1,Awarded
TENDER-DEMO-01935,MPLADS-DEMO-000968,Procurement for Installation of Solar LED High-Mast Lighting System at Market Yard Village-166,NIT/Pan/CUT/2024/1936,E-Procurement,Notice Inviting Tender (NIT),2024-01-22,2024-02-03,2024-02-10,834456.17,830000.0,CONTRACTOR-DEMO-0067,Premier Infra Solutions,4,Completed
TENDER-DEMO-01936,MPLADS-DEMO-000968,Procurement for Installation of Solar LED High-Mast Lighting System at Market Yard Village-166,WO/CUT/2024/1937,E-Procurement,Work Order Issued,2024-02-11,2024-02-21,2024-02-23,830000.0,830000.0,CONTRACTOR-DEMO-0067,Premier Infra Solutions,1,Awarded
TENDER-DEMO-01937,MPLADS-DEMO-000969,Procurement for Construction of Maternity & Child Healthcare Ward at Primary Health Sub-Center Village-77,NIT/Min/BHO/2023/1938,Open Tender,Notice Inviting Tender (NIT),2023-08-10,2023-08-22,2023-08-29,1845274.28,1860000.0,CONTRACTOR-DEMO-0118,Om Rural Developers,5,Completed
TENDER-DEMO-01938,MPLADS-DEMO-000969,Procurement for Construction of Maternity & Child Healthcare Ward at Primary Health Sub-Center Village-77,WO/BHO/2023/1939,E-Procurement,Work Order Issued,2023-08-31,2023-09-06,2023-09-12,1860000.0,1860000.0,CONTRACTOR-DEMO-0118,Om Rural Developers,1,Awarded
TENDER-DEMO-01939,MPLADS-DEMO-000970,Procurement for Installation of Solar LED High-Mast Lighting System at Market Yard Village-153,NIT/Dis/IND/2024/1940,E-Procurement,Notice Inviting Tender (NIT),2023-12-14,2023-12-29,2024-01-09,614891.31,620000.0,CONTRACTOR-DEMO-0036,Sai Projects Ltd,5,Completed
TENDER-DEMO-01940,MPLADS-DEMO-000970,Procurement for Installation of Solar LED High-Mast Lighting System at Market Yard Village-153,WO/IND/2024/1941,E-Procurement,Work Order Issued,2023-12-27,2024-01-03,2024-01-09,620000.0,620000.0,CONTRACTOR-DEMO-0036,Sai Projects Ltd,1,Awarded
TENDER-DEMO-01941,MPLADS-DEMO-000971,Procurement for Construction of Multipurpose Community Hall at Village Village-84,NIT/Pub/RAJ/2023/1942,Open Tender,Notice Inviting Tender (NIT),2023-02-10,2023-02-23,2023-03-04,1666650.93,1600000.0,CONTRACTOR-DEMO-0160,Krishna Engineering Works,3,Completed
TENDER-DEMO-01942,MPLADS-DEMO-000971,Procurement for Construction of Multipurpose Community Hall at Village Village-84,WO/RAJ/2023/1943,E-Procurement,Work Order Issued,2023-03-03,2023-03-10,2023-03-13,1600000.0,1600000.0,CONTRACTOR-DEMO-0160,Krishna Engineering Works,1,Awarded
TENDER-DEMO-01943,MPLADS-DEMO-000972,Procurement for Upgradation of Rural Link Road connecting Hamlet to Main Highway at Village-145,NIT/Mun/SAL/2023/1944,Open Tender,Notice Inviting Tender (NIT),2023-09-22,2023-10-06,2023-10-12,2480305.4,2480000.0,CONTRACTOR-DEMO-0030,Hindustan Civil Projects,7,Completed
TENDER-DEMO-01944,MPLADS-DEMO-000972,Procurement for Upgradation of Rural Link Road connecting Hamlet to Main Highway at Village-145,WO/SAL/2023/1945,E-Procurement,Work Order Issued,2023-10-09,2023-10-14,2023-10-16,2480000.0,2480000.0,CONTRACTOR-DEMO-0030,Hindustan Civil Projects,1,Awarded
TENDER-DEMO-01945,MPLADS-DEMO-000973,Procurement for Construction of Maternity & Child Healthcare Ward at Primary Health Sub-Center Village-24,NIT/Min/NAS/2023/1946,Open Tender,Notice Inviting Tender (NIT),2023-03-08,2023-03-24,2023-03-31,2761620.7,2660000.0,CONTRACTOR-DEMO-0110,Surya Shakti Rural Developers,6,Completed
TENDER-DEMO-01946,MPLADS-DEMO-000973,Procurement for Construction of Maternity & Child Healthcare Ward at Primary Health Sub-Center Village-24,WO/NAS/2023/1947,E-Procurement,Work Order Issued,2023-03-29,2023-04-05,2023-04-10,2660000.0,2660000.0,CONTRACTOR-DEMO-0110,Surya Shakti Rural Developers,1,Awarded
TENDER-DEMO-01947,MPLADS-DEMO-000974,Procurement for Installation of Digital Smart Classroom and Computer Lab Infrastructure at Village-141,NIT/Min/NIZ/2024/1948,Open Tender,Notice Inviting Tender (NIT),2024-04-06,2024-04-16,2024-04-25,1326260.05,1270000.0,CONTRACTOR-DEMO-0169,Swastik Civil Projects,5,Completed
TENDER-DEMO-01948,MPLADS-DEMO-000974,Procurement for Installation of Digital Smart Classroom and Computer Lab Infrastructure at Village-141,WO/NIZ/2024/1949,E-Procurement,Work Order Issued,2024-04-23,2024-05-03,2024-05-08,1270000.0,1270000.0,CONTRACTOR-DEMO-0169,Swastik Civil Projects,1,Awarded
TENDER-DEMO-01949,MPLADS-DEMO-000975,Procurement for Construction of Multipurpose Community Hall at Village Village-165,NIT/Min/DHA/2024/1950,Open Tender,Notice Inviting Tender (NIT),2024-05-17,2024-05-29,2024-06-04,1266756.23,1250000.0,CONTRACTOR-DEMO-0103,Om Enterprises,5,Completed
TENDER-DEMO-01950,MPLADS-DEMO-000975,Procurement for Construction of Multipurpose Community Hall at Village Village-165,WO/DHA/2024/1951,E-Procurement,Work Order Issued,2024-06-02,2024-06-07,2024-06-14,1250000.0,1250000.0,CONTRACTOR-DEMO-0103,Om Enterprises,1,Awarded
TENDER-DEMO-01951,MPLADS-DEMO-000976,Procurement for Construction of Additional Classrooms at Govt Senior Secondary School Village-131,NIT/Pub/WAY/2023/1952,Open Tender,Notice Inviting Tender (NIT),2023-11-06,2023-11-25,2023-12-01,2419393.17,2460000.0,CONTRACTOR-DEMO-0129,Mahalaxmi Engineers & Builders,3,Completed
TENDER-DEMO-01952,MPLADS-DEMO-000976,Procurement for Construction of Additional Classrooms at Govt Senior Secondary School Village-131,WO/WAY/2023/1953,E-Procurement,Work Order Issued,2023-11-20,2023-11-28,2023-12-02,2460000.0,2460000.0,CONTRACTOR-DEMO-0129,Mahalaxmi Engineers & Builders,1,Awarded
TENDER-DEMO-01953,MPLADS-DEMO-000977,Procurement for Construction of Maternity & Child Healthcare Ward at Primary Health Sub-Center Village-149,NIT/Rur/UDA/2023/1954,E-Procurement,Notice Inviting Tender (NIT),2023-01-29,2023-02-16,2023-02-23,2196496.45,2220000.0,CONTRACTOR-DEMO-0103,Om Enterprises,5,Completed
TENDER-DEMO-01954,MPLADS-DEMO-000977,Procurement for Construction of Maternity & Child Healthcare Ward at Primary Health Sub-Center Village-149,WO/UDA/2023/1955,E-Procurement,Work Order Issued,2023-02-13,2023-02-19,2023-02-21,2220000.0,2220000.0,CONTRACTOR-DEMO-0103,Om Enterprises,1,Awarded
TENDER-DEMO-01955,MPLADS-DEMO-000978,Procurement for Drilling of Deep Borewell and Solar-Powered Overhead Water Tank at Village-86,NIT/Pub/KAR/2023/1956,Open Tender,Notice Inviting Tender (NIT),2023-02-18,2023-03-06,2023-03-11,771478.46,750000.0,CONTRACTOR-DEMO-0051,Maruti Engineering Works,6,Completed
TENDER-DEMO-01956,MPLADS-DEMO-000978,Procurement for Drilling of Deep Borewell and Solar-Powered Overhead Water Tank at Village-86,WO/KAR/2023/1957,E-Procurement,Work Order Issued,2023-03-05,2023-03-12,2023-03-17,750000.0,750000.0,CONTRACTOR-DEMO-0051,Maruti Engineering Works,1,Awarded
TENDER-DEMO-01957,MPLADS-DEMO-000979,Procurement for Construction of Additional Classrooms at Govt Senior Secondary School Village-191,NIT/Dis/AHM/2024/1958,E-Procurement,Notice Inviting Tender (NIT),2024-04-15,2024-05-05,2024-05-10,2165240.06,2160000.0,CONTRACTOR-DEMO-0149,Classic Buildcon Pvt Ltd,5,Completed
TENDER-DEMO-01958,MPLADS-DEMO-000979,Procurement for Construction of Additional Classrooms at Govt Senior Secondary School Village-191,WO/AHM/2024/1959,E-Procurement,Work Order Issued,2024-05-09,2024-05-15,2024-05-22,2160000.0,2160000.0,CONTRACTOR-DEMO-0149,Classic Buildcon Pvt Ltd,1,Awarded
TENDER-DEMO-01959,MPLADS-DEMO-000980,Procurement for Installation of Solar LED High-Mast Lighting System at Market Yard Village-80,NIT/Pan/VAR/2023/1960,E-Procurement,Notice Inviting Tender (NIT),2023-08-07,2023-08-17,2023-08-29,691873.48,660000.0,CONTRACTOR-DEMO-0129,Mahalaxmi Engineers & Builders,4,Completed
TENDER-DEMO-01960,MPLADS-DEMO-000980,Procurement for Installation of Solar LED High-Mast Lighting System at Market Yard Village-80,WO/VAR/2023/1961,E-Procurement,Work Order Issued,2023-08-26,2023-09-04,2023-09-07,660000.0,660000.0,CONTRACTOR-DEMO-0129,Mahalaxmi Engineers & Builders,1,Awarded
TENDER-DEMO-01961,MPLADS-DEMO-000981,Procurement for Supply and Erection of 30 Standalone Solar Street Lights in Village-171,NIT/Pan/DHA/2023/1962,E-Procurement,Notice Inviting Tender (NIT),2023-01-21,2023-01-31,2023-02-05,907863.19,890000.0,CONTRACTOR-DEMO-0081,Vanguard Urban Works Pvt Ltd,4,Completed
TENDER-DEMO-01962,MPLADS-DEMO-000981,Procurement for Supply and Erection of 30 Standalone Solar Street Lights in Village-171,WO/DHA/2023/1963,E-Procurement,Work Order Issued,2023-02-09,2023-02-16,2023-02-19,890000.0,890000.0,CONTRACTOR-DEMO-0081,Vanguard Urban Works Pvt Ltd,1,Awarded
TENDER-DEMO-01963,MPLADS-DEMO-000982,Procurement for Development of Emergency Cold Storage and Pharmacy Room at Hospital Village-41,NIT/Pub/IND/2024/1964,Open Tender,Notice Inviting Tender (NIT),2024-04-21,2024-05-07,2024-05-13,2042479.58,2020000.0,CONTRACTOR-DEMO-0171,Golden Contractors,6,Completed
TENDER-DEMO-01964,MPLADS-DEMO-000982,Procurement for Development of Emergency Cold Storage and Pharmacy Room at Hospital Village-41,WO/IND/2024/1965,E-Procurement,Work Order Issued,2024-05-06,2024-05-14,2024-05-21,2020000.0,2020000.0,CONTRACTOR-DEMO-0171,Golden Contractors,1,Awarded
TENDER-DEMO-01965,MPLADS-DEMO-000983,Procurement for Construction of Check Dam and Water Harvesting Percolation Tank at Village-31,NIT/Pub/JAI/2023/1966,Open Tender,Notice Inviting Tender (NIT),2023-12-03,2023-12-16,2023-12-24,2194316.71,2120000.0,CONTRACTOR-DEMO-0032,Golden Rural Developers,3,Completed
TENDER-DEMO-01966,MPLADS-DEMO-000983,Procurement for Construction of Check Dam and Water Harvesting Percolation Tank at Village-31,WO/JAI/2023/1967,E-Procurement,Work Order Issued,2023-12-12,2023-12-21,2023-12-25,2120000.0,2120000.0,CONTRACTOR-DEMO-0032,Golden Rural Developers,1,Awarded
TENDER-DEMO-01967,MPLADS-DEMO-000984,Procurement for Laying of Underground Drinking Water Pipeline Distribution in Village-149,NIT/Pan/KOZ/2024/1968,Open Tender,Notice Inviting Tender (NIT),2024-01-30,2024-02-15,2024-02-24,811476.25,820000.0,CONTRACTOR-DEMO-0177,Apex Enterprises,4,Completed
TENDER-DEMO-01968,MPLADS-DEMO-000984,Procurement for Laying of Underground Drinking Water Pipeline Distribution in Village-149,WO/KOZ/2024/1969,E-Procurement,Work Order Issued,2024-02-05,2024-02-16,2024-02-20,820000.0,820000.0,CONTRACTOR-DEMO-0177,Apex Enterprises,1,Awarded
TENDER-DEMO-01969,MPLADS-DEMO-000985,Procurement for Renovation and Expansion of Village Panchayat Bhavan in Village-111,NIT/Pub/RAJ/2023/1970,E-Procurement,Notice Inviting Tender (NIT),2023-02-24,2023-03-10,2023-03-16,1493030.86,1430000.0,CONTRACTOR-DEMO-0072,Sai Rural Developers,4,Completed
TENDER-DEMO-01970,MPLADS-DEMO-000985,Procurement for Renovation and Expansion of Village Panchayat Bhavan in Village-111,WO/RAJ/2023/1971,E-Procurement,Work Order Issued,2023-03-12,2023-03-19,2023-03-24,1430000.0,1430000.0,CONTRACTOR-DEMO-0072,Sai Rural Developers,1,Awarded
TENDER-DEMO-01971,MPLADS-DEMO-000986,Procurement for Interlocking Paver Block Road Installation along Main Street in Village-61,NIT/Min/WAY/2024/1972,E-Procurement,Notice Inviting Tender (NIT),2024-04-08,2024-04-28,2024-05-09,1657115.25,1630000.0,CONTRACTOR-DEMO-0063,Navnirman Infrastructure Ltd,6,Completed
TENDER-DEMO-01972,MPLADS-DEMO-000986,Procurement for Interlocking Paver Block Road Installation along Main Street in Village-61,WO/WAY/2024/1973,E-Procurement,Work Order Issued,2024-05-03,2024-05-08,2024-05-13,1630000.0,1630000.0,CONTRACTOR-DEMO-0063,Navnirman Infrastructure Ltd,1,Awarded
TENDER-DEMO-01973,MPLADS-DEMO-000987,Procurement for Construction of Maternity & Child Healthcare Ward at Primary Health Sub-Center Village-74,NIT/Min/KHO/2023/1974,E-Procurement,Notice Inviting Tender (NIT),2023-08-10,2023-08-24,2023-09-02,2938108.59,2960000.0,CONTRACTOR-DEMO-0192,Navnirman Buildcon Pvt Ltd,3,Completed
TENDER-DEMO-01974,MPLADS-DEMO-000987,Procurement for Construction of Maternity & Child Healthcare Ward at Primary Health Sub-Center Village-74,WO/KHO/2023/1975,E-Procurement,Work Order Issued,2023-08-20,2023-08-31,2023-09-02,2960000.0,2960000.0,CONTRACTOR-DEMO-0192,Navnirman Buildcon Pvt Ltd,1,Awarded
TENDER-DEMO-01975,MPLADS-DEMO-000988,Procurement for Installation of Digital Smart Classroom and Computer Lab Infrastructure at Village-149,NIT/Mun/UDA/2024/1976,E-Procurement,Notice Inviting Tender (NIT),2024-01-09,2024-01-24,2024-02-03,1125186.92,1140000.0,CONTRACTOR-DEMO-0026,Gitanjali Buildcon Pvt Ltd,7,Completed
TENDER-DEMO-01976,MPLADS-DEMO-000988,Procurement for Installation of Digital Smart Classroom and Computer Lab Infrastructure at Village-149,WO/UDA/2024/1977,E-Procurement,Work Order Issued,2024-02-03,2024-02-08,2024-02-10,1140000.0,1140000.0,CONTRACTOR-DEMO-0026,Gitanjali Buildcon Pvt Ltd,1,Awarded
TENDER-DEMO-01977,MPLADS-DEMO-000989,Procurement for Drilling of Deep Borewell and Solar-Powered Overhead Water Tank at Village-92,NIT/Dis/GOR/2023/1978,Open Tender,Notice Inviting Tender (NIT),2023-02-10,2023-03-01,2023-03-09,833339.21,840000.0,CONTRACTOR-DEMO-0157,Surya Shakti Infra Solutions,4,Completed
TENDER-DEMO-01978,MPLADS-DEMO-000989,Procurement for Drilling of Deep Borewell and Solar-Powered Overhead Water Tank at Village-92,WO/GOR/2023/1979,E-Procurement,Work Order Issued,2023-03-05,2023-03-12,2023-03-16,840000.0,840000.0,CONTRACTOR-DEMO-0157,Surya Shakti Infra Solutions,1,Awarded
TENDER-DEMO-01979,MPLADS-DEMO-000990,Procurement for Development of Emergency Cold Storage and Pharmacy Room at Hospital Village-41,NIT/Pub/DHA/2023/1980,Open Tender,Notice Inviting Tender (NIT),2023-08-02,2023-08-19,2023-08-28,2237004.25,2240000.0,CONTRACTOR-DEMO-0143,Mahalaxmi Rural Developers,5,Completed
TENDER-DEMO-01980,MPLADS-DEMO-000990,Procurement for Development of Emergency Cold Storage and Pharmacy Room at Hospital Village-41,WO/DHA/2023/1981,E-Procurement,Work Order Issued,2023-08-12,2023-08-24,2023-08-27,2240000.0,2240000.0,CONTRACTOR-DEMO-0143,Mahalaxmi Rural Developers,1,Awarded
TENDER-DEMO-01981,MPLADS-DEMO-000991,Procurement for Construction of Multipurpose Community Hall at Village Village-66,NIT/Dis/MYS/2024/1982,Open Tender,Notice Inviting Tender (NIT),2024-03-06,2024-03-20,2024-03-30,1424083.14,1410000.0,CONTRACTOR-DEMO-0191,Surya Shakti Civil Projects,5,Completed
TENDER-DEMO-01982,MPLADS-DEMO-000991,Procurement for Construction of Multipurpose Community Hall at Village Village-66,WO/MYS/2024/1983,E-Procurement,Work Order Issued,2024-03-17,2024-03-28,2024-04-03,1410000.0,1410000.0,CONTRACTOR-DEMO-0191,Surya Shakti Civil Projects,1,Awarded
TENDER-DEMO-01983,MPLADS-DEMO-000992,Procurement for Setup of Science Laboratory and Learning Resource Center in Village-57,NIT/Pub/DHA/2024/1984,E-Procurement,Notice Inviting Tender (NIT),2023-12-28,2024-01-14,2024-01-19,1765022.27,1780000.0,CONTRACTOR-DEMO-0187,Balaji Engineering Works,5,Completed
TENDER-DEMO-01984,MPLADS-DEMO-000992,Procurement for Setup of Science Laboratory and Learning Resource Center in Village-57,WO/DHA/2024/1985,E-Procurement,Work Order Issued,2024-01-12,2024-01-20,2024-01-25,1780000.0,1780000.0,CONTRACTOR-DEMO-0187,Balaji Engineering Works,1,Awarded
TENDER-DEMO-01985,MPLADS-DEMO-000993,Procurement for Construction of Reinforced Concrete Irrigation Sluice Gate and Channel in Village-28,NIT/Pub/CUT/2023/1986,Open Tender,Notice Inviting Tender (NIT),2023-08-24,2023-09-09,2023-09-14,1779396.9,1780000.0,CONTRACTOR-DEMO-0052,Siddhartha Urban Works Pvt Ltd,6,Completed
TENDER-DEMO-01986,MPLADS-DEMO-000993,Procurement for Construction of Reinforced Concrete Irrigation Sluice Gate and Channel in Village-28,WO/CUT/2023/1987,E-Procurement,Work Order Issued,2023-09-04,2023-09-12,2023-09-18,1780000.0,1780000.0,CONTRACTOR-DEMO-0052,Siddhartha Urban Works Pvt Ltd,1,Awarded
TENDER-DEMO-01987,MPLADS-DEMO-000994,Procurement for Construction of Open Air Gymnasium and Seating Area at Village-31,NIT/Mun/RAJ/2023/1988,Open Tender,Notice Inviting Tender (NIT),2023-03-29,2023-04-19,2023-04-28,679253.49,690000.0,CONTRACTOR-DEMO-0182,Mahalaxmi Projects Ltd,3,Completed
TENDER-DEMO-01988,MPLADS-DEMO-000994,Procurement for Construction of Open Air Gymnasium and Seating Area at Village-31,WO/RAJ/2023/1989,E-Procurement,Work Order Issued,2023-04-16,2023-04-26,2023-04-29,690000.0,690000.0,CONTRACTOR-DEMO-0182,Mahalaxmi Projects Ltd,1,Awarded
TENDER-DEMO-01989,MPLADS-DEMO-000995,Procurement for Construction of Culvert and Cross-Drainage Structure on Link Road Village-96,NIT/Dis/JAI/2024/1990,Open Tender,Notice Inviting Tender (NIT),2024-01-17,2024-02-06,2024-02-16,2453201.47,2420000.0,CONTRACTOR-DEMO-0011,Mahalaxmi Infrastructure Ltd,5,Completed
TENDER-DEMO-01990,MPLADS-DEMO-000995,Procurement for Construction of Culvert and Cross-Drainage Structure on Link Road Village-96,WO/JAI/2024/1991,E-Procurement,Work Order Issued,2024-02-05,2024-02-11,2024-02-16,2420000.0,2420000.0,CONTRACTOR-DEMO-0011,Mahalaxmi Infrastructure Ltd,1,Awarded
TENDER-DEMO-01991,MPLADS-DEMO-000996,Procurement for Setup of Science Laboratory and Learning Resource Center in Village-193,NIT/Pub/ERN/2024/1992,Open Tender,Notice Inviting Tender (NIT),2024-06-05,2024-06-18,2024-06-28,1841616.64,1780000.0,CONTRACTOR-DEMO-0128,Classic Infrastructure Ltd,7,Completed
TENDER-DEMO-01992,MPLADS-DEMO-000996,Procurement for Setup of Science Laboratory and Learning Resource Center in Village-193,WO/ERN/2024/1993,E-Procurement,Work Order Issued,2024-06-23,2024-06-28,2024-07-04,1780000.0,1780000.0,CONTRACTOR-DEMO-0128,Classic Infrastructure Ltd,1,Awarded
TENDER-DEMO-01993,MPLADS-DEMO-000997,Procurement for Construction of Cement Concrete (CC) Road and Drain Channel at Village-22,NIT/Dis/BEN/2024/1994,Open Tender,Notice Inviting Tender (NIT),2024-02-15,2024-03-03,2024-03-09,3204637.75,3210000.0,CONTRACTOR-DEMO-0012,Vanguard Rural Developers,6,Completed
TENDER-DEMO-01994,MPLADS-DEMO-000997,Procurement for Construction of Cement Concrete (CC) Road and Drain Channel at Village-22,WO/BEN/2024/1995,E-Procurement,Work Order Issued,2024-02-28,2024-03-08,2024-03-13,3210000.0,3210000.0,CONTRACTOR-DEMO-0012,Vanguard Rural Developers,1,Awarded
TENDER-DEMO-01995,MPLADS-DEMO-000998,Procurement for Installation of 10kW Rooftop Solar Power System at Primary Health Center Village-116,NIT/Pan/JAI/2024/1996,E-Procurement,Notice Inviting Tender (NIT),2023-12-13,2024-01-03,2024-01-09,600331.2,600000.0,CONTRACTOR-DEMO-0050,Sai Engineering Works,6,Completed
TENDER-DEMO-01996,MPLADS-DEMO-000998,Procurement for Installation of 10kW Rooftop Solar Power System at Primary Health Center Village-116,WO/JAI/2024/1997,E-Procurement,Work Order Issued,2024-01-01,2024-01-10,2024-01-13,600000.0,600000.0,CONTRACTOR-DEMO-0050,Sai Engineering Works,1,Awarded
TENDER-DEMO-01997,MPLADS-DEMO-000999,Procurement for Development of Emergency Cold Storage and Pharmacy Room at Hospital Village-100,NIT/Pub/GOR/2024/1998,E-Procurement,Notice Inviting Tender (NIT),2024-01-23,2024-02-02,2024-02-13,2185596.83,2120000.0,CONTRACTOR-DEMO-0045,Shiv Shakti Rural Developers,3,Completed
TENDER-DEMO-01998,MPLADS-DEMO-000999,Procurement for Development of Emergency Cold Storage and Pharmacy Room at Hospital Village-100,WO/GOR/2024/1999,E-Procurement,Work Order Issued,2024-02-11,2024-02-21,2024-02-26,2120000.0,2120000.0,CONTRACTOR-DEMO-0045,Shiv Shakti Rural Developers,1,Awarded
TENDER-DEMO-01999,MPLADS-DEMO-001000,Procurement for Supply and Erection of 30 Standalone Solar Street Lights in Village-110,NIT/Rur/JAI/2023/2000,Open Tender,Notice Inviting Tender (NIT),2023-02-01,2023-02-17,2023-03-01,534165.92,540000.0,CONTRACTOR-DEMO-0081,Vanguard Urban Works Pvt Ltd,6,Completed
TENDER-DEMO-02000,MPLADS-DEMO-001000,Procurement for Supply and Erection of 30 Standalone Solar Street Lights in Village-110,WO/JAI/2023/2001,E-Procurement,Work Order Issued,2023-02-13,2023-02-24,2023-03-02,540000.0,540000.0,CONTRACTOR-DEMO-0081,Vanguard Urban Works Pvt Ltd,1,Awarded
