project_id,state,district,constituency,mp_name,sector,title,description,village,block,latitude,longitude,sanctioned_amount,estimated_cost,expenditure,recommendation_date,sanction_date,start_date,completion_date,status,contractor_name,implementing_agency
MPL-00001,Gujarat,Rajkot,Rajkot,P. Rupala,Community Infrastructure,Installation of Public Shed and Seating Area at Village-71,Installation of Public Shed and Seating Area at Village-71,Village-71,Block-9,22.28048,70.66114,528393.0,513767.65,486618.97,2024-10-25,2024-11-23,2025-01-11,,In Progress,Bharat Engineers & Builders,Rural Engineering Service (RES)
MPL-00002,Uttar Pradesh,Varanasi,Varanasi,N. Modi,Renewable Energy,Installation of Solar LED High-Mast Lighting System at Village-140,Installation of Solar LED High-Mast Lighting System at Village-140,Village-140,Block-2,25.25096,82.88849,619949.0,602617.74,543558.7,2022-12-16,2023-01-07,2023-02-01,2023-06-28,Completed,Kisan Rural Developers,Public Works Department (PWD)
MPL-00003,Gujarat,Rajkot,Rajkot,P. Rupala,Rural Connectivity & Roads,Paver Block Road Construction in Village-68,Paver Block Road Construction in Village-68,Village-68,Block-2,22.33946,70.91071,545561.0,558094.27,469656.24,2024-01-12,2024-01-23,2024-02-12,2024-09-19,Completed,Local Panchayat Works Unit,Rural Engineering Service (RES)
MPL-00004,Bihar,Patna,Patna Sahib,R. S. Prasad,Rural Connectivity & Roads,Construction of CC Road and Drainage Channel at Village-60,Construction of CC Road and Drainage Channel at Village-60,Village-60,Block-3,25.55068,85.18865,3317147.0,3184793.31,2598626.69,2024-09-15,2024-10-12,2024-11-19,,In Progress,Shree Ganesh Construction Co,Minor Irrigation Division
MPL-00005,Bihar,Patna,Patna Sahib,R. S. Prasad,Drinking Water & Sanitation,Construction of Public Toilets and Sanitation Block in Village-98,Construction of Public Toilets and Sanitation Block in Village-98,Village-98,Block-5,25.51281,84.99723,883060.0,926287.85,787689.46,2024-07-12,2024-07-24,2024-08-22,2024-11-04,Completed,Kisan Rural Developers,Municipal Corporation
MPL-00006,Bihar,Patna,Patna Sahib,R. S. Prasad,Renewable Energy,Supply and installation of 25 Solar Street Lights in Village-55,Supply and installation of 25 Solar Street Lights in Village-55,Village-55,Block-10,25.48599,85.2111,843638.0,843573.15,814452.3,2024-09-27,2024-10-20,2024-12-03,,In Progress,Reliable Works Corporation,District Rural Development Agency (DRDA)
MPL-00007,Madhya Pradesh,Indore,Indore,S. Lalwani,Rural Connectivity & Roads,Construction of CC Road and Drainage Channel at Village-36,Construction of CC Road and Drainage Channel at Village-36,Village-36,Block-8,22.69625,75.72676,2568554.0,2566888.51,2380367.99,2023-03-28,2023-04-23,2023-05-17,2024-01-06,Completed,Vanguard Infra Solutions,Minor Irrigation Division
MPL-00008,Rajasthan,Jaipur,Jaipur,M. Joshi,Renewable Energy,Installation of Solar LED High-Mast Lighting System at Village-30,Installation of Solar LED High-Mast Lighting System at Village-30,Village-30,Block-3,26.89283,75.77342,757412.0,786556.34,700805.56,2024-09-22,2024-10-18,2024-11-23,,In Progress,Sai Urban Works Pvt Ltd,Minor Irrigation Division
MPL-00009,Gujarat,Rajkot,Rajkot,P. Rupala,Rural Connectivity & Roads,Widening of Rural Link Road connecting Village-130,Widening of Rural Link Road connecting Village-130,Village-130,Block-2,22.42945,70.83188,4554206.0,4417083.91,3698808.41,2023-05-25,2023-06-15,2023-08-03,2024-02-14,Completed,Surya Shakti Engineering,Public Works Department (PWD)
MPL-00010,Rajasthan,Jaipur,Jaipur,M. Joshi,Drinking Water & Sanitation,Installation of RO Water Purification Plant at Village-62,Installation of RO Water Purification Plant at Village-62,Village-62,Block-3,26.99215,75.67582,1094916.0,1143853.21,794576.2,2024-04-24,2024-05-12,2024-05-31,2024-12-13,Completed,Surya Shakti Engineering,Minor Irrigation Division
MPL-00011,Madhya Pradesh,Indore,Indore,S. Lalwani,Drinking Water & Sanitation,Drilling of Deep Borewell and Overhead Tank Setup at Village-52,Drilling of Deep Borewell and Overhead Tank Setup at Village-52,Village-52,Block-10,22.6059,75.77511,776858.0,769011.14,700342.22,2023-12-22,2024-01-18,2024-03-01,2024-08-23,Completed,Kisan Rural Developers,Public Works Department (PWD)
MPL-00012,Bihar,Patna,Patna Sahib,R. S. Prasad,Renewable Energy,Installation of Solar LED High-Mast Lighting System at Village-2,Installation of Solar LED High-Mast Lighting System at Village-2,Village-2,Block-9,25.59835,85.07114,437220.0,446307.22,313776.24,2023-02-25,2023-03-11,2023-03-28,2023-06-14,Completed,Surya Shakti Engineering,Rural Engineering Service (RES)
MPL-00013,Karnataka,Bengaluru Rural,Bengaluru Rural,C. N. Manjunath,Drinking Water & Sanitation,Construction of Public Toilets and Sanitation Block in Village-105,Construction of Public Toilets and Sanitation Block in Village-105,Village-105,Block-7,13.11651,77.71305,799659.0,767218.9,717849.75,2023-12-09,2023-12-29,2024-02-09,2024-04-22,Completed,Shree Ganesh Construction Co,Public Works Department (PWD)
MPL-00014,Gujarat,Rajkot,Rajkot,P. Rupala,Drinking Water & Sanitation,Installation of RO Water Purification Plant at Village-49,Installation of RO Water Purification Plant at Village-49,Village-49,Block-1,22.43088,70.78514,1062336.0,1056877.03,878089.22,2023-09-13,2023-10-13,2023-11-26,,In Progress,Reliable Works Corporation,Public Works Department (PWD)
MPL-00015,Uttar Pradesh,Varanasi,Varanasi,N. Modi,Community Infrastructure,Construction of Community Hall at Village Village-43,Construction of Community Hall at Village Village-43,Village-43,Block-7,25.16825,82.94103,1852312.0,1849652.29,1415396.41,2024-01-19,2024-02-15,2024-03-04,,In Progress,Surya Shakti Engineering,District Rural Development Agency (DRDA)
MPL-00016,Karnataka,Bengaluru Rural,Bengaluru Rural,C. N. Manjunath,Drinking Water & Sanitation,Installation of RO Water Purification Plant at Village-76,Installation of RO Water Purification Plant at Village-76,Village-76,Block-1,12.92954,77.56084,728275.0,762409.93,636333.26,2024-06-13,2024-07-09,2024-07-27,2024-10-09,Completed,Reliable Works Corporation,Rural Engineering Service (RES)
MPL-00017,Gujarat,Rajkot,Rajkot,P. Rupala,Drinking Water & Sanitation,Installation of RO Water Purification Plant at Village-18,Installation of RO Water Purification Plant at Village-18,Village-18,Block-9,22.33971,70.77797,746629.0,739444.6,733547.19,2024-07-17,2024-08-06,2024-09-05,2024-11-14,Completed,Local Panchayat Works Unit,Minor Irrigation Division
MPL-00018,Rajasthan,Jaipur,Jaipur,M. Joshi,Drinking Water & Sanitation,Drilling of Deep Borewell and Overhead Tank Setup at Village-81,Drilling of Deep Borewell and Overhead Tank Setup at Village-81,Village-81,Block-2,26.76519,75.82365,700280.0,683866.45,517691.43,2024-09-25,2024-10-22,2024-11-25,2025-02-11,Completed,Local Panchayat Works Unit,Public Works Department (PWD)
MPL-00019,Bihar,Patna,Patna Sahib,R. S. Prasad,Renewable Energy,Supply and installation of 25 Solar Street Lights in Village-34,Supply and installation of 25 Solar Street Lights in Village-34,Village-34,Block-9,25.57556,85.15057,989296.0,974358.5,712923.69,2023-08-29,2023-09-08,2023-10-16,,In Progress,Sai Urban Works Pvt Ltd,Minor Irrigation Division
MPL-00020,Rajasthan,Jaipur,Jaipur,M. Joshi,Community Infrastructure,Construction of Community Hall at Village Village-68,Construction of Community Hall at Village Village-68,Village-68,Block-8,26.82559,75.74016,1242071.0,1290476.09,1146089.97,2023-05-22,2023-06-09,2023-07-11,,In Progress,Sai Urban Works Pvt Ltd,Minor Irrigation Division
MPL-00021,Uttar Pradesh,Varanasi,Varanasi,N. Modi,Community Infrastructure,Installation of Public Shed and Seating Area at Village-109,Installation of Public Shed and Seating Area at Village-109,Village-109,Block-1,25.38997,82.9894,834817.0,816173.89,585259.9,2023-05-01,2023-05-14,2023-07-08,2023-10-17,Completed,Vanguard Infra Solutions,Minor Irrigation Division
MPL-00022,Gujarat,Rajkot,Rajkot,P. Rupala,Drinking Water & Sanitation,Drilling of Deep Borewell and Overhead Tank Setup at Village-10,Drilling of Deep Borewell and Overhead Tank Setup at Village-10,Village-10,Block-6,22.42358,70.71522,837151.0,844058.3,623198.76,2023-04-14,2023-05-11,2023-05-28,2023-08-06,Completed,Bharat Engineers & Builders,Public Works Department (PWD)
MPL-00023,Madhya Pradesh,Indore,Indore,S. Lalwani,Renewable Energy,Installation of Solar LED High-Mast Lighting System at Village-61,Installation of Solar LED High-Mast Lighting System at Village-61,Village-61,Block-5,22.84695,75.94242,485197.0,508302.37,457653.1,2024-02-12,2024-02-27,2024-03-14,,In Progress,Vanguard Infra Solutions,Rural Engineering Service (RES)
MPL-00024,Gujarat,Rajkot,Rajkot,P. Rupala,Education & Schools,Construction of Additional Classrooms at Govt High School Village-121,Construction of Additional Classrooms at Govt High School Village-121,Village-121,Block-5,22.22078,70.85021,1666477.0,1616411.5,1625707.59,2023-12-13,2023-12-25,2024-01-28,2024-05-25,Completed,Vanguard Infra Solutions,District Rural Development Agency (DRDA)
MPL-00025,Rajasthan,Jaipur,Jaipur,M. Joshi,Rural Connectivity & Roads,Widening of Rural Link Road connecting Village-131,Widening of Rural Link Road connecting Village-131,Village-131,Block-2,27.05352,75.69087,3676372.0,3742369.54,3503944.08,2023-11-07,2023-12-06,2023-12-22,,In Progress,Sai Urban Works Pvt Ltd,Public Works Department (PWD)
MPL-00026,Madhya Pradesh,Indore,Indore,S. Lalwani,Rural Connectivity & Roads,Widening of Rural Link Road connecting Village-81,Widening of Rural Link Road connecting Village-81,Village-81,Block-4,22.58292,75.83852,3830368.0,3871049.9,3268939.16,2024-01-09,2024-01-30,2024-03-21,,In Progress,Reliable Works Corporation,Minor Irrigation Division
MPL-00027,Madhya Pradesh,Indore,Indore,S. Lalwani,Community Infrastructure,Installation of Public Shed and Seating Area at Village-85,Installation of Public Shed and Seating Area at Village-85,Village-85,Block-4,22.66745,75.91686,726712.0,713189.03,693577.26,2023-10-12,2023-11-04,2023-12-21,2024-06-02,Completed,Reliable Works Corporation,Rural Engineering Service (RES)
MPL-00028,Madhya Pradesh,Indore,Indore,S. Lalwani,Drinking Water & Sanitation,Drilling of Deep Borewell and Overhead Tank Setup at Village-146,Drilling of Deep Borewell and Overhead Tank Setup at Village-146,Village-146,Block-8,22.80533,75.8897,765568.0,758377.42,727379.59,2023-10-15,2023-11-08,2023-12-11,,In Progress,Kisan Rural Developers,Municipal Corporation
MPL-00029,Bihar,Patna,Patna Sahib,R. S. Prasad,Renewable Energy,Supply and installation of 25 Solar Street Lights in Village-44,Supply and installation of 25 Solar Street Lights in Village-44,Village-44,Block-1,25.64594,85.05499,845427.0,810324.49,722532.01,2024-09-29,2024-10-10,2024-12-03,2025-04-02,Completed,Bharat Engineers & Builders,Rural Engineering Service (RES)
MPL-00030,Bihar,Patna,Patna Sahib,R. S. Prasad,Education & Schools,Solar Rooftop Power System installation for School at Village-19,Solar Rooftop Power System installation for School at Village-19,Village-19,Block-7,25.564,85.03187,738769.0,732448.17,656713.64,2023-07-02,2023-07-19,2023-09-17,2024-03-21,Completed,Apex Infrastructure Ltd,Public Works Department (PWD)
MPL-00031,Maharashtra,Nagpur,Nagpur,N. Gadkari,Renewable Energy,Supply and installation of 25 Solar Street Lights in Village-13,Supply and installation of 25 Solar Street Lights in Village-13,Village-13,Block-10,21.15514,79.10588,792241.0,772371.46,756194.75,2024-03-17,2024-04-12,2024-05-05,2024-12-21,Completed,Kisan Rural Developers,Municipal Corporation
MPL-00032,Madhya Pradesh,Indore,Indore,S. Lalwani,Renewable Energy,Supply and installation of 25 Solar Street Lights in Village-41,Supply and installation of 25 Solar Street Lights in Village-41,Village-41,Block-8,22.8029,75.85308,889889.0,922058.03,743075.94,2023-08-30,2023-09-11,2023-11-05,,In Progress,Bharat Engineers & Builders,District Rural Development Agency (DRDA)
MPL-00033,Rajasthan,Jaipur,Jaipur,M. Joshi,Drinking Water & Sanitation,Construction of Public Toilets and Sanitation Block in Village-86,Construction of Public Toilets and Sanitation Block in Village-86,Village-86,Block-9,26.97433,75.65657,935239.0,971996.4,677275.11,2023-05-11,2023-06-04,2023-07-03,2023-10-10,Completed,Vanguard Infra Solutions,District Rural Development Agency (DRDA)
MPL-00034,Madhya Pradesh,Indore,Indore,S. Lalwani,Community Infrastructure,Construction of Community Hall at Village Village-108,Construction of Community Hall at Village Village-108,Village-108,Block-9,22.85242,75.79728,1816792.0,1890342.73,1590099.64,2022-12-25,2023-01-21,2023-03-13,2023-05-13,Completed,Vanguard Infra Solutions,Municipal Corporation
MPL-00035,Bihar,Patna,Patna Sahib,R. S. Prasad,Education & Schools,Construction of Additional Classrooms at Govt High School Village-70,Construction of Additional Classrooms at Govt High School Village-70,Village-70,Block-1,25.69625,85.26346,2114014.0,2110978.7,1726424.67,2024-10-24,2024-11-15,2025-01-12,2025-04-24,Completed,Local Panchayat Works Unit,Minor Irrigation Division
MPL-00036,Uttar Pradesh,Varanasi,Varanasi,N. Modi,Community Infrastructure,Installation of Public Shed and Seating Area at Village-110,Installation of Public Shed and Seating Area at Village-110,Village-110,Block-7,25.26565,83.05227,471145.0,488429.02,355487.72,2023-09-06,2023-09-24,2023-11-02,2024-04-26,Completed,Vanguard Infra Solutions,District Rural Development Agency (DRDA)
MPL-00037,Gujarat,Rajkot,Rajkot,P. Rupala,Education & Schools,Construction of Additional Classrooms at Govt High School Village-139,Construction of Additional Classrooms at Govt High School Village-139,Village-139,Block-1,22.16598,70.66151,1309231.0,1374680.48,1053915.38,2024-09-28,2024-10-27,2024-11-15,2025-06-29,Completed,Bharat Engineers & Builders,Rural Engineering Service (RES)
MPL-00038,Maharashtra,Nagpur,Nagpur,N. Gadkari,Drinking Water & Sanitation,Installation of RO Water Purification Plant at Village-122,Installation of RO Water Purification Plant at Village-122,Village-122,Block-5,21.17797,79.16258,619946.0,623911.77,474500.07,2023-09-07,2023-09-20,2023-10-28,,In Progress,Shree Ganesh Construction Co,Rural Engineering Service (RES)
MPL-00039,Uttar Pradesh,Varanasi,Varanasi,N. Modi,Rural Connectivity & Roads,Widening of Rural Link Road connecting Village-97,Widening of Rural Link Road connecting Village-97,Village-97,Block-10,25.19817,83.05564,3663689.0,3825430.1,2782567.89,2024-08-18,2024-08-29,2024-10-27,2025-02-26,Completed,Local Panchayat Works Unit,Public Works Department (PWD)
MPL-00040,Kerala,Wayanad,Wayanad,P. Gandhi,Renewable Energy,Supply and installation of 25 Solar Street Lights in Village-95,Supply and installation of 25 Solar Street Lights in Village-95,Village-95,Block-7,11.82364,76.17268,536153.0,536472.59,430192.74,2024-02-20,2024-03-06,2024-04-21,,In Progress,Surya Shakti Engineering,Rural Engineering Service (RES)
MPL-00041,Rajasthan,Jaipur,Jaipur,M. Joshi,Renewable Energy,Supply and installation of 25 Solar Street Lights in Village-120,Supply and installation of 25 Solar Street Lights in Village-120,Village-120,Block-10,26.84608,75.77254,728366.0,752091.4,639317.71,2023-11-05,2023-11-27,2023-12-27,2024-03-18,Completed,Surya Shakti Engineering,Minor Irrigation Division
MPL-00042,Kerala,Wayanad,Wayanad,P. Gandhi,Community Infrastructure,Supply and installation of 25 Solar Street Lights in Village-42,Supply and installation of 25 Solar Street Lights in Village-42,Village-84,Block-9,11.71425,76.24603,8500000.0,8700000.0,8500000.0,2023-09-06,2023-09-22,2023-10-28,,In Progress,Reliable Works Corporation,Public Works Department (PWD)
MPL-00043,Gujarat,Rajkot,Rajkot,P. Rupala,Drinking Water & Sanitation,Drilling of Deep Borewell and Overhead Tank Setup at Village-105,Drilling of Deep Borewell and Overhead Tank Setup at Village-105,Village-105,Block-4,22.39178,70.68012,962311.0,967620.67,742997.61,2024-04-13,2024-05-02,2024-06-27,2024-12-18,Completed,Bharat Engineers & Builders,Municipal Corporation
MPL-00044,Kerala,Wayanad,Wayanad,P. Gandhi,Education & Schools,Solar Rooftop Power System installation for School at Village-136,Solar Rooftop Power System installation for School at Village-136,Village-136,Block-2,11.62739,76.05116,680227.0,675159.57,628380.53,2023-11-08,2023-12-05,2024-01-11,2024-05-19,Completed,Bharat Engineers & Builders,District Rural Development Agency (DRDA)
MPL-00045,Maharashtra,Nagpur,Nagpur,N. Gadkari,Drinking Water & Sanitation,Installation of RO Water Purification Plant at Village-124,Installation of RO Water Purification Plant at Village-124,Village-124,Block-3,21.02596,78.99644,789930.0,807670.64,784386.36,2024-06-02,2024-06-21,2024-08-13,,In Progress,Bharat Engineers & Builders,District Rural Development Agency (DRDA)
MPL-00046,Uttar Pradesh,Varanasi,Varanasi,N. Modi,Renewable Energy,Installation of Solar LED High-Mast Lighting System at Village-71,Installation of Solar LED High-Mast Lighting System at Village-71,Village-71,Block-8,25.19838,82.82758,423863.0,443966.61,367068.62,2023-04-16,2023-05-10,2023-07-04,2024-01-05,Completed,Sai Urban Works Pvt Ltd,Municipal Corporation
MPL-00047,Kerala,Wayanad,Wayanad,P. Gandhi,Drinking Water & Sanitation,Installation of RO Water Purification Plant at Village-65,Installation of RO Water Purification Plant at Village-65,Village-65,Block-2,11.55148,76.02676,1000935.0,962307.63,720275.86,2024-05-01,2024-05-18,2024-06-06,2025-01-27,Completed,Local Panchayat Works Unit,District Rural Development Agency (DRDA)
MPL-00048,Gujarat,Rajkot,Rajkot,P. Rupala,Renewable Energy,Supply and installation of 25 Solar Street Lights in Village-58,Supply and installation of 25 Solar Street Lights in Village-58,Village-58,Block-4,22.24551,70.83851,906686.0,908732.62,757222.75,2024-02-28,2024-03-29,2024-05-02,2024-10-18,Completed,Local Panchayat Works Unit,Public Works Department (PWD)
MPL-00049,Bihar,Patna,Patna Sahib,R. S. Prasad,Rural Connectivity & Roads,Widening of Rural Link Road connecting Village-21,Widening of Rural Link Road connecting Village-21,Village-21,Block-5,25.62224,85.07498,2658745.0,2589581.78,2301403.49,2023-05-17,2023-06-10,2023-06-25,2024-02-16,Completed,Bharat Engineers & Builders,District Rural Development Agency (DRDA)
MPL-00050,Gujarat,Rajkot,Rajkot,P. Rupala,Drinking Water & Sanitation,Construction of Public Toilets and Sanitation Block in Village-51,Construction of Public Toilets and Sanitation Block in Village-51,Village-51,Block-5,22.17179,70.88999,1045790.0,1005503.69,802584.04,2023-05-09,2023-06-02,2023-07-04,2023-09-20,Completed,Local Panchayat Works Unit,Minor Irrigation Division
MPL-00051,Gujarat,Rajkot,Rajkot,P. Rupala,Education & Schools,Solar Rooftop Power System installation for School at Village-78,Solar Rooftop Power System installation for School at Village-78,Village-78,Block-5,22.16586,70.78181,866861.0,858409.84,677602.58,2024-06-26,2024-07-06,2024-08-21,2025-03-22,Completed,Kisan Rural Developers,Minor Irrigation Division
MPL-00052,Gujarat,Rajkot,Rajkot,P. Rupala,Drinking Water & Sanitation,Drilling of Deep Borewell and Overhead Tank Setup at Village-148,Drilling of Deep Borewell and Overhead Tank Setup at Village-148,Village-148,Block-10,22.29505,70.84765,1065643.0,1113680.72,1065506.3,2024-10-27,2024-11-19,2024-12-21,2025-04-04,Completed,Sai Urban Works Pvt Ltd,Rural Engineering Service (RES)
MPL-00053,Karnataka,Bengaluru Rural,Bengaluru Rural,C. N. Manjunath,Community Infrastructure,Development of Community Center and Boundary Wall in Village-90,Development of Community Center and Boundary Wall in Village-90,Village-90,Block-8,13.00097,77.70136,1228184.0,1207711.2,1106642.98,2023-06-02,2023-06-14,2023-07-20,2024-01-22,Completed,Reliable Works Corporation,Public Works Department (PWD)
MPL-00054,Kerala,Wayanad,Wayanad,P. Gandhi,Rural Connectivity & Roads,Paver Block Road Construction in Village-30,Paver Block Road Construction in Village-30,Village-30,Block-8,11.65937,76.03827,923808.0,957518.73,875287.9,2022-12-03,2023-01-02,2023-02-28,2023-08-25,Completed,Kisan Rural Developers,Minor Irrigation Division
MPL-00055,Karnataka,Bengaluru Rural,Bengaluru Rural,C. N. Manjunath,Community Infrastructure,Construction of Community Hall at Village Village-69,Construction of Community Hall at Village Village-69,Village-69,Block-9,13.10351,77.65759,2151797.0,2072398.54,1692191.98,2024-05-01,2024-05-11,2024-06-02,,In Progress,National Civil Projects,District Rural Development Agency (DRDA)
MPL-00056,Madhya Pradesh,Indore,Indore,S. Lalwani,Community Infrastructure,Construction of Community Hall at Village Village-30,Construction of Community Hall at Village Village-30,Village-30,Block-4,22.72226,75.78973,1967726.0,2055695.3,1759762.76,2023-05-14,2023-06-07,2023-07-23,2023-12-04,Completed,Surya Shakti Engineering,Municipal Corporation
MPL-00057,Maharashtra,Nagpur,Nagpur,N. Gadkari,Education & Schools,Construction of Additional Classrooms at Govt High School Village-131,Construction of Additional Classrooms at Govt High School Village-131,Village-131,Block-10,21.07595,78.93897,2765088.0,2869975.05,2652294.75,2023-09-15,2023-10-10,2023-11-20,2024-05-27,Completed,Sai Urban Works Pvt Ltd,Minor Irrigation Division
MPL-00058,Maharashtra,Nagpur,Nagpur,N. Gadkari,Education & Schools,Solar Rooftop Power System installation for School at Village-124,Solar Rooftop Power System installation for School at Village-124,Village-124,Block-7,21.29003,79.00984,680944.0,669534.1,632502.87,2024-01-11,2024-01-22,2024-03-06,2024-06-22,Completed,Vanguard Infra Solutions,Rural Engineering Service (RES)
MPL-00059,Kerala,Wayanad,Wayanad,P. Gandhi,Education & Schools,Solar Rooftop Power System installation for School at Village-98,Solar Rooftop Power System installation for School at Village-98,Village-98,Block-8,11.57327,76.27161,702416.0,736722.98,658668.2,2024-10-16,2024-10-29,2024-11-22,2025-01-30,Completed,Kisan Rural Developers,Public Works Department (PWD)
MPL-00060,Karnataka,Bengaluru Rural,Bengaluru Rural,C. N. Manjunath,Community Infrastructure,Installation of Public Shed and Seating Area at Village-37,Installation of Public Shed and Seating Area at Village-37,Village-37,Block-9,13.01607,77.62561,614946.0,637756.37,609403.52,2023-02-24,2023-03-18,2023-05-02,2023-09-06,Completed,Shree Ganesh Construction Co,District Rural Development Agency (DRDA)
MPL-00061,Kerala,Wayanad,Wayanad,P. Gandhi,Education & Schools,Solar Rooftop Power System installation for School at Village-10,Solar Rooftop Power System installation for School at Village-10,Village-10,Block-3,11.8289,76.21011,823726.0,788175.69,732579.32,2023-10-03,2023-10-22,2023-11-20,2024-05-09,Completed,Shree Ganesh Construction Co,Municipal Corporation
MPL-00062,Uttar Pradesh,Varanasi,Varanasi,N. Modi,Community Infrastructure,Development of Community Center and Boundary Wall in Village-15,Development of Community Center and Boundary Wall in Village-15,Village-15,Block-7,25.40536,82.8749,1107618.0,1091941.15,918443.53,2023-08-10,2023-09-08,2023-10-26,2024-06-16,Completed,Shree Ganesh Construction Co,Minor Irrigation Division
MPL-00063,Bihar,Patna,Patna Sahib,R. S. Prasad,Education & Schools,Solar Rooftop Power System installation for School at Village-37,Solar Rooftop Power System installation for School at Village-37,Village-37,Block-2,25.68549,85.25796,621733.0,619317.56,482584.93,2023-08-26,2023-09-19,2023-11-15,,In Progress,Reliable Works Corporation,Rural Engineering Service (RES)
MPL-00064,Kerala,Wayanad,Wayanad,P. Gandhi,Renewable Energy,Supply and installation of 25 Solar Street Lights in Village-109,Supply and installation of 25 Solar Street Lights in Village-109,Village-109,Block-5,11.60656,76.15358,861923.0,840383.39,821922.17,2023-07-13,2023-07-23,2023-08-31,2023-11-26,Completed,Local Panchayat Works Unit,District Rural Development Agency (DRDA)
MPL-00065,Madhya Pradesh,Indore,Indore,S. Lalwani,Rural Connectivity & Roads,Construction of CC Road and Drainage Channel at Village-145,Construction of CC Road and Drainage Channel at Village-145,Village-145,Block-4,22.80232,75.77674,3314177.0,3375754.24,3060313.2,2023-01-22,2023-02-20,2023-04-14,2023-08-25,Completed,Kisan Rural Developers,Rural Engineering Service (RES)
MPL-00066,Rajasthan,Jaipur,Jaipur,M. Joshi,Drinking Water & Sanitation,Drilling of Deep Borewell and Overhead Tank Setup at Village-25,Drilling of Deep Borewell and Overhead Tank Setup at Village-25,Village-25,Block-4,27.03529,75.73532,491337.0,481949.17,408913.72,2024-08-02,2024-08-16,2024-09-23,2024-12-15,Completed,Vanguard Infra Solutions,Rural Engineering Service (RES)
MPL-00067,Kerala,Wayanad,Wayanad,P. Gandhi,Renewable Energy,Supply and installation of 25 Solar Street Lights in Village-43,Supply and installation of 25 Solar Street Lights in Village-43,Village-43,Block-9,11.82427,76.02423,634726.0,661006.76,624098.37,2023-10-09,2023-10-30,2023-12-05,2024-06-01,Completed,Bharat Engineers & Builders,Municipal Corporation
MPL-00068,Gujarat,Rajkot,Rajkot,P. Rupala,Education & Schools,Construction of Additional Classrooms at Govt High School Village-68,Construction of Additional Classrooms at Govt High School Village-68,Village-68,Block-1,22.43599,70.6847,2325273.0,2237747.11,1884809.78,2024-10-21,2024-11-19,2024-12-20,2025-07-31,Completed,Bharat Engineers & Builders,Municipal Corporation
MPL-00069,Kerala,Wayanad,Wayanad,P. Gandhi,Renewable Energy,Installation of Solar LED High-Mast Lighting System at Village-17,Installation of Solar LED High-Mast Lighting System at Village-17,Village-17,Block-2,11.549,75.99316,733134.0,756876.94,713204.7,2023-10-20,2023-11-06,2024-01-01,2024-04-05,Completed,Surya Shakti Engineering,Public Works Department (PWD)
MPL-00070,Maharashtra,Nagpur,Nagpur,N. Gadkari,Education & Schools,Installation of Smart Classroom and Computer Lab in Village-95,Installation of Smart Classroom and Computer Lab in Village-95,Village-95,Block-7,21.26142,79.13468,1403055.0,1466105.59,1275300.1,2024-06-19,2024-07-07,2024-08-17,2024-11-24,Completed,Surya Shakti Engineering,Minor Irrigation Division
MPL-00071,Uttar Pradesh,Varanasi,Varanasi,N. Modi,Rural Connectivity & Roads,Construction of CC Road and Drainage Channel at Village-114,Construction of CC Road and Drainage Channel at Village-114,Village-114,Block-8,25.2752,82.94334,2432594.0,2542195.78,2327104.7,2023-03-31,2023-04-12,2023-06-09,2024-01-20,Completed,Bharat Engineers & Builders,Public Works Department (PWD)
MPL-00072,Bihar,Patna,Patna Sahib,R. S. Prasad,Renewable Energy,Installation of Solar LED High-Mast Lighting System at Village-13,Installation of Solar LED High-Mast Lighting System at Village-13,Village-13,Block-6,25.67365,85.04975,574854.0,560112.96,424114.15,2024-07-18,2024-08-01,2024-08-29,,In Progress,Bharat Engineers & Builders,Rural Engineering Service (RES)
MPL-00073,Uttar Pradesh,Varanasi,Varanasi,N. Modi,Rural Connectivity & Roads,Construction of CC Road and Drainage Channel at Village-34,Construction of CC Road and Drainage Channel at Village-34,Village-34,Block-1,25.27507,83.06043,2632913.0,2567262.42,1980869.82,2024-10-23,2024-11-07,2024-11-23,,In Progress,Local Panchayat Works Unit,District Rural Development Agency (DRDA)
MPL-00074,Rajasthan,Jaipur,Jaipur,M. Joshi,Community Infrastructure,Construction of Community Hall at Village Village-108,Construction of Community Hall at Village Village-108,Village-108,Block-9,26.898,75.70376,2103281.0,2022020.59,1512400.82,2024-03-16,2024-04-04,2024-05-12,2024-08-07,Completed,Local Panchayat Works Unit,Public Works Department (PWD)
MPL-00075,Karnataka,Bengaluru Rural,Bengaluru Rural,C. N. Manjunath,Community Infrastructure,Construction of Community Hall at Village Village-123,Construction of Community Hall at Village Village-123,Village-123,Block-10,13.09699,77.4375,1842252.0,1828669.74,1349244.27,2024-03-03,2024-03-30,2024-04-18,2024-09-07,Completed,Sai Urban Works Pvt Ltd,Minor Irrigation Division
MPL-00076,Kerala,Wayanad,Wayanad,P. Gandhi,Education & Schools,Solar Rooftop Power System installation for School at Village-136,Solar Rooftop Power System installation for School at Village-136,Village-136,Block-7,11.73181,76.24531,654611.0,651581.16,577123.41,2023-03-19,2023-04-12,2023-06-10,,In Progress,Reliable Works Corporation,Rural Engineering Service (RES)
MPL-00077,Bihar,Patna,Patna Sahib,R. S. Prasad,Education & Schools,Installation of Smart Classroom and Computer Lab in Village-117,Installation of Smart Classroom and Computer Lab in Village-117,Village-117,Block-2,25.73018,85.19365,1118098.0,1108704.82,814563.19,2024-03-01,2024-03-13,2024-04-17,2024-09-19,Completed,Surya Shakti Engineering,Public Works Department (PWD)
MPL-00078,Gujarat,Rajkot,Rajkot,P. Rupala,Education & Schools,Construction of Additional Classrooms at Govt High School Village-96,Construction of Additional Classrooms at Govt High School Village-96,Village-96,Block-5,22.27714,70.91428,2902403.0,2795047.6,2083908.79,2024-06-30,2024-07-29,2024-09-17,2024-12-17,Completed,Vanguard Infra Solutions,Public Works Department (PWD)
MPL-00079,Rajasthan,Jaipur,Jaipur,M. Joshi,Rural Connectivity & Roads,Construction of CC Road and Drainage Channel at Village-148,Construction of CC Road and Drainage Channel at Village-148,Village-148,Block-7,26.87267,75.86608,2564121.0,2490463.75,2300070.1,2023-07-22,2023-08-18,2023-09-08,2024-03-28,Completed,Local Panchayat Works Unit,Rural Engineering Service (RES)
MPL-00080,Uttar Pradesh,Varanasi,Varanasi,N. Modi,Renewable Energy,Supply and installation of 25 Solar Street Lights in Village-8,Supply and installation of 25 Solar Street Lights in Village-8,Village-8,Block-3,25.42856,82.9938,594589.0,581107.91,552208.39,2023-11-14,2023-12-14,2024-01-20,,In Progress,Vanguard Infra Solutions,Public Works Department (PWD)
MPL-00081,Uttar Pradesh,Varanasi,Varanasi,N. Modi,Community Infrastructure,Installation of Public Shed and Seating Area at Village-136,Installation of Public Shed and Seating Area at Village-136,Village-136,Block-3,25.40065,82.99418,512791.0,506442.36,428741.34,2023-05-27,2023-06-11,2023-07-19,2023-12-09,Completed,Shree Ganesh Construction Co,Public Works Department (PWD)
MPL-00082,Uttar Pradesh,Varanasi,Varanasi,N. Modi,Community Infrastructure,Development of Community Center and Boundary Wall in Village-114,Development of Community Center and Boundary Wall in Village-114,Village-114,Block-10,25.3213,82.92745,1494093.0,1482740.1,1317973.5,2024-02-04,2024-02-29,2024-04-01,,In Progress,Shree Ganesh Construction Co,District Rural Development Agency (DRDA)
MPL-00083,Rajasthan,Jaipur,Jaipur,M. Joshi,Community Infrastructure,Construction of Community Hall at Village Village-102,Construction of Community Hall at Village Village-102,Village-102,Block-3,26.86084,75.63962,2256875.0,2156394.85,1718219.73,2023-07-14,2023-08-05,2023-08-28,2024-01-09,Completed,Vanguard Infra Solutions,Rural Engineering Service (RES)
MPL-00084,Bihar,Patna,Patna Sahib,R. S. Prasad,Renewable Energy,Supply and installation of 25 Solar Street Lights in Village-19,Supply and installation of 25 Solar Street Lights in Village-19,Village-19,Block-2,25.61683,85.15962,708179.0,733798.39,504712.57,2022-12-29,2023-01-20,2023-03-05,2023-07-23,Completed,Vanguard Infra Solutions,District Rural Development Agency (DRDA)
MPL-00085,Uttar Pradesh,Varanasi,Varanasi,N. Modi,Rural Connectivity & Roads,Construction of CC Road and Drainage Channel at Village-118,Construction of CC Road and Drainage Channel at Village-118,Village-118,Block-6,25.34426,82.98109,3244884.0,3306410.26,2623669.8,2024-03-06,2024-03-23,2024-04-13,,In Progress,Vanguard Infra Solutions,District Rural Development Agency (DRDA)
MPL-00086,Kerala,Wayanad,Wayanad,P. Gandhi,Drinking Water & Sanitation,Installation of RO Water Purification Plant at Village-131,Installation of RO Water Purification Plant at Village-131,Village-131,Block-4,11.77991,76.05288,1163984.0,1119057.32,992861.61,2023-12-09,2023-12-24,2024-01-30,2024-09-11,Completed,National Civil Projects,District Rural Development Agency (DRDA)
MPL-00087,Maharashtra,Nagpur,Nagpur,N. Gadkari,Community Infrastructure,Construction of Community Hall at Village Village-127,Construction of Community Hall at Village Village-127,Village-127,Block-3,21.1887,79.23416,1972980.0,2023181.65,1830852.73,2024-03-11,2024-04-04,2024-06-01,2024-12-22,Completed,Kisan Rural Developers,District Rural Development Agency (DRDA)
MPL-00088,Gujarat,Rajkot,Rajkot,P. Rupala,Education & Schools,Installation of Smart Classroom and Computer Lab in Village-78,Installation of Smart Classroom and Computer Lab in Village-78,Village-78,Block-2,22.16518,70.76282,3500000.0,1500424.14,3500000.0,2024-05-05,2024-01-10,2024-01-12,2024-01-15,Completed,Sai Urban Works Pvt Ltd,Public Works Department (PWD)
MPL-00089,Madhya Pradesh,Indore,Indore,S. Lalwani,Education & Schools,Solar Rooftop Power System installation for School at Village-142,Solar Rooftop Power System installation for School at Village-142,Village-142,Block-2,22.7511,75.85811,915140.0,937004.62,651860.46,2024-07-19,2024-08-08,2024-10-03,,In Progress,Apex Infrastructure Ltd,Municipal Corporation
MPL-00090,Gujarat,Rajkot,Rajkot,P. Rupala,Renewable Energy,Installation of Solar LED High-Mast Lighting System at Village-11,Installation of Solar LED High-Mast Lighting System at Village-11,Village-11,Block-10,22.26576,70.73707,529889.0,540890.65,528456.08,2024-06-09,2024-06-20,2024-08-07,2025-01-07,Completed,Vanguard Infra Solutions,District Rural Development Agency (DRDA)
MPL-00091,Kerala,Wayanad,Wayanad,P. Gandhi,Community Infrastructure,Development of Community Center and Boundary Wall in Village-25,Development of Community Center and Boundary Wall in Village-25,Village-25,Block-7,11.55985,76.18108,1385066.0,1409772.72,1087614.89,2024-10-20,2024-11-03,2024-12-26,2025-05-20,Completed,Kisan Rural Developers,District Rural Development Agency (DRDA)
MPL-00092,Gujarat,Rajkot,Rajkot,P. Rupala,Rural Connectivity & Roads,Widening of Rural Link Road connecting Village-97,Widening of Rural Link Road connecting Village-97,Village-97,Block-6,22.42763,70.68024,4699006.0,4836058.13,4435652.25,2024-11-07,2024-11-17,2025-01-15,2025-09-07,Completed,Vanguard Infra Solutions,Minor Irrigation Division
MPL-00093,Kerala,Wayanad,Wayanad,P. Gandhi,Rural Connectivity & Roads,Construction of CC Road and Drainage Channel at Village-55,Construction of CC Road and Drainage Channel at Village-55,Village-55,Block-9,11.62414,76.21844,2216664.0,2315897.01,1875034.57,2023-08-09,2023-08-20,2023-09-12,,In Progress,Reliable Works Corporation,Minor Irrigation Division
MPL-00094,Kerala,Wayanad,Wayanad,P. Gandhi,Renewable Energy,Installation of Solar LED High-Mast Lighting System at Village-97,Installation of Solar LED High-Mast Lighting System at Village-97,Village-97,Block-10,11.65866,76.18491,480872.0,464630.41,456541.57,2024-09-12,2024-10-01,2024-10-26,2025-01-05,Completed,Bharat Engineers & Builders,Municipal Corporation
MPL-00095,Karnataka,Bengaluru Rural,Bengaluru Rural,C. N. Manjunath,Drinking Water & Sanitation,Drilling of Deep Borewell and Overhead Tank Setup at Village-62,Drilling of Deep Borewell and Overhead Tank Setup at Village-62,Village-62,Block-9,13.20983,77.5563,774500.0,810560.46,724398.43,2023-06-22,2023-07-18,2023-08-25,2024-03-18,Completed,Sai Urban Works Pvt Ltd,Municipal Corporation
MPL-00096,Madhya Pradesh,Indore,Indore,S. Lalwani,Drinking Water & Sanitation,Installation of RO Water Purification Plant at Village-36,Installation of RO Water Purification Plant at Village-36,Village-36,Block-8,22.82495,75.79322,762147.0,728016.52,643387.12,2023-12-21,2024-01-16,2024-03-06,2024-09-14,Completed,National Civil Projects,District Rural Development Agency (DRDA)
MPL-00097,Maharashtra,Nagpur,Nagpur,N. Gadkari,Education & Schools,Construction of Additional Classrooms at Govt High School Village-57,Construction of Additional Classrooms at Govt High School Village-57,Village-57,Block-4,21.1464,79.00893,2912750.0,2898514.81,2344401.18,2023-01-18,2023-01-28,2023-03-10,,In Progress,Shree Ganesh Construction Co,District Rural Development Agency (DRDA)
MPL-00098,Kerala,Wayanad,Wayanad,P. Gandhi,Community Infrastructure,Installation of Public Shed and Seating Area at Village-86,Installation of Public Shed and Seating Area at Village-86,Village-86,Block-5,11.67613,76.1666,814911.0,786067.17,579801.81,2024-04-12,2024-04-28,2024-06-26,2025-02-21,Completed,Shree Ganesh Construction Co,Public Works Department (PWD)
MPL-00099,Maharashtra,Nagpur,Nagpur,N. Gadkari,Renewable Energy,Supply and installation of 25 Solar Street Lights in Village-29,Supply and installation of 25 Solar Street Lights in Village-29,Village-29,Block-9,21.13293,78.97146,906937.0,887719.15,716793.45,2023-02-08,2023-02-18,2023-03-20,2023-10-25,Completed,Surya Shakti Engineering,Minor Irrigation Division
MPL-00100,Bihar,Patna,Patna Sahib,R. S. Prasad,Drinking Water & Sanitation,Construction of Public Toilets and Sanitation Block in Village-110,Construction of Public Toilets and Sanitation Block in Village-110,Village-110,Block-9,25.60115,85.09578,601640.0,608547.4,464567.92,2024-02-05,2024-03-02,2024-03-28,2024-06-17,Completed,Reliable Works Corporation,Minor Irrigation Division
MPL-00101,Uttar Pradesh,Varanasi,Varanasi,N. Modi,Education & Schools,Construction of Community Hall at Village-Kalyanpur,Construction of Community Hall at Village-Kalyanpur with sanitary fittings,Village-12,Block-6,25.3176,82.9739,1800000.0,1351090.78,1109625.1,2023-01-03,2023-01-17,2023-02-23,2023-07-21,Completed,Shree Ganesh Construction Co,Minor Irrigation Division
MPL-00102,Uttar Pradesh,Varanasi,Varanasi,N. Modi,Rural Connectivity & Roads,Development of Community Hall in Village-Kalyanpur,Development of Community Hall in Village-Kalyanpur with sanitary fittings,Village-87,Block-5,25.31775,82.97395,1900000.0,4543499.25,4384930.79,2024-04-04,2024-04-20,2024-06-18,2024-10-02,Completed,Surya Shakti Engineering,Public Works Department (PWD)
MPL-00103,Uttar Pradesh,Varanasi,Varanasi,N. Modi,Drinking Water & Sanitation,Installation of RO Water Purification Plant at Village-81,Installation of RO Water Purification Plant at Village-81,Village-81,Block-6,25.39359,82.88123,825138.0,826407.36,822445.42,2024-06-22,2024-07-10,2024-08-24,,In Progress,Kisan Rural Developers,Public Works Department (PWD)
MPL-00104,Gujarat,Rajkot,Rajkot,P. Rupala,Rural Connectivity & Roads,Paver Block Road Construction in Village-103,Paver Block Road Construction in Village-103,Village-103,Block-2,22.43119,70.80798,961097.0,999025.49,784248.84,2023-06-18,2023-07-11,2023-08-26,2024-01-27,Completed,Shree Ganesh Construction Co,Municipal Corporation
MPL-00105,Maharashtra,Nagpur,Nagpur,N. Gadkari,Renewable Energy,Supply and installation of 25 Solar Street Lights in Village-83,Supply and installation of 25 Solar Street Lights in Village-83,Village-83,Block-6,21.04579,79.07137,553790.0,530534.64,497456.14,2023-10-12,2023-11-10,2023-12-23,2024-06-09,Completed,Surya Shakti Engineering,Public Works Department (PWD)
MPL-00106,Madhya Pradesh,Indore,Indore,S. Lalwani,Rural Connectivity & Roads,Widening of Rural Link Road connecting Village-15,Widening of Rural Link Road connecting Village-15,Village-15,Block-3,22.57894,75.9623,2314745.0,2354369.71,1902403.43,2024-05-28,2024-06-09,2024-08-06,,In Progress,Surya Shakti Engineering,Public Works Department (PWD)
MPL-00107,Bihar,Patna,Patna Sahib,R. S. Prasad,Rural Connectivity & Roads,Paver Block Road Construction in Village-99,Paver Block Road Construction in Village-99,Village-99,Block-5,25.61628,85.14644,1094799.0,1043604.59,816754.48,2024-03-19,2024-04-05,2024-05-13,2024-07-31,Completed,Vanguard Infra Solutions,District Rural Development Agency (DRDA)
MPL-00108,Gujarat,Rajkot,Rajkot,P. Rupala,Community Infrastructure,Installation of Public Shed and Seating Area at Village-48,Installation of Public Shed and Seating Area at Village-48,Village-48,Block-4,22.28778,70.95111,661642.0,662816.1,644480.83,2023-04-18,2023-05-01,2023-06-01,2024-01-27,Completed,Sai Urban Works Pvt Ltd,Municipal Corporation
MPL-00109,Maharashtra,Nagpur,Nagpur,N. Gadkari,Community Infrastructure,Development of Community Center and Boundary Wall in Village-45,Development of Community Center and Boundary Wall in Village-45,Village-45,Block-3,21.1608,79.02531,1742333.0,1779509.14,1740902.06,2024-11-08,2024-11-29,2025-01-03,2025-03-20,Completed,Sai Urban Works Pvt Ltd,Rural Engineering Service (RES)
MPL-00110,Bihar,Patna,Patna Sahib,R. S. Prasad,Community Infrastructure,Construction of Community Hall at Village Village-36,Construction of Community Hall at Village Village-36,Village-36,Block-7,25.48303,85.25287,1496471.0,1539924.49,1059329.69,2024-06-26,2024-07-21,2024-09-10,2025-03-30,Completed,Shree Ganesh Construction Co,District Rural Development Agency (DRDA)
MPL-00111,Madhya Pradesh,Indore,Indore,S. Lalwani,Education & Schools,Solar Rooftop Power System installation for School at Village-19,Solar Rooftop Power System installation for School at Village-19,Village-19,Block-3,22.6081,75.95642,565707.0,592429.85,505007.53,2024-03-22,2024-04-05,2024-05-19,2024-10-14,Completed,Reliable Works Corporation,Minor Irrigation Division
MPL-00112,Madhya Pradesh,Indore,Indore,S. Lalwani,Renewable Energy,Installation of Solar LED High-Mast Lighting System at Village-32,Installation of Solar LED High-Mast Lighting System at Village-32,Village-32,Block-5,22.85384,75.86337,671634.0,648329.34,503320.59,2023-11-11,2023-11-27,2024-01-26,,In Progress,Sai Urban Works Pvt Ltd,Public Works Department (PWD)
MPL-00113,Rajasthan,Jaipur,Jaipur,M. Joshi,Drinking Water & Sanitation,Drilling of Deep Borewell and Overhead Tank Setup at Village-78,Drilling of Deep Borewell and Overhead Tank Setup at Village-78,Village-78,Block-10,26.81376,75.82464,1094274.0,1097937.41,930977.62,2023-06-11,2023-06-22,2023-08-13,2023-11-20,Completed,Local Panchayat Works Unit,District Rural Development Agency (DRDA)
MPL-00114,Uttar Pradesh,Varanasi,Varanasi,N. Modi,Community Infrastructure,Construction of Community Hall at Village Village-148,Construction of Community Hall at Village Village-148,Village-148,Block-4,25.4343,82.98757,1555023.0,1578524.06,1446307.77,2024-02-09,2024-03-02,2024-04-25,2024-10-29,Completed,Sai Urban Works Pvt Ltd,Municipal Corporation
MPL-00115,Rajasthan,Jaipur,Jaipur,M. Joshi,Education & Schools,Construction of Additional Classrooms at Govt High School Village-16,Construction of Additional Classrooms at Govt High School Village-16,Village-16,Block-3,27.02085,75.73309,1531518.0,1522268.47,1294554.4,2023-07-07,2023-07-28,2023-09-02,2024-01-20,Completed,Kisan Rural Developers,Municipal Corporation
MPL-00116,Gujarat,Rajkot,Rajkot,P. Rupala,Rural Connectivity & Roads,Construction of CC Road and Drainage Channel at Village-120,Construction of CC Road and Drainage Channel at Village-120,Village-120,Block-6,22.26914,70.83681,1756947.0,1716093.01,1360537.0,2023-03-13,2023-04-10,2023-04-28,,In Progress,Bharat Engineers & Builders,Rural Engineering Service (RES)
MPL-00117,Kerala,Wayanad,Wayanad,P. Gandhi,Drinking Water & Sanitation,Installation of RO Water Purification Plant at Village-128,Installation of RO Water Purification Plant at Village-128,Village-128,Block-10,11.65337,76.11917,1039728.0,1036277.67,1002009.47,2024-05-03,2024-05-24,2024-06-09,,In Progress,Bharat Engineers & Builders,Rural Engineering Service (RES)
MPL-00118,Uttar Pradesh,Varanasi,Varanasi,N. Modi,Community Infrastructure,Development of Community Center and Boundary Wall in Village-127,Development of Community Center and Boundary Wall in Village-127,Village-127,Block-6,25.29688,83.08864,1426543.0,1481085.37,1278579.12,2024-04-15,2024-04-26,2024-05-29,2024-08-24,Completed,Kisan Rural Developers,Municipal Corporation
MPL-00119,Madhya Pradesh,Indore,Indore,S. Lalwani,Community Infrastructure,Installation of Public Shed and Seating Area at Village-144,Installation of Public Shed and Seating Area at Village-144,Village-144,Block-3,22.65352,76.00443,502055.0,495152.94,394906.68,2024-01-18,2024-01-31,2024-03-18,2024-10-04,Completed,Local Panchayat Works Unit,Public Works Department (PWD)
MPL-00120,Madhya Pradesh,Indore,Indore,S. Lalwani,Rural Connectivity & Roads,Paver Block Road Construction in Village-143,Paver Block Road Construction in Village-143,Village-143,Block-8,22.58127,75.92178,883366.0,905888.76,671108.49,2024-05-22,2024-06-05,2024-07-15,2024-09-24,Completed,Surya Shakti Engineering,Minor Irrigation Division
MPL-00121,Maharashtra,Nagpur,Nagpur,N. Gadkari,Rural Connectivity & Roads,Widening of Rural Link Road connecting Village-82,Widening of Rural Link Road connecting Village-82,Village-82,Block-1,21.1555,79.15082,2681582.0,2652876.89,2373066.38,2023-10-13,2023-11-03,2023-12-25,2024-07-02,Completed,Sai Urban Works Pvt Ltd,Municipal Corporation
MPL-00122,Kerala,Wayanad,Wayanad,P. Gandhi,Community Infrastructure,Development of Community Center and Boundary Wall in Village-150,Development of Community Center and Boundary Wall in Village-150,Village-150,Block-4,11.82552,76.21687,1122623.0,1155937.38,1030115.79,2024-09-25,2024-10-06,2024-10-22,2025-02-26,Completed,Local Panchayat Works Unit,Minor Irrigation Division
MPL-00123,Karnataka,Bengaluru Rural,Bengaluru Rural,C. N. Manjunath,Drinking Water & Sanitation,Drilling of Deep Borewell and Overhead Tank Setup at Village-98,Drilling of Deep Borewell and Overhead Tank Setup at Village-98,Village-98,Block-4,12.92018,77.51191,604954.0,624413.03,467423.13,2024-07-17,2024-08-09,2024-10-07,,In Progress,National Civil Projects,Municipal Corporation
MPL-00124,Karnataka,Bengaluru Rural,Bengaluru Rural,C. N. Manjunath,Community Infrastructure,Installation of Public Shed and Seating Area at Village-36,Installation of Public Shed and Seating Area at Village-36,Village-36,Block-9,13.20151,77.5557,671939.0,652274.15,535881.34,2024-10-19,2024-11-09,2024-12-24,2025-05-13,Completed,Reliable Works Corporation,District Rural Development Agency (DRDA)
MPL-00125,Rajasthan,Jaipur,Jaipur,M. Joshi,Renewable Energy,Supply and installation of 25 Solar Street Lights in Village-50,Supply and installation of 25 Solar Street Lights in Village-50,Village-50,Block-5,26.9739,75.73241,629247.0,615341.04,496821.81,2023-10-13,2023-11-01,2023-12-04,2024-07-27,Completed,Kisan Rural Developers,Minor Irrigation Division
MPL-00126,Gujarat,Rajkot,Rajkot,P. Rupala,Renewable Energy,Supply and installation of 25 Solar Street Lights in Village-102,Supply and installation of 25 Solar Street Lights in Village-102,Village-102,Block-8,22.44049,70.67591,929065.0,914677.0,865813.6,2023-05-14,2023-05-30,2023-07-02,,In Progress,Surya Shakti Engineering,District Rural Development Agency (DRDA)
MPL-00127,Bihar,Patna,Patna Sahib,R. S. Prasad,Renewable Energy,Supply and installation of 25 Solar Street Lights in Village-144,Supply and installation of 25 Solar Street Lights in Village-144,Village-144,Block-2,25.64505,85.14691,864994.0,845239.39,633839.9,2024-07-31,2024-08-23,2024-09-22,,In Progress,Bharat Engineers & Builders,Public Works Department (PWD)
MPL-00128,Kerala,Wayanad,Wayanad,P. Gandhi,Education & Schools,Construction of Additional Classrooms at Govt High School Village-36,Construction of Additional Classrooms at Govt High School Village-36,Village-36,Block-5,11.67863,76.04184,1210866.0,1267113.0,1202841.85,2023-05-12,2023-06-11,2023-07-22,2024-01-19,Completed,Sai Urban Works Pvt Ltd,District Rural Development Agency (DRDA)
MPL-00129,Uttar Pradesh,Varanasi,Varanasi,N. Modi,Community Infrastructure,Installation of Public Shed and Seating Area at Village-147,Installation of Public Shed and Seating Area at Village-147,Village-147,Block-3,25.44778,82.8348,521750.0,523584.07,478410.99,2023-01-20,2023-02-08,2023-03-06,2023-06-19,Completed,Vanguard Infra Solutions,Municipal Corporation
MPL-00130,Uttar Pradesh,Varanasi,Varanasi,N. Modi,Community Infrastructure,Development of Community Center and Boundary Wall in Village-146,Development of Community Center and Boundary Wall in Village-146,Village-146,Block-8,25.3249,83.09068,1432063.0,1375825.98,1424756.85,2023-10-01,2023-10-19,2023-12-02,2024-06-18,Completed,National Civil Projects,Minor Irrigation Division
MPL-00131,Bihar,Patna,Patna Sahib,R. S. Prasad,Community Infrastructure,Development of Community Center and Boundary Wall in Village-42,Development of Community Center and Boundary Wall in Village-42,Village-42,Block-7,25.61443,85.21478,1566634.0,1560197.4,1217555.77,2023-06-17,2023-07-10,2023-07-25,2023-12-07,Completed,National Civil Projects,Minor Irrigation Division
MPL-00132,Kerala,Wayanad,Wayanad,P. Gandhi,Community Infrastructure,Development of Community Center and Boundary Wall in Village-25,Development of Community Center and Boundary Wall in Village-25,Village-25,Block-10,11.60606,76.20813,993757.0,1041624.8,837971.91,2023-08-15,2023-09-12,2023-09-27,,In Progress,Kisan Rural Developers,District Rural Development Agency (DRDA)
MPL-00133,Uttar Pradesh,Varanasi,Varanasi,N. Modi,Rural Connectivity & Roads,Widening of Rural Link Road connecting Village-93,Widening of Rural Link Road connecting Village-93,Village-93,Block-5,25.37342,83.10083,4905682.0,4776320.43,4416761.3,2024-03-31,2024-04-21,2024-05-25,,In Progress,Sai Urban Works Pvt Ltd,Public Works Department (PWD)
MPL-00134,Bihar,Patna,Patna Sahib,R. S. Prasad,Drinking Water & Sanitation,Installation of RO Water Purification Plant at Village-123,Installation of RO Water Purification Plant at Village-123,Village-123,Block-10,25.67131,85.2282,660626.0,657651.77,658413.82,2024-01-06,2024-01-18,2024-02-28,2024-08-26,Completed,Bharat Engineers & Builders,Rural Engineering Service (RES)
MPL-00135,Karnataka,Bengaluru Rural,Bengaluru Rural,C. N. Manjunath,Renewable Energy,Supply and installation of 25 Solar Street Lights in Village-20,Supply and installation of 25 Solar Street Lights in Village-20,Village-20,Block-2,13.0755,77.46716,980900.0,987194.31,704803.54,2024-06-28,2024-07-14,2024-08-30,,In Progress,Reliable Works Corporation,Municipal Corporation
MPL-00136,Karnataka,Bengaluru Rural,Bengaluru Rural,C. N. Manjunath,Community Infrastructure,Installation of Public Shed and Seating Area at Village-115,Installation of Public Shed and Seating Area at Village-115,Village-115,Block-5,13.05321,77.65987,823987.0,787371.97,609407.03,2024-02-20,2024-03-01,2024-04-14,2024-11-03,Completed,Apex Infrastructure Ltd,Municipal Corporation
MPL-00137,Bihar,Patna,Patna Sahib,R. S. Prasad,Renewable Energy,Installation of Solar LED High-Mast Lighting System at Village-12,Installation of Solar LED High-Mast Lighting System at Village-12,Village-12,Block-6,25.45362,85.11026,622139.0,612466.53,447397.56,2023-02-09,2023-03-03,2023-03-22,2023-09-18,Completed,National Civil Projects,Municipal Corporation
MPL-00138,Karnataka,Bengaluru Rural,Bengaluru Rural,C. N. Manjunath,Education & Schools,Installation of Smart Classroom and Computer Lab in Village-21,Installation of Smart Classroom and Computer Lab in Village-21,Village-21,Block-4,12.96804,77.57898,1415894.0,1481611.92,1362608.41,2023-05-07,2023-05-17,2023-07-12,2023-10-10,Completed,Reliable Works Corporation,Rural Engineering Service (RES)
MPL-00139,Uttar Pradesh,Varanasi,Varanasi,N. Modi,Rural Connectivity & Roads,Paver Block Road Construction in Village-140,Paver Block Road Construction in Village-140,Village-140,Block-7,25.22414,83.08646,944730.0,947746.86,894666.99,2023-08-13,2023-09-11,2023-10-25,2024-03-03,Completed,Shree Ganesh Construction Co,Public Works Department (PWD)
MPL-00140,Uttar Pradesh,Varanasi,Varanasi,N. Modi,Drinking Water & Sanitation,Installation of RO Water Purification Plant at Village-18,Installation of RO Water Purification Plant at Village-18,Village-18,Block-4,25.38976,82.94458,605797.0,611488.11,505193.7,2024-11-08,2024-11-19,2025-01-18,2025-05-20,Completed,Bharat Engineers & Builders,Minor Irrigation Division
MPL-00141,Maharashtra,Nagpur,Nagpur,N. Gadkari,Renewable Energy,Supply and installation of 25 Solar Street Lights in Village-60,Supply and installation of 25 Solar Street Lights in Village-60,Village-60,Block-7,21.06687,79.20108,927706.0,966335.4,809732.5,2024-07-26,2024-08-14,2024-10-06,2025-02-25,Completed,Reliable Works Corporation,Rural Engineering Service (RES)
MPL-00142,Rajasthan,Jaipur,Jaipur,M. Joshi,Community Infrastructure,Installation of Public Shed and Seating Area at Village-45,Installation of Public Shed and Seating Area at Village-45,Village-45,Block-3,26.87675,75.79464,728200.0,741216.58,631171.14,2023-01-30,2023-02-18,2023-03-27,2023-11-13,Completed,Vanguard Infra Solutions,Municipal Corporation
MPL-00143,Madhya Pradesh,Indore,Indore,S. Lalwani,Drinking Water & Sanitation,Drilling of Deep Borewell and Overhead Tank Setup at Village-122,Drilling of Deep Borewell and Overhead Tank Setup at Village-122,Village-122,Block-7,22.6934,75.83265,702673.0,727220.24,555266.91,2023-05-11,2023-05-28,2023-07-11,2024-01-30,Completed,Reliable Works Corporation,Rural Engineering Service (RES)
MPL-00144,Rajasthan,Jaipur,Jaipur,M. Joshi,Drinking Water & Sanitation,Construction of Public Toilets and Sanitation Block in Village-21,Construction of Public Toilets and Sanitation Block in Village-21,Village-21,Block-10,26.9645,75.81818,1071635.0,1108835.03,779870.8,2023-06-18,2023-07-15,2023-08-02,,In Progress,Shree Ganesh Construction Co,Rural Engineering Service (RES)
MPL-00145,Bihar,Patna,Patna Sahib,R. S. Prasad,Education & Schools,Construction of Additional Classrooms at Govt High School Village-86,Construction of Additional Classrooms at Govt High School Village-86,Village-86,Block-4,25.71843,85.19629,1835831.0,1919732.1,1293526.73,2023-06-17,2023-07-14,2023-08-05,2024-02-03,Completed,Bharat Engineers & Builders,Municipal Corporation
MPL-00146,Kerala,Wayanad,Wayanad,P. Gandhi,Rural Connectivity & Roads,Paver Block Road Construction in Village-120,Paver Block Road Construction in Village-120,Village-120,Block-4,11.56498,76.2764,1059572.0,1075330.1,839739.08,2023-12-14,2024-01-04,2024-02-20,2024-08-17,Completed,Surya Shakti Engineering,District Rural Development Agency (DRDA)
MPL-00147,Kerala,Wayanad,Wayanad,P. Gandhi,Education & Schools,Construction of Additional Classrooms at Govt High School Village-145,Construction of Additional Classrooms at Govt High School Village-145,Village-145,Block-10,11.62396,76.04086,1664045.0,1704190.48,1172928.69,2024-07-03,2024-07-20,2024-09-10,2025-02-23,Completed,Bharat Engineers & Builders,Municipal Corporation
MPL-00148,Karnataka,Bengaluru Rural,Bengaluru Rural,C. N. Manjunath,Renewable Energy,Supply and installation of 25 Solar Street Lights in Village-66,Supply and installation of 25 Solar Street Lights in Village-66,Village-66,Block-9,12.96528,77.63389,900220.0,929170.35,891175.02,2024-09-19,2024-10-19,2024-12-04,2025-05-03,Completed,Surya Shakti Engineering,Rural Engineering Service (RES)
MPL-00149,Uttar Pradesh,Varanasi,Varanasi,N. Modi,Renewable Energy,Installation of Solar LED High-Mast Lighting System at Village-20,Installation of Solar LED High-Mast Lighting System at Village-20,Village-20,Block-6,25.37975,82.82664,750337.0,716460.36,526672.91,2023-05-10,2023-05-21,2023-07-15,,In Progress,Reliable Works Corporation,Municipal Corporation
MPL-00150,Karnataka,Bengaluru Rural,Bengaluru Rural,C. N. Manjunath,Education & Schools,Construction of Additional Classrooms at Govt High School Village-2,Construction of Additional Classrooms at Govt High School Village-2,Village-2,Block-2,12.91964,77.66175,2316130.0,2328091.32,1629525.51,2024-06-13,2024-06-26,2024-07-28,2024-12-08,Completed,Vanguard Infra Solutions,Rural Engineering Service (RES)
MPL-00151,Maharashtra,Nagpur,Nagpur,N. Gadkari,Drinking Water & Sanitation,Installation of RO Water Purification Plant at Village-135,Installation of RO Water Purification Plant at Village-135,Village-135,Block-2,21.1335,79.01116,764679.0,788782.78,596600.58,2024-01-12,2024-02-11,2024-03-02,2024-08-12,Completed,Bharat Engineers & Builders,District Rural Development Agency (DRDA)
MPL-00152,Uttar Pradesh,Varanasi,Varanasi,N. Modi,Community Infrastructure,Development of Community Center and Boundary Wall in Village-98,Development of Community Center and Boundary Wall in Village-98,Village-98,Block-2,25.31756,82.95407,1195490.0,1201790.4,856968.45,2022-12-15,2023-01-10,2023-03-10,,In Progress,Kisan Rural Developers,Minor Irrigation Division
MPL-00153,Uttar Pradesh,Varanasi,Varanasi,N. Modi,Drinking Water & Sanitation,Installation of RO Water Purification Plant at Village-146,Installation of RO Water Purification Plant at Village-146,Village-146,Block-4,25.36503,82.87771,998598.0,975739.6,975877.68,2024-11-03,2024-12-01,2025-01-02,2025-07-25,Completed,Kisan Rural Developers,Public Works Department (PWD)
MPL-00154,Maharashtra,Nagpur,Nagpur,N. Gadkari,Education & Schools,Construction of Additional Classrooms at Govt High School Village-77,Construction of Additional Classrooms at Govt High School Village-77,Village-77,Block-6,21.11095,79.16012,1540682.0,1550535.92,1340406.86,2024-01-23,2024-02-03,2024-04-01,2024-08-23,Completed,Shree Ganesh Construction Co,Minor Irrigation Division
MPL-00155,Gujarat,Rajkot,Rajkot,P. Rupala,Education & Schools,Construction of Additional Classrooms at Govt High School Village-20,Construction of Additional Classrooms at Govt High School Village-20,Village-20,Block-4,22.16279,70.7342,1914274.0,1934406.18,1692523.68,2024-08-11,2024-09-01,2024-10-11,2025-03-03,Completed,Surya Shakti Engineering,Municipal Corporation
MPL-00156,Madhya Pradesh,Indore,Indore,S. Lalwani,Education & Schools,Construction of Additional Classrooms at Govt High School Village-150,Construction of Additional Classrooms at Govt High School Village-150,Village-150,Block-6,22.64999,75.8217,2585529.0,2554521.45,2408808.66,2023-10-09,2023-10-30,2023-11-29,2024-02-18,Completed,National Civil Projects,Municipal Corporation
MPL-00157,Gujarat,Rajkot,Rajkot,P. Rupala,Community Infrastructure,Construction of Community Hall at Village Village-79,Construction of Community Hall at Village Village-79,Village-79,Block-1,22.28855,70.81862,1932678.0,1905604.56,1509286.1,2023-05-04,2023-05-16,2023-06-05,,In Progress,Vanguard Infra Solutions,Public Works Department (PWD)
MPL-00158,Kerala,Wayanad,Wayanad,P. Gandhi,Renewable Energy,Installation of Solar LED High-Mast Lighting System at Village-84,Installation of Solar LED High-Mast Lighting System at Village-84,Village-84,Block-3,11.70699,76.03287,601975.0,572619.12,496113.5,2023-03-10,2023-03-28,2023-05-17,2023-09-16,Completed,Vanguard Infra Solutions,Rural Engineering Service (RES)
MPL-00159,Rajasthan,Jaipur,Jaipur,M. Joshi,Rural Connectivity & Roads,Paver Block Road Construction in Village-38,Paver Block Road Construction in Village-38,Village-38,Block-10,26.83791,75.71128,566340.0,547492.62,443324.47,2023-10-18,2023-11-03,2023-12-18,2024-05-18,Completed,Surya Shakti Engineering,Minor Irrigation Division
MPL-00160,Karnataka,Bengaluru Rural,Bengaluru Rural,C. N. Manjunath,Community Infrastructure,Construction of Community Hall at Village Village-78,Construction of Community Hall at Village Village-78,Village-78,Block-5,13.04657,77.54698,1014192.0,1059711.32,811014.01,2024-09-07,2024-09-27,2024-11-05,2025-03-29,Completed,Local Panchayat Works Unit,Rural Engineering Service (RES)
MPL-00161,Bihar,Patna,Patna Sahib,R. S. Prasad,Education & Schools,Installation of Smart Classroom and Computer Lab in Village-46,Installation of Smart Classroom and Computer Lab in Village-46,Village-46,Block-2,25.54187,85.07169,1117584.0,1169967.98,880024.14,2024-09-12,2024-10-10,2024-11-25,2025-03-27,Completed,Vanguard Infra Solutions,District Rural Development Agency (DRDA)
MPL-00162,Bihar,Patna,Patna Sahib,R. S. Prasad,Renewable Energy,Installation of Solar LED High-Mast Lighting System at Village-141,Installation of Solar LED High-Mast Lighting System at Village-141,Village-141,Block-3,25.46485,85.24194,414111.0,432870.42,347226.55,2023-07-04,2023-08-03,2023-09-15,2024-05-09,Completed,Vanguard Infra Solutions,Municipal Corporation
MPL-00163,Rajasthan,Jaipur,Jaipur,M. Joshi,Drinking Water & Sanitation,Construction of Public Toilets and Sanitation Block in Village-40,Construction of Public Toilets and Sanitation Block in Village-40,Village-40,Block-1,26.92271,75.91435,1349979.0,1339601.44,1097664.21,2024-03-14,2024-04-04,2024-05-27,2024-11-05,Completed,Vanguard Infra Solutions,Minor Irrigation Division
MPL-00164,Gujarat,Rajkot,Rajkot,P. Rupala,Community Infrastructure,Construction of Community Hall at Village Village-91,Construction of Community Hall at Village Village-91,Village-91,Block-5,22.44362,70.78134,1348837.0,1368664.88,962110.61,2024-10-05,2024-10-22,2024-12-19,2025-05-12,Completed,Apex Infrastructure Ltd,Public Works Department (PWD)
MPL-00165,Bihar,Patna,Patna Sahib,R. S. Prasad,Education & Schools,Installation of Smart Classroom and Computer Lab in Village-101,Installation of Smart Classroom and Computer Lab in Village-101,Village-101,Block-3,25.58893,85.07623,1185556.0,1217843.7,1039231.11,2024-05-06,2024-05-27,2024-06-20,2024-08-25,Completed,Shree Ganesh Construction Co,Public Works Department (PWD)
MPL-00166,Rajasthan,Jaipur,Jaipur,M. Joshi,Rural Connectivity & Roads,Paver Block Road Construction in Village-53,Paver Block Road Construction in Village-53,Village-53,Block-6,26.85248,75.88036,1046428.0,1044641.33,881980.54,2024-02-23,2024-03-24,2024-05-22,2024-08-07,Completed,Shree Ganesh Construction Co,Public Works Department (PWD)
MPL-00167,Gujarat,Rajkot,Rajkot,P. Rupala,Drinking Water & Sanitation,Drilling of Deep Borewell and Overhead Tank Setup at Village-63,Drilling of Deep Borewell and Overhead Tank Setup at Village-63,Village-63,Block-7,22.39323,70.84113,991058.0,958794.43,741351.73,2024-07-17,2024-07-27,2024-09-07,2025-01-04,Completed,National Civil Projects,Municipal Corporation
MPL-00168,Bihar,Patna,Patna Sahib,R. S. Prasad,Education & Schools,Solar Rooftop Power System installation for School at Village-110,Solar Rooftop Power System installation for School at Village-110,Village-110,Block-6,25.6173,85.22745,703861.0,668981.17,538058.68,2023-09-23,2023-10-13,2023-12-12,2024-02-26,Completed,Reliable Works Corporation,Rural Engineering Service (RES)
MPL-00169,Bihar,Patna,Patna Sahib,R. S. Prasad,Education & Schools,Construction of Additional Classrooms at Govt High School Village-68,Construction of Additional Classrooms at Govt High School Village-68,Village-68,Block-10,25.56186,85.02187,2606562.0,2701085.46,2237249.98,2024-10-01,2024-10-16,2024-11-20,2025-06-24,Completed,Kisan Rural Developers,Municipal Corporation
MPL-00170,Rajasthan,Jaipur,Jaipur,M. Joshi,Renewable Energy,Installation of Solar LED High-Mast Lighting System at Village-35,Installation of Solar LED High-Mast Lighting System at Village-35,Village-35,Block-7,26.87894,75.81623,564199.0,542638.79,446627.83,2023-06-22,2023-07-07,2023-08-14,2024-02-20,Completed,Local Panchayat Works Unit,Municipal Corporation
MPL-00171,Karnataka,Bengaluru Rural,Bengaluru Rural,C. N. Manjunath,Renewable Energy,Installation of Solar LED High-Mast Lighting System at Village-143,Installation of Solar LED High-Mast Lighting System at Village-143,Village-143,Block-9,13.20005,77.56318,487485.0,486980.06,361757.24,2023-10-24,2023-11-19,2024-01-01,2024-05-31,Completed,Bharat Engineers & Builders,Municipal Corporation
MPL-00172,Karnataka,Bengaluru Rural,Bengaluru Rural,C. N. Manjunath,Education & Schools,Solar Rooftop Power System installation for School at Village-126,Solar Rooftop Power System installation for School at Village-126,Village-126,Block-3,13.00213,77.50026,717910.0,732996.33,598130.68,2023-05-28,2023-06-21,2023-07-11,2023-11-04,Completed,Reliable Works Corporation,District Rural Development Agency (DRDA)
MPL-00173,Karnataka,Bengaluru Rural,Bengaluru Rural,C. N. Manjunath,Renewable Energy,Installation of Solar LED High-Mast Lighting System at Village-147,Installation of Solar LED High-Mast Lighting System at Village-147,Village-147,Block-2,13.1425,77.55021,459877.0,449202.74,396842.51,2023-12-12,2024-01-11,2024-02-29,2024-05-09,Completed,Bharat Engineers & Builders,Municipal Corporation
MPL-00174,Bihar,Patna,Patna Sahib,R. S. Prasad,Rural Connectivity & Roads,Construction of CC Road and Drainage Channel at Village-116,Construction of CC Road and Drainage Channel at Village-116,Village-116,Block-7,25.50706,85.20888,2051163.0,2020103.67,1938387.14,2024-03-10,2024-03-25,2024-04-16,2024-08-14,Completed,Kisan Rural Developers,Minor Irrigation Division
MPL-00175,Maharashtra,Nagpur,Nagpur,N. Gadkari,Drinking Water & Sanitation,Installation of RO Water Purification Plant at Village-16,Installation of RO Water Purification Plant at Village-16,Village-16,Block-3,21.08359,79.11002,1097766.0,1081389.03,861005.87,2024-06-12,2024-07-05,2024-07-30,2025-03-27,Completed,Reliable Works Corporation,Public Works Department (PWD)
MPL-00176,Uttar Pradesh,Varanasi,Varanasi,N. Modi,Rural Connectivity & Roads,Widening of Rural Link Road connecting Village-33,Widening of Rural Link Road connecting Village-33,Village-33,Block-7,25.28541,82.86655,4941996.0,5122911.99,3829568.38,2023-11-02,2023-11-26,2023-12-26,2024-08-15,Completed,Sai Urban Works Pvt Ltd,Municipal Corporation
MPL-00177,Gujarat,Rajkot,Rajkot,P. Rupala,Community Infrastructure,Development of Community Center and Boundary Wall in Village-132,Development of Community Center and Boundary Wall in Village-132,Village-132,Block-6,22.32849,70.91287,1586224.0,1551045.63,1555928.44,2024-01-01,2024-01-13,2024-02-26,2024-07-18,Completed,Shree Ganesh Construction Co,Municipal Corporation
MPL-00178,Madhya Pradesh,Indore,Indore,S. Lalwani,Drinking Water & Sanitation,Construction of Public Toilets and Sanitation Block in Village-55,Construction of Public Toilets and Sanitation Block in Village-55,Village-55,Block-2,22.82533,75.94419,1118746.0,1092851.15,1061134.03,2023-11-12,2023-12-12,2024-01-31,2024-08-22,Completed,Apex Infrastructure Ltd,Public Works Department (PWD)
MPL-00179,Karnataka,Bengaluru Rural,Bengaluru Rural,C. N. Manjunath,Community Infrastructure,Construction of Community Hall at Village Village-41,Construction of Community Hall at Village Village-41,Village-41,Block-6,13.17914,77.50836,1925443.0,1917070.81,1920728.5,2024-02-25,2024-03-14,2024-04-10,2024-07-12,Completed,Sai Urban Works Pvt Ltd,Public Works Department (PWD)
MPL-00180,Gujarat,Rajkot,Rajkot,P. Rupala,Rural Connectivity & Roads,Widening of Rural Link Road connecting Village-43,Widening of Rural Link Road connecting Village-43,Village-43,Block-10,22.18246,70.71623,2217211.0,2194227.74,1755261.24,2023-08-11,2023-08-28,2023-10-09,2024-06-05,Completed,Shree Ganesh Construction Co,Rural Engineering Service (RES)
MPL-00181,Karnataka,Bengaluru Rural,Bengaluru Rural,C. N. Manjunath,Community Infrastructure,Construction of Community Hall at Village Village-88,Construction of Community Hall at Village Village-88,Village-88,Block-6,13.02942,77.63703,1252903.0,1314064.08,1035767.62,2023-04-25,2023-05-16,2023-06-30,,In Progress,Shree Ganesh Construction Co,Public Works Department (PWD)
MPL-00182,Rajasthan,Jaipur,Jaipur,M. Joshi,Drinking Water & Sanitation,Construction of Public Toilets and Sanitation Block in Village-35,Construction of Public Toilets and Sanitation Block in Village-35,Village-35,Block-7,26.95741,75.76933,1272741.0,1335479.51,945463.19,2024-05-29,2024-06-27,2024-08-17,,In Progress,Bharat Engineers & Builders,Rural Engineering Service (RES)
MPL-00183,Karnataka,Bengaluru Rural,Bengaluru Rural,C. N. Manjunath,Drinking Water & Sanitation,Installation of RO Water Purification Plant at Village-26,Installation of RO Water Purification Plant at Village-26,Village-26,Block-9,13.15182,77.49214,646814.0,663142.54,567173.2,2023-12-31,2024-01-29,2024-03-06,2024-07-24,Completed,Shree Ganesh Construction Co,Rural Engineering Service (RES)
MPL-00184,Rajasthan,Jaipur,Jaipur,M. Joshi,Community Infrastructure,Installation of Public Shed and Seating Area at Village-78,Installation of Public Shed and Seating Area at Village-78,Village-78,Block-2,26.91087,75.67112,507712.0,508613.14,433005.62,2024-01-11,2024-02-06,2024-03-10,2024-07-09,Completed,Surya Shakti Engineering,Minor Irrigation Division
MPL-00185,Uttar Pradesh,Varanasi,Varanasi,N. Modi,Rural Connectivity & Roads,Paver Block Road Construction in Village-34,Paver Block Road Construction in Village-34,Village-34,Block-2,25.45394,83.05501,905629.0,938305.36,788362.83,2023-12-31,2024-01-10,2024-02-28,2024-08-26,Completed,Apex Infrastructure Ltd,Minor Irrigation Division
MPL-00186,Rajasthan,Jaipur,Jaipur,M. Joshi,Drinking Water & Sanitation,Installation of RO Water Purification Plant at Village-16,Installation of RO Water Purification Plant at Village-16,Village-16,Block-5,26.78713,75.79827,917307.0,917913.4,815092.59,2024-05-16,2024-05-28,2024-07-08,2024-12-17,Completed,Local Panchayat Works Unit,Rural Engineering Service (RES)
MPL-00187,Rajasthan,Jaipur,Jaipur,M. Joshi,Community Infrastructure,Installation of Public Shed and Seating Area at Village-53,Installation of Public Shed and Seating Area at Village-53,Village-53,Block-1,26.96672,75.65713,823656.0,795270.93,657298.15,2024-08-06,2024-08-23,2024-10-17,2025-05-31,Completed,Vanguard Infra Solutions,Rural Engineering Service (RES)
MPL-00188,Gujarat,Rajkot,Rajkot,P. Rupala,Education & Schools,Construction of Additional Classrooms at Govt High School Village-117,Construction of Additional Classrooms at Govt High School Village-117,Village-117,Block-6,22.36627,70.86265,2484079.0,2511113.83,1969345.59,2024-10-09,2024-11-04,2024-11-30,,In Progress,National Civil Projects,Municipal Corporation
MPL-00189,Rajasthan,Jaipur,Jaipur,M. Joshi,Drinking Water & Sanitation,Construction of Public Toilets and Sanitation Block in Village-33,Construction of Public Toilets and Sanitation Block in Village-33,Village-33,Block-8,26.84399,75.65646,1386197.0,1425166.32,1082106.06,2023-04-07,2023-05-01,2023-05-17,2023-11-02,Completed,Local Panchayat Works Unit,Public Works Department (PWD)
MPL-00190,Kerala,Wayanad,Wayanad,P. Gandhi,Community Infrastructure,Development of Community Center and Boundary Wall in Village-146,Development of Community Center and Boundary Wall in Village-146,Village-146,Block-4,11.60392,76.13465,974987.0,962086.73,757111.36,2023-04-05,2023-04-16,2023-06-06,2023-09-03,Completed,Apex Infrastructure Ltd,Public Works Department (PWD)
MPL-00191,Karnataka,Bengaluru Rural,Bengaluru Rural,C. N. Manjunath,Rural Connectivity & Roads,Paver Block Road Construction in Village-39,Paver Block Road Construction in Village-39,Village-39,Block-2,12.98185,77.49228,687654.0,717302.9,658253.74,2024-06-22,2024-07-20,2024-09-18,2025-03-04,Completed,Kisan Rural Developers,District Rural Development Agency (DRDA)
MPL-00192,Kerala,Wayanad,Wayanad,P. Gandhi,Community Infrastructure,Installation of Public Shed and Seating Area at Village-14,Installation of Public Shed and Seating Area at Village-14,Village-14,Block-2,11.67493,76.06669,494028.0,480352.57,422261.66,2023-01-21,2023-02-17,2023-03-29,,In Progress,Sai Urban Works Pvt Ltd,District Rural Development Agency (DRDA)
MPL-00193,Karnataka,Bengaluru Rural,Bengaluru Rural,C. N. Manjunath,Community Infrastructure,Development of Community Center and Boundary Wall in Village-52,Development of Community Center and Boundary Wall in Village-52,Village-52,Block-4,13.20606,77.71714,1105759.0,1112814.49,874846.44,2024-09-15,2024-09-29,2024-10-29,2025-05-28,Completed,Bharat Engineers & Builders,Minor Irrigation Division
MPL-00194,Uttar Pradesh,Varanasi,Varanasi,N. Modi,Education & Schools,Construction of Additional Classrooms at Govt High School Village-60,Construction of Additional Classrooms at Govt High School Village-60,Village-60,Block-4,25.36479,83.0786,2335702.0,2299831.15,2223289.81,2022-12-15,2023-01-10,2023-02-15,,In Progress,Sai Urban Works Pvt Ltd,Public Works Department (PWD)
MPL-00195,Bihar,Patna,Patna Sahib,R. S. Prasad,Education & Schools,Installation of Smart Classroom and Computer Lab in Village-16,Installation of Smart Classroom and Computer Lab in Village-16,Village-16,Block-9,25.58164,85.21197,849289.0,867264.41,618204.25,2023-08-12,2023-08-26,2023-10-13,2024-03-16,Completed,Local Panchayat Works Unit,Public Works Department (PWD)
MPL-00196,Madhya Pradesh,Indore,Indore,S. Lalwani,Community Infrastructure,Installation of Public Shed and Seating Area at Village-146,Installation of Public Shed and Seating Area at Village-146,Village-146,Block-8,22.6641,75.94795,432654.0,429841.01,428009.67,2023-08-13,2023-08-31,2023-10-03,,In Progress,Kisan Rural Developers,District Rural Development Agency (DRDA)
MPL-00197,Bihar,Patna,Patna Sahib,R. S. Prasad,Community Infrastructure,Construction of Community Hall at Village Village-35,Construction of Community Hall at Village Village-35,Village-35,Block-5,25.60488,85.27699,2226221.0,2139169.71,1628919.95,2024-03-12,2024-04-05,2024-05-19,2024-08-17,Completed,Bharat Engineers & Builders,Municipal Corporation
MPL-00198,Rajasthan,Jaipur,Jaipur,M. Joshi,Community Infrastructure,Construction of Community Hall at Village Village-41,Construction of Community Hall at Village Village-41,Village-41,Block-7,27.01937,75.6818,2438761.0,2391013.71,2222714.68,2024-08-14,2024-09-09,2024-09-26,,In Progress,Bharat Engineers & Builders,District Rural Development Agency (DRDA)
MPL-00199,Uttar Pradesh,Varanasi,Varanasi,N. Modi,Rural Connectivity & Roads,Paver Block Road Construction in Village-45,Paver Block Road Construction in Village-45,Village-45,Block-1,25.30621,83.06507,532591.0,556669.26,509359.59,2024-07-12,2024-07-23,2024-09-11,,In Progress,National Civil Projects,Public Works Department (PWD)
MPL-00200,Bihar,Patna,Patna Sahib,R. S. Prasad,Drinking Water & Sanitation,Installation of RO Water Purification Plant at Village-103,Installation of RO Water Purification Plant at Village-103,Village-103,Block-2,25.45064,85.00694,890321.0,906906.37,873647.49,2023-03-08,2023-03-28,2023-05-19,2023-08-06,Completed,Surya Shakti Engineering,Rural Engineering Service (RES)
MPL-00201,Gujarat,Rajkot,Rajkot,P. Rupala,Community Infrastructure,Paver block road work Part 1 Village-77,Paver block road work Part 1 Village-77,Village-77,Block-5,22.35886,70.70404,495000.0,495000.0,490000.0,2024-01-22,2023-08-15,2024-03-26,,In Progress,Apex Infrastructure Ltd,Rural Engineering Service (RES)
MPL-00202,Karnataka,Bengaluru Rural,Bengaluru Rural,C. N. Manjunath,Drinking Water & Sanitation,Paver block road work Part 2 Village-77,Paver block road work Part 2 Village-77,Village-77,Block-4,12.99843,77.45897,495000.0,495000.0,490000.0,2024-06-17,2023-08-15,2024-08-31,,In Progress,Apex Infrastructure Ltd,Minor Irrigation Division
MPL-00203,Uttar Pradesh,Varanasi,Varanasi,N. Modi,Education & Schools,Paver block road work Part 3 Village-77,Paver block road work Part 3 Village-77,Village-77,Block-5,25.22154,82.91956,495000.0,495000.0,490000.0,2024-07-22,2023-08-15,2024-09-18,2025-01-25,Completed,Apex Infrastructure Ltd,Public Works Department (PWD)
MPL-00204,Karnataka,Bengaluru Rural,Bengaluru Rural,C. N. Manjunath,Renewable Energy,Supply and installation of 25 Solar Street Lights in Village-150,Supply and installation of 25 Solar Street Lights in Village-150,Village-150,Block-10,13.15939,77.69298,622034.0,651517.16,454109.89,2024-10-12,2024-11-03,2024-12-03,,In Progress,Apex Infrastructure Ltd,Rural Engineering Service (RES)
MPL-00205,Kerala,Wayanad,Wayanad,P. Gandhi,Drinking Water & Sanitation,Installation of RO Water Purification Plant at Village-61,Installation of RO Water Purification Plant at Village-61,Village-61,Block-10,11.74557,76.26627,1121301.0,1100893.81,1033202.1,2023-12-18,2024-01-03,2024-02-24,,In Progress,Local Panchayat Works Unit,Rural Engineering Service (RES)
MPL-00206,Karnataka,Bengaluru Rural,Bengaluru Rural,C. N. Manjunath,Renewable Energy,Supply and installation of 25 Solar Street Lights in Village-45,Supply and installation of 25 Solar Street Lights in Village-45,Village-45,Block-3,13.0579,77.51732,757129.0,722146.89,542748.22,2024-08-19,2024-09-08,2024-10-07,,In Progress,Local Panchayat Works Unit,Rural Engineering Service (RES)
MPL-00207,Maharashtra,Nagpur,Nagpur,N. Gadkari,Rural Connectivity & Roads,Construction of CC Road and Drainage Channel at Village-6,Construction of CC Road and Drainage Channel at Village-6,Village-6,Block-2,21.10788,79.22078,1809774.0,1825448.3,1764832.32,2023-04-04,2023-04-24,2023-06-11,2023-08-28,Completed,Vanguard Infra Solutions,Minor Irrigation Division
MPL-00208,Rajasthan,Jaipur,Jaipur,M. Joshi,Rural Connectivity & Roads,Construction of CC Road and Drainage Channel at Village-41,Construction of CC Road and Drainage Channel at Village-41,Village-41,Block-10,26.97047,75.91595,3035853.0,3172069.76,2846272.35,2024-04-28,2024-05-13,2024-07-08,2025-01-27,Completed,Kisan Rural Developers,Rural Engineering Service (RES)
MPL-00209,Madhya Pradesh,Indore,Indore,S. Lalwani,Rural Connectivity & Roads,Widening of Rural Link Road connecting Village-76,Widening of Rural Link Road connecting Village-76,Village-76,Block-10,22.57931,75.88842,2534137.0,2452463.86,1775262.74,2024-07-27,2024-08-09,2024-09-18,2025-04-11,Completed,Local Panchayat Works Unit,Rural Engineering Service (RES)
MPL-00210,Karnataka,Bengaluru Rural,Bengaluru Rural,C. N. Manjunath,Drinking Water & Sanitation,Construction of Public Toilets and Sanitation Block in Village-20,Construction of Public Toilets and Sanitation Block in Village-20,Village-20,Block-5,13.10623,77.6838,849556.0,836541.66,676123.9,2024-09-27,2024-10-13,2024-11-02,2025-06-21,Completed,Surya Shakti Engineering,Public Works Department (PWD)
MPL-00211,Bihar,Patna,Patna Sahib,R. S. Prasad,Community Infrastructure,Development of Community Center and Boundary Wall in Village-66,Development of Community Center and Boundary Wall in Village-66,Village-66,Block-9,25.70947,85.13552,1625250.0,1561545.82,1138299.66,2024-01-09,2024-01-31,2024-03-14,2024-06-24,Completed,Vanguard Infra Solutions,District Rural Development Agency (DRDA)
MPL-00212,Gujarat,Rajkot,Rajkot,P. Rupala,Education & Schools,Solar Rooftop Power System installation for School at Village-58,Solar Rooftop Power System installation for School at Village-58,Village-58,Block-7,22.23224,70.68362,585278.0,582426.96,550019.9,2023-01-20,2023-02-04,2023-03-09,,In Progress,Kisan Rural Developers,Rural Engineering Service (RES)
MPL-00213,Gujarat,Rajkot,Rajkot,P. Rupala,Renewable Energy,Installation of Solar LED High-Mast Lighting System at Village-87,Installation of Solar LED High-Mast Lighting System at Village-87,Village-87,Block-6,22.3361,70.78246,711443.0,745967.63,688653.95,2023-01-16,2023-02-01,2023-03-15,2023-06-25,Completed,Apex Infrastructure Ltd,Public Works Department (PWD)
MPL-00214,Bihar,Patna,Patna Sahib,R. S. Prasad,Education & Schools,Solar Rooftop Power System installation for School at Village-142,Solar Rooftop Power System installation for School at Village-142,Village-142,Block-3,25.47287,85.10547,878555.0,915943.98,757347.47,2024-10-27,2024-11-07,2024-12-10,,In Progress,Reliable Works Corporation,Municipal Corporation
MPL-00215,Kerala,Wayanad,Wayanad,P. Gandhi,Community Infrastructure,Development of Community Center and Boundary Wall in Village-23,Development of Community Center and Boundary Wall in Village-23,Village-23,Block-2,11.59749,76.17346,1108857.0,1144772.58,984140.84,2024-04-17,2024-05-06,2024-06-02,,In Progress,Shree Ganesh Construction Co,Municipal Corporation
MPL-00216,Madhya Pradesh,Indore,Indore,S. Lalwani,Education & Schools,Installation of Smart Classroom and Computer Lab in Village-68,Installation of Smart Classroom and Computer Lab in Village-68,Village-68,Block-5,22.58299,75.83962,795563.0,806849.36,649384.77,2023-12-18,2024-01-15,2024-02-23,2024-08-15,Completed,Sai Urban Works Pvt Ltd,Rural Engineering Service (RES)
MPL-00217,Uttar Pradesh,Varanasi,Varanasi,N. Modi,Drinking Water & Sanitation,Drilling of Deep Borewell and Overhead Tank Setup at Village-25,Drilling of Deep Borewell and Overhead Tank Setup at Village-25,Village-25,Block-9,25.1859,82.94003,539870.0,548947.44,508802.67,2024-02-03,2024-02-28,2024-04-20,,In Progress,Reliable Works Corporation,Municipal Corporation
MPL-00218,Bihar,Patna,Patna Sahib,R. S. Prasad,Education & Schools,Installation of Smart Classroom and Computer Lab in Village-21,Installation of Smart Classroom and Computer Lab in Village-21,Village-21,Block-3,25.64736,85.17368,1113982.0,1158850.66,1018504.51,2024-05-14,2024-05-29,2024-07-19,2025-02-10,Completed,Shree Ganesh Construction Co,Municipal Corporation
MPL-00219,Bihar,Patna,Patna Sahib,R. S. Prasad,Drinking Water & Sanitation,Installation of RO Water Purification Plant at Village-11,Installation of RO Water Purification Plant at Village-11,Village-11,Block-7,25.62261,85.08352,943940.0,904140.52,854206.84,2023-06-29,2023-07-26,2023-09-19,,In Progress,Shree Ganesh Construction Co,Public Works Department (PWD)
MPL-00220,Madhya Pradesh,Indore,Indore,S. Lalwani,Renewable Energy,Supply and installation of 25 Solar Street Lights in Village-71,Supply and installation of 25 Solar Street Lights in Village-71,Village-71,Block-10,22.60336,75.75259,772466.0,769233.78,743143.09,2024-09-17,2024-09-30,2024-11-21,2025-05-07,Completed,Local Panchayat Works Unit,Minor Irrigation Division
MPL-00221,Gujarat,Rajkot,Rajkot,P. Rupala,Renewable Energy,Installation of Solar LED High-Mast Lighting System at Village-74,Installation of Solar LED High-Mast Lighting System at Village-74,Village-74,Block-3,22.33659,70.66344,680826.0,706706.63,655886.03,2023-08-30,2023-09-28,2023-11-06,2024-05-30,Completed,Sai Urban Works Pvt Ltd,Municipal Corporation
MPL-00222,Madhya Pradesh,Indore,Indore,S. Lalwani,Community Infrastructure,Development of Community Center and Boundary Wall in Village-85,Development of Community Center and Boundary Wall in Village-85,Village-85,Block-2,22.81482,75.79862,1524056.0,1484061.61,1407808.55,2023-09-16,2023-10-03,2023-11-10,,In Progress,Sai Urban Works Pvt Ltd,Municipal Corporation
MPL-00223,Maharashtra,Nagpur,Nagpur,N. Gadkari,Rural Connectivity & Roads,Widening of Rural Link Road connecting Village-114,Widening of Rural Link Road connecting Village-114,Village-114,Block-6,21.05922,79.18539,3345819.0,3268671.1,2760407.13,2024-10-12,2024-10-23,2024-11-12,,In Progress,Surya Shakti Engineering,Minor Irrigation Division
MPL-00224,Maharashtra,Nagpur,Nagpur,N. Gadkari,Community Infrastructure,Development of Community Center and Boundary Wall in Village-130,Development of Community Center and Boundary Wall in Village-130,Village-130,Block-1,21.25835,78.99842,1222979.0,1178419.74,1168420.2,2024-07-12,2024-08-05,2024-08-21,,In Progress,Apex Infrastructure Ltd,Rural Engineering Service (RES)
MPL-00225,Uttar Pradesh,Varanasi,Varanasi,N. Modi,Rural Connectivity & Roads,Widening of Rural Link Road connecting Village-51,Widening of Rural Link Road connecting Village-51,Village-51,Block-3,25.17677,82.93564,3149144.0,3107686.13,2642968.04,2024-01-17,2024-02-11,2024-04-06,2024-11-26,Completed,Local Panchayat Works Unit,Municipal Corporation
MPL-00226,Kerala,Wayanad,Wayanad,P. Gandhi,Rural Connectivity & Roads,Construction of CC Road and Drainage Channel at Village-67,Construction of CC Road and Drainage Channel at Village-67,Village-67,Block-4,11.79155,76.21595,3070685.0,3172284.82,2232749.03,2023-01-13,2023-01-29,2023-03-09,,In Progress,Bharat Engineers & Builders,Rural Engineering Service (RES)
MPL-00227,Rajasthan,Jaipur,Jaipur,M. Joshi,Education & Schools,Solar Rooftop Power System installation for School at Village-6,Solar Rooftop Power System installation for School at Village-6,Village-6,Block-10,26.81436,75.87756,953315.0,980036.77,886842.08,2022-12-22,2023-01-10,2023-02-24,2023-10-07,Completed,Bharat Engineers & Builders,District Rural Development Agency (DRDA)
MPL-00228,Rajasthan,Jaipur,Jaipur,M. Joshi,Education & Schools,Installation of Smart Classroom and Computer Lab in Village-90,Installation of Smart Classroom and Computer Lab in Village-90,Village-90,Block-10,26.93775,75.6395,1181294.0,1151997.76,992298.07,2024-10-26,2024-11-24,2025-01-11,2025-06-21,Completed,Kisan Rural Developers,Minor Irrigation Division
MPL-00229,Rajasthan,Jaipur,Jaipur,M. Joshi,Rural Connectivity & Roads,Widening of Rural Link Road connecting Village-28,Widening of Rural Link Road connecting Village-28,Village-28,Block-3,26.95924,75.92296,4020557.0,3845195.2,4006518.38,2024-09-21,2024-10-17,2024-11-21,2025-03-27,Completed,Sai Urban Works Pvt Ltd,Rural Engineering Service (RES)
MPL-00230,Bihar,Patna,Patna Sahib,R. S. Prasad,Community Infrastructure,Installation of Public Shed and Seating Area at Village-104,Installation of Public Shed and Seating Area at Village-104,Village-104,Block-10,25.52193,85.11317,746308.0,732843.54,553744.75,2022-12-30,2023-01-27,2023-03-24,2023-08-06,Completed,Vanguard Infra Solutions,Public Works Department (PWD)
MPL-00231,Bihar,Patna,Patna Sahib,R. S. Prasad,Rural Connectivity & Roads,Widening of Rural Link Road connecting Village-57,Widening of Rural Link Road connecting Village-57,Village-57,Block-2,25.69629,85.25055,4878626.0,4895523.17,4563803.95,2024-10-24,2024-11-18,2024-12-25,2025-04-07,Completed,National Civil Projects,District Rural Development Agency (DRDA)
MPL-00232,Maharashtra,Nagpur,Nagpur,N. Gadkari,Rural Connectivity & Roads,Widening of Rural Link Road connecting Village-144,Widening of Rural Link Road connecting Village-144,Village-144,Block-6,21.0628,79.19963,2767844.0,2891545.42,2684469.2,2024-10-14,2024-11-01,2024-11-21,,In Progress,Vanguard Infra Solutions,District Rural Development Agency (DRDA)
MPL-00233,Rajasthan,Jaipur,Jaipur,M. Joshi,Education & Schools,Construction of Additional Classrooms at Govt High School Village-121,Construction of Additional Classrooms at Govt High School Village-121,Village-121,Block-5,26.91254,75.89755,1312568.0,1360659.62,1148592.01,2024-09-04,2024-09-27,2024-10-16,2025-02-02,Completed,Vanguard Infra Solutions,Minor Irrigation Division
MPL-00234,Uttar Pradesh,Varanasi,Varanasi,N. Modi,Drinking Water & Sanitation,Installation of RO Water Purification Plant at Village-52,Installation of RO Water Purification Plant at Village-52,Village-52,Block-1,25.40128,82.97017,859315.0,851511.72,748309.61,2024-04-03,2024-04-13,2024-05-07,2024-08-21,Completed,National Civil Projects,District Rural Development Agency (DRDA)
MPL-00235,Karnataka,Bengaluru Rural,Bengaluru Rural,C. N. Manjunath,Rural Connectivity & Roads,Construction of CC Road and Drainage Channel at Village-44,Construction of CC Road and Drainage Channel at Village-44,Village-44,Block-1,13.04332,77.54651,2708544.0,2780180.58,2293793.13,2023-03-21,2023-04-01,2023-04-24,2023-12-02,Completed,Surya Shakti Engineering,Municipal Corporation
MPL-00236,Bihar,Patna,Patna Sahib,R. S. Prasad,Rural Connectivity & Roads,Construction of CC Road and Drainage Channel at Village-83,Construction of CC Road and Drainage Channel at Village-83,Village-83,Block-2,25.51198,85.2507,3087224.0,3190099.15,2337562.7,2024-11-01,2024-11-23,2024-12-08,2025-04-10,Completed,Sai Urban Works Pvt Ltd,Rural Engineering Service (RES)
MPL-00237,Rajasthan,Jaipur,Jaipur,M. Joshi,Drinking Water & Sanitation,Installation of RO Water Purification Plant at Village-12,Installation of RO Water Purification Plant at Village-12,Village-12,Block-6,27.02879,75.93594,812687.0,849133.04,680038.52,2024-05-31,2024-06-16,2024-08-08,2025-01-26,Completed,Kisan Rural Developers,Municipal Corporation
MPL-00238,Maharashtra,Nagpur,Nagpur,N. Gadkari,Education & Schools,Construction of Additional Classrooms at Govt High School Village-59,Construction of Additional Classrooms at Govt High School Village-59,Village-59,Block-5,21.10578,79.13336,1670435.0,1708382.08,1235055.72,2022-12-27,2023-01-23,2023-03-16,2023-06-15,Completed,Apex Infrastructure Ltd,Municipal Corporation
MPL-00239,Uttar Pradesh,Varanasi,Varanasi,N. Modi,Renewable Energy,Installation of Solar LED High-Mast Lighting System at Village-28,Installation of Solar LED High-Mast Lighting System at Village-28,Village-28,Block-1,25.33178,82.96622,742657.0,767619.19,530606.53,2023-04-10,2023-04-29,2023-06-09,2023-09-08,Completed,National Civil Projects,Rural Engineering Service (RES)
MPL-00240,Madhya Pradesh,Indore,Indore,S. Lalwani,Community Infrastructure,Installation of Public Shed and Seating Area at Village-134,Installation of Public Shed and Seating Area at Village-134,Village-134,Block-4,22.60492,75.7419,541545.0,548195.05,492923.95,2024-02-04,2024-03-04,2024-03-25,2024-10-29,Completed,Shree Ganesh Construction Co,Municipal Corporation
MPL-00241,Bihar,Patna,Patna Sahib,R. S. Prasad,Rural Connectivity & Roads,Widening of Rural Link Road connecting Village-52,Widening of Rural Link Road connecting Village-52,Village-52,Block-1,25.65056,85.1318,3501232.0,3572459.93,2761090.32,2023-01-29,2023-02-10,2023-04-01,2023-07-23,Completed,Bharat Engineers & Builders,Public Works Department (PWD)
MPL-00242,Gujarat,Rajkot,Rajkot,P. Rupala,Renewable Energy,Supply and installation of 25 Solar Street Lights in Village-39,Supply and installation of 25 Solar Street Lights in Village-39,Village-39,Block-2,22.4505,70.74101,997783.0,956882.15,851619.37,2023-03-30,2023-04-14,2023-05-15,2023-11-07,Completed,Surya Shakti Engineering,Public Works Department (PWD)
MPL-00243,Uttar Pradesh,Varanasi,Varanasi,N. Modi,Rural Connectivity & Roads,Paver Block Road Construction in Village-81,Paver Block Road Construction in Village-81,Village-81,Block-5,25.36176,82.9225,946688.0,969270.31,689661.77,2023-02-04,2023-02-16,2023-03-03,2023-10-18,Completed,Surya Shakti Engineering,Minor Irrigation Division
MPL-00244,Kerala,Wayanad,Wayanad,P. Gandhi,Rural Connectivity & Roads,Construction of CC Road and Drainage Channel at Village-30,Construction of CC Road and Drainage Channel at Village-30,Village-30,Block-1,11.73005,76.22107,2340491.0,2317144.66,1958901.11,2024-01-15,2024-01-30,2024-03-29,2024-09-12,Completed,Shree Ganesh Construction Co,Rural Engineering Service (RES)
MPL-00245,Gujarat,Rajkot,Rajkot,P. Rupala,Education & Schools,Solar Rooftop Power System installation for School at Village-124,Solar Rooftop Power System installation for School at Village-124,Village-124,Block-8,22.16254,70.85754,920617.0,926964.05,765445.94,2024-09-04,2024-09-17,2024-10-26,2025-05-30,Completed,National Civil Projects,Municipal Corporation
MPL-00246,Madhya Pradesh,Indore,Indore,S. Lalwani,Education & Schools,Construction of Additional Classrooms at Govt High School Village-17,Construction of Additional Classrooms at Govt High School Village-17,Village-17,Block-9,22.78673,75.7749,1748641.0,1775740.31,1230532.77,2024-10-27,2024-11-25,2025-01-12,2025-08-07,Completed,Kisan Rural Developers,Minor Irrigation Division
MPL-00247,Gujarat,Rajkot,Rajkot,P. Rupala,Education & Schools,Solar Rooftop Power System installation for School at Village-64,Solar Rooftop Power System installation for School at Village-64,Village-64,Block-9,22.42152,70.83607,752669.0,741059.04,679576.31,2024-01-05,2024-01-30,2024-02-23,2024-09-12,Completed,Apex Infrastructure Ltd,Rural Engineering Service (RES)
MPL-00248,Karnataka,Bengaluru Rural,Bengaluru Rural,C. N. Manjunath,Drinking Water & Sanitation,Installation of RO Water Purification Plant at Village-126,Installation of RO Water Purification Plant at Village-126,Village-126,Block-8,13.1075,77.53878,836208.0,814541.17,828718.52,2023-01-28,2023-02-21,2023-04-09,,In Progress,Bharat Engineers & Builders,Public Works Department (PWD)
MPL-00249,Karnataka,Bengaluru Rural,Bengaluru Rural,C. N. Manjunath,Community Infrastructure,Development of Community Center and Boundary Wall in Village-115,Development of Community Center and Boundary Wall in Village-115,Village-115,Block-10,13.0382,77.58494,1131414.0,1088273.96,960810.35,2024-10-02,2024-10-31,2024-11-16,,In Progress,Apex Infrastructure Ltd,Public Works Department (PWD)
MPL-00250,Rajasthan,Jaipur,Jaipur,M. Joshi,Renewable Energy,Installation of Solar LED High-Mast Lighting System at Village-117,Installation of Solar LED High-Mast Lighting System at Village-117,Village-117,Block-2,26.94239,75.8523,578705.0,570796.56,414516.3,2023-08-04,2023-08-17,2023-09-30,2024-05-05,Completed,Kisan Rural Developers,Municipal Corporation
MPL-00251,Bihar,Patna,Patna Sahib,R. S. Prasad,Community Infrastructure,Development of Community Center and Boundary Wall in Village-91,Development of Community Center and Boundary Wall in Village-91,Village-91,Block-2,25.45783,85.03685,1670196.0,1692520.04,1569940.51,2024-06-26,2024-07-14,2024-08-31,2024-11-26,Completed,National Civil Projects,Municipal Corporation
MPL-00252,Bihar,Patna,Patna Sahib,R. S. Prasad,Drinking Water & Sanitation,Installation of RO Water Purification Plant at Village-101,Installation of RO Water Purification Plant at Village-101,Village-101,Block-8,25.72209,85.23884,726061.0,722942.28,678450.36,2023-11-19,2023-12-13,2024-01-03,2024-03-14,Completed,Local Panchayat Works Unit,Public Works Department (PWD)
MPL-00253,Maharashtra,Nagpur,Nagpur,N. Gadkari,Education & Schools,Construction of Additional Classrooms at Govt High School Village-136,Construction of Additional Classrooms at Govt High School Village-136,Village-136,Block-7,21.20335,78.9903,2743952.0,2620082.22,2690698.71,2024-07-24,2024-08-22,2024-10-06,2025-01-19,Completed,National Civil Projects,Public Works Department (PWD)
MPL-00254,Kerala,Wayanad,Wayanad,P. Gandhi,Renewable Energy,Supply and installation of 25 Solar Street Lights in Village-108,Supply and installation of 25 Solar Street Lights in Village-108,Village-108,Block-9,11.67125,76.02201,819288.0,853363.03,760882.92,2023-09-19,2023-10-08,2023-11-17,2024-03-31,Completed,Vanguard Infra Solutions,Minor Irrigation Division
MPL-00255,Kerala,Wayanad,Wayanad,P. Gandhi,Renewable Energy,Installation of Solar LED High-Mast Lighting System at Village-52,Installation of Solar LED High-Mast Lighting System at Village-52,Village-52,Block-9,11.74852,76.27455,509949.0,516280.91,401418.52,2023-11-20,2023-12-20,2024-02-16,,In Progress,National Civil Projects,Minor Irrigation Division
MPL-00256,Kerala,Wayanad,Wayanad,P. Gandhi,Community Infrastructure,Development of Community Center and Boundary Wall in Village-144,Development of Community Center and Boundary Wall in Village-144,Village-144,Block-2,11.62118,76.23619,1303704.0,1314499.49,1281283.02,2024-02-22,2024-03-03,2024-04-30,2024-11-12,Completed,Apex Infrastructure Ltd,Minor Irrigation Division
MPL-00257,Madhya Pradesh,Indore,Indore,S. Lalwani,Drinking Water & Sanitation,Installation of RO Water Purification Plant at Village-15,Installation of RO Water Purification Plant at Village-15,Village-15,Block-9,22.82141,75.91488,709612.0,693076.5,663955.32,2023-10-10,2023-10-21,2023-12-18,,In Progress,Sai Urban Works Pvt Ltd,Rural Engineering Service (RES)
MPL-00258,Kerala,Wayanad,Wayanad,P. Gandhi,Education & Schools,Construction of Additional Classrooms at Govt High School Village-144,Construction of Additional Classrooms at Govt High School Village-144,Village-144,Block-7,11.62169,76.18135,1670406.0,1710898.77,1450549.11,2023-08-12,2023-09-01,2023-10-18,2024-06-12,Completed,Vanguard Infra Solutions,Municipal Corporation
MPL-00259,Uttar Pradesh,Varanasi,Varanasi,N. Modi,Community Infrastructure,Installation of Public Shed and Seating Area at Village-65,Installation of Public Shed and Seating Area at Village-65,Village-65,Block-10,25.38046,82.93422,506476.0,512582.16,473189.11,2024-03-13,2024-03-29,2024-04-27,2024-12-23,Completed,Local Panchayat Works Unit,Minor Irrigation Division
MPL-00260,Bihar,Patna,Patna Sahib,R. S. Prasad,Rural Connectivity & Roads,Paver Block Road Construction in Village-46,Paver Block Road Construction in Village-46,Village-46,Block-5,25.52783,85.06687,578086.0,559990.55,434800.76,2024-05-31,2024-06-10,2024-07-02,2024-12-18,Completed,National Civil Projects,Minor Irrigation Division
MPL-00261,Kerala,Wayanad,Wayanad,P. Gandhi,Education & Schools,Solar Rooftop Power System installation for School at Village-40,Solar Rooftop Power System installation for School at Village-40,Village-40,Block-2,11.62575,76.21897,520940.0,502900.02,415079.27,2023-02-02,2023-02-22,2023-04-18,2023-12-03,Completed,Reliable Works Corporation,District Rural Development Agency (DRDA)
MPL-00262,Bihar,Patna,Patna Sahib,R. S. Prasad,Drinking Water & Sanitation,Drilling of Deep Borewell and Overhead Tank Setup at Village-18,Drilling of Deep Borewell and Overhead Tank Setup at Village-18,Village-18,Block-10,25.6431,85.08692,979678.0,946307.28,845387.7,2024-01-23,2024-02-18,2024-03-09,2024-07-01,Completed,Sai Urban Works Pvt Ltd,Rural Engineering Service (RES)
MPL-00263,Karnataka,Bengaluru Rural,Bengaluru Rural,C. N. Manjunath,Renewable Energy,Installation of Solar LED High-Mast Lighting System at Village-30,Installation of Solar LED High-Mast Lighting System at Village-30,Village-30,Block-2,13.20217,77.62257,750716.0,739155.52,579631.1,2024-09-27,2024-10-19,2024-12-12,2025-04-13,Completed,Kisan Rural Developers,Municipal Corporation
MPL-00264,Rajasthan,Jaipur,Jaipur,M. Joshi,Renewable Energy,Supply and installation of 25 Solar Street Lights in Village-7,Supply and installation of 25 Solar Street Lights in Village-7,Village-7,Block-2,26.85133,75.83276,977802.0,979451.34,910478.67,2024-05-28,2024-06-10,2024-07-27,2024-10-06,Completed,Kisan Rural Developers,Minor Irrigation Division
MPL-00265,Maharashtra,Nagpur,Nagpur,N. Gadkari,Renewable Energy,Installation of Solar LED High-Mast Lighting System at Village-17,Installation of Solar LED High-Mast Lighting System at Village-17,Village-17,Block-3,21.24442,79.20179,510510.0,519205.78,475833.44,2024-02-29,2024-03-10,2024-03-31,,In Progress,Vanguard Infra Solutions,Public Works Department (PWD)
MPL-00266,Karnataka,Bengaluru Rural,Bengaluru Rural,C. N. Manjunath,Rural Connectivity & Roads,Construction of CC Road and Drainage Channel at Village-23,Construction of CC Road and Drainage Channel at Village-23,Village-23,Block-7,13.1878,77.54009,1653612.0,1579905.23,1551525.33,2024-07-05,2024-07-25,2024-08-13,2024-12-09,Completed,Surya Shakti Engineering,Municipal Corporation
MPL-00267,Uttar Pradesh,Varanasi,Varanasi,N. Modi,Education & Schools,Solar Rooftop Power System installation for School at Village-31,Solar Rooftop Power System installation for School at Village-31,Village-31,Block-5,25.42208,82.93121,780407.0,741847.01,714919.7,2023-02-15,2023-03-06,2023-04-27,,In Progress,Reliable Works Corporation,Public Works Department (PWD)
MPL-00268,Gujarat,Rajkot,Rajkot,P. Rupala,Rural Connectivity & Roads,Paver Block Road Construction in Village-98,Paver Block Road Construction in Village-98,Village-98,Block-3,22.37793,70.89123,914306.0,943757.84,648467.64,2023-05-22,2023-06-10,2023-07-29,,In Progress,Reliable Works Corporation,District Rural Development Agency (DRDA)
MPL-00269,Kerala,Wayanad,Wayanad,P. Gandhi,Community Infrastructure,Installation of Public Shed and Seating Area at Village-143,Installation of Public Shed and Seating Area at Village-143,Village-143,Block-7,11.62681,76.20649,474120.0,456256.83,332599.42,2024-08-03,2024-09-02,2024-10-12,2025-01-01,Completed,Kisan Rural Developers,Rural Engineering Service (RES)
MPL-00270,Maharashtra,Nagpur,Nagpur,N. Gadkari,Drinking Water & Sanitation,Installation of RO Water Purification Plant at Village-57,Installation of RO Water Purification Plant at Village-57,Village-57,Block-9,21.25122,79.21791,1146850.0,1185240.62,869653.91,2023-06-23,2023-07-05,2023-08-31,2023-11-12,Completed,Reliable Works Corporation,Municipal Corporation
MPL-00271,Rajasthan,Jaipur,Jaipur,M. Joshi,Community Infrastructure,Development of Community Center and Boundary Wall in Village-26,Development of Community Center and Boundary Wall in Village-26,Village-26,Block-4,26.95904,75.66731,1007007.0,1029724.0,852086.15,2023-11-15,2023-12-05,2024-01-11,,In Progress,Local Panchayat Works Unit,Public Works Department (PWD)
MPL-00272,Karnataka,Bengaluru Rural,Bengaluru Rural,C. N. Manjunath,Education & Schools,Installation of Smart Classroom and Computer Lab in Village-79,Installation of Smart Classroom and Computer Lab in Village-79,Village-79,Block-5,12.91595,77.49165,1427143.0,1439155.25,1241137.18,2023-12-19,2024-01-09,2024-02-13,2024-05-26,Completed,Bharat Engineers & Builders,Municipal Corporation
MPL-00273,Maharashtra,Nagpur,Nagpur,N. Gadkari,Rural Connectivity & Roads,Paver Block Road Construction in Village-119,Paver Block Road Construction in Village-119,Village-119,Block-4,21.17779,79.19074,966991.0,953331.44,765510.24,2024-06-30,2024-07-18,2024-08-08,,In Progress,National Civil Projects,Minor Irrigation Division
MPL-00274,Gujarat,Rajkot,Rajkot,P. Rupala,Community Infrastructure,Construction of Community Hall at Village Village-130,Construction of Community Hall at Village Village-130,Village-130,Block-3,22.1649,70.73038,2324616.0,2215636.66,2033032.78,2024-01-29,2024-02-19,2024-04-11,,In Progress,Reliable Works Corporation,Municipal Corporation
MPL-00275,Madhya Pradesh,Indore,Indore,S. Lalwani,Drinking Water & Sanitation,Drilling of Deep Borewell and Overhead Tank Setup at Village-75,Drilling of Deep Borewell and Overhead Tank Setup at Village-75,Village-75,Block-9,22.64126,75.9969,590384.0,588300.01,503670.52,2024-01-28,2024-02-11,2024-03-20,2024-11-04,Completed,Local Panchayat Works Unit,Rural Engineering Service (RES)
MPL-00276,Karnataka,Bengaluru Rural,Bengaluru Rural,C. N. Manjunath,Drinking Water & Sanitation,Installation of RO Water Purification Plant at Village-145,Installation of RO Water Purification Plant at Village-145,Village-145,Block-4,13.14294,77.48732,1093297.0,1110725.61,1082714.62,2024-04-29,2024-05-10,2024-06-16,,In Progress,Sai Urban Works Pvt Ltd,District Rural Development Agency (DRDA)
MPL-00277,Bihar,Patna,Patna Sahib,R. S. Prasad,Renewable Energy,Supply and installation of 25 Solar Street Lights in Village-100,Supply and installation of 25 Solar Street Lights in Village-100,Village-100,Block-10,25.73463,85.17767,746244.0,777429.68,719726.66,2023-01-14,2023-02-10,2023-04-07,2023-12-03,Completed,Sai Urban Works Pvt Ltd,District Rural Development Agency (DRDA)
MPL-00278,Maharashtra,Nagpur,Nagpur,N. Gadkari,Education & Schools,Solar Rooftop Power System installation for School at Village-97,Solar Rooftop Power System installation for School at Village-97,Village-97,Block-6,21.2876,79.00507,691520.0,697583.17,670406.5,2023-02-24,2023-03-21,2023-05-08,,In Progress,Vanguard Infra Solutions,District Rural Development Agency (DRDA)
MPL-00279,Karnataka,Bengaluru Rural,Bengaluru Rural,C. N. Manjunath,Renewable Energy,Installation of Solar LED High-Mast Lighting System at Village-129,Installation of Solar LED High-Mast Lighting System at Village-129,Village-129,Block-4,12.95957,77.46501,472859.0,470017.06,363627.26,2024-05-18,2024-06-10,2024-08-05,,In Progress,Local Panchayat Works Unit,Public Works Department (PWD)
MPL-00280,Kerala,Wayanad,Wayanad,P. Gandhi,Community Infrastructure,Development of Community Center and Boundary Wall in Village-123,Development of Community Center and Boundary Wall in Village-123,Village-123,Block-1,11.57377,76.1597,1302290.0,1264615.26,974599.82,2024-01-28,2024-02-25,2024-03-12,,In Progress,National Civil Projects,Minor Irrigation Division
MPL-00281,Maharashtra,Nagpur,Nagpur,N. Gadkari,Community Infrastructure,Construction of Community Hall at Village Village-67,Construction of Community Hall at Village Village-67,Village-67,Block-4,21.21166,79.13672,1377566.0,1379858.37,1131859.05,2024-07-07,2024-07-31,2024-09-24,,In Progress,Sai Urban Works Pvt Ltd,Public Works Department (PWD)
MPL-00282,Karnataka,Bengaluru Rural,Bengaluru Rural,C. N. Manjunath,Education & Schools,Construction of Additional Classrooms at Govt High School Village-57,Construction of Additional Classrooms at Govt High School Village-57,Village-57,Block-10,12.99386,77.63506,2941398.0,2915150.98,2184910.56,2024-07-22,2024-08-19,2024-09-14,2025-03-23,Completed,Kisan Rural Developers,Municipal Corporation
MPL-00283,Gujarat,Rajkot,Rajkot,P. Rupala,Drinking Water & Sanitation,Construction of Public Toilets and Sanitation Block in Village-99,Construction of Public Toilets and Sanitation Block in Village-99,Village-99,Block-1,22.33555,70.70543,738635.0,709722.62,561883.02,2024-05-04,2024-05-31,2024-07-28,2024-11-03,Completed,Local Panchayat Works Unit,Minor Irrigation Division
MPL-00284,Gujarat,Rajkot,Rajkot,P. Rupala,Community Infrastructure,Development of Community Center and Boundary Wall in Village-34,Development of Community Center and Boundary Wall in Village-34,Village-34,Block-4,22.26501,70.66523,1745799.0,1763863.59,1655465.31,2024-10-31,2024-11-25,2025-01-20,2025-07-06,Completed,Reliable Works Corporation,Municipal Corporation
MPL-00285,Madhya Pradesh,Indore,Indore,S. Lalwani,Rural Connectivity & Roads,Widening of Rural Link Road connecting Village-148,Widening of Rural Link Road connecting Village-148,Village-148,Block-1,22.83263,75.83029,2409854.0,2391898.03,1870903.19,2023-07-30,2023-08-27,2023-09-16,,In Progress,Bharat Engineers & Builders,Public Works Department (PWD)
MPL-00286,Gujarat,Rajkot,Rajkot,P. Rupala,Renewable Energy,Installation of Solar LED High-Mast Lighting System at Village-97,Installation of Solar LED High-Mast Lighting System at Village-97,Village-97,Block-7,22.28172,70.82781,743170.0,721277.6,699535.63,2024-01-26,2024-02-23,2024-04-01,,In Progress,Sai Urban Works Pvt Ltd,Minor Irrigation Division
MPL-00287,Kerala,Wayanad,Wayanad,P. Gandhi,Renewable Energy,Supply and installation of 25 Solar Street Lights in Village-102,Supply and installation of 25 Solar Street Lights in Village-102,Village-102,Block-6,11.70313,76.12713,895822.0,869278.23,775451.73,2024-07-02,2024-07-24,2024-09-07,,In Progress,Sai Urban Works Pvt Ltd,Minor Irrigation Division
MPL-00288,Maharashtra,Nagpur,Nagpur,N. Gadkari,Community Infrastructure,Installation of Public Shed and Seating Area at Village-59,Installation of Public Shed and Seating Area at Village-59,Village-59,Block-7,21.23606,79.12241,634144.0,652097.2,624488.24,2023-03-14,2023-04-13,2023-05-11,2023-10-04,Completed,Apex Infrastructure Ltd,Rural Engineering Service (RES)
MPL-00289,Uttar Pradesh,Varanasi,Varanasi,N. Modi,Community Infrastructure,Construction of Community Hall at Village Village-121,Construction of Community Hall at Village Village-121,Village-121,Block-9,25.17893,82.9392,2258805.0,2244208.02,1624587.08,2023-07-28,2023-08-16,2023-09-23,,In Progress,Vanguard Infra Solutions,Minor Irrigation Division
MPL-00290,Uttar Pradesh,Varanasi,Varanasi,N. Modi,Drinking Water & Sanitation,Drilling of Deep Borewell and Overhead Tank Setup at Village-127,Drilling of Deep Borewell and Overhead Tank Setup at Village-127,Village-127,Block-3,25.40279,82.97706,910295.0,865755.21,869486.74,2024-06-03,2024-06-14,2024-07-17,,In Progress,Bharat Engineers & Builders,Minor Irrigation Division
MPL-00291,Kerala,Wayanad,Wayanad,P. Gandhi,Drinking Water & Sanitation,Drilling of Deep Borewell and Overhead Tank Setup at Village-1,Drilling of Deep Borewell and Overhead Tank Setup at Village-1,Village-1,Block-9,11.71122,76.13732,615092.0,589679.03,481482.37,2024-01-26,2024-02-14,2024-03-22,2024-09-01,Completed,Shree Ganesh Construction Co,Public Works Department (PWD)
MPL-00292,Kerala,Wayanad,Wayanad,P. Gandhi,Rural Connectivity & Roads,Paver Block Road Construction in Village-58,Paver Block Road Construction in Village-58,Village-58,Block-9,11.58791,76.13387,1135818.0,1188412.86,950029.64,2024-01-30,2024-02-18,2024-04-09,,In Progress,Reliable Works Corporation,Public Works Department (PWD)
MPL-00293,Kerala,Wayanad,Wayanad,P. Gandhi,Community Infrastructure,Installation of Public Shed and Seating Area at Village-66,Installation of Public Shed and Seating Area at Village-66,Village-66,Block-8,11.70435,76.21299,859335.0,862592.17,806070.65,2023-08-17,2023-09-14,2023-11-12,2024-04-16,Completed,Kisan Rural Developers,Municipal Corporation
MPL-00294,Uttar Pradesh,Varanasi,Varanasi,N. Modi,Education & Schools,Construction of Additional Classrooms at Govt High School Village-67,Construction of Additional Classrooms at Govt High School Village-67,Village-67,Block-5,25.29133,82.92983,1341671.0,1325929.61,1256604.77,2023-07-28,2023-08-14,2023-10-11,2024-02-28,Completed,Reliable Works Corporation,Public Works Department (PWD)
MPL-00295,Rajasthan,Jaipur,Jaipur,M. Joshi,Community Infrastructure,Development of Community Center and Boundary Wall in Village-88,Development of Community Center and Boundary Wall in Village-88,Village-88,Block-4,26.93451,75.69214,879721.0,884520.01,662910.0,2023-11-01,2023-11-18,2023-12-25,,In Progress,Bharat Engineers & Builders,Municipal Corporation
MPL-00296,Bihar,Patna,Patna Sahib,R. S. Prasad,Rural Connectivity & Roads,Construction of CC Road and Drainage Channel at Village-59,Construction of CC Road and Drainage Channel at Village-59,Village-59,Block-1,25.72016,85.19034,1925232.0,1989715.81,1830703.9,2023-12-04,2023-12-31,2024-01-24,2024-04-23,Completed,Surya Shakti Engineering,Minor Irrigation Division
MPL-00297,Uttar Pradesh,Varanasi,Varanasi,N. Modi,Education & Schools,Installation of Smart Classroom and Computer Lab in Village-81,Installation of Smart Classroom and Computer Lab in Village-81,Village-81,Block-1,25.25168,82.89053,1216256.0,1264677.73,1172831.01,2024-07-16,2024-08-11,2024-09-12,2025-03-21,Completed,Local Panchayat Works Unit,Rural Engineering Service (RES)
MPL-00298,Madhya Pradesh,Indore,Indore,S. Lalwani,Education & Schools,Solar Rooftop Power System installation for School at Village-9,Solar Rooftop Power System installation for School at Village-9,Village-9,Block-4,22.72506,75.8024,763441.0,751782.41,731468.12,2023-06-06,2023-06-28,2023-08-11,2024-04-05,Completed,Apex Infrastructure Ltd,Public Works Department (PWD)
MPL-00299,Gujarat,Rajkot,Rajkot,P. Rupala,Rural Connectivity & Roads,Paver Block Road Construction in Village-67,Paver Block Road Construction in Village-67,Village-67,Block-7,22.30353,70.71536,696243.0,699624.19,536902.04,2024-04-09,2024-04-27,2024-06-20,2024-10-05,Completed,Kisan Rural Developers,District Rural Development Agency (DRDA)
MPL-00300,Karnataka,Bengaluru Rural,Bengaluru Rural,C. N. Manjunath,Drinking Water & Sanitation,Drilling of Deep Borewell and Overhead Tank Setup at Village-34,Drilling of Deep Borewell and Overhead Tank Setup at Village-34,Village-34,Block-1,12.97332,77.65781,1053867.0,1073470.18,995121.5,2023-09-19,2023-10-04,2023-11-03,2024-04-08,Completed,National Civil Projects,Municipal Corporation
MPL-00301,Madhya Pradesh,Indore,Indore,S. Lalwani,Education & Schools,Construction of Additional Classrooms at Govt High School Village-133,Construction of Additional Classrooms at Govt High School Village-133,Village-133,Block-4,22.58391,75.73739,2319842.0,2371008.51,2170443.9,2023-10-17,2023-11-04,2023-12-05,2024-06-27,Completed,Apex Infrastructure Ltd,Public Works Department (PWD)
MPL-00302,Karnataka,Bengaluru Rural,Bengaluru Rural,C. N. Manjunath,Community Infrastructure,Development of Community Center and Boundary Wall in Village-86,Development of Community Center and Boundary Wall in Village-86,Village-86,Block-10,12.95087,77.67801,1072387.0,1057476.75,930944.53,2023-08-24,2023-09-21,2023-10-28,,In Progress,Apex Infrastructure Ltd,Rural Engineering Service (RES)
MPL-00303,Maharashtra,Nagpur,Nagpur,N. Gadkari,Rural Connectivity & Roads,Paver Block Road Construction in Village-84,Paver Block Road Construction in Village-84,Village-84,Block-7,21.18531,78.98165,1035239.0,1033944.3,953411.48,2023-02-20,2023-03-22,2023-04-30,2023-10-25,Completed,Apex Infrastructure Ltd,District Rural Development Agency (DRDA)
MPL-00304,Madhya Pradesh,Indore,Indore,S. Lalwani,Community Infrastructure,Construction of Community Hall at Village Village-42,Construction of Community Hall at Village Village-42,Village-42,Block-10,22.76299,75.78907,1720634.0,1673870.25,1368013.24,2023-09-30,2023-10-26,2023-12-25,,In Progress,Apex Infrastructure Ltd,District Rural Development Agency (DRDA)
MPL-00305,Karnataka,Bengaluru Rural,Bengaluru Rural,C. N. Manjunath,Education & Schools,Construction of Additional Classrooms at Govt High School Village-48,Construction of Additional Classrooms at Govt High School Village-48,Village-48,Block-2,13.13942,77.48097,2991412.0,2848751.89,2747108.54,2024-10-27,2024-11-08,2024-12-09,2025-08-05,Completed,Apex Infrastructure Ltd,Public Works Department (PWD)
MPL-00306,Karnataka,Bengaluru Rural,Bengaluru Rural,C. N. Manjunath,Renewable Energy,Installation of Solar LED High-Mast Lighting System at Village-7,Installation of Solar LED High-Mast Lighting System at Village-7,Village-7,Block-4,13.11095,77.68344,608148.0,609606.51,607420.73,2023-03-29,2023-04-17,2023-05-18,2023-08-07,Completed,Apex Infrastructure Ltd,Rural Engineering Service (RES)
MPL-00307,Karnataka,Bengaluru Rural,Bengaluru Rural,C. N. Manjunath,Drinking Water & Sanitation,Installation of RO Water Purification Plant at Village-135,Installation of RO Water Purification Plant at Village-135,Village-135,Block-3,13.19496,77.58236,678895.0,646889.94,610370.56,2023-11-02,2023-11-30,2024-01-14,2024-07-30,Completed,Apex Infrastructure Ltd,Minor Irrigation Division
MPL-00308,Karnataka,Bengaluru Rural,Bengaluru Rural,C. N. Manjunath,Renewable Energy,Supply and installation of 25 Solar Street Lights in Village-135,Supply and installation of 25 Solar Street Lights in Village-135,Village-135,Block-5,13.04706,77.52753,835432.0,847088.64,662412.69,2023-12-12,2023-12-22,2024-02-05,2024-04-27,Completed,Apex Infrastructure Ltd,Rural Engineering Service (RES)
MPL-00309,Uttar Pradesh,Varanasi,Varanasi,N. Modi,Renewable Energy,Installation of Solar LED High-Mast Lighting System at Village-89,Installation of Solar LED High-Mast Lighting System at Village-89,Village-89,Block-1,25.39736,83.06329,550346.0,548650.82,386615.39,2024-04-21,2024-05-18,2024-07-02,,In Progress,Apex Infrastructure Ltd,Rural Engineering Service (RES)
MPL-00310,Kerala,Wayanad,Wayanad,P. Gandhi,Drinking Water & Sanitation,Construction of Public Toilets and Sanitation Block in Village-144,Construction of Public Toilets and Sanitation Block in Village-144,Village-144,Block-10,11.61429,76.10867,1058339.0,1047200.2,792675.64,2024-10-05,2024-10-23,2024-12-01,2025-03-27,Completed,Apex Infrastructure Ltd,Minor Irrigation Division
MPL-00311,Rajasthan,Jaipur,Jaipur,M. Joshi,Renewable Energy,Supply and installation of 25 Solar Street Lights in Village-106,Supply and installation of 25 Solar Street Lights in Village-106,Village-106,Block-6,26.89823,75.84744,598566.0,619724.23,451751.02,2023-10-14,2023-10-24,2023-11-15,2024-06-20,Completed,Apex Infrastructure Ltd,Rural Engineering Service (RES)
MPL-00312,Maharashtra,Nagpur,Nagpur,N. Gadkari,Community Infrastructure,Installation of Public Shed and Seating Area at Village-6,Installation of Public Shed and Seating Area at Village-6,Village-6,Block-6,21.06564,78.98341,497484.0,520981.79,390343.04,2023-04-16,2023-05-09,2023-07-08,2023-09-08,Completed,Apex Infrastructure Ltd,Rural Engineering Service (RES)
MPL-00313,Rajasthan,Jaipur,Jaipur,M. Joshi,Education & Schools,Installation of Smart Classroom and Computer Lab in Village-119,Installation of Smart Classroom and Computer Lab in Village-119,Village-119,Block-5,26.88013,75.80026,1430789.0,1472485.73,1143307.14,2023-05-08,2023-05-30,2023-06-17,,In Progress,Apex Infrastructure Ltd,Rural Engineering Service (RES)
MPL-00314,Uttar Pradesh,Varanasi,Varanasi,N. Modi,Community Infrastructure,Installation of Public Shed and Seating Area at Village-64,Installation of Public Shed and Seating Area at Village-64,Village-64,Block-5,25.32394,83.11853,601744.0,618064.82,501185.53,2023-01-15,2023-02-04,2023-03-03,2023-05-26,Completed,Apex Infrastructure Ltd,Municipal Corporation
MPL-00315,Maharashtra,Nagpur,Nagpur,N. Gadkari,Community Infrastructure,Installation of Public Shed and Seating Area at Village-141,Installation of Public Shed and Seating Area at Village-141,Village-141,Block-7,21.2549,79.00354,673115.0,647680.78,568357.36,2023-10-13,2023-11-02,2023-11-29,2024-02-10,Completed,Apex Infrastructure Ltd,Rural Engineering Service (RES)
MPL-00316,Uttar Pradesh,Varanasi,Varanasi,N. Modi,Drinking Water & Sanitation,Construction of Public Toilets and Sanitation Block in Village-150,Construction of Public Toilets and Sanitation Block in Village-150,Village-150,Block-3,25.37412,82.8704,725461.0,717902.3,560728.25,2023-01-19,2023-02-13,2023-04-06,2023-10-04,Completed,Apex Infrastructure Ltd,Rural Engineering Service (RES)
MPL-00317,Gujarat,Rajkot,Rajkot,P. Rupala,Renewable Energy,Supply and installation of 25 Solar Street Lights in Village-16,Supply and installation of 25 Solar Street Lights in Village-16,Village-16,Block-4,22.2237,70.9467,531339.0,523662.09,396472.16,2024-06-23,2024-07-03,2024-07-24,,In Progress,Apex Infrastructure Ltd,Municipal Corporation
MPL-00318,Madhya Pradesh,Indore,Indore,S. Lalwani,Rural Connectivity & Roads,Widening of Rural Link Road connecting Village-35,Widening of Rural Link Road connecting Village-35,Village-35,Block-6,22.77871,75.76463,3051496.0,3173147.87,2580316.46,2024-03-04,2024-03-24,2024-05-13,,In Progress,Apex Infrastructure Ltd,Minor Irrigation Division
MPL-00319,Karnataka,Bengaluru Rural,Bengaluru Rural,C. N. Manjunath,Rural Connectivity & Roads,Widening of Rural Link Road connecting Village-142,Widening of Rural Link Road connecting Village-142,Village-142,Block-1,12.91472,77.60921,2672529.0,2557310.02,1995063.33,2023-10-01,2023-10-30,2023-11-30,2024-05-24,Completed,Apex Infrastructure Ltd,Rural Engineering Service (RES)
MPL-00320,Kerala,Wayanad,Wayanad,P. Gandhi,Renewable Energy,Installation of Solar LED High-Mast Lighting System at Village-83,Installation of Solar LED High-Mast Lighting System at Village-83,Village-83,Block-7,11.76512,76.02824,778013.0,744040.42,770348.75,2024-01-02,2024-02-01,2024-02-28,2024-09-02,Completed,Apex Infrastructure Ltd,District Rural Development Agency (DRDA)
MPL-00321,Kerala,Wayanad,Wayanad,P. Gandhi,Community Infrastructure,Construction of Community Hall at Village Village-134,Construction of Community Hall at Village Village-134,Village-134,Block-7,11.56752,76.03948,2381794.0,2278586.07,2264033.36,2023-04-18,2023-05-13,2023-06-08,2023-09-27,Completed,Apex Infrastructure Ltd,Minor Irrigation Division
MPL-00322,Rajasthan,Jaipur,Jaipur,M. Joshi,Community Infrastructure,Development of Community Center and Boundary Wall in Village-57,Development of Community Center and Boundary Wall in Village-57,Village-57,Block-7,26.90282,75.82898,1435388.0,1466657.24,1010406.69,2023-07-12,2023-08-02,2023-09-27,2023-12-16,Completed,Apex Infrastructure Ltd,Minor Irrigation Division
MPL-00323,Uttar Pradesh,Varanasi,Varanasi,N. Modi,Renewable Energy,Supply and installation of 25 Solar Street Lights in Village-136,Supply and installation of 25 Solar Street Lights in Village-136,Village-136,Block-4,25.19797,82.89321,521313.0,533527.38,495423.01,2023-02-23,2023-03-21,2023-04-18,2023-07-11,Completed,Apex Infrastructure Ltd,Rural Engineering Service (RES)
MPL-00324,Bihar,Patna,Patna Sahib,R. S. Prasad,Renewable Energy,Installation of Solar LED High-Mast Lighting System at Village-143,Installation of Solar LED High-Mast Lighting System at Village-143,Village-143,Block-3,25.65487,85.11572,792793.0,797402.43,732407.95,2024-09-18,2024-10-15,2024-12-05,2025-05-31,Completed,Apex Infrastructure Ltd,Rural Engineering Service (RES)
MPL-00325,Madhya Pradesh,Indore,Indore,S. Lalwani,Renewable Energy,Supply and installation of 25 Solar Street Lights in Village-41,Supply and installation of 25 Solar Street Lights in Village-41,Village-41,Block-10,22.82306,75.8314,779917.0,818790.68,649595.72,2023-12-10,2023-12-27,2024-01-31,2024-06-22,Completed,Apex Infrastructure Ltd,District Rural Development Agency (DRDA)
MPL-00326,Bihar,Patna,Patna Sahib,R. S. Prasad,Education & Schools,Solar Rooftop Power System installation for School at Village-66,Solar Rooftop Power System installation for School at Village-66,Village-66,Block-5,25.62283,85.14288,688748.0,720544.17,574587.98,2024-01-25,2024-02-11,2024-02-26,2024-07-07,Completed,Apex Infrastructure Ltd,Public Works Department (PWD)
MPL-00327,Bihar,Patna,Patna Sahib,R. S. Prasad,Rural Connectivity & Roads,Construction of CC Road and Drainage Channel at Village-71,Construction of CC Road and Drainage Channel at Village-71,Village-71,Block-10,25.58221,85.03443,3427517.0,3445910.14,2971303.95,2024-07-22,2024-08-08,2024-09-01,,In Progress,Apex Infrastructure Ltd,District Rural Development Agency (DRDA)
MPL-00328,Bihar,Patna,Patna Sahib,R. S. Prasad,Rural Connectivity & Roads,Paver Block Road Construction in Village-24,Paver Block Road Construction in Village-24,Village-24,Block-10,25.59058,85.25731,1098199.0,1087194.85,1071144.36,2023-02-19,2023-03-21,2023-04-25,2023-08-07,Completed,Apex Infrastructure Ltd,Public Works Department (PWD)
MPL-00329,Rajasthan,Jaipur,Jaipur,M. Joshi,Community Infrastructure,Installation of Public Shed and Seating Area at Village-148,Installation of Public Shed and Seating Area at Village-148,Village-148,Block-1,26.88736,75.89765,600040.0,574746.96,430094.76,2023-11-09,2023-12-09,2024-01-15,2024-07-04,Completed,Apex Infrastructure Ltd,Minor Irrigation Division
MPL-00330,Madhya Pradesh,Indore,Indore,S. Lalwani,Community Infrastructure,Development of Community Center and Boundary Wall in Village-135,Development of Community Center and Boundary Wall in Village-135,Village-135,Block-10,22.58476,75.92717,843182.0,827947.1,733124.72,2023-11-03,2023-12-01,2024-01-17,2024-04-25,Completed,Apex Infrastructure Ltd,Municipal Corporation
MPL-00331,Gujarat,Rajkot,Rajkot,P. Rupala,Drinking Water & Sanitation,Construction of Public Toilets and Sanitation Block in Village-75,Construction of Public Toilets and Sanitation Block in Village-75,Village-75,Block-7,22.31835,70.73097,1424566.0,1409511.53,1053689.81,2023-03-12,2023-03-26,2023-05-10,2023-07-21,Completed,Apex Infrastructure Ltd,Minor Irrigation Division
MPL-00332,Maharashtra,Nagpur,Nagpur,N. Gadkari,Education & Schools,Solar Rooftop Power System installation for School at Village-51,Solar Rooftop Power System installation for School at Village-51,Village-51,Block-10,21.06967,78.95969,755779.0,747867.42,658585.22,2024-07-16,2024-07-28,2024-09-20,2025-04-02,Completed,Apex Infrastructure Ltd,District Rural Development Agency (DRDA)
MPL-00333,Gujarat,Rajkot,Rajkot,P. Rupala,Education & Schools,Installation of Smart Classroom and Computer Lab in Village-94,Installation of Smart Classroom and Computer Lab in Village-94,Village-94,Block-3,22.4502,70.83707,1065227.0,1032257.13,855758.07,2024-10-09,2024-11-02,2024-11-18,2025-03-01,Completed,Apex Infrastructure Ltd,Minor Irrigation Division
MPL-00334,Uttar Pradesh,Varanasi,Varanasi,N. Modi,Drinking Water & Sanitation,Installation of RO Water Purification Plant at Village-96,Installation of RO Water Purification Plant at Village-96,Village-96,Block-6,25.3539,82.8682,663568.0,680670.39,634257.7,2023-04-13,2023-04-26,2023-05-14,,In Progress,Apex Infrastructure Ltd,Public Works Department (PWD)
MPL-00335,Rajasthan,Jaipur,Jaipur,M. Joshi,Education & Schools,Installation of Smart Classroom and Computer Lab in Village-6,Installation of Smart Classroom and Computer Lab in Village-6,Village-6,Block-7,26.92704,75.82421,1047997.0,1017501.29,902746.33,2023-06-30,2023-07-28,2023-09-15,2024-01-19,Completed,Apex Infrastructure Ltd,Public Works Department (PWD)
MPL-00336,Uttar Pradesh,Varanasi,Varanasi,N. Modi,Rural Connectivity & Roads,Construction of CC Road and Drainage Channel at Village-16,Construction of CC Road and Drainage Channel at Village-16,Village-16,Block-1,25.18758,83.02201,2095619.0,2032896.3,1904829.67,2023-09-16,2023-10-05,2023-10-23,2023-12-24,Completed,Apex Infrastructure Ltd,Public Works Department (PWD)
MPL-00337,Madhya Pradesh,Indore,Indore,S. Lalwani,Drinking Water & Sanitation,Construction of Public Toilets and Sanitation Block in Village-131,Construction of Public Toilets and Sanitation Block in Village-131,Village-131,Block-1,22.62926,75.99774,1344162.0,1290342.25,1068120.58,2024-08-17,2024-09-03,2024-10-22,,In Progress,Apex Infrastructure Ltd,Public Works Department (PWD)
MPL-00338,Rajasthan,Jaipur,Jaipur,M. Joshi,Rural Connectivity & Roads,Paver Block Road Construction in Village-101,Paver Block Road Construction in Village-101,Village-101,Block-1,26.84516,75.6559,664631.0,632620.53,601686.06,2023-12-03,2023-12-30,2024-02-23,2024-08-29,Completed,Apex Infrastructure Ltd,Municipal Corporation
MPL-00339,Rajasthan,Jaipur,Jaipur,M. Joshi,Drinking Water & Sanitation,Installation of RO Water Purification Plant at Village-88,Installation of RO Water Purification Plant at Village-88,Village-88,Block-10,27.02421,75.84326,911929.0,926240.06,662369.15,2024-01-13,2024-01-27,2024-03-15,2024-10-17,Completed,Apex Infrastructure Ltd,Rural Engineering Service (RES)
MPL-00340,Madhya Pradesh,Indore,Indore,S. Lalwani,Rural Connectivity & Roads,Widening of Rural Link Road connecting Village-85,Widening of Rural Link Road connecting Village-85,Village-85,Block-7,22.82838,75.8004,3883952.0,3900355.39,2959677.0,2023-05-08,2023-05-22,2023-07-13,2023-11-01,Completed,Apex Infrastructure Ltd,Rural Engineering Service (RES)
MPL-00341,Maharashtra,Nagpur,Nagpur,N. Gadkari,Rural Connectivity & Roads,Construction of CC Road and Drainage Channel at Village-143,Construction of CC Road and Drainage Channel at Village-143,Village-143,Block-8,21.25984,79.06241,2617701.0,2735131.48,1925361.46,2023-10-23,2023-11-22,2023-12-16,2024-05-05,Completed,Vanguard Infra Solutions,District Rural Development Agency (DRDA)
MPL-00342,Rajasthan,Jaipur,Jaipur,M. Joshi,Drinking Water & Sanitation,Installation of RO Water Purification Plant at Village-28,Installation of RO Water Purification Plant at Village-28,Village-28,Block-1,26.93251,75.70657,637935.0,617823.88,592472.08,2024-08-28,2024-09-18,2024-11-11,,In Progress,Bharat Engineers & Builders,Rural Engineering Service (RES)
MPL-00343,Gujarat,Rajkot,Rajkot,P. Rupala,Education & Schools,Construction of Additional Classrooms at Govt High School Village-129,Construction of Additional Classrooms at Govt High School Village-129,Village-129,Block-7,22.29605,70.70134,2974480.0,3005626.3,2717502.0,2024-01-08,2024-01-18,2024-02-13,2024-08-16,Completed,Bharat Engineers & Builders,Public Works Department (PWD)
MPL-00344,Rajasthan,Jaipur,Jaipur,M. Joshi,Education & Schools,Construction of Additional Classrooms at Govt High School Village-52,Construction of Additional Classrooms at Govt High School Village-52,Village-52,Block-1,27.02243,75.90358,2789172.0,2706769.29,2100590.87,2024-02-25,2024-03-25,2024-05-18,2024-10-08,Completed,Vanguard Infra Solutions,Municipal Corporation
MPL-00345,Madhya Pradesh,Indore,Indore,S. Lalwani,Rural Connectivity & Roads,Paver Block Road Construction in Village-147,Paver Block Road Construction in Village-147,Village-147,Block-9,22.70667,75.97103,1122650.0,1126709.43,1001873.23,2023-01-18,2023-02-09,2023-03-29,,In Progress,Bharat Engineers & Builders,Minor Irrigation Division
MPL-00346,Uttar Pradesh,Varanasi,Varanasi,N. Modi,Renewable Energy,Supply and installation of 25 Solar Street Lights in Village-133,Supply and installation of 25 Solar Street Lights in Village-133,Village-133,Block-5,25.3997,82.90967,901164.0,912937.58,644141.79,2023-09-27,2023-10-26,2023-12-08,2024-04-23,Completed,National Civil Projects,Municipal Corporation
MPL-00347,Uttar Pradesh,Varanasi,Varanasi,N. Modi,Renewable Energy,Installation of Solar LED High-Mast Lighting System at Village-119,Installation of Solar LED High-Mast Lighting System at Village-119,Village-119,Block-1,25.33152,82.94182,738743.0,735174.73,677275.18,2023-04-11,2023-04-26,2023-05-22,2024-01-15,Completed,Kisan Rural Developers,Municipal Corporation
MPL-00348,Karnataka,Bengaluru Rural,Bengaluru Rural,C. N. Manjunath,Renewable Energy,Installation of Solar LED High-Mast Lighting System at Village-117,Installation of Solar LED High-Mast Lighting System at Village-117,Village-117,Block-9,12.94875,77.55262,447280.0,436101.68,405913.41,2023-05-26,2023-06-17,2023-08-16,2023-11-07,Completed,Kisan Rural Developers,Public Works Department (PWD)
MPL-00349,Maharashtra,Nagpur,Nagpur,N. Gadkari,Education & Schools,Solar Rooftop Power System installation for School at Village-98,Solar Rooftop Power System installation for School at Village-98,Village-98,Block-5,21.25645,78.99186,523019.0,537049.52,509250.96,2024-07-14,2024-08-02,2024-09-28,2025-01-07,Completed,Apex Infrastructure Ltd,Municipal Corporation
MPL-00350,Karnataka,Bengaluru Rural,Bengaluru Rural,C. N. Manjunath,Rural Connectivity & Roads,Widening of Rural Link Road connecting Village-47,Widening of Rural Link Road connecting Village-47,Village-47,Block-10,13.05209,77.67442,2493057.0,2592415.77,2463464.82,2022-12-10,2023-01-04,2023-02-27,2023-05-01,Completed,Reliable Works Corporation,Public Works Department (PWD)
MPL-00351,Bihar,Patna,Patna Sahib,R. S. Prasad,Drinking Water & Sanitation,Drilling of Deep Borewell and Overhead Tank Setup at Village-122,Drilling of Deep Borewell and Overhead Tank Setup at Village-122,Village-122,Block-1,25.6083,85.17353,925779.0,917461.0,670098.72,2024-08-22,2024-09-06,2024-09-21,,In Progress,Reliable Works Corporation,Rural Engineering Service (RES)
MPL-00352,Maharashtra,Nagpur,Nagpur,N. Gadkari,Community Infrastructure,Installation of Public Shed and Seating Area at Village-90,Installation of Public Shed and Seating Area at Village-90,Village-90,Block-3,21.27192,78.95291,419252.0,404384.25,297555.57,2024-07-26,2024-08-14,2024-10-06,,In Progress,Vanguard Infra Solutions,Rural Engineering Service (RES)
MPL-00353,Maharashtra,Nagpur,Nagpur,N. Gadkari,Education & Schools,Solar Rooftop Power System installation for School at Village-149,Solar Rooftop Power System installation for School at Village-149,Village-149,Block-5,21.24188,79.16573,688842.0,718564.14,501434.19,2023-10-09,2023-11-03,2023-12-08,2024-05-13,Completed,Reliable Works Corporation,Public Works Department (PWD)
MPL-00354,Maharashtra,Nagpur,Nagpur,N. Gadkari,Community Infrastructure,Installation of Public Shed and Seating Area at Village-71,Installation of Public Shed and Seating Area at Village-71,Village-71,Block-8,21.16721,79.232,572600.0,574149.04,490943.73,2023-07-05,2023-08-03,2023-09-26,,In Progress,Reliable Works Corporation,Public Works Department (PWD)
MPL-00355,Rajasthan,Jaipur,Jaipur,M. Joshi,Education & Schools,Solar Rooftop Power System installation for School at Village-82,Solar Rooftop Power System installation for School at Village-82,Village-82,Block-10,26.91831,75.82686,636136.0,637751.23,635186.44,2023-12-12,2023-12-29,2024-01-21,2024-07-26,Completed,Surya Shakti Engineering,Rural Engineering Service (RES)
MPL-00356,Rajasthan,Jaipur,Jaipur,M. Joshi,Drinking Water & Sanitation,Installation of RO Water Purification Plant at Village-31,Installation of RO Water Purification Plant at Village-31,Village-31,Block-4,26.77605,75.7422,525151.0,523306.97,493127.17,2023-07-13,2023-08-01,2023-09-24,2024-03-07,Completed,Bharat Engineers & Builders,Public Works Department (PWD)
MPL-00357,Rajasthan,Jaipur,Jaipur,M. Joshi,Community Infrastructure,Development of Community Center and Boundary Wall in Village-77,Development of Community Center and Boundary Wall in Village-77,Village-77,Block-4,26.97972,75.8221,1331302.0,1337957.66,1238257.01,2023-04-07,2023-04-27,2023-06-24,2023-12-02,Completed,Apex Infrastructure Ltd,Rural Engineering Service (RES)
MPL-00358,Kerala,Wayanad,Wayanad,P. Gandhi,Education & Schools,Installation of Smart Classroom and Computer Lab in Village-10,Installation of Smart Classroom and Computer Lab in Village-10,Village-10,Block-5,11.7706,76.10619,1377015.0,1326857.77,1028101.28,2024-03-19,2024-04-16,2024-06-04,2024-11-29,Completed,Apex Infrastructure Ltd,Minor Irrigation Division
MPL-00359,Kerala,Wayanad,Wayanad,P. Gandhi,Renewable Energy,Installation of Solar LED High-Mast Lighting System at Village-54,Installation of Solar LED High-Mast Lighting System at Village-54,Village-54,Block-3,11.78762,76.08375,702722.0,715757.02,660460.72,2023-12-01,2023-12-29,2024-01-17,2024-05-27,Completed,Vanguard Infra Solutions,Minor Irrigation Division
MPL-00360,Madhya Pradesh,Indore,Indore,S. Lalwani,Drinking Water & Sanitation,Drilling of Deep Borewell and Overhead Tank Setup at Village-30,Drilling of Deep Borewell and Overhead Tank Setup at Village-30,Village-30,Block-9,22.83271,75.81918,773256.0,789128.33,614235.76,2023-01-14,2023-02-02,2023-03-06,2023-09-09,Completed,Sai Urban Works Pvt Ltd,Rural Engineering Service (RES)
MPL-00361,Maharashtra,Nagpur,Nagpur,N. Gadkari,Community Infrastructure,Development of Community Center and Boundary Wall in Village-10,Development of Community Center and Boundary Wall in Village-10,Village-10,Block-5,21.04202,79.04023,1615572.0,1567443.85,1175782.99,2024-05-13,2024-06-02,2024-06-18,2024-12-23,Completed,Surya Shakti Engineering,Minor Irrigation Division
MPL-00362,Maharashtra,Nagpur,Nagpur,N. Gadkari,Community Infrastructure,Installation of Public Shed and Seating Area at Village-34,Installation of Public Shed and Seating Area at Village-34,Village-34,Block-6,21.2755,79.14432,507577.0,518975.69,425253.35,2024-05-25,2024-06-18,2024-07-10,,In Progress,Local Panchayat Works Unit,Public Works Department (PWD)
MPL-00363,Uttar Pradesh,Varanasi,Varanasi,N. Modi,Community Infrastructure,Installation of Public Shed and Seating Area at Village-80,Installation of Public Shed and Seating Area at Village-80,Village-80,Block-5,25.25357,82.98358,411786.0,414979.81,326811.02,2023-07-20,2023-08-03,2023-09-07,,In Progress,Surya Shakti Engineering,Public Works Department (PWD)
MPL-00364,Maharashtra,Nagpur,Nagpur,N. Gadkari,Rural Connectivity & Roads,Construction of CC Road and Drainage Channel at Village-4,Construction of CC Road and Drainage Channel at Village-4,Village-4,Block-4,21.03827,79.14951,2806410.0,2823143.43,2050679.11,2024-06-24,2024-07-09,2024-08-15,2024-12-22,Completed,Sai Urban Works Pvt Ltd,Minor Irrigation Division
MPL-00365,Gujarat,Rajkot,Rajkot,P. Rupala,Rural Connectivity & Roads,Widening of Rural Link Road connecting Village-87,Widening of Rural Link Road connecting Village-87,Village-87,Block-10,22.26898,70.67804,4267344.0,4243296.51,3153661.95,2024-03-30,2024-04-27,2024-06-24,,In Progress,Vanguard Infra Solutions,Rural Engineering Service (RES)
MPL-00366,Karnataka,Bengaluru Rural,Bengaluru Rural,C. N. Manjunath,Renewable Energy,Supply and installation of 25 Solar Street Lights in Village-80,Supply and installation of 25 Solar Street Lights in Village-80,Village-80,Block-2,13.19134,77.64713,674237.0,695640.11,616164.7,2024-10-24,2024-11-17,2025-01-05,,In Progress,Local Panchayat Works Unit,Rural Engineering Service (RES)
MPL-00367,Gujarat,Rajkot,Rajkot,P. Rupala,Education & Schools,Installation of Smart Classroom and Computer Lab in Village-120,Installation of Smart Classroom and Computer Lab in Village-120,Village-120,Block-8,22.20891,70.92738,1193403.0,1161383.31,915505.19,2024-08-29,2024-09-23,2024-10-24,2025-04-02,Completed,Kisan Rural Developers,District Rural Development Agency (DRDA)
MPL-00368,Uttar Pradesh,Varanasi,Varanasi,N. Modi,Community Infrastructure,Development of Community Center and Boundary Wall in Village-29,Development of Community Center and Boundary Wall in Village-29,Village-29,Block-9,25.31998,82.94561,1168512.0,1166017.47,1114444.81,2023-09-17,2023-10-17,2023-11-23,2024-02-23,Completed,Shree Ganesh Construction Co,District Rural Development Agency (DRDA)
MPL-00369,Gujarat,Rajkot,Rajkot,P. Rupala,Rural Connectivity & Roads,Widening of Rural Link Road connecting Village-119,Widening of Rural Link Road connecting Village-119,Village-119,Block-7,22.29861,70.67202,3681146.0,3714473.61,2840271.34,2023-08-15,2023-09-07,2023-10-27,,In Progress,Bharat Engineers & Builders,Minor Irrigation Division
MPL-00370,Kerala,Wayanad,Wayanad,P. Gandhi,Renewable Energy,Installation of Solar LED High-Mast Lighting System at Village-45,Installation of Solar LED High-Mast Lighting System at Village-45,Village-45,Block-3,11.71422,76.07961,747399.0,760075.28,688959.96,2024-07-22,2024-08-10,2024-09-25,,In Progress,Shree Ganesh Construction Co,Municipal Corporation
MPL-00371,Madhya Pradesh,Indore,Indore,S. Lalwani,Community Infrastructure,Installation of Public Shed and Seating Area at Village-28,Installation of Public Shed and Seating Area at Village-28,Village-28,Block-1,22.58804,75.77298,759403.0,783253.32,707310.24,2024-01-10,2024-01-24,2024-02-28,2024-10-14,Completed,National Civil Projects,Minor Irrigation Division
MPL-00372,Maharashtra,Nagpur,Nagpur,N. Gadkari,Education & Schools,Solar Rooftop Power System installation for School at Village-75,Solar Rooftop Power System installation for School at Village-75,Village-75,Block-6,21.16688,79.21216,704463.0,712604.63,587626.35,2023-07-18,2023-07-30,2023-09-26,2024-02-09,Completed,Sai Urban Works Pvt Ltd,Municipal Corporation
MPL-00373,Uttar Pradesh,Varanasi,Varanasi,N. Modi,Renewable Energy,Supply and installation of 25 Solar Street Lights in Village-33,Supply and installation of 25 Solar Street Lights in Village-33,Village-33,Block-1,25.33561,83.11751,946958.0,927468.15,767762.17,2024-06-29,2024-07-16,2024-08-03,,In Progress,Shree Ganesh Construction Co,District Rural Development Agency (DRDA)
MPL-00374,Madhya Pradesh,Indore,Indore,S. Lalwani,Renewable Energy,Supply and installation of 25 Solar Street Lights in Village-82,Supply and installation of 25 Solar Street Lights in Village-82,Village-82,Block-3,22.61132,75.87433,873174.0,862939.49,711173.6,2024-06-23,2024-07-12,2024-08-09,2025-02-06,Completed,Kisan Rural Developers,Municipal Corporation
MPL-00375,Maharashtra,Nagpur,Nagpur,N. Gadkari,Drinking Water & Sanitation,Installation of RO Water Purification Plant at Village-19,Installation of RO Water Purification Plant at Village-19,Village-19,Block-10,21.0212,79.13087,1179885.0,1122744.09,1081248.7,2024-04-20,2024-05-13,2024-07-09,2024-10-11,Completed,Vanguard Infra Solutions,Municipal Corporation
MPL-00376,Maharashtra,Nagpur,Nagpur,N. Gadkari,Education & Schools,Solar Rooftop Power System installation for School at Village-109,Solar Rooftop Power System installation for School at Village-109,Village-109,Block-5,21.16918,79.19224,789433.0,814700.49,643715.05,2023-07-28,2023-08-20,2023-09-15,2023-11-15,Completed,Bharat Engineers & Builders,Minor Irrigation Division
MPL-00377,Kerala,Wayanad,Wayanad,P. Gandhi,Community Infrastructure,Construction of Community Hall at Village Village-146,Construction of Community Hall at Village Village-146,Village-146,Block-9,11.75446,76.13992,2013486.0,2054738.81,1477796.66,2024-04-26,2024-05-08,2024-07-06,,In Progress,Sai Urban Works Pvt Ltd,Municipal Corporation
MPL-00378,Gujarat,Rajkot,Rajkot,P. Rupala,Drinking Water & Sanitation,Construction of Public Toilets and Sanitation Block in Village-20,Construction of Public Toilets and Sanitation Block in Village-20,Village-20,Block-9,22.25696,70.88576,1317303.0,1334913.72,1237513.26,2023-10-22,2023-11-16,2024-01-09,,In Progress,Surya Shakti Engineering,Municipal Corporation
MPL-00379,Kerala,Wayanad,Wayanad,P. Gandhi,Education & Schools,Installation of Smart Classroom and Computer Lab in Village-76,Installation of Smart Classroom and Computer Lab in Village-76,Village-76,Block-10,11.61353,76.17079,1003257.0,969899.52,911474.38,2024-08-23,2024-09-03,2024-10-07,2025-04-29,Completed,Local Panchayat Works Unit,Rural Engineering Service (RES)
MPL-00380,Rajasthan,Jaipur,Jaipur,M. Joshi,Renewable Energy,Installation of Solar LED High-Mast Lighting System at Village-74,Installation of Solar LED High-Mast Lighting System at Village-74,Village-74,Block-10,26.84669,75.89466,654153.0,626842.78,557128.26,2023-09-27,2023-10-12,2023-11-12,,In Progress,Apex Infrastructure Ltd,Public Works Department (PWD)
MPL-00381,Maharashtra,Nagpur,Nagpur,N. Gadkari,Education & Schools,Installation of Smart Classroom and Computer Lab in Village-45,Installation of Smart Classroom and Computer Lab in Village-45,Village-45,Block-8,21.29102,79.2284,973943.0,1001459.59,750772.5,2023-06-12,2023-07-05,2023-08-22,2024-01-16,Completed,Local Panchayat Works Unit,Rural Engineering Service (RES)
MPL-00382,Madhya Pradesh,Indore,Indore,S. Lalwani,Drinking Water & Sanitation,Drilling of Deep Borewell and Overhead Tank Setup at Village-113,Drilling of Deep Borewell and Overhead Tank Setup at Village-113,Village-113,Block-8,22.58536,75.8469,625409.0,607325.72,575569.11,2023-11-23,2023-12-20,2024-01-07,2024-04-05,Completed,Surya Shakti Engineering,District Rural Development Agency (DRDA)
MPL-00383,Bihar,Patna,Patna Sahib,R. S. Prasad,Education & Schools,Solar Rooftop Power System installation for School at Village-100,Solar Rooftop Power System installation for School at Village-100,Village-100,Block-1,25.68329,85.1022,748821.0,731045.87,643336.56,2024-03-08,2024-03-21,2024-04-05,,In Progress,Kisan Rural Developers,Minor Irrigation Division
MPL-00384,Kerala,Wayanad,Wayanad,P. Gandhi,Education & Schools,Solar Rooftop Power System installation for School at Village-70,Solar Rooftop Power System installation for School at Village-70,Village-70,Block-9,11.76735,76.20673,675619.0,660101.8,635551.35,2023-08-30,2023-09-19,2023-11-14,2024-05-10,Completed,Local Panchayat Works Unit,Rural Engineering Service (RES)
MPL-00385,Maharashtra,Nagpur,Nagpur,N. Gadkari,Rural Connectivity & Roads,Widening of Rural Link Road connecting Village-3,Widening of Rural Link Road connecting Village-3,Village-3,Block-4,21.12958,79.00402,4821935.0,4584925.4,3473652.47,2024-02-15,2024-02-26,2024-03-18,2024-11-08,Completed,Sai Urban Works Pvt Ltd,District Rural Development Agency (DRDA)
MPL-00386,Uttar Pradesh,Varanasi,Varanasi,N. Modi,Renewable Energy,Installation of Solar LED High-Mast Lighting System at Village-15,Installation of Solar LED High-Mast Lighting System at Village-15,Village-15,Block-7,25.45494,82.84982,711499.0,722641.47,676377.8,2024-08-06,2024-09-05,2024-10-30,,In Progress,Local Panchayat Works Unit,Rural Engineering Service (RES)
MPL-00387,Maharashtra,Nagpur,Nagpur,N. Gadkari,Community Infrastructure,Installation of Public Shed and Seating Area at Village-48,Installation of Public Shed and Seating Area at Village-48,Village-48,Block-3,21.22661,79.14587,532820.0,521874.21,478548.74,2023-03-07,2023-03-19,2023-05-13,2023-09-20,Completed,Kisan Rural Developers,District Rural Development Agency (DRDA)
MPL-00388,Rajasthan,Jaipur,Jaipur,M. Joshi,Community Infrastructure,Development of Community Center and Boundary Wall in Village-100,Development of Community Center and Boundary Wall in Village-100,Village-100,Block-8,27.05623,75.6975,1148813.0,1205789.36,893169.46,2023-09-16,2023-09-29,2023-10-25,2024-04-27,Completed,Vanguard Infra Solutions,Rural Engineering Service (RES)
MPL-00389,Maharashtra,Nagpur,Nagpur,N. Gadkari,Renewable Energy,Supply and installation of 25 Solar Street Lights in Village-56,Supply and installation of 25 Solar Street Lights in Village-56,Village-56,Block-8,21.01692,79.15646,821895.0,833675.89,800347.19,2023-09-09,2023-09-23,2023-10-14,,In Progress,Surya Shakti Engineering,Public Works Department (PWD)
MPL-00390,Uttar Pradesh,Varanasi,Varanasi,N. Modi,Community Infrastructure,Installation of Public Shed and Seating Area at Village-100,Installation of Public Shed and Seating Area at Village-100,Village-100,Block-7,25.37988,83.0552,539689.0,520886.64,431184.13,2024-01-24,2024-02-05,2024-03-27,,In Progress,Surya Shakti Engineering,Municipal Corporation
MPL-00391,Bihar,Patna,Patna Sahib,R. S. Prasad,Community Infrastructure,Development of Community Center and Boundary Wall in Village-124,Development of Community Center and Boundary Wall in Village-124,Village-124,Block-9,25.46066,85.2867,927091.0,933325.12,909024.46,2023-12-14,2024-01-03,2024-02-08,2024-07-19,Completed,Shree Ganesh Construction Co,District Rural Development Agency (DRDA)
MPL-00392,Gujarat,Rajkot,Rajkot,P. Rupala,Education & Schools,Installation of Smart Classroom and Computer Lab in Village-52,Installation of Smart Classroom and Computer Lab in Village-52,Village-52,Block-2,22.27093,70.68423,885197.0,890019.15,876569.77,2024-10-08,2024-11-07,2024-12-04,,In Progress,Kisan Rural Developers,Municipal Corporation
MPL-00393,Karnataka,Bengaluru Rural,Bengaluru Rural,C. N. Manjunath,Drinking Water & Sanitation,Installation of RO Water Purification Plant at Village-10,Installation of RO Water Purification Plant at Village-10,Village-10,Block-1,13.10752,77.56771,702472.0,669130.19,701709.87,2023-08-13,2023-09-02,2023-10-18,2024-05-03,Completed,Surya Shakti Engineering,Public Works Department (PWD)
MPL-00394,Uttar Pradesh,Varanasi,Varanasi,N. Modi,Rural Connectivity & Roads,Widening of Rural Link Road connecting Village-11,Widening of Rural Link Road connecting Village-11,Village-11,Block-2,25.42866,82.98487,3700823.0,3559520.81,3486660.49,2024-11-03,2024-11-14,2025-01-01,2025-08-22,Completed,Local Panchayat Works Unit,Rural Engineering Service (RES)
MPL-00395,Maharashtra,Nagpur,Nagpur,N. Gadkari,Education & Schools,Solar Rooftop Power System installation for School at Village-5,Solar Rooftop Power System installation for School at Village-5,Village-5,Block-8,21.04747,78.95319,747054.0,777472.46,661525.0,2023-08-08,2023-09-06,2023-11-04,2024-01-06,Completed,Sai Urban Works Pvt Ltd,Public Works Department (PWD)
MPL-00396,Maharashtra,Nagpur,Nagpur,N. Gadkari,Renewable Energy,Installation of Solar LED High-Mast Lighting System at Village-28,Installation of Solar LED High-Mast Lighting System at Village-28,Village-28,Block-2,21.097,79.18897,459863.0,459731.64,432157.43,2023-07-17,2023-08-14,2023-09-02,2024-02-18,Completed,Vanguard Infra Solutions,District Rural Development Agency (DRDA)
MPL-00397,Maharashtra,Nagpur,Nagpur,N. Gadkari,Rural Connectivity & Roads,Construction of CC Road and Drainage Channel at Village-12,Construction of CC Road and Drainage Channel at Village-12,Village-12,Block-10,21.20469,79.10422,2743789.0,2654189.93,1972692.56,2023-09-27,2023-10-08,2023-11-01,2024-02-12,Completed,Surya Shakti Engineering,Rural Engineering Service (RES)
MPL-00398,Maharashtra,Nagpur,Nagpur,N. Gadkari,Community Infrastructure,Installation of Public Shed and Seating Area at Village-97,Installation of Public Shed and Seating Area at Village-97,Village-97,Block-7,21.27364,79.15022,807718.0,780074.15,778549.75,2023-02-27,2023-03-24,2023-04-08,,In Progress,Local Panchayat Works Unit,District Rural Development Agency (DRDA)
MPL-00399,Maharashtra,Nagpur,Nagpur,N. Gadkari,Drinking Water & Sanitation,Installation of RO Water Purification Plant at Village-70,Installation of RO Water Purification Plant at Village-70,Village-70,Block-6,21.0498,79.08817,1048496.0,1043297.47,809204.18,2023-06-05,2023-06-28,2023-08-21,2024-03-20,Completed,Shree Ganesh Construction Co,District Rural Development Agency (DRDA)
MPL-00400,Uttar Pradesh,Varanasi,Varanasi,N. Modi,Renewable Energy,Installation of Solar LED High-Mast Lighting System at Village-50,Installation of Solar LED High-Mast Lighting System at Village-50,Village-50,Block-1,25.31986,82.96316,461607.0,484068.96,458393.04,2024-09-09,2024-09-25,2024-11-02,2025-05-19,Completed,Bharat Engineers & Builders,District Rural Development Agency (DRDA)
MPL-00401,Gujarat,Rajkot,Rajkot,P. Rupala,Drinking Water & Sanitation,Drilling of Deep Borewell and Overhead Tank Setup at Village-122,Drilling of Deep Borewell and Overhead Tank Setup at Village-122,Village-122,Block-1,22.21678,70.72761,971682.0,940230.97,875527.06,2023-02-01,2023-02-14,2023-03-04,2023-07-14,Completed,Local Panchayat Works Unit,Municipal Corporation
MPL-00402,Uttar Pradesh,Varanasi,Varanasi,N. Modi,Renewable Energy,Installation of Solar LED High-Mast Lighting System at Village-41,Installation of Solar LED High-Mast Lighting System at Village-41,Village-41,Block-2,25.29332,83.04803,415238.0,414617.69,305124.99,2023-08-09,2023-08-29,2023-10-11,2024-03-02,Completed,Kisan Rural Developers,Rural Engineering Service (RES)
MPL-00403,Bihar,Patna,Patna Sahib,R. S. Prasad,Community Infrastructure,Construction of Community Hall at Village Village-106,Construction of Community Hall at Village Village-106,Village-106,Block-7,25.48758,85.26597,1419337.0,1401670.85,1087494.35,2024-04-06,2024-04-27,2024-06-18,2024-12-06,Completed,Surya Shakti Engineering,Rural Engineering Service (RES)
MPL-00404,Maharashtra,Nagpur,Nagpur,N. Gadkari,Education & Schools,Solar Rooftop Power System installation for School at Village-50,Solar Rooftop Power System installation for School at Village-50,Village-50,Block-8,21.1664,79.02238,831361.0,819604.74,649216.75,2023-11-17,2023-12-10,2024-01-02,,In Progress,Shree Ganesh Construction Co,Municipal Corporation
MPL-00405,Maharashtra,Nagpur,Nagpur,N. Gadkari,Rural Connectivity & Roads,Construction of CC Road and Drainage Channel at Village-76,Construction of CC Road and Drainage Channel at Village-76,Village-76,Block-4,21.2523,78.96414,2765916.0,2670986.48,2595451.55,2024-08-21,2024-09-18,2024-10-13,2025-05-02,Completed,Reliable Works Corporation,Municipal Corporation
MPL-00406,Karnataka,Bengaluru Rural,Bengaluru Rural,C. N. Manjunath,Education & Schools,Installation of Smart Classroom and Computer Lab in Village-4,Installation of Smart Classroom and Computer Lab in Village-4,Village-4,Block-1,13.18205,77.59533,1465479.0,1454943.73,1409467.72,2023-08-19,2023-09-11,2023-10-16,2024-02-09,Completed,National Civil Projects,Minor Irrigation Division
MPL-00407,Uttar Pradesh,Varanasi,Varanasi,N. Modi,Community Infrastructure,Development of Community Center and Boundary Wall in Village-130,Development of Community Center and Boundary Wall in Village-130,Village-130,Block-3,25.33515,82.82763,835253.0,829046.87,683484.23,2023-03-21,2023-04-11,2023-05-24,2023-08-13,Completed,Vanguard Infra Solutions,Rural Engineering Service (RES)
MPL-00408,Rajasthan,Jaipur,Jaipur,M. Joshi,Drinking Water & Sanitation,Drilling of Deep Borewell and Overhead Tank Setup at Village-24,Drilling of Deep Borewell and Overhead Tank Setup at Village-24,Village-24,Block-3,27.05533,75.77643,466703.0,465759.46,369372.55,2024-03-25,2024-04-15,2024-06-05,2024-08-10,Completed,National Civil Projects,Municipal Corporation
MPL-00409,Karnataka,Bengaluru Rural,Bengaluru Rural,C. N. Manjunath,Community Infrastructure,Installation of Public Shed and Seating Area at Village-19,Installation of Public Shed and Seating Area at Village-19,Village-19,Block-2,13.12392,77.60155,601787.0,625463.37,481352.48,2023-01-05,2023-02-03,2023-03-08,2023-07-15,Completed,Local Panchayat Works Unit,Rural Engineering Service (RES)
MPL-00410,Kerala,Wayanad,Wayanad,P. Gandhi,Community Infrastructure,Installation of Public Shed and Seating Area at Village-94,Installation of Public Shed and Seating Area at Village-94,Village-94,Block-4,11.64533,76.17645,865556.0,826741.23,705329.9,2024-04-07,2024-04-21,2024-06-14,,In Progress,Shree Ganesh Construction Co,Minor Irrigation Division
MPL-00411,Kerala,Wayanad,Wayanad,P. Gandhi,Drinking Water & Sanitation,Drilling of Deep Borewell and Overhead Tank Setup at Village-30,Drilling of Deep Borewell and Overhead Tank Setup at Village-30,Village-30,Block-6,11.68647,76.10888,951736.0,974328.32,881005.97,2023-07-13,2023-08-03,2023-09-01,2024-01-07,Completed,Apex Infrastructure Ltd,Public Works Department (PWD)
MPL-00412,Karnataka,Bengaluru Rural,Bengaluru Rural,C. N. Manjunath,Education & Schools,Solar Rooftop Power System installation for School at Village-135,Solar Rooftop Power System installation for School at Village-135,Village-135,Block-8,13.10079,77.65777,934928.0,899654.05,853540.26,2024-11-13,2024-11-25,2025-01-13,2025-07-07,Completed,Shree Ganesh Construction Co,Rural Engineering Service (RES)
MPL-00413,Gujarat,Rajkot,Rajkot,P. Rupala,Education & Schools,Construction of Additional Classrooms at Govt High School Village-74,Construction of Additional Classrooms at Govt High School Village-74,Village-74,Block-7,22.21518,70.93783,1361370.0,1308190.11,1065657.05,2023-05-05,2023-06-01,2023-07-17,,In Progress,Apex Infrastructure Ltd,District Rural Development Agency (DRDA)
MPL-00414,Maharashtra,Nagpur,Nagpur,N. Gadkari,Education & Schools,Installation of Smart Classroom and Computer Lab in Village-108,Installation of Smart Classroom and Computer Lab in Village-108,Village-108,Block-7,21.2364,79.18868,1165420.0,1193123.11,823304.77,2023-06-15,2023-07-13,2023-08-01,,In Progress,Reliable Works Corporation,District Rural Development Agency (DRDA)
MPL-00415,Kerala,Wayanad,Wayanad,P. Gandhi,Rural Connectivity & Roads,Paver Block Road Construction in Village-136,Paver Block Road Construction in Village-136,Village-136,Block-3,11.6134,76.12727,1075111.0,1069225.44,850654.38,2023-04-25,2023-05-16,2023-06-19,,In Progress,Sai Urban Works Pvt Ltd,Public Works Department (PWD)
MPL-00416,Rajasthan,Jaipur,Jaipur,M. Joshi,Education & Schools,Construction of Additional Classrooms at Govt High School Village-42,Construction of Additional Classrooms at Govt High School Village-42,Village-42,Block-6,27.00074,75.68568,2692778.0,2702288.0,2032196.88,2023-06-01,2023-06-29,2023-08-28,2024-04-14,Completed,Shree Ganesh Construction Co,Public Works Department (PWD)
MPL-00417,Maharashtra,Nagpur,Nagpur,N. Gadkari,Education & Schools,Installation of Smart Classroom and Computer Lab in Village-95,Installation of Smart Classroom and Computer Lab in Village-95,Village-95,Block-5,21.10767,79.10016,893458.0,867114.87,814959.06,2024-10-30,2024-11-12,2024-12-17,2025-03-24,Completed,National Civil Projects,Minor Irrigation Division
MPL-00418,Uttar Pradesh,Varanasi,Varanasi,N. Modi,Education & Schools,Installation of Smart Classroom and Computer Lab in Village-38,Installation of Smart Classroom and Computer Lab in Village-38,Village-38,Block-10,25.25627,83.09269,1180290.0,1230784.14,881459.43,2024-06-19,2024-07-13,2024-08-29,2025-04-26,Completed,Local Panchayat Works Unit,Rural Engineering Service (RES)
MPL-00419,Kerala,Wayanad,Wayanad,P. Gandhi,Community Infrastructure,Installation of Public Shed and Seating Area at Village-123,Installation of Public Shed and Seating Area at Village-123,Village-123,Block-6,11.72066,76.04811,871950.0,831847.36,787721.81,2023-04-19,2023-04-30,2023-06-03,,In Progress,Kisan Rural Developers,Public Works Department (PWD)
MPL-00420,Bihar,Patna,Patna Sahib,R. S. Prasad,Renewable Energy,Installation of Solar LED High-Mast Lighting System at Village-72,Installation of Solar LED High-Mast Lighting System at Village-72,Village-72,Block-10,25.73685,85.10593,502611.0,478613.77,433011.28,2024-03-03,2024-04-01,2024-05-29,2024-08-19,Completed,Surya Shakti Engineering,District Rural Development Agency (DRDA)
MPL-00421,Uttar Pradesh,Varanasi,Varanasi,N. Modi,Rural Connectivity & Roads,Paver Block Road Construction in Village-38,Paver Block Road Construction in Village-38,Village-38,Block-8,25.42989,82.85018,948413.0,936048.54,769968.47,2023-09-30,2023-10-19,2023-11-25,2024-05-17,Completed,Surya Shakti Engineering,Municipal Corporation
MPL-00422,Maharashtra,Nagpur,Nagpur,N. Gadkari,Education & Schools,Solar Rooftop Power System installation for School at Village-107,Solar Rooftop Power System installation for School at Village-107,Village-107,Block-2,21.29179,78.95803,573173.0,592403.62,504037.28,2023-05-18,2023-05-28,2023-06-25,2024-01-05,Completed,Local Panchayat Works Unit,Municipal Corporation
MPL-00423,Madhya Pradesh,Indore,Indore,S. Lalwani,Rural Connectivity & Roads,Paver Block Road Construction in Village-45,Paver Block Road Construction in Village-45,Village-45,Block-10,22.68413,75.87386,1082813.0,1078711.3,942453.25,2023-05-02,2023-05-21,2023-06-17,,In Progress,Apex Infrastructure Ltd,District Rural Development Agency (DRDA)
MPL-00424,Karnataka,Bengaluru Rural,Bengaluru Rural,C. N. Manjunath,Renewable Energy,Supply and installation of 25 Solar Street Lights in Village-58,Supply and installation of 25 Solar Street Lights in Village-58,Village-58,Block-3,12.95175,77.61757,514071.0,529041.75,383603.48,2023-10-10,2023-11-04,2023-12-29,2024-06-26,Completed,Sai Urban Works Pvt Ltd,Municipal Corporation
MPL-00425,Bihar,Patna,Patna Sahib,R. S. Prasad,Community Infrastructure,Construction of Community Hall at Village Village-71,Construction of Community Hall at Village Village-71,Village-71,Block-6,25.7046,85.176,2034001.0,2134548.37,1464516.21,2023-12-11,2024-01-06,2024-02-27,2024-08-16,Completed,Surya Shakti Engineering,Public Works Department (PWD)
MPL-00426,Uttar Pradesh,Varanasi,Varanasi,N. Modi,Rural Connectivity & Roads,Construction of CC Road and Drainage Channel at Village-149,Construction of CC Road and Drainage Channel at Village-149,Village-149,Block-5,25.2494,82.94975,1622705.0,1565283.49,1360335.01,2023-04-30,2023-05-19,2023-06-25,,In Progress,Kisan Rural Developers,Public Works Department (PWD)
MPL-00427,Gujarat,Rajkot,Rajkot,P. Rupala,Renewable Energy,Installation of Solar LED High-Mast Lighting System at Village-47,Installation of Solar LED High-Mast Lighting System at Village-47,Village-47,Block-9,22.39386,70.73364,449549.0,453988.86,337225.04,2023-10-30,2023-11-27,2024-01-01,2024-08-23,Completed,Kisan Rural Developers,Public Works Department (PWD)
MPL-00428,Kerala,Wayanad,Wayanad,P. Gandhi,Drinking Water & Sanitation,Installation of RO Water Purification Plant at Village-36,Installation of RO Water Purification Plant at Village-36,Village-36,Block-9,11.56613,76.02837,1043341.0,1020535.42,974107.35,2024-01-28,2024-02-26,2024-04-02,2024-07-12,Completed,Bharat Engineers & Builders,Rural Engineering Service (RES)
MPL-00429,Gujarat,Rajkot,Rajkot,P. Rupala,Education & Schools,Installation of Smart Classroom and Computer Lab in Village-20,Installation of Smart Classroom and Computer Lab in Village-20,Village-20,Block-6,22.1956,70.78478,822227.0,848443.28,803334.63,2024-04-21,2024-05-06,2024-06-12,2024-11-11,Completed,Local Panchayat Works Unit,Minor Irrigation Division
MPL-00430,Rajasthan,Jaipur,Jaipur,M. Joshi,Community Infrastructure,Installation of Public Shed and Seating Area at Village-31,Installation of Public Shed and Seating Area at Village-31,Village-31,Block-1,26.80147,75.66088,516579.0,497399.17,469194.9,2023-07-27,2023-08-21,2023-09-24,,In Progress,Shree Ganesh Construction Co,Public Works Department (PWD)
MPL-00431,Madhya Pradesh,Indore,Indore,S. Lalwani,Community Infrastructure,Construction of Community Hall at Village Village-28,Construction of Community Hall at Village Village-28,Village-28,Block-2,22.6455,75.72757,1068771.0,1100091.89,912777.2,2023-02-01,2023-03-02,2023-04-16,,In Progress,Apex Infrastructure Ltd,Public Works Department (PWD)
MPL-00432,Bihar,Patna,Patna Sahib,R. S. Prasad,Renewable Energy,Installation of Solar LED High-Mast Lighting System at Village-48,Installation of Solar LED High-Mast Lighting System at Village-48,Village-48,Block-9,25.70064,85.22184,751587.0,740428.46,546579.47,2023-09-14,2023-10-12,2023-12-03,2024-03-13,Completed,Local Panchayat Works Unit,Rural Engineering Service (RES)
MPL-00433,Gujarat,Rajkot,Rajkot,P. Rupala,Community Infrastructure,Installation of Public Shed and Seating Area at Village-4,Installation of Public Shed and Seating Area at Village-4,Village-4,Block-8,22.1552,70.8698,677263.0,658096.33,513002.51,2023-09-25,2023-10-16,2023-11-10,2024-05-25,Completed,Bharat Engineers & Builders,Minor Irrigation Division
MPL-00434,Maharashtra,Nagpur,Nagpur,N. Gadkari,Education & Schools,Solar Rooftop Power System installation for School at Village-28,Solar Rooftop Power System installation for School at Village-28,Village-28,Block-2,21.02965,79.23358,594816.0,614727.0,591479.28,2024-02-13,2024-03-10,2024-04-07,2024-09-18,Completed,Shree Ganesh Construction Co,Municipal Corporation
MPL-00435,Maharashtra,Nagpur,Nagpur,N. Gadkari,Education & Schools,Installation of Smart Classroom and Computer Lab in Village-74,Installation of Smart Classroom and Computer Lab in Village-74,Village-74,Block-9,21.17592,79.0318,1284195.0,1312721.67,930623.22,2024-04-27,2024-05-20,2024-06-11,2024-12-04,Completed,Surya Shakti Engineering,Rural Engineering Service (RES)
MPL-00436,Rajasthan,Jaipur,Jaipur,M. Joshi,Education & Schools,Construction of Additional Classrooms at Govt High School Village-18,Construction of Additional Classrooms at Govt High School Village-18,Village-18,Block-9,26.96465,75.83893,2963827.0,3053463.92,2909661.88,2023-12-31,2024-01-12,2024-02-07,,In Progress,Vanguard Infra Solutions,Municipal Corporation
MPL-00437,Gujarat,Rajkot,Rajkot,P. Rupala,Drinking Water & Sanitation,Construction of Public Toilets and Sanitation Block in Village-103,Construction of Public Toilets and Sanitation Block in Village-103,Village-103,Block-4,22.25549,70.83069,1328799.0,1340832.24,970709.79,2023-05-30,2023-06-22,2023-07-11,2023-10-29,Completed,Vanguard Infra Solutions,Public Works Department (PWD)
MPL-00438,Karnataka,Bengaluru Rural,Bengaluru Rural,C. N. Manjunath,Rural Connectivity & Roads,Widening of Rural Link Road connecting Village-149,Widening of Rural Link Road connecting Village-149,Village-149,Block-5,13.09545,77.53913,4489948.0,4388013.96,4206397.99,2024-10-07,2024-10-21,2024-11-30,2025-07-18,Completed,Surya Shakti Engineering,Minor Irrigation Division
MPL-00439,Karnataka,Bengaluru Rural,Bengaluru Rural,C. N. Manjunath,Community Infrastructure,Construction of Community Hall at Village Village-65,Construction of Community Hall at Village Village-65,Village-65,Block-7,12.93036,77.43827,2026223.0,2025670.61,1800322.05,2023-04-19,2023-05-18,2023-06-03,,In Progress,Apex Infrastructure Ltd,Rural Engineering Service (RES)
MPL-00440,Kerala,Wayanad,Wayanad,P. Gandhi,Drinking Water & Sanitation,Construction of Public Toilets and Sanitation Block in Village-25,Construction of Public Toilets and Sanitation Block in Village-25,Village-25,Block-6,11.73403,76.12908,1397097.0,1337932.35,1292989.42,2024-04-22,2024-05-19,2024-07-02,,In Progress,Sai Urban Works Pvt Ltd,Minor Irrigation Division
MPL-00441,Uttar Pradesh,Varanasi,Varanasi,N. Modi,Community Infrastructure,Development of Community Center and Boundary Wall in Village-31,Development of Community Center and Boundary Wall in Village-31,Village-31,Block-8,25.22066,83.02172,1202265.0,1196267.56,1149199.77,2024-03-06,2024-03-29,2024-05-12,,In Progress,Sai Urban Works Pvt Ltd,Rural Engineering Service (RES)
MPL-00442,Maharashtra,Nagpur,Nagpur,N. Gadkari,Rural Connectivity & Roads,Widening of Rural Link Road connecting Village-100,Widening of Rural Link Road connecting Village-100,Village-100,Block-1,21.16746,79.08097,4044534.0,4151314.2,3521400.09,2024-04-25,2024-05-17,2024-07-13,2025-01-27,Completed,National Civil Projects,Minor Irrigation Division
MPL-00443,Rajasthan,Jaipur,Jaipur,M. Joshi,Education & Schools,Solar Rooftop Power System installation for School at Village-97,Solar Rooftop Power System installation for School at Village-97,Village-97,Block-10,26.93954,75.67576,823454.0,837986.96,765763.83,2023-10-09,2023-10-19,2023-11-23,,In Progress,Kisan Rural Developers,District Rural Development Agency (DRDA)
MPL-00444,Kerala,Wayanad,Wayanad,P. Gandhi,Education & Schools,Construction of Additional Classrooms at Govt High School Village-110,Construction of Additional Classrooms at Govt High School Village-110,Village-110,Block-5,11.60579,76.07563,1923817.0,2018458.32,1584415.05,2023-02-14,2023-02-27,2023-04-25,,In Progress,Shree Ganesh Construction Co,Public Works Department (PWD)
MPL-00445,Kerala,Wayanad,Wayanad,P. Gandhi,Drinking Water & Sanitation,Installation of RO Water Purification Plant at Village-138,Installation of RO Water Purification Plant at Village-138,Village-138,Block-6,11.61539,76.19079,841958.0,803007.14,755514.46,2024-02-15,2024-03-08,2024-04-28,2024-10-12,Completed,Local Panchayat Works Unit,Public Works Department (PWD)
MPL-00446,Madhya Pradesh,Indore,Indore,S. Lalwani,Rural Connectivity & Roads,Widening of Rural Link Road connecting Village-26,Widening of Rural Link Road connecting Village-26,Village-26,Block-4,22.67146,75.89215,4048324.0,3886413.99,3653747.58,2023-11-16,2023-12-11,2024-01-26,2024-09-12,Completed,Kisan Rural Developers,Municipal Corporation
MPL-00447,Gujarat,Rajkot,Rajkot,P. Rupala,Renewable Energy,Installation of Solar LED High-Mast Lighting System at Village-74,Installation of Solar LED High-Mast Lighting System at Village-74,Village-74,Block-5,22.36921,70.82566,539017.0,514628.17,538407.0,2024-02-04,2024-02-16,2024-03-16,2024-06-07,Completed,Local Panchayat Works Unit,District Rural Development Agency (DRDA)
MPL-00448,Karnataka,Bengaluru Rural,Bengaluru Rural,C. N. Manjunath,Education & Schools,Construction of Additional Classrooms at Govt High School Village-89,Construction of Additional Classrooms at Govt High School Village-89,Village-89,Block-9,13.00851,77.54209,2868602.0,2747163.06,2716915.16,2024-05-07,2024-05-31,2024-07-04,2025-01-18,Completed,Sai Urban Works Pvt Ltd,Minor Irrigation Division
MPL-00449,Maharashtra,Nagpur,Nagpur,N. Gadkari,Community Infrastructure,Installation of Public Shed and Seating Area at Village-133,Installation of Public Shed and Seating Area at Village-133,Village-133,Block-1,21.18718,79.18088,852308.0,825591.46,724258.17,2024-10-12,2024-11-07,2024-12-21,,In Progress,Vanguard Infra Solutions,Minor Irrigation Division
MPL-00450,Bihar,Patna,Patna Sahib,R. S. Prasad,Rural Connectivity & Roads,Paver Block Road Construction in Village-38,Paver Block Road Construction in Village-38,Village-38,Block-3,25.63428,85.24139,752050.0,725763.8,681050.46,2023-10-17,2023-11-04,2023-12-16,2024-03-01,Completed,Sai Urban Works Pvt Ltd,District Rural Development Agency (DRDA)
MPL-00451,Bihar,Patna,Patna Sahib,R. S. Prasad,Education & Schools,Construction of Additional Classrooms at Govt High School Village-30,Construction of Additional Classrooms at Govt High School Village-30,Village-30,Block-5,25.57071,85.2593,1514493.0,1467833.9,1171726.86,2023-10-31,2023-11-14,2023-12-28,2024-06-16,Completed,Bharat Engineers & Builders,Rural Engineering Service (RES)
MPL-00452,Uttar Pradesh,Varanasi,Varanasi,N. Modi,Rural Connectivity & Roads,Paver Block Road Construction in Village-141,Paver Block Road Construction in Village-141,Village-141,Block-7,25.43655,82.91807,684533.0,694410.39,487845.94,2024-04-21,2024-05-12,2024-05-28,,In Progress,Sai Urban Works Pvt Ltd,Public Works Department (PWD)
MPL-00453,Gujarat,Rajkot,Rajkot,P. Rupala,Education & Schools,Solar Rooftop Power System installation for School at Village-36,Solar Rooftop Power System installation for School at Village-36,Village-36,Block-2,22.4388,70.93167,623753.0,599547.16,574067.41,2023-04-17,2023-05-04,2023-06-21,2024-01-15,Completed,Sai Urban Works Pvt Ltd,Municipal Corporation
MPL-00454,Gujarat,Rajkot,Rajkot,P. Rupala,Rural Connectivity & Roads,Paver Block Road Construction in Village-150,Paver Block Road Construction in Village-150,Village-150,Block-5,22.20645,70.94318,908892.0,936689.7,839077.91,2024-02-10,2024-03-09,2024-04-06,,In Progress,Surya Shakti Engineering,Municipal Corporation
MPL-00455,Uttar Pradesh,Varanasi,Varanasi,N. Modi,Education & Schools,Solar Rooftop Power System installation for School at Village-96,Solar Rooftop Power System installation for School at Village-96,Village-96,Block-6,25.43143,83.10499,866801.0,905695.3,689060.84,2024-02-19,2024-03-09,2024-04-23,2024-09-01,Completed,Kisan Rural Developers,Municipal Corporation
MPL-00456,Uttar Pradesh,Varanasi,Varanasi,N. Modi,Renewable Energy,Installation of Solar LED High-Mast Lighting System at Village-14,Installation of Solar LED High-Mast Lighting System at Village-14,Village-14,Block-4,25.45515,82.93276,762116.0,793931.09,687032.01,2023-08-24,2023-09-17,2023-11-06,2024-06-16,Completed,Shree Ganesh Construction Co,Minor Irrigation Division
MPL-00457,Madhya Pradesh,Indore,Indore,S. Lalwani,Community Infrastructure,Development of Community Center and Boundary Wall in Village-66,Development of Community Center and Boundary Wall in Village-66,Village-66,Block-1,22.83667,75.98247,1115504.0,1069796.26,1056172.93,2023-08-12,2023-08-30,2023-10-03,,In Progress,Kisan Rural Developers,Municipal Corporation
MPL-00458,Gujarat,Rajkot,Rajkot,P. Rupala,Education & Schools,Installation of Smart Classroom and Computer Lab in Village-106,Installation of Smart Classroom and Computer Lab in Village-106,Village-106,Block-8,22.17381,70.77846,1582023.0,1555559.27,1307873.92,2023-04-03,2023-04-13,2023-05-08,2023-11-13,Completed,Reliable Works Corporation,District Rural Development Agency (DRDA)
MPL-00459,Uttar Pradesh,Varanasi,Varanasi,N. Modi,Drinking Water & Sanitation,Drilling of Deep Borewell and Overhead Tank Setup at Village-114,Drilling of Deep Borewell and Overhead Tank Setup at Village-114,Village-114,Block-7,25.21495,82.97881,592703.0,563250.15,450467.67,2023-10-20,2023-11-09,2023-12-14,2024-03-11,Completed,National Civil Projects,Minor Irrigation Division
MPL-00460,Karnataka,Bengaluru Rural,Bengaluru Rural,C. N. Manjunath,Education & Schools,Solar Rooftop Power System installation for School at Village-35,Solar Rooftop Power System installation for School at Village-35,Village-35,Block-4,13.03885,77.47237,636671.0,615882.36,558937.37,2023-11-22,2023-12-02,2024-01-04,,In Progress,Vanguard Infra Solutions,Minor Irrigation Division
MPL-00461,Uttar Pradesh,Varanasi,Varanasi,N. Modi,Renewable Energy,Installation of Solar LED High-Mast Lighting System at Village-23,Installation of Solar LED High-Mast Lighting System at Village-23,Village-23,Block-10,25.34772,82.86868,642443.0,623058.32,584866.2,2023-06-09,2023-06-22,2023-07-10,2023-12-26,Completed,Kisan Rural Developers,Rural Engineering Service (RES)
MPL-00462,Uttar Pradesh,Varanasi,Varanasi,N. Modi,Renewable Energy,Supply and installation of 25 Solar Street Lights in Village-117,Supply and installation of 25 Solar Street Lights in Village-117,Village-117,Block-4,25.25399,82.97215,933721.0,949931.33,686801.94,2023-06-29,2023-07-28,2023-08-24,2023-12-30,Completed,National Civil Projects,Municipal Corporation
MPL-00463,Bihar,Patna,Patna Sahib,R. S. Prasad,Rural Connectivity & Roads,Widening of Rural Link Road connecting Village-49,Widening of Rural Link Road connecting Village-49,Village-49,Block-8,25.6294,85.2598,3754607.0,3634598.45,3520841.64,2023-01-18,2023-01-30,2023-03-04,2023-07-02,Completed,Kisan Rural Developers,Minor Irrigation Division
MPL-00464,Uttar Pradesh,Varanasi,Varanasi,N. Modi,Education & Schools,Construction of Additional Classrooms at Govt High School Village-83,Construction of Additional Classrooms at Govt High School Village-83,Village-83,Block-6,25.24447,82.85248,2653375.0,2626192.42,2026290.41,2024-01-11,2024-01-28,2024-03-28,2024-10-26,Completed,Apex Infrastructure Ltd,Public Works Department (PWD)
MPL-00465,Karnataka,Bengaluru Rural,Bengaluru Rural,C. N. Manjunath,Rural Connectivity & Roads,Widening of Rural Link Road connecting Village-12,Widening of Rural Link Road connecting Village-12,Village-12,Block-5,13.20492,77.58567,2022485.0,1972662.47,1791714.13,2023-10-22,2023-11-06,2023-12-16,2024-03-18,Completed,Local Panchayat Works Unit,Rural Engineering Service (RES)
MPL-00466,Karnataka,Bengaluru Rural,Bengaluru Rural,C. N. Manjunath,Rural Connectivity & Roads,Paver Block Road Construction in Village-34,Paver Block Road Construction in Village-34,Village-34,Block-7,12.92775,77.45616,594002.0,583150.62,510323.24,2023-05-07,2023-05-26,2023-06-26,,In Progress,Sai Urban Works Pvt Ltd,District Rural Development Agency (DRDA)
MPL-00467,Rajasthan,Jaipur,Jaipur,M. Joshi,Renewable Energy,Supply and installation of 25 Solar Street Lights in Village-133,Supply and installation of 25 Solar Street Lights in Village-133,Village-133,Block-1,26.9534,75.7693,664107.0,659841.8,497744.97,2024-05-01,2024-05-18,2024-06-11,2025-01-25,Completed,Bharat Engineers & Builders,Rural Engineering Service (RES)
MPL-00468,Maharashtra,Nagpur,Nagpur,N. Gadkari,Community Infrastructure,Development of Community Center and Boundary Wall in Village-67,Development of Community Center and Boundary Wall in Village-67,Village-67,Block-6,21.14136,79.0861,971499.0,991508.27,807246.65,2024-05-09,2024-05-21,2024-06-07,2024-12-27,Completed,National Civil Projects,Public Works Department (PWD)
MPL-00469,Bihar,Patna,Patna Sahib,R. S. Prasad,Rural Connectivity & Roads,Construction of CC Road and Drainage Channel at Village-44,Construction of CC Road and Drainage Channel at Village-44,Village-44,Block-7,25.7435,84.98884,3072731.0,3075415.88,2402376.22,2024-10-29,2024-11-10,2025-01-01,,In Progress,Local Panchayat Works Unit,Rural Engineering Service (RES)
MPL-00470,Bihar,Patna,Patna Sahib,R. S. Prasad,Education & Schools,Solar Rooftop Power System installation for School at Village-25,Solar Rooftop Power System installation for School at Village-25,Village-25,Block-1,25.72284,85.01942,965236.0,948697.43,757984.75,2024-11-15,2024-11-27,2024-12-19,2025-07-18,Completed,Kisan Rural Developers,Rural Engineering Service (RES)
MPL-00471,Karnataka,Bengaluru Rural,Bengaluru Rural,C. N. Manjunath,Education & Schools,Installation of Smart Classroom and Computer Lab in Village-69,Installation of Smart Classroom and Computer Lab in Village-69,Village-69,Block-4,13.01197,77.63726,1323068.0,1343973.31,1056903.87,2023-02-03,2023-02-14,2023-04-11,2023-10-03,Completed,Local Panchayat Works Unit,Rural Engineering Service (RES)
MPL-00472,Rajasthan,Jaipur,Jaipur,M. Joshi,Rural Connectivity & Roads,Construction of CC Road and Drainage Channel at Village-19,Construction of CC Road and Drainage Channel at Village-19,Village-19,Block-4,27.05191,75.89695,2647469.0,2767108.17,2156144.5,2024-01-29,2024-02-13,2024-03-15,,In Progress,Shree Ganesh Construction Co,Public Works Department (PWD)
MPL-00473,Madhya Pradesh,Indore,Indore,S. Lalwani,Education & Schools,Installation of Smart Classroom and Computer Lab in Village-40,Installation of Smart Classroom and Computer Lab in Village-40,Village-40,Block-8,22.76926,75.95732,826460.0,809810.69,777145.24,2023-10-21,2023-11-14,2024-01-11,2024-06-10,Completed,Reliable Works Corporation,Rural Engineering Service (RES)
MPL-00474,Madhya Pradesh,Indore,Indore,S. Lalwani,Education & Schools,Installation of Smart Classroom and Computer Lab in Village-145,Installation of Smart Classroom and Computer Lab in Village-145,Village-145,Block-8,22.75881,75.73558,1329502.0,1319274.22,1232378.15,2023-12-27,2024-01-13,2024-03-07,,In Progress,Reliable Works Corporation,District Rural Development Agency (DRDA)
MPL-00475,Maharashtra,Nagpur,Nagpur,N. Gadkari,Education & Schools,Solar Rooftop Power System installation for School at Village-135,Solar Rooftop Power System installation for School at Village-135,Village-135,Block-7,21.03414,79.20907,544024.0,532637.74,452196.37,2024-04-15,2024-05-04,2024-06-07,,In Progress,Bharat Engineers & Builders,Minor Irrigation Division
MPL-00476,Uttar Pradesh,Varanasi,Varanasi,N. Modi,Renewable Energy,Installation of Solar LED High-Mast Lighting System at Village-12,Installation of Solar LED High-Mast Lighting System at Village-12,Village-12,Block-9,25.41145,82.93054,669177.0,642920.65,553726.61,2023-03-28,2023-04-07,2023-05-21,2023-12-12,Completed,Local Panchayat Works Unit,Public Works Department (PWD)
MPL-00477,Gujarat,Rajkot,Rajkot,P. Rupala,Education & Schools,Construction of Additional Classrooms at Govt High School Village-47,Construction of Additional Classrooms at Govt High School Village-47,Village-47,Block-3,22.38111,70.78718,2967710.0,2935942.84,2151551.67,2023-10-16,2023-11-01,2023-12-06,2024-05-30,Completed,Sai Urban Works Pvt Ltd,District Rural Development Agency (DRDA)
MPL-00478,Maharashtra,Nagpur,Nagpur,N. Gadkari,Community Infrastructure,Installation of Public Shed and Seating Area at Village-67,Installation of Public Shed and Seating Area at Village-67,Village-67,Block-8,21.04732,79.08134,856977.0,871837.73,711410.61,2022-12-31,2023-01-19,2023-02-03,2023-04-07,Completed,Vanguard Infra Solutions,Minor Irrigation Division
MPL-00479,Kerala,Wayanad,Wayanad,P. Gandhi,Education & Schools,Installation of Smart Classroom and Computer Lab in Village-23,Installation of Smart Classroom and Computer Lab in Village-23,Village-23,Block-9,11.59817,76.17659,831165.0,800836.95,629391.9,2023-01-01,2023-01-17,2023-03-17,2023-05-22,Completed,Bharat Engineers & Builders,Municipal Corporation
MPL-00480,Gujarat,Rajkot,Rajkot,P. Rupala,Rural Connectivity & Roads,Paver Block Road Construction in Village-38,Paver Block Road Construction in Village-38,Village-38,Block-4,22.29535,70.91014,997013.0,989224.26,732742.39,2023-05-18,2023-06-06,2023-08-04,2024-02-04,Completed,Local Panchayat Works Unit,Rural Engineering Service (RES)
MPL-00481,Madhya Pradesh,Indore,Indore,S. Lalwani,Community Infrastructure,Development of Community Center and Boundary Wall in Village-3,Development of Community Center and Boundary Wall in Village-3,Village-3,Block-7,22.78892,76.00741,907650.0,919486.65,829526.61,2024-02-05,2024-03-01,2024-04-16,2024-11-14,Completed,Apex Infrastructure Ltd,Municipal Corporation
MPL-00482,Karnataka,Bengaluru Rural,Bengaluru Rural,C. N. Manjunath,Drinking Water & Sanitation,Drilling of Deep Borewell and Overhead Tank Setup at Village-16,Drilling of Deep Borewell and Overhead Tank Setup at Village-16,Village-16,Block-10,13.10899,77.68454,1003971.0,955681.97,876387.37,2024-06-20,2024-07-20,2024-08-08,,In Progress,Shree Ganesh Construction Co,Municipal Corporation
MPL-00483,Kerala,Wayanad,Wayanad,P. Gandhi,Education & Schools,Solar Rooftop Power System installation for School at Village-112,Solar Rooftop Power System installation for School at Village-112,Village-112,Block-8,11.60131,76.25472,510908.0,493605.25,468943.42,2024-04-11,2024-04-25,2024-06-01,2024-12-07,Completed,Kisan Rural Developers,Minor Irrigation Division
MPL-00484,Rajasthan,Jaipur,Jaipur,M. Joshi,Education & Schools,Installation of Smart Classroom and Computer Lab in Village-93,Installation of Smart Classroom and Computer Lab in Village-93,Village-93,Block-3,26.96961,75.66316,1534637.0,1530389.87,1521258.79,2023-05-30,2023-06-15,2023-08-08,,In Progress,Surya Shakti Engineering,Rural Engineering Service (RES)
MPL-00485,Maharashtra,Nagpur,Nagpur,N. Gadkari,Renewable Energy,Supply and installation of 25 Solar Street Lights in Village-26,Supply and installation of 25 Solar Street Lights in Village-26,Village-26,Block-3,21.00991,78.94364,916013.0,908317.06,914300.21,2023-10-23,2023-11-07,2023-12-07,,In Progress,Sai Urban Works Pvt Ltd,District Rural Development Agency (DRDA)
MPL-00486,Uttar Pradesh,Varanasi,Varanasi,N. Modi,Community Infrastructure,Development of Community Center and Boundary Wall in Village-111,Development of Community Center and Boundary Wall in Village-111,Village-111,Block-5,25.2697,82.93047,919505.0,930314.97,676945.47,2023-08-04,2023-08-18,2023-10-03,,In Progress,Apex Infrastructure Ltd,Minor Irrigation Division
MPL-00487,Gujarat,Rajkot,Rajkot,P. Rupala,Community Infrastructure,Development of Community Center and Boundary Wall in Village-118,Development of Community Center and Boundary Wall in Village-118,Village-118,Block-2,22.40098,70.66479,1682478.0,1725509.79,1669687.68,2024-09-01,2024-09-17,2024-11-10,2025-02-04,Completed,Shree Ganesh Construction Co,Rural Engineering Service (RES)
MPL-00488,Kerala,Wayanad,Wayanad,P. Gandhi,Drinking Water & Sanitation,Drilling of Deep Borewell and Overhead Tank Setup at Village-75,Drilling of Deep Borewell and Overhead Tank Setup at Village-75,Village-75,Block-7,11.78115,76.0189,912965.0,936881.46,775579.56,2023-04-02,2023-04-12,2023-05-06,2023-09-28,Completed,Bharat Engineers & Builders,Municipal Corporation
MPL-00489,Bihar,Patna,Patna Sahib,R. S. Prasad,Education & Schools,Installation of Smart Classroom and Computer Lab in Village-74,Installation of Smart Classroom and Computer Lab in Village-74,Village-74,Block-3,25.48958,85.21365,1229554.0,1189133.86,958811.97,2024-02-06,2024-02-29,2024-04-07,2024-08-07,Completed,Vanguard Infra Solutions,Rural Engineering Service (RES)
MPL-00490,Madhya Pradesh,Indore,Indore,S. Lalwani,Education & Schools,Installation of Smart Classroom and Computer Lab in Village-133,Installation of Smart Classroom and Computer Lab in Village-133,Village-133,Block-3,22.85269,75.73313,1533206.0,1561140.8,1507328.67,2024-03-06,2024-03-29,2024-04-22,2024-10-31,Completed,Kisan Rural Developers,Municipal Corporation
MPL-00491,Uttar Pradesh,Varanasi,Varanasi,N. Modi,Education & Schools,Construction of Additional Classrooms at Govt High School Village-39,Construction of Additional Classrooms at Govt High School Village-39,Village-39,Block-6,25.2882,83.02816,2404933.0,2298589.23,2139145.26,2024-10-17,2024-11-07,2024-12-25,2025-06-10,Completed,Reliable Works Corporation,District Rural Development Agency (DRDA)
MPL-00492,Uttar Pradesh,Varanasi,Varanasi,N. Modi,Rural Connectivity & Roads,Widening of Rural Link Road connecting Village-38,Widening of Rural Link Road connecting Village-38,Village-38,Block-5,25.30024,82.92748,4937250.0,4889821.83,4409772.99,2024-06-29,2024-07-11,2024-09-03,2025-04-17,Completed,Vanguard Infra Solutions,Rural Engineering Service (RES)
MPL-00493,Uttar Pradesh,Varanasi,Varanasi,N. Modi,Renewable Energy,Supply and installation of 25 Solar Street Lights in Village-100,Supply and installation of 25 Solar Street Lights in Village-100,Village-100,Block-3,25.19545,82.98944,880160.0,899424.99,848441.4,2024-06-06,2024-06-16,2024-08-04,,In Progress,Reliable Works Corporation,District Rural Development Agency (DRDA)
MPL-00494,Uttar Pradesh,Varanasi,Varanasi,N. Modi,Renewable Energy,Supply and installation of 25 Solar Street Lights in Village-62,Supply and installation of 25 Solar Street Lights in Village-62,Village-62,Block-2,25.24553,82.97615,936327.0,961997.13,859503.97,2024-05-08,2024-06-01,2024-06-23,2024-11-25,Completed,Shree Ganesh Construction Co,Public Works Department (PWD)
MPL-00495,Rajasthan,Jaipur,Jaipur,M. Joshi,Renewable Energy,Installation of Solar LED High-Mast Lighting System at Village-117,Installation of Solar LED High-Mast Lighting System at Village-117,Village-117,Block-5,26.96206,75.89065,577723.0,605624.16,543993.38,2024-07-30,2024-08-18,2024-10-08,2025-05-16,Completed,Bharat Engineers & Builders,District Rural Development Agency (DRDA)
MPL-00496,Maharashtra,Nagpur,Nagpur,N. Gadkari,Education & Schools,Solar Rooftop Power System installation for School at Village-64,Solar Rooftop Power System installation for School at Village-64,Village-64,Block-1,21.20929,79.18673,555169.0,545611.6,485612.27,2023-12-13,2024-01-05,2024-02-18,,In Progress,Shree Ganesh Construction Co,Public Works Department (PWD)
MPL-00497,Maharashtra,Nagpur,Nagpur,N. Gadkari,Education & Schools,Construction of Additional Classrooms at Govt High School Village-115,Construction of Additional Classrooms at Govt High School Village-115,Village-115,Block-8,21.2574,79.11349,1363730.0,1345905.26,1169912.17,2024-08-02,2024-08-25,2024-10-14,2025-03-24,Completed,Vanguard Infra Solutions,Municipal Corporation
MPL-00498,Maharashtra,Nagpur,Nagpur,N. Gadkari,Drinking Water & Sanitation,Drilling of Deep Borewell and Overhead Tank Setup at Village-33,Drilling of Deep Borewell and Overhead Tank Setup at Village-33,Village-33,Block-6,21.05959,79.08021,958312.0,978546.81,708015.81,2024-05-27,2024-06-09,2024-07-27,,In Progress,National Civil Projects,Minor Irrigation Division
MPL-00499,Madhya Pradesh,Indore,Indore,S. Lalwani,Community Infrastructure,Construction of Community Hall at Village Village-95,Construction of Community Hall at Village Village-95,Village-95,Block-10,22.66058,75.85348,2199077.0,2152806.35,1884242.29,2023-04-08,2023-05-01,2023-06-08,2023-11-10,Completed,National Civil Projects,Rural Engineering Service (RES)
MPL-00500,Uttar Pradesh,Varanasi,Varanasi,N. Modi,Rural Connectivity & Roads,Paver Block Road Construction in Village-56,Paver Block Road Construction in Village-56,Village-56,Block-6,25.29287,82.99582,691970.0,714052.5,585848.16,2023-04-14,2023-05-06,2023-06-25,2023-09-04,Completed,Local Panchayat Works Unit,Municipal Corporation
MPL-00501,Karnataka,Bengaluru Rural,Bengaluru Rural,C. N. Manjunath,Renewable Energy,Installation of Solar LED High-Mast Lighting System at Village-36,Installation of Solar LED High-Mast Lighting System at Village-36,Village-36,Block-7,13.13286,77.44459,664641.0,673710.71,617121.58,2024-10-23,2024-11-14,2024-12-27,,In Progress,Local Panchayat Works Unit,Minor Irrigation Division
MPL-00502,Bihar,Patna,Patna Sahib,R. S. Prasad,Education & Schools,Installation of Smart Classroom and Computer Lab in Village-139,Installation of Smart Classroom and Computer Lab in Village-139,Village-139,Block-2,25.49378,84.99504,748045.0,782311.41,723369.2,2023-09-12,2023-10-12,2023-12-07,,In Progress,Sai Urban Works Pvt Ltd,Minor Irrigation Division
MPL-00503,Gujarat,Rajkot,Rajkot,P. Rupala,Drinking Water & Sanitation,Drilling of Deep Borewell and Overhead Tank Setup at Village-139,Drilling of Deep Borewell and Overhead Tank Setup at Village-139,Village-139,Block-1,22.42296,70.68828,1054876.0,1082051.21,1041360.76,2024-05-31,2024-06-18,2024-07-15,2025-01-19,Completed,Reliable Works Corporation,Rural Engineering Service (RES)
MPL-00504,Bihar,Patna,Patna Sahib,R. S. Prasad,Drinking Water & Sanitation,Drilling of Deep Borewell and Overhead Tank Setup at Village-149,Drilling of Deep Borewell and Overhead Tank Setup at Village-149,Village-149,Block-7,25.70269,84.99458,915808.0,877769.73,787652.72,2023-11-15,2023-11-25,2024-01-04,2024-07-07,Completed,Vanguard Infra Solutions,Rural Engineering Service (RES)
MPL-00505,Kerala,Wayanad,Wayanad,P. Gandhi,Education & Schools,Installation of Smart Classroom and Computer Lab in Village-24,Installation of Smart Classroom and Computer Lab in Village-24,Village-24,Block-1,11.76589,76.02827,820213.0,859565.68,707461.42,2023-09-21,2023-10-20,2023-11-13,,In Progress,Vanguard Infra Solutions,Rural Engineering Service (RES)
MPL-00506,Kerala,Wayanad,Wayanad,P. Gandhi,Drinking Water & Sanitation,Installation of RO Water Purification Plant at Village-15,Installation of RO Water Purification Plant at Village-15,Village-15,Block-4,11.81787,76.25185,812501.0,803558.59,646760.9,2024-01-29,2024-02-27,2024-04-02,,In Progress,Apex Infrastructure Ltd,Rural Engineering Service (RES)
MPL-00507,Bihar,Patna,Patna Sahib,R. S. Prasad,Education & Schools,Solar Rooftop Power System installation for School at Village-130,Solar Rooftop Power System installation for School at Village-130,Village-130,Block-5,25.58935,85.10985,701876.0,733415.29,548015.14,2023-10-26,2023-11-22,2024-01-05,2024-03-21,Completed,Bharat Engineers & Builders,Public Works Department (PWD)
MPL-00508,Gujarat,Rajkot,Rajkot,P. Rupala,Drinking Water & Sanitation,Drilling of Deep Borewell and Overhead Tank Setup at Village-33,Drilling of Deep Borewell and Overhead Tank Setup at Village-33,Village-33,Block-9,22.44427,70.76419,769409.0,774659.88,641529.13,2024-09-20,2024-10-13,2024-11-29,,In Progress,National Civil Projects,Rural Engineering Service (RES)
MPL-00509,Karnataka,Bengaluru Rural,Bengaluru Rural,C. N. Manjunath,Community Infrastructure,Construction of Community Hall at Village Village-119,Construction of Community Hall at Village Village-119,Village-119,Block-4,12.99649,77.49307,2301764.0,2253254.2,2282485.67,2022-12-04,2023-01-01,2023-01-19,2023-07-21,Completed,Vanguard Infra Solutions,District Rural Development Agency (DRDA)
MPL-00510,Rajasthan,Jaipur,Jaipur,M. Joshi,Community Infrastructure,Construction of Community Hall at Village Village-137,Construction of Community Hall at Village Village-137,Village-137,Block-6,27.02588,75.70056,2180867.0,2087075.59,1585303.91,2023-04-06,2023-05-06,2023-05-29,2023-10-07,Completed,Reliable Works Corporation,District Rural Development Agency (DRDA)
MPL-00511,Rajasthan,Jaipur,Jaipur,M. Joshi,Education & Schools,Installation of Smart Classroom and Computer Lab in Village-63,Installation of Smart Classroom and Computer Lab in Village-63,Village-63,Block-1,26.80252,75.91398,1394447.0,1461801.85,1119028.3,2024-04-05,2024-04-15,2024-06-07,2025-01-30,Completed,Local Panchayat Works Unit,Municipal Corporation
MPL-00512,Maharashtra,Nagpur,Nagpur,N. Gadkari,Education & Schools,Solar Rooftop Power System installation for School at Village-126,Solar Rooftop Power System installation for School at Village-126,Village-126,Block-6,21.00508,79.18783,899751.0,890104.87,651729.81,2024-10-04,2024-10-26,2024-12-21,,In Progress,Surya Shakti Engineering,Public Works Department (PWD)
MPL-00513,Kerala,Wayanad,Wayanad,P. Gandhi,Education & Schools,Construction of Additional Classrooms at Govt High School Village-3,Construction of Additional Classrooms at Govt High School Village-3,Village-3,Block-2,11.54133,76.06634,1461648.0,1456194.96,1433693.04,2024-03-02,2024-03-31,2024-04-15,,In Progress,Kisan Rural Developers,Rural Engineering Service (RES)
MPL-00514,Rajasthan,Jaipur,Jaipur,M. Joshi,Drinking Water & Sanitation,Installation of RO Water Purification Plant at Village-127,Installation of RO Water Purification Plant at Village-127,Village-127,Block-10,27.05768,75.82883,880632.0,839840.78,746645.04,2024-08-17,2024-09-12,2024-10-10,,In Progress,Shree Ganesh Construction Co,District Rural Development Agency (DRDA)
MPL-00515,Karnataka,Bengaluru Rural,Bengaluru Rural,C. N. Manjunath,Drinking Water & Sanitation,Drilling of Deep Borewell and Overhead Tank Setup at Village-50,Drilling of Deep Borewell and Overhead Tank Setup at Village-50,Village-50,Block-5,12.95273,77.69787,1043186.0,1061147.11,918933.96,2023-06-13,2023-06-29,2023-07-18,2023-10-02,Completed,Bharat Engineers & Builders,Minor Irrigation Division
MPL-00516,Uttar Pradesh,Varanasi,Varanasi,N. Modi,Renewable Energy,Supply and installation of 25 Solar Street Lights in Village-144,Supply and installation of 25 Solar Street Lights in Village-144,Village-144,Block-2,25.42376,82.9208,962999.0,958562.09,945055.55,2024-09-22,2024-10-18,2024-12-15,2025-02-26,Completed,Vanguard Infra Solutions,District Rural Development Agency (DRDA)
MPL-00517,Karnataka,Bengaluru Rural,Bengaluru Rural,C. N. Manjunath,Education & Schools,Installation of Smart Classroom and Computer Lab in Village-133,Installation of Smart Classroom and Computer Lab in Village-133,Village-133,Block-2,13.04916,77.41935,1495891.0,1427598.29,1370783.78,2023-01-21,2023-02-18,2023-03-22,2023-10-04,Completed,Bharat Engineers & Builders,District Rural Development Agency (DRDA)
MPL-00518,Uttar Pradesh,Varanasi,Varanasi,N. Modi,Drinking Water & Sanitation,Drilling of Deep Borewell and Overhead Tank Setup at Village-109,Drilling of Deep Borewell and Overhead Tank Setup at Village-109,Village-109,Block-10,25.35519,82.83226,528056.0,550075.68,400827.8,2023-11-04,2023-12-04,2024-01-07,,In Progress,Vanguard Infra Solutions,Public Works Department (PWD)
MPL-00519,Kerala,Wayanad,Wayanad,P. Gandhi,Rural Connectivity & Roads,Construction of CC Road and Drainage Channel at Village-28,Construction of CC Road and Drainage Channel at Village-28,Village-28,Block-2,11.81846,76.21472,2493161.0,2427929.74,2000114.95,2023-01-26,2023-02-25,2023-04-02,2023-07-31,Completed,Local Panchayat Works Unit,Municipal Corporation
MPL-00520,Karnataka,Bengaluru Rural,Bengaluru Rural,C. N. Manjunath,Renewable Energy,Installation of Solar LED High-Mast Lighting System at Village-22,Installation of Solar LED High-Mast Lighting System at Village-22,Village-22,Block-2,13.15522,77.43424,431817.0,449811.44,351161.59,2023-02-23,2023-03-08,2023-03-31,,In Progress,Local Panchayat Works Unit,Municipal Corporation
MPL-00521,Uttar Pradesh,Varanasi,Varanasi,N. Modi,Renewable Energy,Installation of Solar LED High-Mast Lighting System at Village-76,Installation of Solar LED High-Mast Lighting System at Village-76,Village-76,Block-10,25.3548,82.95992,599992.0,594093.06,531107.27,2024-01-27,2024-02-25,2024-03-25,2024-11-08,Completed,Surya Shakti Engineering,Municipal Corporation
MPL-00522,Gujarat,Rajkot,Rajkot,P. Rupala,Rural Connectivity & Roads,Widening of Rural Link Road connecting Village-7,Widening of Rural Link Road connecting Village-7,Village-7,Block-3,22.36789,70.83007,3904535.0,3911255.83,3421715.85,2023-03-22,2023-04-21,2023-05-12,,In Progress,Bharat Engineers & Builders,Minor Irrigation Division
MPL-00523,Rajasthan,Jaipur,Jaipur,M. Joshi,Rural Connectivity & Roads,Paver Block Road Construction in Village-124,Paver Block Road Construction in Village-124,Village-124,Block-10,26.93776,75.79124,1151009.0,1144635.21,889667.51,2023-01-19,2023-02-15,2023-03-05,,In Progress,Kisan Rural Developers,District Rural Development Agency (DRDA)
MPL-00524,Maharashtra,Nagpur,Nagpur,N. Gadkari,Drinking Water & Sanitation,Construction of Public Toilets and Sanitation Block in Village-80,Construction of Public Toilets and Sanitation Block in Village-80,Village-80,Block-7,21.03918,79.00942,1232636.0,1213271.33,999235.14,2022-12-19,2023-01-09,2023-02-26,2023-10-17,Completed,Reliable Works Corporation,Public Works Department (PWD)
MPL-00525,Bihar,Patna,Patna Sahib,R. S. Prasad,Drinking Water & Sanitation,Drilling of Deep Borewell and Overhead Tank Setup at Village-52,Drilling of Deep Borewell and Overhead Tank Setup at Village-52,Village-52,Block-6,25.61393,85.0883,521726.0,513459.35,469740.2,2024-04-08,2024-04-23,2024-06-15,2025-01-09,Completed,Sai Urban Works Pvt Ltd,Municipal Corporation
MPL-00526,Gujarat,Rajkot,Rajkot,P. Rupala,Education & Schools,Construction of Additional Classrooms at Govt High School Village-127,Construction of Additional Classrooms at Govt High School Village-127,Village-127,Block-4,22.29812,70.8827,1660127.0,1729844.63,1480219.23,2023-08-02,2023-08-24,2023-10-07,2024-02-05,Completed,Kisan Rural Developers,Municipal Corporation
MPL-00527,Maharashtra,Nagpur,Nagpur,N. Gadkari,Community Infrastructure,Development of Community Center and Boundary Wall in Village-3,Development of Community Center and Boundary Wall in Village-3,Village-3,Block-4,21.17151,79.16786,877312.0,864844.23,760109.68,2023-05-10,2023-05-26,2023-06-28,2024-02-04,Completed,Apex Infrastructure Ltd,Public Works Department (PWD)
MPL-00528,Rajasthan,Jaipur,Jaipur,M. Joshi,Drinking Water & Sanitation,Installation of RO Water Purification Plant at Village-68,Installation of RO Water Purification Plant at Village-68,Village-68,Block-7,27.01526,75.91049,682750.0,671813.54,591501.48,2023-06-02,2023-07-02,2023-07-29,,In Progress,Apex Infrastructure Ltd,Rural Engineering Service (RES)
MPL-00529,Gujarat,Rajkot,Rajkot,P. Rupala,Rural Connectivity & Roads,Construction of CC Road and Drainage Channel at Village-79,Construction of CC Road and Drainage Channel at Village-79,Village-79,Block-3,22.4184,70.91572,2456728.0,2392889.91,2316316.98,2024-10-24,2024-11-07,2024-12-02,2025-07-09,Completed,Shree Ganesh Construction Co,Public Works Department (PWD)
MPL-00530,Bihar,Patna,Patna Sahib,R. S. Prasad,Drinking Water & Sanitation,Drilling of Deep Borewell and Overhead Tank Setup at Village-97,Drilling of Deep Borewell and Overhead Tank Setup at Village-97,Village-97,Block-6,25.6203,85.24393,842435.0,827098.61,698262.4,2024-09-26,2024-10-13,2024-11-12,2025-06-17,Completed,Sai Urban Works Pvt Ltd,Rural Engineering Service (RES)
MPL-00531,Uttar Pradesh,Varanasi,Varanasi,N. Modi,Rural Connectivity & Roads,Construction of CC Road and Drainage Channel at Village-131,Construction of CC Road and Drainage Channel at Village-131,Village-131,Block-8,25.18706,82.97648,2724909.0,2830045.33,2078482.3,2023-02-27,2023-03-25,2023-05-09,2023-12-12,Completed,Reliable Works Corporation,District Rural Development Agency (DRDA)
MPL-00532,Karnataka,Bengaluru Rural,Bengaluru Rural,C. N. Manjunath,Drinking Water & Sanitation,Construction of Public Toilets and Sanitation Block in Village-96,Construction of Public Toilets and Sanitation Block in Village-96,Village-96,Block-4,13.03478,77.69416,1151001.0,1173389.08,1052814.82,2024-05-04,2024-05-21,2024-07-05,,In Progress,Local Panchayat Works Unit,Public Works Department (PWD)
MPL-00533,Bihar,Patna,Patna Sahib,R. S. Prasad,Education & Schools,Construction of Additional Classrooms at Govt High School Village-102,Construction of Additional Classrooms at Govt High School Village-102,Village-102,Block-8,25.52046,85.01303,1658424.0,1626250.41,1603053.67,2024-07-13,2024-08-08,2024-09-02,2025-02-04,Completed,Shree Ganesh Construction Co,District Rural Development Agency (DRDA)
MPL-00534,Kerala,Wayanad,Wayanad,P. Gandhi,Drinking Water & Sanitation,Drilling of Deep Borewell and Overhead Tank Setup at Village-11,Drilling of Deep Borewell and Overhead Tank Setup at Village-11,Village-11,Block-3,11.77675,76.07711,937853.0,939003.0,751137.9,2024-03-13,2024-04-06,2024-05-20,2024-10-21,Completed,Vanguard Infra Solutions,Public Works Department (PWD)
MPL-00535,Bihar,Patna,Patna Sahib,R. S. Prasad,Rural Connectivity & Roads,Widening of Rural Link Road connecting Village-20,Widening of Rural Link Road connecting Village-20,Village-20,Block-2,25.67986,85.26558,3506144.0,3646907.21,2764087.37,2024-05-07,2024-05-28,2024-07-14,2024-10-02,Completed,Shree Ganesh Construction Co,Public Works Department (PWD)
MPL-00536,Uttar Pradesh,Varanasi,Varanasi,N. Modi,Renewable Energy,Installation of Solar LED High-Mast Lighting System at Village-86,Installation of Solar LED High-Mast Lighting System at Village-86,Village-86,Block-1,25.34881,82.86526,503099.0,511908.63,389905.29,2024-11-11,2024-11-30,2025-01-01,,In Progress,Reliable Works Corporation,District Rural Development Agency (DRDA)
MPL-00537,Rajasthan,Jaipur,Jaipur,M. Joshi,Rural Connectivity & Roads,Paver Block Road Construction in Village-104,Paver Block Road Construction in Village-104,Village-104,Block-4,27.02204,75.70557,1108125.0,1136693.14,779640.42,2024-10-05,2024-10-31,2024-12-17,2025-03-25,Completed,Bharat Engineers & Builders,Municipal Corporation
MPL-00538,Karnataka,Bengaluru Rural,Bengaluru Rural,C. N. Manjunath,Education & Schools,Installation of Smart Classroom and Computer Lab in Village-22,Installation of Smart Classroom and Computer Lab in Village-22,Village-22,Block-1,12.92353,77.45949,1028282.0,1063840.16,852073.43,2024-02-07,2024-03-03,2024-03-31,2024-10-19,Completed,National Civil Projects,District Rural Development Agency (DRDA)
MPL-00539,Kerala,Wayanad,Wayanad,P. Gandhi,Rural Connectivity & Roads,Construction of CC Road and Drainage Channel at Village-108,Construction of CC Road and Drainage Channel at Village-108,Village-108,Block-6,11.70567,75.99166,2392798.0,2437247.29,1964512.56,2024-06-06,2024-07-04,2024-08-07,2024-10-11,Completed,National Civil Projects,Rural Engineering Service (RES)
MPL-00540,Madhya Pradesh,Indore,Indore,S. Lalwani,Education & Schools,Construction of Additional Classrooms at Govt High School Village-101,Construction of Additional Classrooms at Govt High School Village-101,Village-101,Block-9,22.7613,75.79909,1333607.0,1338206.69,1008875.83,2023-04-07,2023-04-22,2023-05-28,2023-11-19,Completed,National Civil Projects,Public Works Department (PWD)
MPL-00541,Uttar Pradesh,Varanasi,Varanasi,N. Modi,Renewable Energy,Supply and installation of 25 Solar Street Lights in Village-7,Supply and installation of 25 Solar Street Lights in Village-7,Village-7,Block-6,25.25493,82.98122,597880.0,579883.74,581978.54,2024-01-05,2024-01-31,2024-03-04,,In Progress,Surya Shakti Engineering,Public Works Department (PWD)
MPL-00542,Uttar Pradesh,Varanasi,Varanasi,N. Modi,Drinking Water & Sanitation,Construction of Public Toilets and Sanitation Block in Village-106,Construction of Public Toilets and Sanitation Block in Village-106,Village-106,Block-4,25.2843,83.09498,1010103.0,975460.05,740630.94,2024-06-14,2024-07-03,2024-08-13,2024-10-29,Completed,Bharat Engineers & Builders,Rural Engineering Service (RES)
MPL-00543,Madhya Pradesh,Indore,Indore,S. Lalwani,Education & Schools,Construction of Additional Classrooms at Govt High School Village-148,Construction of Additional Classrooms at Govt High School Village-148,Village-148,Block-4,22.86693,75.84142,1850775.0,1866967.79,1574532.96,2024-03-19,2024-04-14,2024-05-16,,In Progress,Vanguard Infra Solutions,Minor Irrigation Division
MPL-00544,Kerala,Wayanad,Wayanad,P. Gandhi,Renewable Energy,Supply and installation of 25 Solar Street Lights in Village-118,Supply and installation of 25 Solar Street Lights in Village-118,Village-118,Block-10,11.63943,76.23479,742585.0,748238.5,684059.81,2023-10-07,2023-10-22,2023-12-17,2024-06-10,Completed,Sai Urban Works Pvt Ltd,Municipal Corporation
MPL-00545,Madhya Pradesh,Indore,Indore,S. Lalwani,Drinking Water & Sanitation,Installation of RO Water Purification Plant at Village-111,Installation of RO Water Purification Plant at Village-111,Village-111,Block-5,22.64151,75.96886,980067.0,968763.4,879829.68,2024-07-24,2024-08-05,2024-08-26,2024-11-05,Completed,Sai Urban Works Pvt Ltd,Minor Irrigation Division
MPL-00546,Bihar,Patna,Patna Sahib,R. S. Prasad,Education & Schools,Installation of Smart Classroom and Computer Lab in Village-142,Installation of Smart Classroom and Computer Lab in Village-142,Village-142,Block-1,25.56713,85.03705,827119.0,868087.56,597974.03,2023-03-25,2023-04-18,2023-06-04,2023-10-25,Completed,Bharat Engineers & Builders,Minor Irrigation Division
MPL-00547,Uttar Pradesh,Varanasi,Varanasi,N. Modi,Community Infrastructure,Installation of Public Shed and Seating Area at Village-119,Installation of Public Shed and Seating Area at Village-119,Village-119,Block-8,25.24278,83.03663,599835.0,590457.04,491746.26,2023-06-24,2023-07-19,2023-08-28,,In Progress,National Civil Projects,District Rural Development Agency (DRDA)
MPL-00548,Karnataka,Bengaluru Rural,Bengaluru Rural,C. N. Manjunath,Community Infrastructure,Construction of Community Hall at Village Village-141,Construction of Community Hall at Village Village-141,Village-141,Block-5,12.96568,77.42322,2377876.0,2316596.62,2342221.0,2023-05-11,2023-05-24,2023-07-08,2023-10-17,Completed,Shree Ganesh Construction Co,Rural Engineering Service (RES)
MPL-00549,Madhya Pradesh,Indore,Indore,S. Lalwani,Drinking Water & Sanitation,Installation of RO Water Purification Plant at Village-3,Installation of RO Water Purification Plant at Village-3,Village-3,Block-2,22.77211,75.77255,786525.0,759271.63,635060.81,2023-07-19,2023-08-10,2023-10-09,,In Progress,Apex Infrastructure Ltd,Minor Irrigation Division
MPL-00550,Rajasthan,Jaipur,Jaipur,M. Joshi,Education & Schools,Construction of Additional Classrooms at Govt High School Village-2,Construction of Additional Classrooms at Govt High School Village-2,Village-2,Block-4,26.78982,75.7638,1302057.0,1337526.3,1211087.84,2023-09-01,2023-09-13,2023-10-21,2024-02-09,Completed,Apex Infrastructure Ltd,District Rural Development Agency (DRDA)
MPL-00551,Bihar,Patna,Patna Sahib,R. S. Prasad,Community Infrastructure,Installation of Public Shed and Seating Area at Village-43,Installation of Public Shed and Seating Area at Village-43,Village-43,Block-7,25.50096,85.04974,779590.0,753633.34,642930.99,2023-04-08,2023-04-21,2023-05-26,2024-01-01,Completed,Reliable Works Corporation,Municipal Corporation
MPL-00552,Bihar,Patna,Patna Sahib,R. S. Prasad,Drinking Water & Sanitation,Installation of RO Water Purification Plant at Village-92,Installation of RO Water Purification Plant at Village-92,Village-92,Block-6,25.51013,85.18499,839075.0,811689.4,688580.06,2023-11-09,2023-11-20,2023-12-05,2024-05-30,Completed,Sai Urban Works Pvt Ltd,Minor Irrigation Division
MPL-00553,Gujarat,Rajkot,Rajkot,P. Rupala,Drinking Water & Sanitation,Construction of Public Toilets and Sanitation Block in Village-78,Construction of Public Toilets and Sanitation Block in Village-78,Village-78,Block-7,22.20534,70.93991,1404829.0,1418718.42,1397707.57,2023-04-01,2023-04-15,2023-06-14,2024-01-05,Completed,Local Panchayat Works Unit,District Rural Development Agency (DRDA)
MPL-00554,Kerala,Wayanad,Wayanad,P. Gandhi,Drinking Water & Sanitation,Drilling of Deep Borewell and Overhead Tank Setup at Village-82,Drilling of Deep Borewell and Overhead Tank Setup at Village-82,Village-82,Block-1,11.75794,76.13303,955550.0,914223.75,673944.29,2024-07-24,2024-08-22,2024-10-04,2025-05-15,Completed,Apex Infrastructure Ltd,Rural Engineering Service (RES)
MPL-00555,Gujarat,Rajkot,Rajkot,P. Rupala,Rural Connectivity & Roads,Construction of CC Road and Drainage Channel at Village-110,Construction of CC Road and Drainage Channel at Village-110,Village-110,Block-10,22.1994,70.71352,3088059.0,3008864.41,2235189.27,2023-04-27,2023-05-21,2023-06-28,2023-10-17,Completed,Apex Infrastructure Ltd,Rural Engineering Service (RES)
MPL-00556,Kerala,Wayanad,Wayanad,P. Gandhi,Drinking Water & Sanitation,Construction of Public Toilets and Sanitation Block in Village-82,Construction of Public Toilets and Sanitation Block in Village-82,Village-82,Block-4,11.6041,76.20186,1274865.0,1311449.91,907553.76,2024-02-02,2024-02-29,2024-04-25,2024-06-30,Completed,Kisan Rural Developers,Rural Engineering Service (RES)
MPL-00557,Uttar Pradesh,Varanasi,Varanasi,N. Modi,Drinking Water & Sanitation,Drilling of Deep Borewell and Overhead Tank Setup at Village-57,Drilling of Deep Borewell and Overhead Tank Setup at Village-57,Village-57,Block-3,25.42856,82.8449,1087600.0,1128135.48,931465.86,2023-06-21,2023-07-07,2023-08-19,2023-11-03,Completed,Bharat Engineers & Builders,Public Works Department (PWD)
MPL-00558,Maharashtra,Nagpur,Nagpur,N. Gadkari,Community Infrastructure,Construction of Community Hall at Village Village-141,Construction of Community Hall at Village Village-141,Village-141,Block-5,21.05506,79.06541,1428601.0,1390930.24,1033520.47,2024-04-04,2024-04-23,2024-05-27,,In Progress,Local Panchayat Works Unit,Rural Engineering Service (RES)
MPL-00559,Karnataka,Bengaluru Rural,Bengaluru Rural,C. N. Manjunath,Drinking Water & Sanitation,Construction of Public Toilets and Sanitation Block in Village-124,Construction of Public Toilets and Sanitation Block in Village-124,Village-124,Block-1,13.06609,77.63828,683902.0,714746.88,552507.04,2023-12-31,2024-01-22,2024-02-16,2024-08-02,Completed,National Civil Projects,Municipal Corporation
MPL-00560,Madhya Pradesh,Indore,Indore,S. Lalwani,Community Infrastructure,Development of Community Center and Boundary Wall in Village-138,Development of Community Center and Boundary Wall in Village-138,Village-138,Block-3,22.68214,75.88951,960221.0,965295.97,722767.75,2023-12-31,2024-01-25,2024-03-09,2024-07-19,Completed,Shree Ganesh Construction Co,District Rural Development Agency (DRDA)
MPL-00561,Bihar,Patna,Patna Sahib,R. S. Prasad,Drinking Water & Sanitation,Installation of RO Water Purification Plant at Village-2,Installation of RO Water Purification Plant at Village-2,Village-2,Block-8,25.72619,85.27875,513457.0,532026.44,471923.77,2023-12-31,2024-01-19,2024-03-05,2024-08-18,Completed,Kisan Rural Developers,Municipal Corporation
MPL-00562,Gujarat,Rajkot,Rajkot,P. Rupala,Education & Schools,Construction of Additional Classrooms at Govt High School Village-32,Construction of Additional Classrooms at Govt High School Village-32,Village-32,Block-7,22.30678,70.79879,2007038.0,2093768.04,1502686.84,2024-02-28,2024-03-22,2024-04-22,2024-09-18,Completed,Kisan Rural Developers,Public Works Department (PWD)
MPL-00563,Bihar,Patna,Patna Sahib,R. S. Prasad,Drinking Water & Sanitation,Construction of Public Toilets and Sanitation Block in Village-9,Construction of Public Toilets and Sanitation Block in Village-9,Village-9,Block-4,25.5225,85.12424,1452624.0,1432492.71,1324746.15,2022-12-31,2023-01-29,2023-03-29,2023-07-04,Completed,National Civil Projects,District Rural Development Agency (DRDA)
MPL-00564,Maharashtra,Nagpur,Nagpur,N. Gadkari,Community Infrastructure,Construction of Community Hall at Village Village-24,Construction of Community Hall at Village Village-24,Village-24,Block-5,21.2586,78.98795,2351399.0,2401156.83,1917105.76,2024-07-28,2024-08-23,2024-09-12,2024-12-29,Completed,Vanguard Infra Solutions,District Rural Development Agency (DRDA)
MPL-00565,Madhya Pradesh,Indore,Indore,S. Lalwani,Renewable Energy,Supply and installation of 25 Solar Street Lights in Village-106,Supply and installation of 25 Solar Street Lights in Village-106,Village-106,Block-5,22.81387,75.78841,894506.0,928175.25,821420.95,2023-03-23,2023-04-02,2023-04-23,2023-09-18,Completed,Bharat Engineers & Builders,Municipal Corporation
MPL-00566,Maharashtra,Nagpur,Nagpur,N. Gadkari,Education & Schools,Construction of Additional Classrooms at Govt High School Village-25,Construction of Additional Classrooms at Govt High School Village-25,Village-25,Block-4,21.12508,78.99112,1346468.0,1383326.7,1111309.9,2024-02-06,2024-03-02,2024-04-27,,In Progress,National Civil Projects,Rural Engineering Service (RES)
MPL-00567,Maharashtra,Nagpur,Nagpur,N. Gadkari,Renewable Energy,Installation of Solar LED High-Mast Lighting System at Village-116,Installation of Solar LED High-Mast Lighting System at Village-116,Village-116,Block-10,21.07361,79.20888,697319.0,719240.65,526957.98,2023-02-17,2023-03-02,2023-03-28,2023-07-15,Completed,Vanguard Infra Solutions,Municipal Corporation
MPL-00568,Maharashtra,Nagpur,Nagpur,N. Gadkari,Community Infrastructure,Development of Community Center and Boundary Wall in Village-22,Development of Community Center and Boundary Wall in Village-22,Village-22,Block-5,21.14136,79.16636,1196077.0,1151186.03,860312.75,2023-01-21,2023-01-31,2023-03-24,,In Progress,Apex Infrastructure Ltd,Public Works Department (PWD)
MPL-00569,Uttar Pradesh,Varanasi,Varanasi,N. Modi,Community Infrastructure,Construction of Community Hall at Village Village-134,Construction of Community Hall at Village Village-134,Village-134,Block-4,25.34891,82.92487,1015229.0,1002606.23,869058.6,2023-09-09,2023-09-30,2023-11-15,2024-04-09,Completed,Kisan Rural Developers,District Rural Development Agency (DRDA)
MPL-00570,Madhya Pradesh,Indore,Indore,S. Lalwani,Education & Schools,Solar Rooftop Power System installation for School at Village-15,Solar Rooftop Power System installation for School at Village-15,Village-15,Block-10,22.78717,75.97409,686661.0,712278.77,646752.99,2022-12-22,2023-01-04,2023-02-17,2023-07-29,Completed,National Civil Projects,Public Works Department (PWD)
MPL-00571,Rajasthan,Jaipur,Jaipur,M. Joshi,Drinking Water & Sanitation,Construction of Public Toilets and Sanitation Block in Village-116,Construction of Public Toilets and Sanitation Block in Village-116,Village-116,Block-6,27.05825,75.92456,1248388.0,1271631.1,1199645.84,2024-05-31,2024-06-11,2024-07-22,2024-09-20,Completed,Kisan Rural Developers,Public Works Department (PWD)
MPL-00572,Kerala,Wayanad,Wayanad,P. Gandhi,Education & Schools,Construction of Additional Classrooms at Govt High School Village-125,Construction of Additional Classrooms at Govt High School Village-125,Village-125,Block-5,11.83146,76.23913,2039207.0,2087985.78,1913159.77,2023-11-24,2023-12-23,2024-02-03,2024-08-02,Completed,Shree Ganesh Construction Co,Municipal Corporation
MPL-00573,Bihar,Patna,Patna Sahib,R. S. Prasad,Drinking Water & Sanitation,Drilling of Deep Borewell and Overhead Tank Setup at Village-147,Drilling of Deep Borewell and Overhead Tank Setup at Village-147,Village-147,Block-8,25.74027,85.12764,979149.0,933299.93,831667.15,2023-03-04,2023-03-31,2023-05-04,2023-11-20,Completed,Surya Shakti Engineering,Public Works Department (PWD)
MPL-00574,Bihar,Patna,Patna Sahib,R. S. Prasad,Drinking Water & Sanitation,Installation of RO Water Purification Plant at Village-44,Installation of RO Water Purification Plant at Village-44,Village-44,Block-8,25.71489,85.21749,1191792.0,1215616.99,871963.78,2023-01-17,2023-01-30,2023-02-24,2023-07-17,Completed,Bharat Engineers & Builders,District Rural Development Agency (DRDA)
MPL-00575,Maharashtra,Nagpur,Nagpur,N. Gadkari,Renewable Energy,Supply and installation of 25 Solar Street Lights in Village-24,Supply and installation of 25 Solar Street Lights in Village-24,Village-24,Block-7,21.09877,79.21125,917092.0,934680.41,881859.33,2024-07-26,2024-08-12,2024-10-04,,In Progress,Vanguard Infra Solutions,Minor Irrigation Division
MPL-00576,Bihar,Patna,Patna Sahib,R. S. Prasad,Rural Connectivity & Roads,Construction of CC Road and Drainage Channel at Village-75,Construction of CC Road and Drainage Channel at Village-75,Village-75,Block-10,25.61595,85.02583,1683879.0,1618440.52,1350591.11,2024-08-19,2024-08-29,2024-09-25,2024-12-23,Completed,Kisan Rural Developers,Municipal Corporation
MPL-00577,Rajasthan,Jaipur,Jaipur,M. Joshi,Community Infrastructure,Installation of Public Shed and Seating Area at Village-138,Installation of Public Shed and Seating Area at Village-138,Village-138,Block-7,26.91833,75.81779,499540.0,516879.96,496520.21,2023-11-14,2023-11-24,2024-01-01,2024-04-02,Completed,Bharat Engineers & Builders,Public Works Department (PWD)
MPL-00578,Karnataka,Bengaluru Rural,Bengaluru Rural,C. N. Manjunath,Rural Connectivity & Roads,Construction of CC Road and Drainage Channel at Village-76,Construction of CC Road and Drainage Channel at Village-76,Village-76,Block-6,13.13862,77.67254,3255770.0,3164251.69,2943197.45,2023-05-12,2023-05-31,2023-07-23,,In Progress,Apex Infrastructure Ltd,Minor Irrigation Division
MPL-00579,Gujarat,Rajkot,Rajkot,P. Rupala,Rural Connectivity & Roads,Widening of Rural Link Road connecting Village-147,Widening of Rural Link Road connecting Village-147,Village-147,Block-1,22.44824,70.75214,4006063.0,4058573.3,3063482.52,2023-10-11,2023-10-26,2023-12-25,2024-03-09,Completed,Bharat Engineers & Builders,Rural Engineering Service (RES)
MPL-00580,Karnataka,Bengaluru Rural,Bengaluru Rural,C. N. Manjunath,Education & Schools,Installation of Smart Classroom and Computer Lab in Village-41,Installation of Smart Classroom and Computer Lab in Village-41,Village-41,Block-4,13.03182,77.57615,722613.0,726077.42,578974.19,2024-10-29,2024-11-25,2025-01-09,2025-06-18,Completed,Sai Urban Works Pvt Ltd,District Rural Development Agency (DRDA)
MPL-00581,Madhya Pradesh,Indore,Indore,S. Lalwani,Community Infrastructure,Construction of Community Hall at Village Village-83,Construction of Community Hall at Village Village-83,Village-83,Block-4,22.61087,75.91649,2217152.0,2298267.71,1588006.28,2023-10-23,2023-11-08,2023-12-22,2024-07-16,Completed,Sai Urban Works Pvt Ltd,Rural Engineering Service (RES)
MPL-00582,Bihar,Patna,Patna Sahib,R. S. Prasad,Community Infrastructure,Development of Community Center and Boundary Wall in Village-148,Development of Community Center and Boundary Wall in Village-148,Village-148,Block-6,25.64793,85.03807,906900.0,923071.64,903766.89,2023-05-07,2023-06-01,2023-07-10,2023-12-26,Completed,Apex Infrastructure Ltd,Public Works Department (PWD)
MPL-00583,Maharashtra,Nagpur,Nagpur,N. Gadkari,Community Infrastructure,Construction of Community Hall at Village Village-132,Construction of Community Hall at Village Village-132,Village-132,Block-10,21.006,79.01046,2363353.0,2325181.5,1961929.06,2023-05-18,2023-06-02,2023-07-27,2023-11-26,Completed,Surya Shakti Engineering,District Rural Development Agency (DRDA)
MPL-00584,Madhya Pradesh,Indore,Indore,S. Lalwani,Community Infrastructure,Development of Community Center and Boundary Wall in Village-98,Development of Community Center and Boundary Wall in Village-98,Village-98,Block-1,22.60622,75.90012,1088584.0,1102989.61,907373.39,2022-12-15,2023-01-12,2023-02-03,,In Progress,Reliable Works Corporation,Rural Engineering Service (RES)
MPL-00585,Karnataka,Bengaluru Rural,Bengaluru Rural,C. N. Manjunath,Rural Connectivity & Roads,Widening of Rural Link Road connecting Village-25,Widening of Rural Link Road connecting Village-25,Village-25,Block-7,12.95207,77.51537,4486714.0,4343631.16,3792428.4,2024-10-12,2024-10-22,2024-12-20,2025-07-14,Completed,Reliable Works Corporation,Rural Engineering Service (RES)
MPL-00586,Madhya Pradesh,Indore,Indore,S. Lalwani,Renewable Energy,Supply and installation of 25 Solar Street Lights in Village-17,Supply and installation of 25 Solar Street Lights in Village-17,Village-17,Block-3,22.8593,75.97698,772053.0,798082.3,665273.85,2024-10-19,2024-10-29,2024-11-20,2025-03-13,Completed,National Civil Projects,Minor Irrigation Division
MPL-00587,Karnataka,Bengaluru Rural,Bengaluru Rural,C. N. Manjunath,Rural Connectivity & Roads,Construction of CC Road and Drainage Channel at Village-11,Construction of CC Road and Drainage Channel at Village-11,Village-11,Block-5,13.14042,77.44318,1770146.0,1783436.44,1585682.89,2023-03-10,2023-03-31,2023-05-20,,In Progress,Shree Ganesh Construction Co,Minor Irrigation Division
MPL-00588,Maharashtra,Nagpur,Nagpur,N. Gadkari,Education & Schools,Solar Rooftop Power System installation for School at Village-1,Solar Rooftop Power System installation for School at Village-1,Village-1,Block-6,21.03776,79.08533,630200.0,617633.81,620031.34,2024-05-17,2024-06-15,2024-07-18,2025-01-07,Completed,Kisan Rural Developers,Minor Irrigation Division
MPL-00589,Bihar,Patna,Patna Sahib,R. S. Prasad,Community Infrastructure,Installation of Public Shed and Seating Area at Village-12,Installation of Public Shed and Seating Area at Village-12,Village-12,Block-2,25.62163,85.07082,524308.0,500018.59,389298.79,2023-07-13,2023-08-09,2023-09-01,2023-12-25,Completed,Local Panchayat Works Unit,Municipal Corporation
MPL-00590,Rajasthan,Jaipur,Jaipur,M. Joshi,Rural Connectivity & Roads,Paver Block Road Construction in Village-42,Paver Block Road Construction in Village-42,Village-42,Block-6,26.92317,75.65847,919492.0,915452.46,904248.8,2024-10-26,2024-11-23,2025-01-04,2025-04-10,Completed,Sai Urban Works Pvt Ltd,Rural Engineering Service (RES)
MPL-00591,Maharashtra,Nagpur,Nagpur,N. Gadkari,Education & Schools,Construction of Additional Classrooms at Govt High School Village-81,Construction of Additional Classrooms at Govt High School Village-81,Village-81,Block-2,21.03319,78.9712,2852102.0,2833171.78,2018640.67,2024-08-21,2024-09-10,2024-10-10,,In Progress,Reliable Works Corporation,Municipal Corporation
MPL-00592,Gujarat,Rajkot,Rajkot,P. Rupala,Rural Connectivity & Roads,Paver Block Road Construction in Village-70,Paver Block Road Construction in Village-70,Village-70,Block-9,22.26749,70.6837,653437.0,677539.37,501662.95,2022-12-23,2023-01-11,2023-02-01,2023-05-28,Completed,Shree Ganesh Construction Co,Rural Engineering Service (RES)
MPL-00593,Karnataka,Bengaluru Rural,Bengaluru Rural,C. N. Manjunath,Community Infrastructure,Installation of Public Shed and Seating Area at Village-90,Installation of Public Shed and Seating Area at Village-90,Village-90,Block-6,12.92889,77.5132,767240.0,772776.26,601975.75,2023-09-08,2023-10-05,2023-11-27,,In Progress,Vanguard Infra Solutions,Rural Engineering Service (RES)
MPL-00594,Madhya Pradesh,Indore,Indore,S. Lalwani,Education & Schools,Solar Rooftop Power System installation for School at Village-33,Solar Rooftop Power System installation for School at Village-33,Village-33,Block-4,22.68324,75.92833,635822.0,604634.77,543036.26,2023-05-11,2023-06-09,2023-08-05,,In Progress,Apex Infrastructure Ltd,District Rural Development Agency (DRDA)
MPL-00595,Madhya Pradesh,Indore,Indore,S. Lalwani,Education & Schools,Construction of Additional Classrooms at Govt High School Village-113,Construction of Additional Classrooms at Govt High School Village-113,Village-113,Block-6,22.66116,75.96508,1942394.0,2000368.42,1652333.92,2023-09-28,2023-10-10,2023-11-21,2024-03-18,Completed,Sai Urban Works Pvt Ltd,Municipal Corporation
MPL-00596,Gujarat,Rajkot,Rajkot,P. Rupala,Community Infrastructure,Installation of Public Shed and Seating Area at Village-62,Installation of Public Shed and Seating Area at Village-62,Village-62,Block-3,22.3964,70.65541,895382.0,858996.68,781305.86,2023-03-03,2023-03-28,2023-04-30,2023-11-02,Completed,Vanguard Infra Solutions,Minor Irrigation Division
MPL-00597,Karnataka,Bengaluru Rural,Bengaluru Rural,C. N. Manjunath,Renewable Energy,Installation of Solar LED High-Mast Lighting System at Village-104,Installation of Solar LED High-Mast Lighting System at Village-104,Village-104,Block-1,13.1394,77.49107,407287.0,412023.2,396398.56,2022-12-10,2023-01-08,2023-03-09,2023-09-21,Completed,Reliable Works Corporation,Minor Irrigation Division
MPL-00598,Karnataka,Bengaluru Rural,Bengaluru Rural,C. N. Manjunath,Drinking Water & Sanitation,Drilling of Deep Borewell and Overhead Tank Setup at Village-135,Drilling of Deep Borewell and Overhead Tank Setup at Village-135,Village-135,Block-6,13.04132,77.53153,686001.0,663693.22,555739.89,2023-04-30,2023-05-17,2023-07-03,2023-09-14,Completed,Kisan Rural Developers,Public Works Department (PWD)
MPL-00599,Gujarat,Rajkot,Rajkot,P. Rupala,Rural Connectivity & Roads,Paver Block Road Construction in Village-124,Paver Block Road Construction in Village-124,Village-124,Block-8,22.43263,70.93994,807804.0,788800.47,566004.26,2024-09-09,2024-10-08,2024-11-28,2025-04-15,Completed,Reliable Works Corporation,Public Works Department (PWD)
MPL-00600,Karnataka,Bengaluru Rural,Bengaluru Rural,C. N. Manjunath,Community Infrastructure,Development of Community Center and Boundary Wall in Village-2,Development of Community Center and Boundary Wall in Village-2,Village-2,Block-4,13.03512,77.42046,1445430.0,1439699.43,1141174.49,2023-04-08,2023-04-20,2023-05-05,2023-08-20,Completed,Vanguard Infra Solutions,Municipal Corporation
MPL-00601,Maharashtra,Nagpur,Nagpur,N. Gadkari,Education & Schools,Construction of Additional Classrooms at Govt High School Village-125,Construction of Additional Classrooms at Govt High School Village-125,Village-125,Block-2,21.10515,79.20586,1214492.0,1172668.59,1089387.22,2023-07-27,2023-08-20,2023-10-04,2024-02-17,Completed,Reliable Works Corporation,District Rural Development Agency (DRDA)
MPL-00602,Karnataka,Bengaluru Rural,Bengaluru Rural,C. N. Manjunath,Drinking Water & Sanitation,Installation of RO Water Purification Plant at Village-91,Installation of RO Water Purification Plant at Village-91,Village-91,Block-3,12.92658,77.53616,955040.0,907842.9,921683.2,2023-07-07,2023-07-23,2023-08-14,,In Progress,Kisan Rural Developers,Public Works Department (PWD)
MPL-00603,Karnataka,Bengaluru Rural,Bengaluru Rural,C. N. Manjunath,Rural Connectivity & Roads,Construction of CC Road and Drainage Channel at Village-108,Construction of CC Road and Drainage Channel at Village-108,Village-108,Block-2,13.06506,77.69487,2525649.0,2538308.48,2373973.74,2023-04-28,2023-05-11,2023-06-15,2023-11-24,Completed,Vanguard Infra Solutions,Rural Engineering Service (RES)
MPL-00604,Uttar Pradesh,Varanasi,Varanasi,N. Modi,Drinking Water & Sanitation,Installation of RO Water Purification Plant at Village-89,Installation of RO Water Purification Plant at Village-89,Village-89,Block-5,25.46053,83.04513,1024288.0,974471.65,927319.99,2023-02-04,2023-02-23,2023-04-22,2023-10-08,Completed,Vanguard Infra Solutions,Municipal Corporation
MPL-00605,Karnataka,Bengaluru Rural,Bengaluru Rural,C. N. Manjunath,Community Infrastructure,Development of Community Center and Boundary Wall in Village-64,Development of Community Center and Boundary Wall in Village-64,Village-64,Block-8,13.21278,77.49201,1447614.0,1397308.79,1235353.18,2023-08-31,2023-09-13,2023-10-15,2024-02-19,Completed,Vanguard Infra Solutions,Rural Engineering Service (RES)
MPL-00606,Maharashtra,Nagpur,Nagpur,N. Gadkari,Drinking Water & Sanitation,Drilling of Deep Borewell and Overhead Tank Setup at Village-39,Drilling of Deep Borewell and Overhead Tank Setup at Village-39,Village-39,Block-7,21.0011,78.99809,690526.0,664317.86,566497.14,2023-09-12,2023-10-08,2023-11-04,2024-04-21,Completed,Apex Infrastructure Ltd,Municipal Corporation
MPL-00607,Rajasthan,Jaipur,Jaipur,M. Joshi,Drinking Water & Sanitation,Installation of RO Water Purification Plant at Village-87,Installation of RO Water Purification Plant at Village-87,Village-87,Block-6,26.87147,75.9202,946772.0,944802.26,807557.8,2024-10-10,2024-10-21,2024-11-08,2025-03-16,Completed,Vanguard Infra Solutions,Rural Engineering Service (RES)
MPL-00608,Maharashtra,Nagpur,Nagpur,N. Gadkari,Community Infrastructure,Construction of Community Hall at Village Village-14,Construction of Community Hall at Village Village-14,Village-14,Block-6,21.12507,79.01388,2385023.0,2443397.56,1821187.5,2024-04-09,2024-04-28,2024-05-30,2024-08-23,Completed,Surya Shakti Engineering,District Rural Development Agency (DRDA)
MPL-00609,Gujarat,Rajkot,Rajkot,P. Rupala,Community Infrastructure,Installation of Public Shed and Seating Area at Village-4,Installation of Public Shed and Seating Area at Village-4,Village-4,Block-4,22.37678,70.82887,758068.0,761992.38,726678.13,2023-11-06,2023-12-06,2024-01-13,2024-06-13,Completed,Local Panchayat Works Unit,District Rural Development Agency (DRDA)
MPL-00610,Rajasthan,Jaipur,Jaipur,M. Joshi,Drinking Water & Sanitation,Drilling of Deep Borewell and Overhead Tank Setup at Village-99,Drilling of Deep Borewell and Overhead Tank Setup at Village-99,Village-99,Block-8,27.0529,75.90251,541468.0,562433.31,400223.7,2024-08-26,2024-09-08,2024-09-30,,In Progress,Bharat Engineers & Builders,Rural Engineering Service (RES)
MPL-00611,Gujarat,Rajkot,Rajkot,P. Rupala,Renewable Energy,Supply and installation of 25 Solar Street Lights in Village-78,Supply and installation of 25 Solar Street Lights in Village-78,Village-78,Block-6,22.21141,70.81735,880292.0,878020.72,817171.9,2024-06-09,2024-06-30,2024-07-24,,In Progress,Sai Urban Works Pvt Ltd,Minor Irrigation Division
MPL-00612,Karnataka,Bengaluru Rural,Bengaluru Rural,C. N. Manjunath,Community Infrastructure,Development of Community Center and Boundary Wall in Village-18,Development of Community Center and Boundary Wall in Village-18,Village-18,Block-10,12.99674,77.70805,1306274.0,1295693.72,1279364.36,2024-05-19,2024-05-30,2024-06-15,,In Progress,Sai Urban Works Pvt Ltd,Public Works Department (PWD)
MPL-00613,Bihar,Patna,Patna Sahib,R. S. Prasad,Education & Schools,Installation of Smart Classroom and Computer Lab in Village-137,Installation of Smart Classroom and Computer Lab in Village-137,Village-137,Block-3,25.56435,85.06905,1238430.0,1296826.73,928395.82,2024-05-08,2024-06-05,2024-07-14,2024-12-20,Completed,National Civil Projects,Public Works Department (PWD)
MPL-00614,Bihar,Patna,Patna Sahib,R. S. Prasad,Renewable Energy,Installation of Solar LED High-Mast Lighting System at Village-132,Installation of Solar LED High-Mast Lighting System at Village-132,Village-132,Block-1,25.65658,85.15325,638782.0,639025.87,585235.3,2023-08-27,2023-09-23,2023-10-27,2024-03-10,Completed,National Civil Projects,Rural Engineering Service (RES)
MPL-00615,Bihar,Patna,Patna Sahib,R. S. Prasad,Rural Connectivity & Roads,Construction of CC Road and Drainage Channel at Village-38,Construction of CC Road and Drainage Channel at Village-38,Village-38,Block-6,25.74096,85.05059,3475613.0,3608938.37,3399755.62,2023-09-04,2023-10-04,2023-10-22,2024-02-22,Completed,Shree Ganesh Construction Co,Public Works Department (PWD)
MPL-00616,Kerala,Wayanad,Wayanad,P. Gandhi,Rural Connectivity & Roads,Construction of CC Road and Drainage Channel at Village-141,Construction of CC Road and Drainage Channel at Village-141,Village-141,Block-5,11.72319,75.98512,2053728.0,2099337.11,1689197.16,2024-09-03,2024-09-18,2024-10-21,2025-01-03,Completed,Kisan Rural Developers,Rural Engineering Service (RES)
MPL-00617,Rajasthan,Jaipur,Jaipur,M. Joshi,Community Infrastructure,Installation of Public Shed and Seating Area at Village-150,Installation of Public Shed and Seating Area at Village-150,Village-150,Block-6,26.9437,75.69915,455806.0,465952.34,413158.34,2024-10-13,2024-10-31,2024-12-01,2025-07-11,Completed,Surya Shakti Engineering,Rural Engineering Service (RES)
MPL-00618,Bihar,Patna,Patna Sahib,R. S. Prasad,Renewable Energy,Supply and installation of 25 Solar Street Lights in Village-40,Supply and installation of 25 Solar Street Lights in Village-40,Village-40,Block-10,25.59289,85.12542,733861.0,714173.21,673600.62,2023-12-19,2024-01-13,2024-02-06,2024-04-29,Completed,National Civil Projects,Rural Engineering Service (RES)
MPL-00619,Maharashtra,Nagpur,Nagpur,N. Gadkari,Rural Connectivity & Roads,Construction of CC Road and Drainage Channel at Village-80,Construction of CC Road and Drainage Channel at Village-80,Village-80,Block-9,21.01741,79.01178,1841665.0,1912615.7,1740833.4,2024-08-31,2024-09-14,2024-10-11,,In Progress,Vanguard Infra Solutions,Public Works Department (PWD)
MPL-00620,Uttar Pradesh,Varanasi,Varanasi,N. Modi,Renewable Energy,Installation of Solar LED High-Mast Lighting System at Village-97,Installation of Solar LED High-Mast Lighting System at Village-97,Village-97,Block-1,25.39864,82.9042,601321.0,572500.64,570033.47,2024-10-08,2024-10-21,2024-11-07,,In Progress,Local Panchayat Works Unit,Public Works Department (PWD)
MPL-00621,Kerala,Wayanad,Wayanad,P. Gandhi,Community Infrastructure,Construction of Community Hall at Village Village-36,Construction of Community Hall at Village Village-36,Village-36,Block-2,11.60854,76.14506,2007525.0,2059654.75,1942716.25,2023-06-07,2023-06-17,2023-07-21,2023-10-28,Completed,Sai Urban Works Pvt Ltd,Minor Irrigation Division
MPL-00622,Uttar Pradesh,Varanasi,Varanasi,N. Modi,Community Infrastructure,Installation of Public Shed and Seating Area at Village-76,Installation of Public Shed and Seating Area at Village-76,Village-76,Block-4,25.2356,82.93951,453774.0,454297.76,431514.12,2023-05-04,2023-05-26,2023-06-10,2023-08-15,Completed,Kisan Rural Developers,District Rural Development Agency (DRDA)
MPL-00623,Gujarat,Rajkot,Rajkot,P. Rupala,Education & Schools,Construction of Additional Classrooms at Govt High School Village-29,Construction of Additional Classrooms at Govt High School Village-29,Village-29,Block-10,22.26205,70.92961,1670857.0,1604312.82,1648726.03,2023-12-18,2024-01-01,2024-01-20,2024-04-19,Completed,Shree Ganesh Construction Co,Public Works Department (PWD)
MPL-00624,Maharashtra,Nagpur,Nagpur,N. Gadkari,Education & Schools,Solar Rooftop Power System installation for School at Village-86,Solar Rooftop Power System installation for School at Village-86,Village-86,Block-5,21.10032,78.96938,814369.0,788420.39,673950.09,2024-11-02,2024-11-14,2025-01-11,2025-05-24,Completed,Surya Shakti Engineering,District Rural Development Agency (DRDA)
MPL-00625,Uttar Pradesh,Varanasi,Varanasi,N. Modi,Drinking Water & Sanitation,Drilling of Deep Borewell and Overhead Tank Setup at Village-38,Drilling of Deep Borewell and Overhead Tank Setup at Village-38,Village-38,Block-6,25.29584,83.04191,785812.0,758134.14,655373.98,2024-04-20,2024-05-04,2024-05-23,,In Progress,National Civil Projects,Public Works Department (PWD)
MPL-00626,Maharashtra,Nagpur,Nagpur,N. Gadkari,Education & Schools,Installation of Smart Classroom and Computer Lab in Village-82,Installation of Smart Classroom and Computer Lab in Village-82,Village-82,Block-7,21.03727,79.22141,1218213.0,1208934.12,1106169.38,2024-02-01,2024-02-28,2024-04-21,2024-09-13,Completed,Bharat Engineers & Builders,Municipal Corporation
MPL-00627,Karnataka,Bengaluru Rural,Bengaluru Rural,C. N. Manjunath,Renewable Energy,Supply and installation of 25 Solar Street Lights in Village-137,Supply and installation of 25 Solar Street Lights in Village-137,Village-137,Block-4,13.14748,77.66119,781129.0,806234.81,636923.35,2024-07-27,2024-08-17,2024-10-16,2025-05-11,Completed,Bharat Engineers & Builders,Public Works Department (PWD)
MPL-00628,Uttar Pradesh,Varanasi,Varanasi,N. Modi,Drinking Water & Sanitation,Installation of RO Water Purification Plant at Village-93,Installation of RO Water Purification Plant at Village-93,Village-93,Block-8,25.42223,83.08393,1085498.0,1082667.71,803352.98,2023-04-09,2023-04-23,2023-05-11,2023-10-10,Completed,National Civil Projects,District Rural Development Agency (DRDA)
MPL-00629,Madhya Pradesh,Indore,Indore,S. Lalwani,Drinking Water & Sanitation,Installation of RO Water Purification Plant at Village-58,Installation of RO Water Purification Plant at Village-58,Village-58,Block-2,22.85907,75.81921,558579.0,572375.64,410650.94,2023-05-02,2023-05-27,2023-07-05,2024-02-28,Completed,Shree Ganesh Construction Co,Minor Irrigation Division
MPL-00630,Maharashtra,Nagpur,Nagpur,N. Gadkari,Community Infrastructure,Construction of Community Hall at Village Village-94,Construction of Community Hall at Village Village-94,Village-94,Block-8,21.05053,79.16127,1296280.0,1241705.74,937365.46,2024-07-13,2024-08-05,2024-09-15,,In Progress,Reliable Works Corporation,District Rural Development Agency (DRDA)
MPL-00631,Kerala,Wayanad,Wayanad,P. Gandhi,Education & Schools,Solar Rooftop Power System installation for School at Village-4,Solar Rooftop Power System installation for School at Village-4,Village-4,Block-9,11.68639,75.98526,650349.0,625067.77,466950.74,2024-10-01,2024-10-19,2024-11-05,2025-02-17,Completed,Vanguard Infra Solutions,Municipal Corporation
MPL-00632,Rajasthan,Jaipur,Jaipur,M. Joshi,Drinking Water & Sanitation,Construction of Public Toilets and Sanitation Block in Village-41,Construction of Public Toilets and Sanitation Block in Village-41,Village-41,Block-2,26.82807,75.69241,885031.0,926903.79,757985.08,2023-04-15,2023-05-09,2023-06-06,2023-08-19,Completed,Reliable Works Corporation,Minor Irrigation Division
MPL-00633,Karnataka,Bengaluru Rural,Bengaluru Rural,C. N. Manjunath,Rural Connectivity & Roads,Widening of Rural Link Road connecting Village-104,Widening of Rural Link Road connecting Village-104,Village-104,Block-1,12.94702,77.44114,3595807.0,3475284.31,3383660.78,2024-10-07,2024-10-24,2024-12-05,,In Progress,Local Panchayat Works Unit,District Rural Development Agency (DRDA)
MPL-00634,Rajasthan,Jaipur,Jaipur,M. Joshi,Drinking Water & Sanitation,Drilling of Deep Borewell and Overhead Tank Setup at Village-28,Drilling of Deep Borewell and Overhead Tank Setup at Village-28,Village-28,Block-10,27.04116,75.7094,518492.0,503554.76,364651.85,2023-11-02,2023-11-13,2023-12-10,2024-07-20,Completed,Shree Ganesh Construction Co,Minor Irrigation Division
MPL-00635,Karnataka,Bengaluru Rural,Bengaluru Rural,C. N. Manjunath,Community Infrastructure,Construction of Community Hall at Village Village-81,Construction of Community Hall at Village Village-81,Village-81,Block-2,12.97297,77.64335,1195477.0,1248497.5,839874.74,2023-12-12,2024-01-01,2024-02-03,2024-08-09,Completed,Kisan Rural Developers,Rural Engineering Service (RES)
MPL-00636,Madhya Pradesh,Indore,Indore,S. Lalwani,Renewable Energy,Installation of Solar LED High-Mast Lighting System at Village-129,Installation of Solar LED High-Mast Lighting System at Village-129,Village-129,Block-2,22.65664,75.75316,478741.0,455937.86,449452.0,2024-04-16,2024-05-03,2024-06-24,2024-09-01,Completed,Surya Shakti Engineering,Public Works Department (PWD)
MPL-00637,Bihar,Patna,Patna Sahib,R. S. Prasad,Drinking Water & Sanitation,Drilling of Deep Borewell and Overhead Tank Setup at Village-42,Drilling of Deep Borewell and Overhead Tank Setup at Village-42,Village-42,Block-10,25.57834,85.02696,975986.0,977576.94,896556.54,2024-10-06,2024-10-29,2024-12-16,2025-05-12,Completed,Sai Urban Works Pvt Ltd,District Rural Development Agency (DRDA)
MPL-00638,Uttar Pradesh,Varanasi,Varanasi,N. Modi,Education & Schools,Construction of Additional Classrooms at Govt High School Village-54,Construction of Additional Classrooms at Govt High School Village-54,Village-54,Block-2,25.40902,82.86669,2480074.0,2506580.3,2448836.71,2024-07-09,2024-08-03,2024-09-27,2024-12-20,Completed,Sai Urban Works Pvt Ltd,Minor Irrigation Division
MPL-00639,Gujarat,Rajkot,Rajkot,P. Rupala,Education & Schools,Installation of Smart Classroom and Computer Lab in Village-44,Installation of Smart Classroom and Computer Lab in Village-44,Village-44,Block-5,22.20766,70.88378,1009967.0,975776.84,791849.68,2023-12-15,2024-01-08,2024-02-14,,In Progress,Sai Urban Works Pvt Ltd,Municipal Corporation
MPL-00640,Maharashtra,Nagpur,Nagpur,N. Gadkari,Community Infrastructure,Installation of Public Shed and Seating Area at Village-125,Installation of Public Shed and Seating Area at Village-125,Village-125,Block-6,21.12805,79.09194,420757.0,415012.49,330709.75,2024-02-11,2024-02-23,2024-04-17,2024-07-19,Completed,Local Panchayat Works Unit,District Rural Development Agency (DRDA)
MPL-00641,Madhya Pradesh,Indore,Indore,S. Lalwani,Renewable Energy,Supply and installation of 25 Solar Street Lights in Village-68,Supply and installation of 25 Solar Street Lights in Village-68,Village-68,Block-3,22.80678,75.91762,960014.0,996066.03,868588.68,2024-09-14,2024-09-27,2024-11-22,,In Progress,Reliable Works Corporation,Public Works Department (PWD)
MPL-00642,Rajasthan,Jaipur,Jaipur,M. Joshi,Education & Schools,Construction of Additional Classrooms at Govt High School Village-146,Construction of Additional Classrooms at Govt High School Village-146,Village-146,Block-2,26.90216,75.83005,2037351.0,2109438.43,1562475.83,2024-04-03,2024-04-18,2024-06-14,,In Progress,Surya Shakti Engineering,Public Works Department (PWD)
MPL-00643,Gujarat,Rajkot,Rajkot,P. Rupala,Education & Schools,Installation of Smart Classroom and Computer Lab in Village-52,Installation of Smart Classroom and Computer Lab in Village-52,Village-52,Block-9,22.37629,70.6865,1121024.0,1101823.17,891421.98,2024-08-27,2024-09-10,2024-10-26,,In Progress,Surya Shakti Engineering,Public Works Department (PWD)
MPL-00644,Karnataka,Bengaluru Rural,Bengaluru Rural,C. N. Manjunath,Drinking Water & Sanitation,Drilling of Deep Borewell and Overhead Tank Setup at Village-55,Drilling of Deep Borewell and Overhead Tank Setup at Village-55,Village-55,Block-4,13.15137,77.71137,785740.0,791099.26,782866.72,2024-01-15,2024-01-25,2024-02-12,2024-07-13,Completed,Bharat Engineers & Builders,Public Works Department (PWD)
MPL-00645,Madhya Pradesh,Indore,Indore,S. Lalwani,Rural Connectivity & Roads,Paver Block Road Construction in Village-46,Paver Block Road Construction in Village-46,Village-46,Block-1,22.83099,75.86513,587651.0,566597.69,459643.92,2023-03-13,2023-03-25,2023-04-28,2023-10-20,Completed,Sai Urban Works Pvt Ltd,Rural Engineering Service (RES)
MPL-00646,Madhya Pradesh,Indore,Indore,S. Lalwani,Rural Connectivity & Roads,Paver Block Road Construction in Village-43,Paver Block Road Construction in Village-43,Village-43,Block-1,22.85928,75.83874,708252.0,697576.96,584825.15,2024-04-04,2024-05-01,2024-06-19,2024-09-28,Completed,Local Panchayat Works Unit,Municipal Corporation
MPL-00647,Bihar,Patna,Patna Sahib,R. S. Prasad,Community Infrastructure,Installation of Public Shed and Seating Area at Village-149,Installation of Public Shed and Seating Area at Village-149,Village-149,Block-7,25.5817,85.03185,723230.0,697527.65,650342.07,2023-11-03,2023-11-21,2023-12-06,,In Progress,Kisan Rural Developers,Public Works Department (PWD)
MPL-00648,Uttar Pradesh,Varanasi,Varanasi,N. Modi,Education & Schools,Construction of Additional Classrooms at Govt High School Village-116,Construction of Additional Classrooms at Govt High School Village-116,Village-116,Block-4,25.39992,83.00418,2539904.0,2659141.7,1852183.89,2023-07-27,2023-08-12,2023-09-08,2024-03-25,Completed,Bharat Engineers & Builders,District Rural Development Agency (DRDA)
MPL-00649,Uttar Pradesh,Varanasi,Varanasi,N. Modi,Rural Connectivity & Roads,Paver Block Road Construction in Village-5,Paver Block Road Construction in Village-5,Village-5,Block-9,25.29182,82.92942,816611.0,849002.28,694630.19,2023-04-18,2023-05-08,2023-07-06,2023-12-29,Completed,Reliable Works Corporation,Municipal Corporation
MPL-00650,Gujarat,Rajkot,Rajkot,P. Rupala,Drinking Water & Sanitation,Construction of Public Toilets and Sanitation Block in Village-110,Construction of Public Toilets and Sanitation Block in Village-110,Village-110,Block-2,22.36047,70.78345,991246.0,959218.36,870777.44,2024-06-27,2024-07-09,2024-08-20,2025-04-05,Completed,Sai Urban Works Pvt Ltd,Minor Irrigation Division
MPL-00651,Gujarat,Rajkot,Rajkot,P. Rupala,Community Infrastructure,Installation of Public Shed and Seating Area at Village-5,Installation of Public Shed and Seating Area at Village-5,Village-5,Block-7,22.28713,70.82657,723097.0,754370.71,528658.09,2024-09-14,2024-09-30,2024-11-18,,In Progress,Apex Infrastructure Ltd,District Rural Development Agency (DRDA)
MPL-00652,Bihar,Patna,Patna Sahib,R. S. Prasad,Education & Schools,Solar Rooftop Power System installation for School at Village-98,Solar Rooftop Power System installation for School at Village-98,Village-98,Block-6,25.56798,85.23373,560031.0,542981.43,470914.54,2023-04-21,2023-05-08,2023-06-14,2023-12-09,Completed,Vanguard Infra Solutions,Public Works Department (PWD)
MPL-00653,Rajasthan,Jaipur,Jaipur,M. Joshi,Rural Connectivity & Roads,Widening of Rural Link Road connecting Village-68,Widening of Rural Link Road connecting Village-68,Village-68,Block-3,27.03246,75.76167,3289315.0,3400653.11,3087158.51,2024-02-08,2024-02-29,2024-04-27,,In Progress,Apex Infrastructure Ltd,Public Works Department (PWD)
MPL-00654,Kerala,Wayanad,Wayanad,P. Gandhi,Rural Connectivity & Roads,Construction of CC Road and Drainage Channel at Village-147,Construction of CC Road and Drainage Channel at Village-147,Village-147,Block-3,11.7758,76.15536,2401816.0,2339808.58,2382714.59,2023-06-25,2023-07-17,2023-09-09,2023-11-21,Completed,National Civil Projects,Municipal Corporation
MPL-00655,Kerala,Wayanad,Wayanad,P. Gandhi,Renewable Energy,Installation of Solar LED High-Mast Lighting System at Village-112,Installation of Solar LED High-Mast Lighting System at Village-112,Village-112,Block-3,11.78831,76.1702,521094.0,500228.25,490011.57,2024-05-11,2024-05-31,2024-06-22,2024-11-29,Completed,Sai Urban Works Pvt Ltd,Minor Irrigation Division
MPL-00656,Bihar,Patna,Patna Sahib,R. S. Prasad,Community Infrastructure,Construction of Community Hall at Village Village-7,Construction of Community Hall at Village Village-7,Village-7,Block-3,25.72028,85.01123,1917338.0,1823683.35,1785060.22,2023-05-13,2023-06-06,2023-06-22,2024-01-07,Completed,Vanguard Infra Solutions,Public Works Department (PWD)
MPL-00657,Kerala,Wayanad,Wayanad,P. Gandhi,Drinking Water & Sanitation,Installation of RO Water Purification Plant at Village-57,Installation of RO Water Purification Plant at Village-57,Village-57,Block-2,11.56029,76.02513,811345.0,786503.96,772511.63,2024-01-10,2024-01-23,2024-02-23,2024-07-02,Completed,Apex Infrastructure Ltd,Minor Irrigation Division
MPL-00658,Karnataka,Bengaluru Rural,Bengaluru Rural,C. N. Manjunath,Renewable Energy,Installation of Solar LED High-Mast Lighting System at Village-28,Installation of Solar LED High-Mast Lighting System at Village-28,Village-28,Block-1,13.18832,77.48019,474362.0,464042.87,459363.36,2023-03-14,2023-04-06,2023-04-25,2023-09-24,Completed,Shree Ganesh Construction Co,Municipal Corporation
MPL-00659,Gujarat,Rajkot,Rajkot,P. Rupala,Education & Schools,Solar Rooftop Power System installation for School at Village-20,Solar Rooftop Power System installation for School at Village-20,Village-20,Block-10,22.20784,70.65524,610255.0,621687.3,495878.76,2023-11-07,2023-11-18,2024-01-12,2024-04-22,Completed,National Civil Projects,Minor Irrigation Division
MPL-00660,Gujarat,Rajkot,Rajkot,P. Rupala,Rural Connectivity & Roads,Paver Block Road Construction in Village-124,Paver Block Road Construction in Village-124,Village-124,Block-3,22.33573,70.81299,1143830.0,1155267.48,802401.74,2024-06-02,2024-06-18,2024-07-19,2024-11-05,Completed,Reliable Works Corporation,Minor Irrigation Division
MPL-00661,Kerala,Wayanad,Wayanad,P. Gandhi,Community Infrastructure,Construction of Community Hall at Village Village-8,Construction of Community Hall at Village Village-8,Village-8,Block-8,11.59517,76.00959,1686900.0,1625929.53,1223057.88,2023-04-15,2023-05-10,2023-06-11,,In Progress,Reliable Works Corporation,District Rural Development Agency (DRDA)
MPL-00662,Madhya Pradesh,Indore,Indore,S. Lalwani,Renewable Energy,Supply and installation of 25 Solar Street Lights in Village-50,Supply and installation of 25 Solar Street Lights in Village-50,Village-50,Block-8,22.80755,75.88397,631120.0,610479.82,571868.71,2023-09-22,2023-10-15,2023-11-24,,In Progress,National Civil Projects,Rural Engineering Service (RES)
MPL-00663,Karnataka,Bengaluru Rural,Bengaluru Rural,C. N. Manjunath,Education & Schools,Solar Rooftop Power System installation for School at Village-70,Solar Rooftop Power System installation for School at Village-70,Village-70,Block-3,13.02037,77.68717,927762.0,910946.19,679370.18,2024-01-17,2024-01-28,2024-03-10,,In Progress,Shree Ganesh Construction Co,Municipal Corporation
MPL-00664,Rajasthan,Jaipur,Jaipur,M. Joshi,Renewable Energy,Supply and installation of 25 Solar Street Lights in Village-76,Supply and installation of 25 Solar Street Lights in Village-76,Village-76,Block-4,26.81637,75.7341,816608.0,843285.47,729663.25,2024-06-15,2024-06-27,2024-08-03,2024-10-31,Completed,National Civil Projects,District Rural Development Agency (DRDA)
MPL-00665,Bihar,Patna,Patna Sahib,R. S. Prasad,Rural Connectivity & Roads,Paver Block Road Construction in Village-38,Paver Block Road Construction in Village-38,Village-38,Block-2,25.61434,85.08407,829727.0,798388.51,660111.5,2022-12-21,2023-01-12,2023-03-13,2023-09-08,Completed,Bharat Engineers & Builders,Minor Irrigation Division
MPL-00666,Rajasthan,Jaipur,Jaipur,M. Joshi,Renewable Energy,Installation of Solar LED High-Mast Lighting System at Village-135,Installation of Solar LED High-Mast Lighting System at Village-135,Village-135,Block-6,27.0302,75.76383,514013.0,493602.58,402685.26,2024-08-29,2024-09-14,2024-11-10,,In Progress,Vanguard Infra Solutions,District Rural Development Agency (DRDA)
MPL-00667,Bihar,Patna,Patna Sahib,R. S. Prasad,Community Infrastructure,Development of Community Center and Boundary Wall in Village-128,Development of Community Center and Boundary Wall in Village-128,Village-128,Block-5,25.54216,85.10246,849064.0,890690.19,701642.01,2023-04-28,2023-05-08,2023-06-20,,In Progress,Local Panchayat Works Unit,Public Works Department (PWD)
MPL-00668,Uttar Pradesh,Varanasi,Varanasi,N. Modi,Education & Schools,Installation of Smart Classroom and Computer Lab in Village-34,Installation of Smart Classroom and Computer Lab in Village-34,Village-34,Block-5,25.36103,82.84474,1582526.0,1656406.79,1125338.13,2024-06-12,2024-06-30,2024-08-17,,In Progress,Shree Ganesh Construction Co,Municipal Corporation
MPL-00669,Kerala,Wayanad,Wayanad,P. Gandhi,Rural Connectivity & Roads,Paver Block Road Construction in Village-21,Paver Block Road Construction in Village-21,Village-21,Block-10,11.83059,76.13,1083480.0,1113233.82,918948.77,2023-02-05,2023-02-18,2023-03-30,,In Progress,Shree Ganesh Construction Co,District Rural Development Agency (DRDA)
MPL-00670,Uttar Pradesh,Varanasi,Varanasi,N. Modi,Drinking Water & Sanitation,Installation of RO Water Purification Plant at Village-3,Installation of RO Water Purification Plant at Village-3,Village-3,Block-1,25.22495,83.09458,645473.0,619985.58,514350.14,2024-03-11,2024-03-22,2024-04-20,,In Progress,Kisan Rural Developers,Minor Irrigation Division
MPL-00671,Rajasthan,Jaipur,Jaipur,M. Joshi,Community Infrastructure,Construction of Community Hall at Village Village-13,Construction of Community Hall at Village Village-13,Village-13,Block-3,26.8135,75.67863,1638142.0,1568527.87,1308545.69,2024-08-30,2024-09-19,2024-10-28,,In Progress,Surya Shakti Engineering,Public Works Department (PWD)
MPL-00672,Maharashtra,Nagpur,Nagpur,N. Gadkari,Renewable Energy,Supply and installation of 25 Solar Street Lights in Village-115,Supply and installation of 25 Solar Street Lights in Village-115,Village-115,Block-5,21.09237,79.15746,850347.0,818235.63,729833.0,2024-07-26,2024-08-14,2024-09-28,2025-02-06,Completed,Bharat Engineers & Builders,Public Works Department (PWD)
MPL-00673,Gujarat,Rajkot,Rajkot,P. Rupala,Rural Connectivity & Roads,Widening of Rural Link Road connecting Village-63,Widening of Rural Link Road connecting Village-63,Village-63,Block-4,22.21764,70.85335,4766062.0,4836187.11,4559972.92,2023-02-24,2023-03-21,2023-04-09,2023-06-23,Completed,Surya Shakti Engineering,Municipal Corporation
MPL-00674,Gujarat,Rajkot,Rajkot,P. Rupala,Rural Connectivity & Roads,Construction of CC Road and Drainage Channel at Village-136,Construction of CC Road and Drainage Channel at Village-136,Village-136,Block-6,22.40824,70.6839,2577783.0,2670185.91,2392559.98,2023-10-25,2023-11-16,2024-01-15,2024-04-23,Completed,National Civil Projects,Rural Engineering Service (RES)
MPL-00675,Karnataka,Bengaluru Rural,Bengaluru Rural,C. N. Manjunath,Renewable Energy,Installation of Solar LED High-Mast Lighting System at Village-103,Installation of Solar LED High-Mast Lighting System at Village-103,Village-103,Block-1,13.05279,77.44995,498541.0,477035.9,412257.61,2023-10-18,2023-11-11,2024-01-01,2024-04-07,Completed,Shree Ganesh Construction Co,Rural Engineering Service (RES)
MPL-00676,Maharashtra,Nagpur,Nagpur,N. Gadkari,Rural Connectivity & Roads,Construction of CC Road and Drainage Channel at Village-122,Construction of CC Road and Drainage Channel at Village-122,Village-122,Block-9,21.12524,78.98339,2888074.0,2896993.93,2326595.01,2023-04-12,2023-05-02,2023-06-21,,In Progress,Reliable Works Corporation,Municipal Corporation
MPL-00677,Uttar Pradesh,Varanasi,Varanasi,N. Modi,Education & Schools,Installation of Smart Classroom and Computer Lab in Village-95,Installation of Smart Classroom and Computer Lab in Village-95,Village-95,Block-8,25.28841,83.00211,802564.0,766379.15,653894.44,2024-02-11,2024-03-08,2024-04-04,,In Progress,Reliable Works Corporation,Minor Irrigation Division
MPL-00678,Madhya Pradesh,Indore,Indore,S. Lalwani,Community Infrastructure,Installation of Public Shed and Seating Area at Village-13,Installation of Public Shed and Seating Area at Village-13,Village-13,Block-4,22.64945,75.72745,738870.0,720320.24,541831.72,2023-03-30,2023-04-28,2023-05-16,2023-12-09,Completed,Shree Ganesh Construction Co,District Rural Development Agency (DRDA)
MPL-00679,Madhya Pradesh,Indore,Indore,S. Lalwani,Education & Schools,Installation of Smart Classroom and Computer Lab in Village-26,Installation of Smart Classroom and Computer Lab in Village-26,Village-26,Block-5,22.80532,75.81199,930569.0,952337.28,896936.66,2023-09-22,2023-10-02,2023-11-17,,In Progress,Sai Urban Works Pvt Ltd,Minor Irrigation Division
MPL-00680,Gujarat,Rajkot,Rajkot,P. Rupala,Drinking Water & Sanitation,Drilling of Deep Borewell and Overhead Tank Setup at Village-123,Drilling of Deep Borewell and Overhead Tank Setup at Village-123,Village-123,Block-8,22.2101,70.92216,770155.0,797307.89,698053.69,2023-06-01,2023-06-24,2023-07-29,2023-11-08,Completed,National Civil Projects,Public Works Department (PWD)
MPL-00681,Kerala,Wayanad,Wayanad,P. Gandhi,Community Infrastructure,Construction of Community Hall at Village Village-68,Construction of Community Hall at Village Village-68,Village-68,Block-2,11.71035,76.12849,1161432.0,1123188.96,1077899.75,2022-12-30,2023-01-10,2023-03-04,2023-09-01,Completed,Bharat Engineers & Builders,Municipal Corporation
MPL-00682,Uttar Pradesh,Varanasi,Varanasi,N. Modi,Renewable Energy,Supply and installation of 25 Solar Street Lights in Village-59,Supply and installation of 25 Solar Street Lights in Village-59,Village-59,Block-8,25.30338,83.04434,775392.0,775635.97,718398.94,2023-03-20,2023-04-07,2023-04-28,2023-09-20,Completed,Reliable Works Corporation,District Rural Development Agency (DRDA)
MPL-00683,Kerala,Wayanad,Wayanad,P. Gandhi,Education & Schools,Construction of Additional Classrooms at Govt High School Village-91,Construction of Additional Classrooms at Govt High School Village-91,Village-91,Block-7,11.74114,76.20046,1831523.0,1870013.77,1771836.82,2024-10-24,2024-11-10,2025-01-02,2025-05-11,Completed,Apex Infrastructure Ltd,Rural Engineering Service (RES)
MPL-00684,Maharashtra,Nagpur,Nagpur,N. Gadkari,Rural Connectivity & Roads,Paver Block Road Construction in Village-8,Paver Block Road Construction in Village-8,Village-8,Block-5,21.02258,79.21439,756238.0,762105.21,687225.1,2024-02-16,2024-03-17,2024-04-24,,In Progress,Vanguard Infra Solutions,Public Works Department (PWD)
MPL-00685,Karnataka,Bengaluru Rural,Bengaluru Rural,C. N. Manjunath,Renewable Energy,Installation of Solar LED High-Mast Lighting System at Village-68,Installation of Solar LED High-Mast Lighting System at Village-68,Village-68,Block-10,13.0073,77.43013,756026.0,744598.29,604335.96,2024-08-13,2024-08-26,2024-10-06,2025-02-13,Completed,Reliable Works Corporation,District Rural Development Agency (DRDA)
MPL-00686,Madhya Pradesh,Indore,Indore,S. Lalwani,Education & Schools,Solar Rooftop Power System installation for School at Village-89,Solar Rooftop Power System installation for School at Village-89,Village-89,Block-8,22.8596,75.89484,651209.0,625824.26,457474.62,2023-05-12,2023-05-31,2023-07-14,2024-01-23,Completed,National Civil Projects,District Rural Development Agency (DRDA)
MPL-00687,Gujarat,Rajkot,Rajkot,P. Rupala,Rural Connectivity & Roads,Construction of CC Road and Drainage Channel at Village-117,Construction of CC Road and Drainage Channel at Village-117,Village-117,Block-5,22.283,70.85028,1585884.0,1541055.07,1502848.99,2023-04-23,2023-05-07,2023-05-25,2023-07-25,Completed,Apex Infrastructure Ltd,Public Works Department (PWD)
MPL-00688,Kerala,Wayanad,Wayanad,P. Gandhi,Rural Connectivity & Roads,Widening of Rural Link Road connecting Village-144,Widening of Rural Link Road connecting Village-144,Village-144,Block-7,11.62264,75.99164,2650272.0,2770510.93,2422240.29,2023-05-04,2023-05-27,2023-06-23,2023-09-11,Completed,Kisan Rural Developers,Rural Engineering Service (RES)
MPL-00689,Madhya Pradesh,Indore,Indore,S. Lalwani,Community Infrastructure,Development of Community Center and Boundary Wall in Village-78,Development of Community Center and Boundary Wall in Village-78,Village-78,Block-9,22.7746,75.76755,1426040.0,1399050.17,1239474.44,2024-11-10,2024-11-26,2024-12-31,2025-04-05,Completed,National Civil Projects,Municipal Corporation
MPL-00690,Rajasthan,Jaipur,Jaipur,M. Joshi,Rural Connectivity & Roads,Construction of CC Road and Drainage Channel at Village-77,Construction of CC Road and Drainage Channel at Village-77,Village-77,Block-6,26.79121,75.79527,2688382.0,2803207.81,2253795.14,2023-06-13,2023-07-07,2023-08-15,2024-02-02,Completed,Kisan Rural Developers,Minor Irrigation Division
MPL-00691,Kerala,Wayanad,Wayanad,P. Gandhi,Education & Schools,Installation of Smart Classroom and Computer Lab in Village-108,Installation of Smart Classroom and Computer Lab in Village-108,Village-108,Block-9,11.57758,76.25405,1130187.0,1125811.37,1100539.36,2023-01-07,2023-01-28,2023-03-10,,In Progress,Bharat Engineers & Builders,Minor Irrigation Division
MPL-00692,Maharashtra,Nagpur,Nagpur,N. Gadkari,Renewable Energy,Supply and installation of 25 Solar Street Lights in Village-14,Supply and installation of 25 Solar Street Lights in Village-14,Village-14,Block-2,21.13387,78.9545,896013.0,926935.07,661061.15,2024-10-28,2024-11-17,2024-12-02,2025-06-12,Completed,Apex Infrastructure Ltd,District Rural Development Agency (DRDA)
MPL-00693,Gujarat,Rajkot,Rajkot,P. Rupala,Rural Connectivity & Roads,Widening of Rural Link Road connecting Village-124,Widening of Rural Link Road connecting Village-124,Village-124,Block-3,22.36437,70.80708,4896556.0,4813954.82,3516997.53,2024-08-04,2024-08-21,2024-10-18,2024-12-30,Completed,Reliable Works Corporation,Municipal Corporation
MPL-00694,Maharashtra,Nagpur,Nagpur,N. Gadkari,Rural Connectivity & Roads,Widening of Rural Link Road connecting Village-80,Widening of Rural Link Road connecting Village-80,Village-80,Block-4,21.04171,79.20217,2027056.0,2089006.25,1798199.71,2023-07-09,2023-07-25,2023-08-16,,In Progress,Reliable Works Corporation,Public Works Department (PWD)
MPL-00695,Gujarat,Rajkot,Rajkot,P. Rupala,Education & Schools,Construction of Additional Classrooms at Govt High School Village-130,Construction of Additional Classrooms at Govt High School Village-130,Village-130,Block-10,22.39998,70.90472,2130749.0,2107462.87,2083474.78,2023-10-11,2023-11-04,2023-12-14,2024-03-30,Completed,Reliable Works Corporation,District Rural Development Agency (DRDA)
MPL-00696,Gujarat,Rajkot,Rajkot,P. Rupala,Education & Schools,Construction of Additional Classrooms at Govt High School Village-6,Construction of Additional Classrooms at Govt High School Village-6,Village-6,Block-2,22.3179,70.79505,1587570.0,1530685.17,1465929.67,2023-08-07,2023-09-04,2023-09-29,2024-05-25,Completed,Sai Urban Works Pvt Ltd,District Rural Development Agency (DRDA)
MPL-00697,Karnataka,Bengaluru Rural,Bengaluru Rural,C. N. Manjunath,Rural Connectivity & Roads,Widening of Rural Link Road connecting Village-71,Widening of Rural Link Road connecting Village-71,Village-71,Block-1,12.92289,77.55492,3640766.0,3599196.02,3422161.88,2024-03-23,2024-04-20,2024-05-31,2024-09-05,Completed,Local Panchayat Works Unit,Municipal Corporation
MPL-00698,Rajasthan,Jaipur,Jaipur,M. Joshi,Community Infrastructure,Installation of Public Shed and Seating Area at Village-114,Installation of Public Shed and Seating Area at Village-114,Village-114,Block-9,26.84547,75.93183,422351.0,439587.5,340591.47,2023-05-07,2023-05-23,2023-07-06,2023-12-30,Completed,Kisan Rural Developers,Minor Irrigation Division
MPL-00699,Kerala,Wayanad,Wayanad,P. Gandhi,Renewable Energy,Supply and installation of 25 Solar Street Lights in Village-132,Supply and installation of 25 Solar Street Lights in Village-132,Village-132,Block-2,11.6189,76.21078,532907.0,515560.71,397239.97,2024-10-03,2024-11-02,2024-12-23,2025-03-28,Completed,Sai Urban Works Pvt Ltd,Municipal Corporation
MPL-00700,Karnataka,Bengaluru Rural,Bengaluru Rural,C. N. Manjunath,Education & Schools,Installation of Smart Classroom and Computer Lab in Village-47,Installation of Smart Classroom and Computer Lab in Village-47,Village-47,Block-10,13.12383,77.59446,1304020.0,1331208.84,1111147.71,2024-10-07,2024-11-05,2024-12-23,,In Progress,Local Panchayat Works Unit,District Rural Development Agency (DRDA)
MPL-00701,Madhya Pradesh,Indore,Indore,S. Lalwani,Community Infrastructure,Construction of Community Hall at Village Village-8,Construction of Community Hall at Village Village-8,Village-8,Block-3,22.864,75.95027,1333823.0,1298037.1,1199878.22,2024-05-04,2024-05-26,2024-07-23,2024-11-19,Completed,Bharat Engineers & Builders,Public Works Department (PWD)
MPL-00702,Madhya Pradesh,Indore,Indore,S. Lalwani,Community Infrastructure,Construction of Community Hall at Village Village-65,Construction of Community Hall at Village Village-65,Village-65,Block-3,22.84667,75.80405,1240068.0,1182704.72,1147038.7,2024-02-27,2024-03-28,2024-05-05,2024-07-11,Completed,Surya Shakti Engineering,Municipal Corporation
MPL-00703,Bihar,Patna,Patna Sahib,R. S. Prasad,Drinking Water & Sanitation,Construction of Public Toilets and Sanitation Block in Village-126,Construction of Public Toilets and Sanitation Block in Village-126,Village-126,Block-1,25.46991,84.99487,1058767.0,1077702.94,812761.39,2023-06-01,2023-06-15,2023-07-27,2023-11-13,Completed,Shree Ganesh Construction Co,Rural Engineering Service (RES)
MPL-00704,Uttar Pradesh,Varanasi,Varanasi,N. Modi,Rural Connectivity & Roads,Paver Block Road Construction in Village-146,Paver Block Road Construction in Village-146,Village-146,Block-6,25.41732,82.99501,1073131.0,1112245.68,860880.06,2024-11-08,2024-11-29,2025-01-24,2025-05-12,Completed,Surya Shakti Engineering,Minor Irrigation Division
MPL-00705,Maharashtra,Nagpur,Nagpur,N. Gadkari,Community Infrastructure,Development of Community Center and Boundary Wall in Village-110,Development of Community Center and Boundary Wall in Village-110,Village-110,Block-9,21.02607,79.08781,1455853.0,1437817.63,1050048.95,2023-03-02,2023-03-22,2023-04-14,2023-08-28,Completed,Apex Infrastructure Ltd,Minor Irrigation Division
MPL-00706,Uttar Pradesh,Varanasi,Varanasi,N. Modi,Drinking Water & Sanitation,Construction of Public Toilets and Sanitation Block in Village-65,Construction of Public Toilets and Sanitation Block in Village-65,Village-65,Block-5,25.34021,83.07986,1009391.0,1029909.23,727150.99,2023-05-20,2023-06-11,2023-07-14,,In Progress,Local Panchayat Works Unit,Minor Irrigation Division
MPL-00707,Uttar Pradesh,Varanasi,Varanasi,N. Modi,Renewable Energy,Installation of Solar LED High-Mast Lighting System at Village-150,Installation of Solar LED High-Mast Lighting System at Village-150,Village-150,Block-4,25.29402,82.88405,646928.0,675194.02,644004.0,2024-10-03,2024-10-30,2024-11-15,,In Progress,Apex Infrastructure Ltd,Rural Engineering Service (RES)
MPL-00708,Kerala,Wayanad,Wayanad,P. Gandhi,Community Infrastructure,Construction of Community Hall at Village Village-127,Construction of Community Hall at Village Village-127,Village-127,Block-10,11.63915,76.00323,1152907.0,1188146.99,1002057.03,2024-09-04,2024-09-16,2024-11-14,2025-01-22,Completed,Vanguard Infra Solutions,Minor Irrigation Division
MPL-00709,Karnataka,Bengaluru Rural,Bengaluru Rural,C. N. Manjunath,Drinking Water & Sanitation,Construction of Public Toilets and Sanitation Block in Village-11,Construction of Public Toilets and Sanitation Block in Village-11,Village-11,Block-1,13.14896,77.68073,709116.0,676184.66,604366.29,2024-10-17,2024-10-27,2024-12-03,2025-04-19,Completed,Bharat Engineers & Builders,Public Works Department (PWD)
MPL-00710,Bihar,Patna,Patna Sahib,R. S. Prasad,Renewable Energy,Supply and installation of 25 Solar Street Lights in Village-5,Supply and installation of 25 Solar Street Lights in Village-5,Village-5,Block-2,25.6545,85.15246,789667.0,788259.29,644476.8,2023-12-24,2024-01-22,2024-03-21,,In Progress,Shree Ganesh Construction Co,Municipal Corporation
MPL-00711,Kerala,Wayanad,Wayanad,P. Gandhi,Rural Connectivity & Roads,Construction of CC Road and Drainage Channel at Village-88,Construction of CC Road and Drainage Channel at Village-88,Village-88,Block-1,11.65932,76.20777,2415458.0,2516440.71,1863407.64,2023-03-26,2023-04-05,2023-05-27,,In Progress,Reliable Works Corporation,Minor Irrigation Division
MPL-00712,Bihar,Patna,Patna Sahib,R. S. Prasad,Community Infrastructure,Construction of Community Hall at Village Village-15,Construction of Community Hall at Village Village-15,Village-15,Block-2,25.74353,85.02651,1265742.0,1257964.76,993327.48,2023-11-06,2023-11-18,2023-12-25,2024-04-25,Completed,Vanguard Infra Solutions,Municipal Corporation
MPL-00713,Gujarat,Rajkot,Rajkot,P. Rupala,Rural Connectivity & Roads,Widening of Rural Link Road connecting Village-53,Widening of Rural Link Road connecting Village-53,Village-53,Block-5,22.38796,70.74001,4075883.0,4159542.61,3847745.44,2023-07-25,2023-08-14,2023-09-26,2024-02-26,Completed,Bharat Engineers & Builders,Minor Irrigation Division
MPL-00714,Gujarat,Rajkot,Rajkot,P. Rupala,Community Infrastructure,Development of Community Center and Boundary Wall in Village-106,Development of Community Center and Boundary Wall in Village-106,Village-106,Block-6,22.22306,70.87477,1539772.0,1609148.5,1302435.1,2023-03-08,2023-03-22,2023-04-19,2023-10-29,Completed,Bharat Engineers & Builders,Public Works Department (PWD)
MPL-00715,Uttar Pradesh,Varanasi,Varanasi,N. Modi,Drinking Water & Sanitation,Drilling of Deep Borewell and Overhead Tank Setup at Village-113,Drilling of Deep Borewell and Overhead Tank Setup at Village-113,Village-113,Block-5,25.28285,83.07205,925804.0,967747.08,653975.81,2023-01-06,2023-02-04,2023-03-08,,In Progress,Shree Ganesh Construction Co,Public Works Department (PWD)
MPL-00716,Madhya Pradesh,Indore,Indore,S. Lalwani,Education & Schools,Construction of Additional Classrooms at Govt High School Village-98,Construction of Additional Classrooms at Govt High School Village-98,Village-98,Block-1,22.58528,75.79924,2006697.0,1995463.46,1539807.91,2023-12-26,2024-01-24,2024-02-19,2024-09-02,Completed,Reliable Works Corporation,District Rural Development Agency (DRDA)
MPL-00717,Kerala,Wayanad,Wayanad,P. Gandhi,Rural Connectivity & Roads,Widening of Rural Link Road connecting Village-56,Widening of Rural Link Road connecting Village-56,Village-56,Block-8,11.77762,76.14799,2114693.0,2081057.62,2006361.16,2024-02-26,2024-03-20,2024-05-01,2024-07-14,Completed,Sai Urban Works Pvt Ltd,Minor Irrigation Division
MPL-00718,Rajasthan,Jaipur,Jaipur,M. Joshi,Drinking Water & Sanitation,Construction of Public Toilets and Sanitation Block in Village-120,Construction of Public Toilets and Sanitation Block in Village-120,Village-120,Block-6,26.78806,75.71228,1381853.0,1449924.89,1066055.47,2022-12-19,2023-01-16,2023-02-17,2023-06-27,Completed,Reliable Works Corporation,District Rural Development Agency (DRDA)
MPL-00719,Madhya Pradesh,Indore,Indore,S. Lalwani,Community Infrastructure,Installation of Public Shed and Seating Area at Village-71,Installation of Public Shed and Seating Area at Village-71,Village-71,Block-8,22.66167,75.90593,589632.0,575996.6,457055.59,2024-10-06,2024-10-30,2024-12-22,,In Progress,Sai Urban Works Pvt Ltd,Rural Engineering Service (RES)
MPL-00720,Uttar Pradesh,Varanasi,Varanasi,N. Modi,Education & Schools,Construction of Additional Classrooms at Govt High School Village-120,Construction of Additional Classrooms at Govt High School Village-120,Village-120,Block-6,25.44925,82.90683,1277602.0,1337123.62,1078375.78,2024-07-11,2024-07-23,2024-08-20,2025-03-16,Completed,Local Panchayat Works Unit,Minor Irrigation Division
MPL-00721,Karnataka,Bengaluru Rural,Bengaluru Rural,C. N. Manjunath,Drinking Water & Sanitation,Construction of Public Toilets and Sanitation Block in Village-71,Construction of Public Toilets and Sanitation Block in Village-71,Village-71,Block-3,13.09988,77.43267,872148.0,904335.09,643790.65,2024-09-11,2024-10-07,2024-11-02,,In Progress,Shree Ganesh Construction Co,Public Works Department (PWD)
MPL-00722,Karnataka,Bengaluru Rural,Bengaluru Rural,C. N. Manjunath,Renewable Energy,Supply and installation of 25 Solar Street Lights in Village-11,Supply and installation of 25 Solar Street Lights in Village-11,Village-11,Block-10,13.16798,77.67262,790145.0,807319.41,567516.8,2023-09-06,2023-09-23,2023-10-24,,In Progress,Reliable Works Corporation,Public Works Department (PWD)
MPL-00723,Kerala,Wayanad,Wayanad,P. Gandhi,Community Infrastructure,Construction of Community Hall at Village Village-130,Construction of Community Hall at Village Village-130,Village-130,Block-1,11.66019,76.17457,1930742.0,1856057.53,1396380.32,2023-07-08,2023-07-28,2023-09-01,2024-04-22,Completed,Sai Urban Works Pvt Ltd,Rural Engineering Service (RES)
MPL-00724,Kerala,Wayanad,Wayanad,P. Gandhi,Rural Connectivity & Roads,Paver Block Road Construction in Village-96,Paver Block Road Construction in Village-96,Village-96,Block-10,11.81449,76.25556,993549.0,1037511.51,783134.11,2023-01-16,2023-02-01,2023-02-26,2023-07-10,Completed,Apex Infrastructure Ltd,Public Works Department (PWD)
MPL-00725,Kerala,Wayanad,Wayanad,P. Gandhi,Renewable Energy,Supply and installation of 25 Solar Street Lights in Village-56,Supply and installation of 25 Solar Street Lights in Village-56,Village-56,Block-9,11.55893,76.00519,698621.0,721726.27,495867.11,2023-05-06,2023-06-03,2023-07-12,2024-02-23,Completed,Bharat Engineers & Builders,Minor Irrigation Division
MPL-00726,Madhya Pradesh,Indore,Indore,S. Lalwani,Renewable Energy,Installation of Solar LED High-Mast Lighting System at Village-136,Installation of Solar LED High-Mast Lighting System at Village-136,Village-136,Block-4,22.8204,75.79562,426964.0,431536.87,383310.91,2024-05-26,2024-06-16,2024-07-29,2024-11-15,Completed,Bharat Engineers & Builders,District Rural Development Agency (DRDA)
MPL-00727,Bihar,Patna,Patna Sahib,R. S. Prasad,Education & Schools,Installation of Smart Classroom and Computer Lab in Village-30,Installation of Smart Classroom and Computer Lab in Village-30,Village-30,Block-10,25.61224,85.01053,1426739.0,1389793.09,1312370.89,2024-02-07,2024-02-24,2024-04-02,,In Progress,Kisan Rural Developers,Municipal Corporation
MPL-00728,Karnataka,Bengaluru Rural,Bengaluru Rural,C. N. Manjunath,Education & Schools,Construction of Additional Classrooms at Govt High School Village-146,Construction of Additional Classrooms at Govt High School Village-146,Village-146,Block-5,13.11673,77.61757,2936066.0,3032011.92,2165596.41,2024-06-14,2024-07-04,2024-08-03,2025-01-14,Completed,Local Panchayat Works Unit,District Rural Development Agency (DRDA)
MPL-00729,Kerala,Wayanad,Wayanad,P. Gandhi,Community Infrastructure,Construction of Community Hall at Village Village-105,Construction of Community Hall at Village Village-105,Village-105,Block-2,11.80536,76.24492,1882948.0,1883894.36,1401891.64,2024-04-28,2024-05-21,2024-07-15,2024-11-02,Completed,Apex Infrastructure Ltd,Rural Engineering Service (RES)
MPL-00730,Rajasthan,Jaipur,Jaipur,M. Joshi,Renewable Energy,Supply and installation of 25 Solar Street Lights in Village-26,Supply and installation of 25 Solar Street Lights in Village-26,Village-26,Block-7,26.7843,75.79177,566268.0,587189.27,538043.83,2023-01-04,2023-01-25,2023-03-25,,In Progress,Reliable Works Corporation,Municipal Corporation
MPL-00731,Maharashtra,Nagpur,Nagpur,N. Gadkari,Education & Schools,Solar Rooftop Power System installation for School at Village-143,Solar Rooftop Power System installation for School at Village-143,Village-143,Block-7,21.29404,78.95177,626581.0,639863.48,460981.21,2023-11-11,2023-12-11,2024-02-01,2024-04-28,Completed,Kisan Rural Developers,Municipal Corporation
MPL-00732,Karnataka,Bengaluru Rural,Bengaluru Rural,C. N. Manjunath,Education & Schools,Installation of Smart Classroom and Computer Lab in Village-123,Installation of Smart Classroom and Computer Lab in Village-123,Village-123,Block-7,13.18318,77.59587,1434122.0,1381719.98,1082812.64,2024-08-06,2024-08-26,2024-10-12,,In Progress,Kisan Rural Developers,Municipal Corporation
MPL-00733,Karnataka,Bengaluru Rural,Bengaluru Rural,C. N. Manjunath,Drinking Water & Sanitation,Drilling of Deep Borewell and Overhead Tank Setup at Village-72,Drilling of Deep Borewell and Overhead Tank Setup at Village-72,Village-72,Block-6,13.08845,77.67102,551605.0,536836.52,467754.44,2023-01-28,2023-02-19,2023-04-11,2023-10-22,Completed,Vanguard Infra Solutions,District Rural Development Agency (DRDA)
MPL-00734,Kerala,Wayanad,Wayanad,P. Gandhi,Drinking Water & Sanitation,Installation of RO Water Purification Plant at Village-11,Installation of RO Water Purification Plant at Village-11,Village-11,Block-8,11.62084,76.01757,720914.0,715906.36,564819.44,2024-09-05,2024-09-22,2024-10-27,,In Progress,Sai Urban Works Pvt Ltd,Municipal Corporation
MPL-00735,Maharashtra,Nagpur,Nagpur,N. Gadkari,Rural Connectivity & Roads,Paver Block Road Construction in Village-28,Paver Block Road Construction in Village-28,Village-28,Block-4,21.00401,79.20896,742928.0,755292.82,551476.15,2023-07-21,2023-07-31,2023-09-19,2023-12-31,Completed,Reliable Works Corporation,Minor Irrigation Division
MPL-00736,Karnataka,Bengaluru Rural,Bengaluru Rural,C. N. Manjunath,Community Infrastructure,Development of Community Center and Boundary Wall in Village-53,Development of Community Center and Boundary Wall in Village-53,Village-53,Block-7,13.05065,77.6932,1095528.0,1143929.08,954587.83,2024-03-06,2024-03-31,2024-05-18,,In Progress,Shree Ganesh Construction Co,Municipal Corporation
MPL-00737,Rajasthan,Jaipur,Jaipur,M. Joshi,Community Infrastructure,Construction of Community Hall at Village Village-72,Construction of Community Hall at Village Village-72,Village-72,Block-2,26.80942,75.7379,2402398.0,2310257.06,1936612.3,2023-03-02,2023-03-22,2023-04-20,2023-09-10,Completed,Surya Shakti Engineering,Minor Irrigation Division
MPL-00738,Uttar Pradesh,Varanasi,Varanasi,N. Modi,Education & Schools,Construction of Additional Classrooms at Govt High School Village-134,Construction of Additional Classrooms at Govt High School Village-134,Village-134,Block-4,25.16999,82.86496,1865902.0,1808133.43,1618578.72,2024-09-15,2024-10-03,2024-10-20,2025-05-28,Completed,Vanguard Infra Solutions,Rural Engineering Service (RES)
MPL-00739,Karnataka,Bengaluru Rural,Bengaluru Rural,C. N. Manjunath,Drinking Water & Sanitation,Construction of Public Toilets and Sanitation Block in Village-48,Construction of Public Toilets and Sanitation Block in Village-48,Village-48,Block-4,12.91546,77.43798,1369194.0,1368745.78,1012570.42,2024-09-27,2024-10-12,2024-11-01,2025-02-23,Completed,Reliable Works Corporation,Minor Irrigation Division
MPL-00740,Uttar Pradesh,Varanasi,Varanasi,N. Modi,Education & Schools,Solar Rooftop Power System installation for School at Village-68,Solar Rooftop Power System installation for School at Village-68,Village-68,Block-8,25.4539,83.08727,821586.0,811750.81,719027.16,2024-09-20,2024-10-15,2024-11-21,2025-07-07,Completed,Bharat Engineers & Builders,District Rural Development Agency (DRDA)
MPL-00741,Madhya Pradesh,Indore,Indore,S. Lalwani,Renewable Energy,Supply and installation of 25 Solar Street Lights in Village-140,Supply and installation of 25 Solar Street Lights in Village-140,Village-140,Block-6,22.64382,75.83516,752161.0,736773.08,575914.0,2023-10-09,2023-10-22,2023-12-02,2024-04-23,Completed,National Civil Projects,Municipal Corporation
MPL-00742,Kerala,Wayanad,Wayanad,P. Gandhi,Education & Schools,Solar Rooftop Power System installation for School at Village-33,Solar Rooftop Power System installation for School at Village-33,Village-33,Block-1,11.54409,76.06238,905632.0,940242.67,862194.49,2024-04-18,2024-05-15,2024-07-07,2024-11-04,Completed,Bharat Engineers & Builders,Municipal Corporation
MPL-00743,Kerala,Wayanad,Wayanad,P. Gandhi,Rural Connectivity & Roads,Widening of Rural Link Road connecting Village-82,Widening of Rural Link Road connecting Village-82,Village-82,Block-8,11.68105,76.04768,3724819.0,3684359.42,3101230.15,2024-01-21,2024-02-13,2024-03-15,2024-07-21,Completed,Apex Infrastructure Ltd,District Rural Development Agency (DRDA)
MPL-00744,Bihar,Patna,Patna Sahib,R. S. Prasad,Renewable Energy,Installation of Solar LED High-Mast Lighting System at Village-138,Installation of Solar LED High-Mast Lighting System at Village-138,Village-138,Block-2,25.60603,85.27268,508108.0,522312.26,372491.27,2024-08-31,2024-09-20,2024-11-13,2025-06-15,Completed,Apex Infrastructure Ltd,Municipal Corporation
MPL-00745,Kerala,Wayanad,Wayanad,P. Gandhi,Renewable Energy,Installation of Solar LED High-Mast Lighting System at Village-13,Installation of Solar LED High-Mast Lighting System at Village-13,Village-13,Block-7,11.62246,76.03042,671921.0,652466.43,578283.3,2023-05-25,2023-06-10,2023-07-29,2023-11-24,Completed,Kisan Rural Developers,District Rural Development Agency (DRDA)
MPL-00746,Bihar,Patna,Patna Sahib,R. S. Prasad,Community Infrastructure,Construction of Community Hall at Village Village-6,Construction of Community Hall at Village Village-6,Village-6,Block-5,25.53454,85.0566,2104266.0,2020625.79,1724196.05,2024-04-28,2024-05-11,2024-05-28,,In Progress,Bharat Engineers & Builders,Public Works Department (PWD)
MPL-00747,Madhya Pradesh,Indore,Indore,S. Lalwani,Education & Schools,Construction of Additional Classrooms at Govt High School Village-70,Construction of Additional Classrooms at Govt High School Village-70,Village-70,Block-10,22.81868,75.88916,1378083.0,1319724.92,1173234.96,2024-02-08,2024-03-01,2024-03-17,,In Progress,National Civil Projects,Public Works Department (PWD)
MPL-00748,Bihar,Patna,Patna Sahib,R. S. Prasad,Renewable Energy,Supply and installation of 25 Solar Street Lights in Village-83,Supply and installation of 25 Solar Street Lights in Village-83,Village-83,Block-5,25.52338,85.18442,722902.0,723795.19,511113.1,2023-09-15,2023-10-08,2023-11-21,,In Progress,Surya Shakti Engineering,Municipal Corporation
MPL-00749,Gujarat,Rajkot,Rajkot,P. Rupala,Drinking Water & Sanitation,Construction of Public Toilets and Sanitation Block in Village-144,Construction of Public Toilets and Sanitation Block in Village-144,Village-144,Block-9,22.15906,70.80131,892089.0,890603.63,867377.89,2024-06-17,2024-06-30,2024-08-16,,In Progress,Vanguard Infra Solutions,District Rural Development Agency (DRDA)
MPL-00750,Karnataka,Bengaluru Rural,Bengaluru Rural,C. N. Manjunath,Drinking Water & Sanitation,Drilling of Deep Borewell and Overhead Tank Setup at Village-7,Drilling of Deep Borewell and Overhead Tank Setup at Village-7,Village-7,Block-9,13.00768,77.46093,866650.0,890154.05,722894.94,2024-04-18,2024-05-03,2024-06-23,,In Progress,Shree Ganesh Construction Co,Public Works Department (PWD)
MPL-00751,Bihar,Patna,Patna Sahib,R. S. Prasad,Education & Schools,Solar Rooftop Power System installation for School at Village-64,Solar Rooftop Power System installation for School at Village-64,Village-64,Block-7,25.67227,85.00528,543981.0,524470.06,481394.1,2024-04-10,2024-04-29,2024-06-16,2025-01-07,Completed,Surya Shakti Engineering,District Rural Development Agency (DRDA)
MPL-00752,Kerala,Wayanad,Wayanad,P. Gandhi,Drinking Water & Sanitation,Installation of RO Water Purification Plant at Village-83,Installation of RO Water Purification Plant at Village-83,Village-83,Block-4,11.70412,76.12862,1092772.0,1103560.95,1050622.01,2023-09-12,2023-10-02,2023-11-30,,In Progress,Surya Shakti Engineering,District Rural Development Agency (DRDA)
MPL-00753,Karnataka,Bengaluru Rural,Bengaluru Rural,C. N. Manjunath,Education & Schools,Solar Rooftop Power System installation for School at Village-143,Solar Rooftop Power System installation for School at Village-143,Village-143,Block-3,12.95268,77.42189,950181.0,972955.41,874091.26,2023-04-02,2023-04-18,2023-05-30,2023-11-02,Completed,Reliable Works Corporation,Public Works Department (PWD)
MPL-00754,Karnataka,Bengaluru Rural,Bengaluru Rural,C. N. Manjunath,Community Infrastructure,Construction of Community Hall at Village Village-109,Construction of Community Hall at Village Village-109,Village-109,Block-5,13.03994,77.42058,2038477.0,1971354.45,1918096.96,2024-04-25,2024-05-13,2024-06-05,2024-12-22,Completed,Shree Ganesh Construction Co,Municipal Corporation
MPL-00755,Kerala,Wayanad,Wayanad,P. Gandhi,Renewable Energy,Supply and installation of 25 Solar Street Lights in Village-145,Supply and installation of 25 Solar Street Lights in Village-145,Village-145,Block-6,11.69121,76.05737,840902.0,812811.3,661839.52,2023-07-15,2023-07-29,2023-09-21,2024-02-23,Completed,Surya Shakti Engineering,Rural Engineering Service (RES)
MPL-00756,Maharashtra,Nagpur,Nagpur,N. Gadkari,Renewable Energy,Supply and installation of 25 Solar Street Lights in Village-3,Supply and installation of 25 Solar Street Lights in Village-3,Village-3,Block-2,21.05558,78.96635,666560.0,660981.09,496657.0,2023-02-27,2023-03-10,2023-03-25,2023-07-11,Completed,Surya Shakti Engineering,District Rural Development Agency (DRDA)
MPL-00757,Karnataka,Bengaluru Rural,Bengaluru Rural,C. N. Manjunath,Renewable Energy,Installation of Solar LED High-Mast Lighting System at Village-18,Installation of Solar LED High-Mast Lighting System at Village-18,Village-18,Block-5,12.97229,77.50306,583738.0,591696.89,563308.9,2023-11-29,2023-12-20,2024-02-13,,In Progress,Vanguard Infra Solutions,Minor Irrigation Division
MPL-00758,Madhya Pradesh,Indore,Indore,S. Lalwani,Rural Connectivity & Roads,Widening of Rural Link Road connecting Village-139,Widening of Rural Link Road connecting Village-139,Village-139,Block-10,22.6231,75.8768,4691062.0,4765822.32,3392776.99,2023-05-07,2023-06-06,2023-06-27,2023-11-05,Completed,National Civil Projects,Minor Irrigation Division
MPL-00759,Madhya Pradesh,Indore,Indore,S. Lalwani,Rural Connectivity & Roads,Widening of Rural Link Road connecting Village-71,Widening of Rural Link Road connecting Village-71,Village-71,Block-3,22.597,75.94871,4583218.0,4660443.81,3859170.62,2023-05-28,2023-06-22,2023-07-07,2023-10-30,Completed,National Civil Projects,Rural Engineering Service (RES)
MPL-00760,Uttar Pradesh,Varanasi,Varanasi,N. Modi,Rural Connectivity & Roads,Construction of CC Road and Drainage Channel at Village-14,Construction of CC Road and Drainage Channel at Village-14,Village-14,Block-7,25.3956,82.89613,1787257.0,1789349.03,1486831.08,2024-10-17,2024-11-11,2024-12-26,2025-07-02,Completed,Vanguard Infra Solutions,Municipal Corporation
MPL-00761,Kerala,Wayanad,Wayanad,P. Gandhi,Rural Connectivity & Roads,Widening of Rural Link Road connecting Village-82,Widening of Rural Link Road connecting Village-82,Village-82,Block-8,11.7488,76.23396,4225856.0,4047609.25,3725575.07,2023-07-21,2023-08-08,2023-09-02,2024-01-11,Completed,Reliable Works Corporation,Municipal Corporation
MPL-00762,Gujarat,Rajkot,Rajkot,P. Rupala,Renewable Energy,Supply and installation of 25 Solar Street Lights in Village-90,Supply and installation of 25 Solar Street Lights in Village-90,Village-90,Block-6,22.21803,70.82014,593329.0,565163.41,480422.14,2024-04-07,2024-04-22,2024-06-18,2024-12-03,Completed,Bharat Engineers & Builders,Municipal Corporation
MPL-00763,Uttar Pradesh,Varanasi,Varanasi,N. Modi,Drinking Water & Sanitation,Construction of Public Toilets and Sanitation Block in Village-93,Construction of Public Toilets and Sanitation Block in Village-93,Village-93,Block-5,25.31844,82.8278,1151553.0,1116417.81,1008595.21,2023-11-03,2023-12-03,2023-12-24,2024-04-26,Completed,Sai Urban Works Pvt Ltd,Public Works Department (PWD)
MPL-00764,Karnataka,Bengaluru Rural,Bengaluru Rural,C. N. Manjunath,Education & Schools,Construction of Additional Classrooms at Govt High School Village-65,Construction of Additional Classrooms at Govt High School Village-65,Village-65,Block-2,13.10417,77.56489,1774984.0,1797219.3,1759616.56,2023-01-21,2023-02-01,2023-04-02,2023-11-03,Completed,Surya Shakti Engineering,Minor Irrigation Division
MPL-00765,Kerala,Wayanad,Wayanad,P. Gandhi,Community Infrastructure,Installation of Public Shed and Seating Area at Village-40,Installation of Public Shed and Seating Area at Village-40,Village-40,Block-2,11.55221,76.17324,769958.0,788144.11,740140.58,2023-04-18,2023-05-15,2023-06-04,2023-09-02,Completed,Apex Infrastructure Ltd,District Rural Development Agency (DRDA)
MPL-00766,Rajasthan,Jaipur,Jaipur,M. Joshi,Drinking Water & Sanitation,Drilling of Deep Borewell and Overhead Tank Setup at Village-5,Drilling of Deep Borewell and Overhead Tank Setup at Village-5,Village-5,Block-1,27.05828,75.85394,798824.0,825766.22,762452.75,2023-10-30,2023-11-21,2024-01-20,,In Progress,Kisan Rural Developers,Minor Irrigation Division
MPL-00767,Madhya Pradesh,Indore,Indore,S. Lalwani,Community Infrastructure,Construction of Community Hall at Village Village-50,Construction of Community Hall at Village Village-50,Village-50,Block-1,22.75216,75.91432,2051775.0,1979452.79,1600365.58,2023-06-07,2023-06-26,2023-08-08,,In Progress,Vanguard Infra Solutions,Rural Engineering Service (RES)
MPL-00768,Rajasthan,Jaipur,Jaipur,M. Joshi,Renewable Energy,Supply and installation of 25 Solar Street Lights in Village-31,Supply and installation of 25 Solar Street Lights in Village-31,Village-31,Block-6,26.79728,75.66447,679019.0,676727.47,645632.78,2023-03-02,2023-03-30,2023-05-20,2023-08-10,Completed,Shree Ganesh Construction Co,Rural Engineering Service (RES)
MPL-00769,Uttar Pradesh,Varanasi,Varanasi,N. Modi,Drinking Water & Sanitation,Installation of RO Water Purification Plant at Village-56,Installation of RO Water Purification Plant at Village-56,Village-56,Block-1,25.4504,83.08328,1168934.0,1154267.33,846755.31,2023-08-19,2023-09-10,2023-10-14,2024-05-25,Completed,National Civil Projects,District Rural Development Agency (DRDA)
MPL-00770,Rajasthan,Jaipur,Jaipur,M. Joshi,Drinking Water & Sanitation,Construction of Public Toilets and Sanitation Block in Village-36,Construction of Public Toilets and Sanitation Block in Village-36,Village-36,Block-2,27.05618,75.71511,1192487.0,1170490.5,915577.34,2023-06-17,2023-07-12,2023-08-13,2023-11-26,Completed,Surya Shakti Engineering,District Rural Development Agency (DRDA)
MPL-00771,Kerala,Wayanad,Wayanad,P. Gandhi,Renewable Energy,Supply and installation of 25 Solar Street Lights in Village-90,Supply and installation of 25 Solar Street Lights in Village-90,Village-90,Block-10,11.8203,76.15757,904944.0,917778.45,755539.5,2024-09-22,2024-10-08,2024-12-05,2025-02-12,Completed,National Civil Projects,Minor Irrigation Division
MPL-00772,Madhya Pradesh,Indore,Indore,S. Lalwani,Rural Connectivity & Roads,Widening of Rural Link Road connecting Village-74,Widening of Rural Link Road connecting Village-74,Village-74,Block-1,22.80162,75.78516,2870095.0,2824799.5,2842964.38,2024-07-05,2024-07-18,2024-08-19,,In Progress,Surya Shakti Engineering,District Rural Development Agency (DRDA)
MPL-00773,Maharashtra,Nagpur,Nagpur,N. Gadkari,Education & Schools,Construction of Additional Classrooms at Govt High School Village-120,Construction of Additional Classrooms at Govt High School Village-120,Village-120,Block-7,21.20619,79.12704,2430652.0,2387627.26,2112554.58,2024-10-11,2024-11-05,2024-12-27,2025-05-18,Completed,Apex Infrastructure Ltd,Rural Engineering Service (RES)
MPL-00774,Kerala,Wayanad,Wayanad,P. Gandhi,Rural Connectivity & Roads,Widening of Rural Link Road connecting Village-26,Widening of Rural Link Road connecting Village-26,Village-26,Block-10,11.54192,76.22477,2784802.0,2899855.77,2205236.5,2024-03-31,2024-04-23,2024-06-11,,In Progress,Surya Shakti Engineering,Minor Irrigation Division
MPL-00775,Madhya Pradesh,Indore,Indore,S. Lalwani,Education & Schools,Construction of Additional Classrooms at Govt High School Village-65,Construction of Additional Classrooms at Govt High School Village-65,Village-65,Block-7,22.79855,75.97796,2717021.0,2682573.19,2177321.4,2024-11-02,2024-11-25,2025-01-04,2025-05-03,Completed,Reliable Works Corporation,Public Works Department (PWD)
MPL-00776,Rajasthan,Jaipur,Jaipur,M. Joshi,Renewable Energy,Supply and installation of 25 Solar Street Lights in Village-8,Supply and installation of 25 Solar Street Lights in Village-8,Village-8,Block-6,27.04785,75.8077,585996.0,586711.17,572345.86,2024-08-23,2024-09-03,2024-11-01,2025-02-19,Completed,National Civil Projects,Rural Engineering Service (RES)
MPL-00777,Gujarat,Rajkot,Rajkot,P. Rupala,Rural Connectivity & Roads,Construction of CC Road and Drainage Channel at Village-89,Construction of CC Road and Drainage Channel at Village-89,Village-89,Block-4,22.20552,70.74446,2461991.0,2436384.78,2063582.55,2024-10-13,2024-11-05,2024-11-29,,In Progress,National Civil Projects,Rural Engineering Service (RES)
MPL-00778,Gujarat,Rajkot,Rajkot,P. Rupala,Drinking Water & Sanitation,Installation of RO Water Purification Plant at Village-143,Installation of RO Water Purification Plant at Village-143,Village-143,Block-4,22.36353,70.92605,892437.0,848256.44,667363.44,2023-03-31,2023-04-13,2023-05-28,2023-11-04,Completed,Vanguard Infra Solutions,Municipal Corporation
MPL-00779,Madhya Pradesh,Indore,Indore,S. Lalwani,Drinking Water & Sanitation,Construction of Public Toilets and Sanitation Block in Village-35,Construction of Public Toilets and Sanitation Block in Village-35,Village-35,Block-4,22.5911,75.85419,1019308.0,1047161.66,988123.69,2024-10-23,2024-11-21,2025-01-02,2025-07-17,Completed,Local Panchayat Works Unit,Public Works Department (PWD)
MPL-00780,Maharashtra,Nagpur,Nagpur,N. Gadkari,Drinking Water & Sanitation,Construction of Public Toilets and Sanitation Block in Village-93,Construction of Public Toilets and Sanitation Block in Village-93,Village-93,Block-5,21.06482,79.08818,956359.0,956498.24,669907.92,2024-08-13,2024-09-05,2024-10-15,2025-05-28,Completed,Apex Infrastructure Ltd,Rural Engineering Service (RES)
MPL-00781,Gujarat,Rajkot,Rajkot,P. Rupala,Rural Connectivity & Roads,Paver Block Road Construction in Village-47,Paver Block Road Construction in Village-47,Village-47,Block-9,22.44145,70.77872,946390.0,913337.1,750797.33,2024-11-09,2024-11-22,2025-01-06,,In Progress,National Civil Projects,Municipal Corporation
MPL-00782,Karnataka,Bengaluru Rural,Bengaluru Rural,C. N. Manjunath,Community Infrastructure,Development of Community Center and Boundary Wall in Village-26,Development of Community Center and Boundary Wall in Village-26,Village-26,Block-7,13.06659,77.62369,1487728.0,1541653.15,1400048.86,2022-12-21,2023-01-13,2023-02-07,2023-09-02,Completed,Apex Infrastructure Ltd,Municipal Corporation
MPL-00783,Uttar Pradesh,Varanasi,Varanasi,N. Modi,Rural Connectivity & Roads,Paver Block Road Construction in Village-67,Paver Block Road Construction in Village-67,Village-67,Block-3,25.38121,83.07715,1164920.0,1120182.23,1097514.85,2024-03-14,2024-04-06,2024-05-23,2024-11-20,Completed,Kisan Rural Developers,Public Works Department (PWD)
MPL-00784,Madhya Pradesh,Indore,Indore,S. Lalwani,Community Infrastructure,Construction of Community Hall at Village Village-2,Construction of Community Hall at Village Village-2,Village-2,Block-5,22.78789,75.8442,1706982.0,1783489.14,1557227.47,2023-09-11,2023-09-22,2023-10-19,2024-05-23,Completed,Apex Infrastructure Ltd,Municipal Corporation
MPL-00785,Gujarat,Rajkot,Rajkot,P. Rupala,Education & Schools,Installation of Smart Classroom and Computer Lab in Village-94,Installation of Smart Classroom and Computer Lab in Village-94,Village-94,Block-5,22.38395,70.65926,752505.0,781789.93,681706.54,2023-08-26,2023-09-16,2023-10-28,2024-03-11,Completed,Sai Urban Works Pvt Ltd,Rural Engineering Service (RES)
MPL-00786,Madhya Pradesh,Indore,Indore,S. Lalwani,Community Infrastructure,Development of Community Center and Boundary Wall in Village-84,Development of Community Center and Boundary Wall in Village-84,Village-84,Block-3,22.64419,75.73291,1112143.0,1127266.22,977277.5,2023-12-02,2024-01-01,2024-01-18,2024-06-27,Completed,Shree Ganesh Construction Co,Rural Engineering Service (RES)
MPL-00787,Karnataka,Bengaluru Rural,Bengaluru Rural,C. N. Manjunath,Education & Schools,Installation of Smart Classroom and Computer Lab in Village-89,Installation of Smart Classroom and Computer Lab in Village-89,Village-89,Block-7,13.01248,77.42929,1180280.0,1202586.34,912628.15,2024-05-25,2024-06-20,2024-08-10,2024-10-28,Completed,Local Panchayat Works Unit,Public Works Department (PWD)
MPL-00788,Gujarat,Rajkot,Rajkot,P. Rupala,Rural Connectivity & Roads,Widening of Rural Link Road connecting Village-78,Widening of Rural Link Road connecting Village-78,Village-78,Block-10,22.40496,70.78223,3772218.0,3734774.81,2848700.22,2023-09-03,2023-09-21,2023-11-16,2024-02-04,Completed,Shree Ganesh Construction Co,Rural Engineering Service (RES)
MPL-00789,Rajasthan,Jaipur,Jaipur,M. Joshi,Renewable Energy,Installation of Solar LED High-Mast Lighting System at Village-13,Installation of Solar LED High-Mast Lighting System at Village-13,Village-13,Block-3,26.84546,75.83873,596207.0,600579.34,455837.68,2024-03-04,2024-03-23,2024-04-24,2024-08-09,Completed,Local Panchayat Works Unit,Municipal Corporation
MPL-00790,Rajasthan,Jaipur,Jaipur,M. Joshi,Community Infrastructure,Development of Community Center and Boundary Wall in Village-54,Development of Community Center and Boundary Wall in Village-54,Village-54,Block-4,26.85785,75.7037,819628.0,842745.65,735340.6,2023-09-27,2023-10-09,2023-11-10,2024-06-19,Completed,Apex Infrastructure Ltd,District Rural Development Agency (DRDA)
MPL-00791,Rajasthan,Jaipur,Jaipur,M. Joshi,Renewable Energy,Supply and installation of 25 Solar Street Lights in Village-108,Supply and installation of 25 Solar Street Lights in Village-108,Village-108,Block-8,26.86458,75.74121,832803.0,840733.85,718240.44,2024-04-07,2024-05-02,2024-06-21,,In Progress,Surya Shakti Engineering,Rural Engineering Service (RES)
MPL-00792,Bihar,Patna,Patna Sahib,R. S. Prasad,Renewable Energy,Installation of Solar LED High-Mast Lighting System at Village-100,Installation of Solar LED High-Mast Lighting System at Village-100,Village-100,Block-5,25.73958,85.01253,534056.0,528872.36,479694.2,2024-07-20,2024-08-08,2024-08-28,2025-03-19,Completed,Reliable Works Corporation,District Rural Development Agency (DRDA)
MPL-00793,Kerala,Wayanad,Wayanad,P. Gandhi,Education & Schools,Solar Rooftop Power System installation for School at Village-120,Solar Rooftop Power System installation for School at Village-120,Village-120,Block-8,11.83415,75.98902,515500.0,497761.67,451310.49,2024-09-14,2024-10-01,2024-11-07,2025-04-22,Completed,Sai Urban Works Pvt Ltd,Minor Irrigation Division
MPL-00794,Madhya Pradesh,Indore,Indore,S. Lalwani,Renewable Energy,Installation of Solar LED High-Mast Lighting System at Village-97,Installation of Solar LED High-Mast Lighting System at Village-97,Village-97,Block-9,22.60279,75.7945,718306.0,750544.94,529426.15,2024-01-18,2024-02-10,2024-03-09,,In Progress,National Civil Projects,Municipal Corporation
MPL-00795,Kerala,Wayanad,Wayanad,P. Gandhi,Drinking Water & Sanitation,Construction of Public Toilets and Sanitation Block in Village-72,Construction of Public Toilets and Sanitation Block in Village-72,Village-72,Block-7,11.63073,76.14269,934918.0,960207.5,831219.42,2024-10-17,2024-11-11,2025-01-08,2025-08-18,Completed,Vanguard Infra Solutions,Rural Engineering Service (RES)
MPL-00796,Karnataka,Bengaluru Rural,Bengaluru Rural,C. N. Manjunath,Rural Connectivity & Roads,Paver Block Road Construction in Village-41,Paver Block Road Construction in Village-41,Village-41,Block-7,13.18668,77.53281,686255.0,679396.18,481065.59,2023-11-23,2023-12-09,2024-01-22,2024-09-12,Completed,Vanguard Infra Solutions,Municipal Corporation
MPL-00797,Uttar Pradesh,Varanasi,Varanasi,N. Modi,Renewable Energy,Installation of Solar LED High-Mast Lighting System at Village-36,Installation of Solar LED High-Mast Lighting System at Village-36,Village-36,Block-2,25.26511,82.89888,719661.0,728291.2,719425.65,2024-08-15,2024-09-05,2024-10-26,2024-12-30,Completed,Local Panchayat Works Unit,Municipal Corporation
MPL-00798,Uttar Pradesh,Varanasi,Varanasi,N. Modi,Renewable Energy,Supply and installation of 25 Solar Street Lights in Village-142,Supply and installation of 25 Solar Street Lights in Village-142,Village-142,Block-3,25.22016,83.10504,768087.0,796002.22,733594.29,2023-05-27,2023-06-15,2023-07-29,2023-11-27,Completed,Bharat Engineers & Builders,District Rural Development Agency (DRDA)
MPL-00799,Gujarat,Rajkot,Rajkot,P. Rupala,Community Infrastructure,Construction of Community Hall at Village Village-148,Construction of Community Hall at Village Village-148,Village-148,Block-3,22.30396,70.68555,1967163.0,1959135.58,1780481.84,2024-03-13,2024-03-30,2024-04-29,2024-10-24,Completed,Local Panchayat Works Unit,District Rural Development Agency (DRDA)
MPL-00800,Karnataka,Bengaluru Rural,Bengaluru Rural,C. N. Manjunath,Community Infrastructure,Construction of Community Hall at Village Village-9,Construction of Community Hall at Village Village-9,Village-9,Block-10,13.03963,77.49581,2430307.0,2473292.42,2333383.48,2024-03-27,2024-04-26,2024-06-04,,In Progress,Reliable Works Corporation,Public Works Department (PWD)
MPL-00801,Uttar Pradesh,Varanasi,Varanasi,N. Modi,Education & Schools,Installation of Smart Classroom and Computer Lab in Village-16,Installation of Smart Classroom and Computer Lab in Village-16,Village-16,Block-3,25.35638,82.95591,1007194.0,1038584.45,955315.78,2023-01-23,2023-02-10,2023-03-20,2023-09-26,Completed,Shree Ganesh Construction Co,Public Works Department (PWD)
MPL-00802,Gujarat,Rajkot,Rajkot,P. Rupala,Drinking Water & Sanitation,Construction of Public Toilets and Sanitation Block in Village-106,Construction of Public Toilets and Sanitation Block in Village-106,Village-106,Block-4,22.25291,70.86031,1288428.0,1267791.84,1254790.21,2024-04-21,2024-05-09,2024-06-06,,In Progress,Surya Shakti Engineering,Municipal Corporation
MPL-00803,Kerala,Wayanad,Wayanad,P. Gandhi,Rural Connectivity & Roads,Widening of Rural Link Road connecting Village-114,Widening of Rural Link Road connecting Village-114,Village-114,Block-10,11.57981,76.06853,3386893.0,3484223.48,3081627.26,2024-07-14,2024-08-04,2024-09-05,2024-12-09,Completed,Bharat Engineers & Builders,District Rural Development Agency (DRDA)
MPL-00804,Rajasthan,Jaipur,Jaipur,M. Joshi,Rural Connectivity & Roads,Widening of Rural Link Road connecting Village-41,Widening of Rural Link Road connecting Village-41,Village-41,Block-5,26.98552,75.84582,4380854.0,4439511.26,3691243.85,2024-03-04,2024-03-26,2024-05-23,,In Progress,National Civil Projects,Minor Irrigation Division
MPL-00805,Rajasthan,Jaipur,Jaipur,M. Joshi,Drinking Water & Sanitation,Installation of RO Water Purification Plant at Village-55,Installation of RO Water Purification Plant at Village-55,Village-55,Block-3,26.88415,75.82284,1111561.0,1089658.42,972916.48,2023-08-26,2023-09-23,2023-10-31,2024-05-10,Completed,National Civil Projects,District Rural Development Agency (DRDA)
MPL-00806,Kerala,Wayanad,Wayanad,P. Gandhi,Renewable Energy,Supply and installation of 25 Solar Street Lights in Village-97,Supply and installation of 25 Solar Street Lights in Village-97,Village-97,Block-4,11.80454,75.98627,953723.0,994359.45,853117.58,2024-06-02,2024-06-21,2024-08-05,,In Progress,Shree Ganesh Construction Co,District Rural Development Agency (DRDA)
MPL-00807,Bihar,Patna,Patna Sahib,R. S. Prasad,Drinking Water & Sanitation,Installation of RO Water Purification Plant at Village-72,Installation of RO Water Purification Plant at Village-72,Village-72,Block-4,25.61492,85.17919,1138206.0,1169849.76,1066251.2,2024-10-11,2024-10-27,2024-11-23,2025-05-19,Completed,Apex Infrastructure Ltd,Minor Irrigation Division
MPL-00808,Kerala,Wayanad,Wayanad,P. Gandhi,Community Infrastructure,Development of Community Center and Boundary Wall in Village-26,Development of Community Center and Boundary Wall in Village-26,Village-26,Block-10,11.79718,76.27313,1798273.0,1767615.16,1295043.06,2024-06-24,2024-07-20,2024-09-07,2025-03-23,Completed,Apex Infrastructure Ltd,Municipal Corporation
MPL-00809,Bihar,Patna,Patna Sahib,R. S. Prasad,Drinking Water & Sanitation,Construction of Public Toilets and Sanitation Block in Village-47,Construction of Public Toilets and Sanitation Block in Village-47,Village-47,Block-2,25.45617,85.17034,1323201.0,1380936.68,1266643.13,2023-08-06,2023-08-22,2023-10-20,2024-02-02,Completed,Reliable Works Corporation,District Rural Development Agency (DRDA)
MPL-00810,Gujarat,Rajkot,Rajkot,P. Rupala,Drinking Water & Sanitation,Drilling of Deep Borewell and Overhead Tank Setup at Village-78,Drilling of Deep Borewell and Overhead Tank Setup at Village-78,Village-78,Block-8,22.41839,70.66752,513821.0,498803.66,397277.24,2024-08-05,2024-08-18,2024-10-02,2025-04-17,Completed,Shree Ganesh Construction Co,Rural Engineering Service (RES)
MPL-00811,Karnataka,Bengaluru Rural,Bengaluru Rural,C. N. Manjunath,Community Infrastructure,Development of Community Center and Boundary Wall in Village-51,Development of Community Center and Boundary Wall in Village-51,Village-51,Block-10,13.04343,77.6893,904727.0,908560.22,691662.15,2024-04-13,2024-05-13,2024-06-16,2025-01-10,Completed,Surya Shakti Engineering,Rural Engineering Service (RES)
MPL-00812,Karnataka,Bengaluru Rural,Bengaluru Rural,C. N. Manjunath,Community Infrastructure,Development of Community Center and Boundary Wall in Village-105,Development of Community Center and Boundary Wall in Village-105,Village-105,Block-6,13.19993,77.50769,1430565.0,1397768.32,1272256.47,2023-11-15,2023-12-03,2024-01-19,2024-05-30,Completed,Reliable Works Corporation,Rural Engineering Service (RES)
MPL-00813,Rajasthan,Jaipur,Jaipur,M. Joshi,Education & Schools,Construction of Additional Classrooms at Govt High School Village-47,Construction of Additional Classrooms at Govt High School Village-47,Village-47,Block-8,26.78207,75.7669,2222530.0,2112851.99,2151431.62,2024-05-16,2024-06-05,2024-07-20,2024-11-02,Completed,Sai Urban Works Pvt Ltd,Public Works Department (PWD)
MPL-00814,Maharashtra,Nagpur,Nagpur,N. Gadkari,Drinking Water & Sanitation,Installation of RO Water Purification Plant at Village-60,Installation of RO Water Purification Plant at Village-60,Village-60,Block-6,21.08582,79.12106,723573.0,709622.54,572791.35,2024-06-12,2024-06-27,2024-08-11,,In Progress,Local Panchayat Works Unit,Rural Engineering Service (RES)
MPL-00815,Bihar,Patna,Patna Sahib,R. S. Prasad,Education & Schools,Construction of Additional Classrooms at Govt High School Village-41,Construction of Additional Classrooms at Govt High School Village-41,Village-41,Block-5,25.67803,85.06841,2479521.0,2519835.72,1977924.76,2024-05-22,2024-06-12,2024-07-27,2025-01-09,Completed,Sai Urban Works Pvt Ltd,Municipal Corporation
MPL-00816,Maharashtra,Nagpur,Nagpur,N. Gadkari,Rural Connectivity & Roads,Paver Block Road Construction in Village-91,Paver Block Road Construction in Village-91,Village-91,Block-3,21.2778,78.95479,830664.0,826486.41,687448.7,2024-01-14,2024-02-07,2024-03-19,,In Progress,Vanguard Infra Solutions,District Rural Development Agency (DRDA)
MPL-00817,Rajasthan,Jaipur,Jaipur,M. Joshi,Community Infrastructure,Installation of Public Shed and Seating Area at Village-52,Installation of Public Shed and Seating Area at Village-52,Village-52,Block-10,26.86011,75.80529,509371.0,517625.59,395668.59,2023-12-23,2024-01-18,2024-02-03,2024-07-09,Completed,Bharat Engineers & Builders,Rural Engineering Service (RES)
MPL-00818,Karnataka,Bengaluru Rural,Bengaluru Rural,C. N. Manjunath,Rural Connectivity & Roads,Construction of CC Road and Drainage Channel at Village-20,Construction of CC Road and Drainage Channel at Village-20,Village-20,Block-5,13.14887,77.53482,2009896.0,1941643.54,1842782.68,2024-08-01,2024-08-30,2024-10-14,2024-12-24,Completed,Surya Shakti Engineering,Rural Engineering Service (RES)
MPL-00819,Madhya Pradesh,Indore,Indore,S. Lalwani,Community Infrastructure,Construction of Community Hall at Village Village-15,Construction of Community Hall at Village Village-15,Village-15,Block-3,22.60989,75.93265,2341398.0,2304565.92,2016806.98,2024-03-10,2024-03-24,2024-04-26,,In Progress,Kisan Rural Developers,Municipal Corporation
MPL-00820,Rajasthan,Jaipur,Jaipur,M. Joshi,Renewable Energy,Installation of Solar LED High-Mast Lighting System at Village-144,Installation of Solar LED High-Mast Lighting System at Village-144,Village-144,Block-2,26.92171,75.72473,446140.0,443385.59,356177.04,2024-06-23,2024-07-13,2024-09-08,,In Progress,Apex Infrastructure Ltd,Rural Engineering Service (RES)
MPL-00821,Kerala,Wayanad,Wayanad,P. Gandhi,Education & Schools,Solar Rooftop Power System installation for School at Village-55,Solar Rooftop Power System installation for School at Village-55,Village-55,Block-3,11.82683,76.05971,596542.0,585879.83,458326.01,2023-12-24,2024-01-06,2024-02-11,,In Progress,Local Panchayat Works Unit,Public Works Department (PWD)
MPL-00822,Madhya Pradesh,Indore,Indore,S. Lalwani,Education & Schools,Installation of Smart Classroom and Computer Lab in Village-125,Installation of Smart Classroom and Computer Lab in Village-125,Village-125,Block-9,22.70076,75.71733,1536865.0,1467403.48,1319428.13,2024-05-14,2024-06-08,2024-07-16,,In Progress,Reliable Works Corporation,District Rural Development Agency (DRDA)
MPL-00823,Rajasthan,Jaipur,Jaipur,M. Joshi,Renewable Energy,Supply and installation of 25 Solar Street Lights in Village-18,Supply and installation of 25 Solar Street Lights in Village-18,Village-18,Block-4,27.01629,75.66362,885054.0,847488.11,644003.4,2024-07-13,2024-07-25,2024-08-16,2025-02-23,Completed,Surya Shakti Engineering,Minor Irrigation Division
MPL-00824,Madhya Pradesh,Indore,Indore,S. Lalwani,Rural Connectivity & Roads,Paver Block Road Construction in Village-116,Paver Block Road Construction in Village-116,Village-116,Block-7,22.80393,75.92954,659598.0,669521.24,476168.9,2024-09-27,2024-10-25,2024-12-15,2025-06-28,Completed,Vanguard Infra Solutions,Public Works Department (PWD)
MPL-00825,Rajasthan,Jaipur,Jaipur,M. Joshi,Community Infrastructure,Installation of Public Shed and Seating Area at Village-100,Installation of Public Shed and Seating Area at Village-100,Village-100,Block-10,26.96476,75.73529,409894.0,389749.26,326568.82,2023-05-14,2023-06-04,2023-07-05,2024-01-30,Completed,Surya Shakti Engineering,Rural Engineering Service (RES)
MPL-00826,Maharashtra,Nagpur,Nagpur,N. Gadkari,Drinking Water & Sanitation,Installation of RO Water Purification Plant at Village-53,Installation of RO Water Purification Plant at Village-53,Village-53,Block-4,21.10036,78.95898,823466.0,797245.75,582904.69,2024-08-23,2024-09-08,2024-09-25,2025-04-11,Completed,Kisan Rural Developers,Rural Engineering Service (RES)
MPL-00827,Rajasthan,Jaipur,Jaipur,M. Joshi,Drinking Water & Sanitation,Construction of Public Toilets and Sanitation Block in Village-70,Construction of Public Toilets and Sanitation Block in Village-70,Village-70,Block-8,27.03206,75.76919,844296.0,881132.83,646030.6,2023-12-14,2023-12-30,2024-01-15,,In Progress,Vanguard Infra Solutions,Public Works Department (PWD)
MPL-00828,Madhya Pradesh,Indore,Indore,S. Lalwani,Community Infrastructure,Development of Community Center and Boundary Wall in Village-113,Development of Community Center and Boundary Wall in Village-113,Village-113,Block-3,22.62213,75.98168,1218568.0,1181844.96,1134846.43,2024-08-11,2024-08-27,2024-09-18,,In Progress,Reliable Works Corporation,Public Works Department (PWD)
MPL-00829,Gujarat,Rajkot,Rajkot,P. Rupala,Education & Schools,Solar Rooftop Power System installation for School at Village-92,Solar Rooftop Power System installation for School at Village-92,Village-92,Block-1,22.29729,70.80482,893049.0,937286.86,736353.16,2023-07-13,2023-08-04,2023-08-24,2024-01-23,Completed,Surya Shakti Engineering,Public Works Department (PWD)
MPL-00830,Madhya Pradesh,Indore,Indore,S. Lalwani,Education & Schools,Construction of Additional Classrooms at Govt High School Village-91,Construction of Additional Classrooms at Govt High School Village-91,Village-91,Block-1,22.59494,75.90077,1955797.0,2042973.09,1859885.48,2024-03-02,2024-03-20,2024-05-15,2025-01-09,Completed,Vanguard Infra Solutions,Municipal Corporation
MPL-00831,Kerala,Wayanad,Wayanad,P. Gandhi,Community Infrastructure,Construction of Community Hall at Village Village-64,Construction of Community Hall at Village Village-64,Village-64,Block-10,11.55375,76.22271,1371947.0,1380806.93,1013024.39,2023-05-17,2023-06-09,2023-07-02,2023-09-09,Completed,Sai Urban Works Pvt Ltd,District Rural Development Agency (DRDA)
MPL-00832,Maharashtra,Nagpur,Nagpur,N. Gadkari,Education & Schools,Construction of Additional Classrooms at Govt High School Village-45,Construction of Additional Classrooms at Govt High School Village-45,Village-45,Block-7,21.23177,78.94719,2287582.0,2394023.23,2110500.28,2024-10-16,2024-11-15,2024-12-11,2025-03-09,Completed,Bharat Engineers & Builders,District Rural Development Agency (DRDA)
MPL-00833,Kerala,Wayanad,Wayanad,P. Gandhi,Rural Connectivity & Roads,Widening of Rural Link Road connecting Village-83,Widening of Rural Link Road connecting Village-83,Village-83,Block-9,11.80947,75.99595,2119446.0,2179483.31,1694443.27,2024-04-11,2024-04-26,2024-05-13,2024-08-17,Completed,Vanguard Infra Solutions,Minor Irrigation Division
MPL-00834,Maharashtra,Nagpur,Nagpur,N. Gadkari,Community Infrastructure,Construction of Community Hall at Village Village-90,Construction of Community Hall at Village Village-90,Village-90,Block-1,21.25264,79.09922,1467035.0,1407198.15,1461837.96,2023-04-07,2023-04-26,2023-06-10,2023-11-23,Completed,National Civil Projects,Minor Irrigation Division
MPL-00835,Karnataka,Bengaluru Rural,Bengaluru Rural,C. N. Manjunath,Education & Schools,Installation of Smart Classroom and Computer Lab in Village-33,Installation of Smart Classroom and Computer Lab in Village-33,Village-33,Block-3,13.06234,77.66713,1038560.0,1054800.41,840895.88,2024-09-03,2024-09-20,2024-11-16,2025-05-17,Completed,Local Panchayat Works Unit,Rural Engineering Service (RES)
MPL-00836,Maharashtra,Nagpur,Nagpur,N. Gadkari,Drinking Water & Sanitation,Installation of RO Water Purification Plant at Village-22,Installation of RO Water Purification Plant at Village-22,Village-22,Block-8,21.071,79.15721,599393.0,612415.9,470337.65,2024-08-24,2024-09-21,2024-10-12,,In Progress,Sai Urban Works Pvt Ltd,District Rural Development Agency (DRDA)
MPL-00837,Rajasthan,Jaipur,Jaipur,M. Joshi,Drinking Water & Sanitation,Construction of Public Toilets and Sanitation Block in Village-109,Construction of Public Toilets and Sanitation Block in Village-109,Village-109,Block-3,27.05626,75.6416,992975.0,1008981.94,867672.05,2023-01-14,2023-02-05,2023-03-16,2023-07-04,Completed,Apex Infrastructure Ltd,Rural Engineering Service (RES)
MPL-00838,Kerala,Wayanad,Wayanad,P. Gandhi,Community Infrastructure,Installation of Public Shed and Seating Area at Village-124,Installation of Public Shed and Seating Area at Village-124,Village-124,Block-5,11.67136,76.06084,653674.0,677054.64,494389.65,2024-07-15,2024-08-14,2024-09-23,2025-01-15,Completed,Surya Shakti Engineering,Public Works Department (PWD)
MPL-00839,Kerala,Wayanad,Wayanad,P. Gandhi,Rural Connectivity & Roads,Construction of CC Road and Drainage Channel at Village-66,Construction of CC Road and Drainage Channel at Village-66,Village-66,Block-6,11.79226,76.21098,2215093.0,2283093.81,1874426.19,2024-06-23,2024-07-16,2024-08-29,2025-04-17,Completed,Sai Urban Works Pvt Ltd,Public Works Department (PWD)
MPL-00840,Uttar Pradesh,Varanasi,Varanasi,N. Modi,Renewable Energy,Installation of Solar LED High-Mast Lighting System at Village-25,Installation of Solar LED High-Mast Lighting System at Village-25,Village-25,Block-2,25.42959,82.91601,519078.0,543738.77,492617.16,2023-04-08,2023-05-04,2023-06-23,2023-09-23,Completed,Vanguard Infra Solutions,Minor Irrigation Division
MPL-00841,Maharashtra,Nagpur,Nagpur,N. Gadkari,Education & Schools,Solar Rooftop Power System installation for School at Village-50,Solar Rooftop Power System installation for School at Village-50,Village-50,Block-9,21.15347,79.17218,574296.0,593822.8,440230.69,2023-01-07,2023-01-18,2023-02-14,2023-07-14,Completed,Local Panchayat Works Unit,Minor Irrigation Division
MPL-00842,Kerala,Wayanad,Wayanad,P. Gandhi,Renewable Energy,Installation of Solar LED High-Mast Lighting System at Village-136,Installation of Solar LED High-Mast Lighting System at Village-136,Village-136,Block-10,11.60328,76.26119,487426.0,481307.44,355841.17,2023-05-27,2023-06-19,2023-08-13,2024-03-18,Completed,National Civil Projects,Minor Irrigation Division
MPL-00843,Bihar,Patna,Patna Sahib,R. S. Prasad,Rural Connectivity & Roads,Construction of CC Road and Drainage Channel at Village-103,Construction of CC Road and Drainage Channel at Village-103,Village-103,Block-9,25.66056,85.0776,2121798.0,2098409.93,1817372.12,2024-02-17,2024-03-07,2024-04-21,2024-07-24,Completed,Shree Ganesh Construction Co,District Rural Development Agency (DRDA)
MPL-00844,Bihar,Patna,Patna Sahib,R. S. Prasad,Renewable Energy,Installation of Solar LED High-Mast Lighting System at Village-16,Installation of Solar LED High-Mast Lighting System at Village-16,Village-16,Block-6,25.63793,85.1049,795926.0,788792.56,591482.43,2023-06-02,2023-06-14,2023-07-14,2023-10-22,Completed,Bharat Engineers & Builders,Rural Engineering Service (RES)
MPL-00845,Bihar,Patna,Patna Sahib,R. S. Prasad,Rural Connectivity & Roads,Construction of CC Road and Drainage Channel at Village-103,Construction of CC Road and Drainage Channel at Village-103,Village-103,Block-2,25.48682,85.07024,1758938.0,1798686.3,1540440.82,2024-10-24,2024-11-19,2024-12-13,,In Progress,Kisan Rural Developers,Public Works Department (PWD)
MPL-00846,Rajasthan,Jaipur,Jaipur,M. Joshi,Renewable Energy,Installation of Solar LED High-Mast Lighting System at Village-121,Installation of Solar LED High-Mast Lighting System at Village-121,Village-121,Block-1,26.8085,75.90137,521729.0,530098.65,411981.56,2023-04-16,2023-05-08,2023-06-26,2023-12-19,Completed,Kisan Rural Developers,District Rural Development Agency (DRDA)
MPL-00847,Rajasthan,Jaipur,Jaipur,M. Joshi,Community Infrastructure,Installation of Public Shed and Seating Area at Village-120,Installation of Public Shed and Seating Area at Village-120,Village-120,Block-6,26.79332,75.93658,623299.0,628595.71,600157.59,2024-04-26,2024-05-13,2024-06-15,,In Progress,Local Panchayat Works Unit,Minor Irrigation Division
MPL-00848,Karnataka,Bengaluru Rural,Bengaluru Rural,C. N. Manjunath,Education & Schools,Installation of Smart Classroom and Computer Lab in Village-15,Installation of Smart Classroom and Computer Lab in Village-15,Village-15,Block-1,13.04039,77.66869,1369054.0,1315002.39,1274566.93,2023-09-27,2023-10-10,2023-11-10,2024-04-02,Completed,Kisan Rural Developers,Public Works Department (PWD)
MPL-00849,Karnataka,Bengaluru Rural,Bengaluru Rural,C. N. Manjunath,Drinking Water & Sanitation,Drilling of Deep Borewell and Overhead Tank Setup at Village-127,Drilling of Deep Borewell and Overhead Tank Setup at Village-127,Village-127,Block-1,13.16572,77.53055,682142.0,688355.25,613715.34,2023-03-19,2023-04-17,2023-06-16,2024-01-17,Completed,Reliable Works Corporation,Municipal Corporation
MPL-00850,Gujarat,Rajkot,Rajkot,P. Rupala,Renewable Energy,Installation of Solar LED High-Mast Lighting System at Village-148,Installation of Solar LED High-Mast Lighting System at Village-148,Village-148,Block-8,22.28045,70.77032,449762.0,432557.41,417922.99,2023-12-12,2024-01-05,2024-02-26,2024-09-27,Completed,Apex Infrastructure Ltd,District Rural Development Agency (DRDA)
MPL-00851,Uttar Pradesh,Varanasi,Varanasi,N. Modi,Education & Schools,Solar Rooftop Power System installation for School at Village-111,Solar Rooftop Power System installation for School at Village-111,Village-111,Block-5,25.19724,83.1001,850784.0,885502.9,650689.69,2023-06-14,2023-07-05,2023-07-21,2023-12-12,Completed,Apex Infrastructure Ltd,Municipal Corporation
MPL-00852,Kerala,Wayanad,Wayanad,P. Gandhi,Rural Connectivity & Roads,Construction of CC Road and Drainage Channel at Village-71,Construction of CC Road and Drainage Channel at Village-71,Village-71,Block-7,11.59821,76.21324,2435344.0,2504437.1,1941830.6,2024-09-21,2024-10-12,2024-11-12,2025-02-21,Completed,Reliable Works Corporation,District Rural Development Agency (DRDA)
MPL-00853,Maharashtra,Nagpur,Nagpur,N. Gadkari,Education & Schools,Construction of Additional Classrooms at Govt High School Village-86,Construction of Additional Classrooms at Govt High School Village-86,Village-86,Block-10,21.27005,78.96533,1937787.0,1960343.37,1786557.84,2023-07-28,2023-08-22,2023-09-26,2023-12-20,Completed,Vanguard Infra Solutions,District Rural Development Agency (DRDA)
MPL-00854,Maharashtra,Nagpur,Nagpur,N. Gadkari,Education & Schools,Construction of Additional Classrooms at Govt High School Village-68,Construction of Additional Classrooms at Govt High School Village-68,Village-68,Block-9,21.09263,78.97164,2995111.0,3057228.43,2411598.0,2024-02-23,2024-03-24,2024-05-01,2024-08-12,Completed,Local Panchayat Works Unit,District Rural Development Agency (DRDA)
MPL-00855,Rajasthan,Jaipur,Jaipur,M. Joshi,Renewable Energy,Installation of Solar LED High-Mast Lighting System at Village-102,Installation of Solar LED High-Mast Lighting System at Village-102,Village-102,Block-6,26.88379,75.71631,724256.0,738425.06,550134.63,2023-03-12,2023-04-03,2023-06-02,2024-01-17,Completed,Kisan Rural Developers,Minor Irrigation Division
MPL-00856,Maharashtra,Nagpur,Nagpur,N. Gadkari,Education & Schools,Construction of Additional Classrooms at Govt High School Village-76,Construction of Additional Classrooms at Govt High School Village-76,Village-76,Block-8,21.1602,79.13846,2486435.0,2503866.6,1801828.64,2023-08-02,2023-08-19,2023-10-01,2024-01-31,Completed,Sai Urban Works Pvt Ltd,Public Works Department (PWD)
MPL-00857,Bihar,Patna,Patna Sahib,R. S. Prasad,Drinking Water & Sanitation,Installation of RO Water Purification Plant at Village-113,Installation of RO Water Purification Plant at Village-113,Village-113,Block-10,25.58908,85.11928,1179367.0,1216107.27,876992.64,2023-10-15,2023-10-31,2023-11-30,2024-07-03,Completed,Reliable Works Corporation,Minor Irrigation Division
MPL-00858,Madhya Pradesh,Indore,Indore,S. Lalwani,Drinking Water & Sanitation,Drilling of Deep Borewell and Overhead Tank Setup at Village-149,Drilling of Deep Borewell and Overhead Tank Setup at Village-149,Village-149,Block-4,22.81063,75.78677,869028.0,880086.83,839986.16,2024-01-12,2024-02-01,2024-03-03,2024-08-03,Completed,Kisan Rural Developers,District Rural Development Agency (DRDA)
MPL-00859,Kerala,Wayanad,Wayanad,P. Gandhi,Community Infrastructure,Installation of Public Shed and Seating Area at Village-35,Installation of Public Shed and Seating Area at Village-35,Village-35,Block-9,11.8297,76.21727,568643.0,589111.0,566298.34,2023-08-21,2023-09-10,2023-10-29,2024-01-21,Completed,Reliable Works Corporation,Municipal Corporation
MPL-00860,Gujarat,Rajkot,Rajkot,P. Rupala,Renewable Energy,Installation of Solar LED High-Mast Lighting System at Village-90,Installation of Solar LED High-Mast Lighting System at Village-90,Village-90,Block-10,22.40488,70.79027,776210.0,791900.66,770736.09,2023-07-26,2023-08-18,2023-10-01,,In Progress,Surya Shakti Engineering,Municipal Corporation
MPL-00861,Gujarat,Rajkot,Rajkot,P. Rupala,Drinking Water & Sanitation,Installation of RO Water Purification Plant at Village-144,Installation of RO Water Purification Plant at Village-144,Village-144,Block-5,22.17303,70.75852,970253.0,975977.11,695927.29,2023-12-12,2023-12-22,2024-02-05,2024-05-12,Completed,Sai Urban Works Pvt Ltd,Minor Irrigation Division
MPL-00862,Karnataka,Bengaluru Rural,Bengaluru Rural,C. N. Manjunath,Education & Schools,Solar Rooftop Power System installation for School at Village-35,Solar Rooftop Power System installation for School at Village-35,Village-35,Block-3,12.98427,77.65732,707747.0,687590.66,591417.11,2024-06-08,2024-07-05,2024-09-02,2025-01-24,Completed,Reliable Works Corporation,Municipal Corporation
MPL-00863,Kerala,Wayanad,Wayanad,P. Gandhi,Community Infrastructure,Installation of Public Shed and Seating Area at Village-14,Installation of Public Shed and Seating Area at Village-14,Village-14,Block-10,11.65951,76.03036,773352.0,793031.2,677637.55,2023-02-27,2023-03-14,2023-05-07,,In Progress,Bharat Engineers & Builders,Rural Engineering Service (RES)
MPL-00864,Maharashtra,Nagpur,Nagpur,N. Gadkari,Community Infrastructure,Installation of Public Shed and Seating Area at Village-127,Installation of Public Shed and Seating Area at Village-127,Village-127,Block-6,21.11204,79.06047,782031.0,752274.73,568326.73,2024-02-03,2024-02-18,2024-04-09,2024-11-30,Completed,Surya Shakti Engineering,Rural Engineering Service (RES)
MPL-00865,Gujarat,Rajkot,Rajkot,P. Rupala,Rural Connectivity & Roads,Paver Block Road Construction in Village-46,Paver Block Road Construction in Village-46,Village-46,Block-8,22.25926,70.84637,951266.0,987325.12,808485.3,2023-06-25,2023-07-08,2023-08-08,2023-12-04,Completed,Shree Ganesh Construction Co,District Rural Development Agency (DRDA)
MPL-00866,Rajasthan,Jaipur,Jaipur,M. Joshi,Community Infrastructure,Installation of Public Shed and Seating Area at Village-16,Installation of Public Shed and Seating Area at Village-16,Village-16,Block-10,26.76617,75.73536,692095.0,661583.73,561942.45,2023-05-25,2023-06-22,2023-07-07,2024-01-18,Completed,Sai Urban Works Pvt Ltd,Public Works Department (PWD)
MPL-00867,Kerala,Wayanad,Wayanad,P. Gandhi,Community Infrastructure,Construction of Community Hall at Village Village-49,Construction of Community Hall at Village Village-49,Village-49,Block-3,11.74035,76.0284,2334798.0,2363019.26,1761689.17,2023-07-19,2023-08-12,2023-09-18,,In Progress,Kisan Rural Developers,Minor Irrigation Division
MPL-00868,Maharashtra,Nagpur,Nagpur,N. Gadkari,Renewable Energy,Installation of Solar LED High-Mast Lighting System at Village-114,Installation of Solar LED High-Mast Lighting System at Village-114,Village-114,Block-2,21.10052,78.99233,415907.0,420984.5,407833.38,2023-04-09,2023-05-04,2023-06-07,2023-09-02,Completed,Reliable Works Corporation,Rural Engineering Service (RES)
MPL-00869,Bihar,Patna,Patna Sahib,R. S. Prasad,Renewable Energy,Installation of Solar LED High-Mast Lighting System at Village-87,Installation of Solar LED High-Mast Lighting System at Village-87,Village-87,Block-4,25.61044,85.0891,638376.0,665737.21,551808.47,2024-01-09,2024-02-03,2024-03-17,2024-11-03,Completed,Kisan Rural Developers,Rural Engineering Service (RES)
MPL-00870,Bihar,Patna,Patna Sahib,R. S. Prasad,Education & Schools,Construction of Additional Classrooms at Govt High School Village-92,Construction of Additional Classrooms at Govt High School Village-92,Village-92,Block-10,25.47373,85.14355,1322943.0,1378058.19,1291638.72,2024-10-09,2024-11-06,2025-01-05,2025-08-04,Completed,Kisan Rural Developers,Minor Irrigation Division
MPL-00871,Madhya Pradesh,Indore,Indore,S. Lalwani,Renewable Energy,Installation of Solar LED High-Mast Lighting System at Village-73,Installation of Solar LED High-Mast Lighting System at Village-73,Village-73,Block-6,22.68272,75.85484,567938.0,547235.28,527646.65,2023-09-30,2023-10-27,2023-12-21,2024-06-09,Completed,Surya Shakti Engineering,Public Works Department (PWD)
MPL-00872,Karnataka,Bengaluru Rural,Bengaluru Rural,C. N. Manjunath,Renewable Energy,Supply and installation of 25 Solar Street Lights in Village-79,Supply and installation of 25 Solar Street Lights in Village-79,Village-79,Block-10,13.16388,77.47422,760893.0,798350.8,708560.48,2024-11-03,2024-12-01,2025-01-29,,In Progress,Shree Ganesh Construction Co,District Rural Development Agency (DRDA)
MPL-00873,Maharashtra,Nagpur,Nagpur,N. Gadkari,Rural Connectivity & Roads,Widening of Rural Link Road connecting Village-13,Widening of Rural Link Road connecting Village-13,Village-13,Block-9,21.01153,79.18582,4240983.0,4040792.95,4198702.35,2024-01-15,2024-01-30,2024-02-26,2024-09-10,Completed,Vanguard Infra Solutions,Minor Irrigation Division
MPL-00874,Kerala,Wayanad,Wayanad,P. Gandhi,Community Infrastructure,Construction of Community Hall at Village Village-26,Construction of Community Hall at Village Village-26,Village-26,Block-7,11.59742,76.17413,1958888.0,2047030.97,1895629.28,2023-11-08,2023-11-24,2023-12-13,2024-06-16,Completed,Apex Infrastructure Ltd,Public Works Department (PWD)
MPL-00875,Gujarat,Rajkot,Rajkot,P. Rupala,Rural Connectivity & Roads,Construction of CC Road and Drainage Channel at Village-62,Construction of CC Road and Drainage Channel at Village-62,Village-62,Block-10,22.42918,70.77279,2883269.0,2973699.2,2737350.25,2023-06-14,2023-07-01,2023-08-09,2024-01-11,Completed,National Civil Projects,Rural Engineering Service (RES)
MPL-00876,Rajasthan,Jaipur,Jaipur,M. Joshi,Education & Schools,Solar Rooftop Power System installation for School at Village-147,Solar Rooftop Power System installation for School at Village-147,Village-147,Block-5,26.88516,75.64037,872334.0,904064.57,774507.96,2023-07-13,2023-07-29,2023-09-23,2024-01-30,Completed,Vanguard Infra Solutions,Municipal Corporation
MPL-00877,Karnataka,Bengaluru Rural,Bengaluru Rural,C. N. Manjunath,Rural Connectivity & Roads,Widening of Rural Link Road connecting Village-3,Widening of Rural Link Road connecting Village-3,Village-3,Block-2,12.93566,77.45211,4627887.0,4716984.53,3297553.7,2024-03-20,2024-04-04,2024-04-27,2024-08-22,Completed,National Civil Projects,Municipal Corporation
MPL-00878,Kerala,Wayanad,Wayanad,P. Gandhi,Drinking Water & Sanitation,Drilling of Deep Borewell and Overhead Tank Setup at Village-66,Drilling of Deep Borewell and Overhead Tank Setup at Village-66,Village-66,Block-9,11.57122,76.22886,867547.0,848877.98,681832.68,2024-07-12,2024-08-06,2024-09-06,,In Progress,Bharat Engineers & Builders,Public Works Department (PWD)
MPL-00879,Bihar,Patna,Patna Sahib,R. S. Prasad,Drinking Water & Sanitation,Drilling of Deep Borewell and Overhead Tank Setup at Village-10,Drilling of Deep Borewell and Overhead Tank Setup at Village-10,Village-10,Block-10,25.67286,85.22952,941737.0,939742.38,690690.62,2023-01-18,2023-02-08,2023-03-19,,In Progress,Bharat Engineers & Builders,Municipal Corporation
MPL-00880,Karnataka,Bengaluru Rural,Bengaluru Rural,C. N. Manjunath,Drinking Water & Sanitation,Construction of Public Toilets and Sanitation Block in Village-11,Construction of Public Toilets and Sanitation Block in Village-11,Village-11,Block-3,13.08514,77.70238,1295076.0,1351232.51,1204468.67,2023-06-22,2023-07-13,2023-08-10,2023-10-20,Completed,Kisan Rural Developers,District Rural Development Agency (DRDA)
MPL-00881,Karnataka,Bengaluru Rural,Bengaluru Rural,C. N. Manjunath,Drinking Water & Sanitation,Drilling of Deep Borewell and Overhead Tank Setup at Village-15,Drilling of Deep Borewell and Overhead Tank Setup at Village-15,Village-15,Block-8,13.10266,77.51857,860320.0,849999.11,846594.79,2024-05-20,2024-06-01,2024-06-20,,In Progress,Surya Shakti Engineering,Public Works Department (PWD)
MPL-00882,Bihar,Patna,Patna Sahib,R. S. Prasad,Renewable Energy,Supply and installation of 25 Solar Street Lights in Village-143,Supply and installation of 25 Solar Street Lights in Village-143,Village-143,Block-6,25.59951,84.99284,584461.0,563616.98,578179.78,2023-02-17,2023-02-28,2023-03-22,2023-09-02,Completed,National Civil Projects,District Rural Development Agency (DRDA)
MPL-00883,Maharashtra,Nagpur,Nagpur,N. Gadkari,Community Infrastructure,Installation of Public Shed and Seating Area at Village-60,Installation of Public Shed and Seating Area at Village-60,Village-60,Block-2,21.06316,79.12669,403094.0,398305.78,350213.51,2024-01-22,2024-02-01,2024-03-23,,In Progress,Local Panchayat Works Unit,Minor Irrigation Division
MPL-00884,Karnataka,Bengaluru Rural,Bengaluru Rural,C. N. Manjunath,Renewable Energy,Supply and installation of 25 Solar Street Lights in Village-73,Supply and installation of 25 Solar Street Lights in Village-73,Village-73,Block-3,13.01804,77.71419,859457.0,869430.92,717561.82,2023-08-08,2023-09-01,2023-10-29,2024-03-01,Completed,Surya Shakti Engineering,Municipal Corporation
MPL-00885,Kerala,Wayanad,Wayanad,P. Gandhi,Drinking Water & Sanitation,Installation of RO Water Purification Plant at Village-74,Installation of RO Water Purification Plant at Village-74,Village-74,Block-1,11.7574,76.11152,1168040.0,1195019.22,1155088.66,2024-01-09,2024-02-02,2024-03-04,2024-08-05,Completed,Sai Urban Works Pvt Ltd,Rural Engineering Service (RES)
MPL-00886,Madhya Pradesh,Indore,Indore,S. Lalwani,Renewable Energy,Installation of Solar LED High-Mast Lighting System at Village-103,Installation of Solar LED High-Mast Lighting System at Village-103,Village-103,Block-6,22.78963,75.84087,465548.0,481382.93,375176.95,2024-01-31,2024-02-20,2024-04-01,2024-09-25,Completed,Vanguard Infra Solutions,Municipal Corporation
MPL-00887,Kerala,Wayanad,Wayanad,P. Gandhi,Education & Schools,Construction of Additional Classrooms at Govt High School Village-136,Construction of Additional Classrooms at Govt High School Village-136,Village-136,Block-7,11.77064,76.09102,1631835.0,1590387.55,1491133.22,2024-07-15,2024-08-05,2024-09-01,2025-04-17,Completed,Surya Shakti Engineering,Minor Irrigation Division
MPL-00888,Rajasthan,Jaipur,Jaipur,M. Joshi,Drinking Water & Sanitation,Construction of Public Toilets and Sanitation Block in Village-37,Construction of Public Toilets and Sanitation Block in Village-37,Village-37,Block-9,26.82755,75.80281,1093074.0,1050296.57,979034.94,2023-10-12,2023-11-04,2023-12-28,2024-04-17,Completed,National Civil Projects,Municipal Corporation
MPL-00889,Maharashtra,Nagpur,Nagpur,N. Gadkari,Education & Schools,Construction of Additional Classrooms at Govt High School Village-53,Construction of Additional Classrooms at Govt High School Village-53,Village-53,Block-7,21.11636,79.17276,2009439.0,2022981.19,1510499.79,2024-11-07,2024-11-27,2025-01-17,2025-08-29,Completed,Bharat Engineers & Builders,Rural Engineering Service (RES)
MPL-00890,Karnataka,Bengaluru Rural,Bengaluru Rural,C. N. Manjunath,Drinking Water & Sanitation,Drilling of Deep Borewell and Overhead Tank Setup at Village-34,Drilling of Deep Borewell and Overhead Tank Setup at Village-34,Village-34,Block-1,13.11736,77.65389,960326.0,942676.61,941029.27,2024-09-08,2024-09-19,2024-11-06,2025-01-14,Completed,Shree Ganesh Construction Co,Public Works Department (PWD)
MPL-00891,Kerala,Wayanad,Wayanad,P. Gandhi,Community Infrastructure,Development of Community Center and Boundary Wall in Village-92,Development of Community Center and Boundary Wall in Village-92,Village-92,Block-3,11.71043,76.23048,1012868.0,1037539.87,1000092.67,2023-10-23,2023-11-11,2023-11-30,2024-04-18,Completed,Surya Shakti Engineering,District Rural Development Agency (DRDA)
MPL-00892,Rajasthan,Jaipur,Jaipur,M. Joshi,Community Infrastructure,Installation of Public Shed and Seating Area at Village-41,Installation of Public Shed and Seating Area at Village-41,Village-41,Block-4,26.80988,75.803,872287.0,905482.87,653322.92,2023-04-19,2023-05-02,2023-06-20,2023-12-01,Completed,Surya Shakti Engineering,District Rural Development Agency (DRDA)
MPL-00893,Maharashtra,Nagpur,Nagpur,N. Gadkari,Education & Schools,Construction of Additional Classrooms at Govt High School Village-11,Construction of Additional Classrooms at Govt High School Village-11,Village-11,Block-10,21.20224,79.18359,1484371.0,1540811.51,1249608.71,2024-04-18,2024-05-03,2024-05-28,2024-12-24,Completed,Surya Shakti Engineering,Minor Irrigation Division
MPL-00894,Karnataka,Bengaluru Rural,Bengaluru Rural,C. N. Manjunath,Community Infrastructure,Development of Community Center and Boundary Wall in Village-146,Development of Community Center and Boundary Wall in Village-146,Village-146,Block-4,13.10171,77.62101,1160530.0,1205280.49,1156287.79,2023-12-15,2024-01-14,2024-02-02,,In Progress,National Civil Projects,Public Works Department (PWD)
MPL-00895,Kerala,Wayanad,Wayanad,P. Gandhi,Rural Connectivity & Roads,Widening of Rural Link Road connecting Village-22,Widening of Rural Link Road connecting Village-22,Village-22,Block-9,11.83291,76.09156,3487769.0,3523627.65,3277788.92,2022-12-30,2023-01-17,2023-03-12,2023-08-25,Completed,Sai Urban Works Pvt Ltd,Rural Engineering Service (RES)
MPL-00896,Uttar Pradesh,Varanasi,Varanasi,N. Modi,Education & Schools,Installation of Smart Classroom and Computer Lab in Village-43,Installation of Smart Classroom and Computer Lab in Village-43,Village-43,Block-6,25.17974,83.0489,754537.0,765810.17,686745.22,2023-08-31,2023-09-27,2023-11-09,2024-04-03,Completed,Surya Shakti Engineering,Public Works Department (PWD)
MPL-00897,Uttar Pradesh,Varanasi,Varanasi,N. Modi,Drinking Water & Sanitation,Drilling of Deep Borewell and Overhead Tank Setup at Village-3,Drilling of Deep Borewell and Overhead Tank Setup at Village-3,Village-3,Block-9,25.36917,83.03296,1051518.0,1000962.29,856147.36,2024-04-03,2024-04-26,2024-06-04,2025-01-27,Completed,Kisan Rural Developers,District Rural Development Agency (DRDA)
MPL-00898,Madhya Pradesh,Indore,Indore,S. Lalwani,Rural Connectivity & Roads,Construction of CC Road and Drainage Channel at Village-89,Construction of CC Road and Drainage Channel at Village-89,Village-89,Block-2,22.70456,75.90924,3008097.0,2936380.34,2279749.57,2023-10-06,2023-10-16,2023-11-17,,In Progress,Kisan Rural Developers,Minor Irrigation Division
MPL-00899,Maharashtra,Nagpur,Nagpur,N. Gadkari,Community Infrastructure,Construction of Community Hall at Village Village-20,Construction of Community Hall at Village Village-20,Village-20,Block-2,21.21273,79.15915,1371420.0,1354056.22,1023356.13,2023-08-17,2023-08-31,2023-09-20,2023-11-21,Completed,Kisan Rural Developers,Minor Irrigation Division
MPL-00900,Karnataka,Bengaluru Rural,Bengaluru Rural,C. N. Manjunath,Rural Connectivity & Roads,Widening of Rural Link Road connecting Village-28,Widening of Rural Link Road connecting Village-28,Village-28,Block-4,13.12998,77.44528,4569284.0,4396555.19,4163733.95,2023-07-13,2023-07-24,2023-08-13,,In Progress,Vanguard Infra Solutions,Rural Engineering Service (RES)
MPL-00901,Gujarat,Rajkot,Rajkot,P. Rupala,Education & Schools,Installation of Smart Classroom and Computer Lab in Village-136,Installation of Smart Classroom and Computer Lab in Village-136,Village-136,Block-3,22.24032,70.85505,901996.0,899835.19,684786.28,2024-04-26,2024-05-22,2024-07-14,2025-01-10,Completed,Apex Infrastructure Ltd,Municipal Corporation
MPL-00902,Uttar Pradesh,Varanasi,Varanasi,N. Modi,Community Infrastructure,Construction of Community Hall at Village Village-51,Construction of Community Hall at Village Village-51,Village-51,Block-3,25.3961,82.88036,1552099.0,1496827.63,1338839.87,2023-06-21,2023-07-13,2023-09-10,,In Progress,Kisan Rural Developers,Rural Engineering Service (RES)
MPL-00903,Rajasthan,Jaipur,Jaipur,M. Joshi,Renewable Energy,Supply and installation of 25 Solar Street Lights in Village-130,Supply and installation of 25 Solar Street Lights in Village-130,Village-130,Block-2,27.02957,75.84236,835856.0,817918.78,692052.82,2023-12-09,2023-12-20,2024-01-19,2024-09-02,Completed,Sai Urban Works Pvt Ltd,Rural Engineering Service (RES)
MPL-00904,Gujarat,Rajkot,Rajkot,P. Rupala,Education & Schools,Installation of Smart Classroom and Computer Lab in Village-16,Installation of Smart Classroom and Computer Lab in Village-16,Village-16,Block-2,22.18037,70.82864,1349954.0,1384465.59,1119150.25,2024-10-24,2024-11-21,2025-01-20,2025-09-09,Completed,Kisan Rural Developers,Minor Irrigation Division
MPL-00905,Rajasthan,Jaipur,Jaipur,M. Joshi,Rural Connectivity & Roads,Paver Block Road Construction in Village-92,Paver Block Road Construction in Village-92,Village-92,Block-8,26.83083,75.68847,1003787.0,990782.28,793066.16,2024-04-21,2024-05-15,2024-06-19,2024-10-05,Completed,Kisan Rural Developers,Municipal Corporation
MPL-00906,Kerala,Wayanad,Wayanad,P. Gandhi,Education & Schools,Installation of Smart Classroom and Computer Lab in Village-119,Installation of Smart Classroom and Computer Lab in Village-119,Village-119,Block-6,11.77188,76.09644,1174141.0,1133361.3,1081803.92,2024-01-20,2024-01-30,2024-03-11,2024-06-14,Completed,National Civil Projects,Municipal Corporation
MPL-00907,Madhya Pradesh,Indore,Indore,S. Lalwani,Drinking Water & Sanitation,Installation of RO Water Purification Plant at Village-48,Installation of RO Water Purification Plant at Village-48,Village-48,Block-4,22.7188,75.75519,727534.0,698057.68,594677.19,2023-05-18,2023-06-03,2023-07-05,2023-09-08,Completed,Reliable Works Corporation,District Rural Development Agency (DRDA)
MPL-00908,Karnataka,Bengaluru Rural,Bengaluru Rural,C. N. Manjunath,Renewable Energy,Supply and installation of 25 Solar Street Lights in Village-111,Supply and installation of 25 Solar Street Lights in Village-111,Village-111,Block-5,12.93457,77.51478,728121.0,760692.1,544595.33,2024-10-29,2024-11-12,2024-11-30,2025-02-25,Completed,Surya Shakti Engineering,Minor Irrigation Division
MPL-00909,Bihar,Patna,Patna Sahib,R. S. Prasad,Renewable Energy,Supply and installation of 25 Solar Street Lights in Village-56,Supply and installation of 25 Solar Street Lights in Village-56,Village-56,Block-3,25.64932,85.1163,718284.0,717602.12,708987.26,2024-09-12,2024-10-08,2024-11-02,2025-03-21,Completed,Shree Ganesh Construction Co,Minor Irrigation Division
MPL-00910,Rajasthan,Jaipur,Jaipur,M. Joshi,Rural Connectivity & Roads,Widening of Rural Link Road connecting Village-96,Widening of Rural Link Road connecting Village-96,Village-96,Block-6,26.8734,75.71113,4887839.0,5065804.01,3963403.29,2024-03-30,2024-04-29,2024-05-18,,In Progress,Kisan Rural Developers,Rural Engineering Service (RES)
MPL-00911,Karnataka,Bengaluru Rural,Bengaluru Rural,C. N. Manjunath,Rural Connectivity & Roads,Widening of Rural Link Road connecting Village-88,Widening of Rural Link Road connecting Village-88,Village-88,Block-4,13.20584,77.48648,4421035.0,4550932.97,4020926.31,2023-04-24,2023-05-11,2023-06-15,2024-01-07,Completed,Local Panchayat Works Unit,Minor Irrigation Division
MPL-00912,Karnataka,Bengaluru Rural,Bengaluru Rural,C. N. Manjunath,Renewable Energy,Supply and installation of 25 Solar Street Lights in Village-5,Supply and installation of 25 Solar Street Lights in Village-5,Village-5,Block-8,13.06178,77.59858,664343.0,665071.15,484090.0,2023-05-10,2023-06-01,2023-07-25,2024-02-05,Completed,Sai Urban Works Pvt Ltd,Public Works Department (PWD)
MPL-00913,Bihar,Patna,Patna Sahib,R. S. Prasad,Rural Connectivity & Roads,Widening of Rural Link Road connecting Village-37,Widening of Rural Link Road connecting Village-37,Village-37,Block-5,25.55095,85.1738,3525814.0,3648432.21,2530499.19,2023-08-21,2023-09-10,2023-10-09,2024-02-29,Completed,Reliable Works Corporation,Rural Engineering Service (RES)
MPL-00914,Karnataka,Bengaluru Rural,Bengaluru Rural,C. N. Manjunath,Rural Connectivity & Roads,Widening of Rural Link Road connecting Village-138,Widening of Rural Link Road connecting Village-138,Village-138,Block-9,13.13453,77.63845,2839105.0,2931130.74,2537457.12,2024-08-15,2024-09-03,2024-10-26,,In Progress,Bharat Engineers & Builders,Minor Irrigation Division
MPL-00915,Bihar,Patna,Patna Sahib,R. S. Prasad,Education & Schools,Installation of Smart Classroom and Computer Lab in Village-3,Installation of Smart Classroom and Computer Lab in Village-3,Village-3,Block-7,25.46771,85.12708,1012661.0,988457.17,752627.76,2022-12-30,2023-01-26,2023-02-11,2023-07-28,Completed,National Civil Projects,Municipal Corporation
MPL-00916,Maharashtra,Nagpur,Nagpur,N. Gadkari,Renewable Energy,Supply and installation of 25 Solar Street Lights in Village-81,Supply and installation of 25 Solar Street Lights in Village-81,Village-81,Block-1,21.04467,78.97676,556489.0,580802.17,465660.52,2023-07-02,2023-07-22,2023-09-20,2024-01-30,Completed,Apex Infrastructure Ltd,Public Works Department (PWD)
MPL-00917,Karnataka,Bengaluru Rural,Bengaluru Rural,C. N. Manjunath,Rural Connectivity & Roads,Construction of CC Road and Drainage Channel at Village-81,Construction of CC Road and Drainage Channel at Village-81,Village-81,Block-6,12.9679,77.60172,3244420.0,3315959.87,2806547.03,2024-09-07,2024-10-05,2024-11-16,2025-04-26,Completed,Apex Infrastructure Ltd,District Rural Development Agency (DRDA)
MPL-00918,Uttar Pradesh,Varanasi,Varanasi,N. Modi,Renewable Energy,Installation of Solar LED High-Mast Lighting System at Village-34,Installation of Solar LED High-Mast Lighting System at Village-34,Village-34,Block-2,25.19516,82.932,660401.0,631599.45,475732.01,2023-05-13,2023-06-05,2023-06-26,2023-10-24,Completed,Kisan Rural Developers,District Rural Development Agency (DRDA)
MPL-00919,Kerala,Wayanad,Wayanad,P. Gandhi,Community Infrastructure,Development of Community Center and Boundary Wall in Village-103,Development of Community Center and Boundary Wall in Village-103,Village-103,Block-2,11.78225,76.22631,1371590.0,1311534.99,1131432.65,2024-01-23,2024-02-10,2024-04-09,,In Progress,Surya Shakti Engineering,Rural Engineering Service (RES)
MPL-00920,Bihar,Patna,Patna Sahib,R. S. Prasad,Drinking Water & Sanitation,Installation of RO Water Purification Plant at Village-143,Installation of RO Water Purification Plant at Village-143,Village-143,Block-9,25.5098,85.0574,525401.0,501888.42,500637.78,2023-07-30,2023-08-19,2023-10-03,,In Progress,National Civil Projects,Rural Engineering Service (RES)
MPL-00921,Kerala,Wayanad,Wayanad,P. Gandhi,Education & Schools,Solar Rooftop Power System installation for School at Village-102,Solar Rooftop Power System installation for School at Village-102,Village-102,Block-4,11.70041,75.99404,510095.0,510617.69,401389.58,2023-01-08,2023-01-25,2023-03-23,2023-09-05,Completed,Local Panchayat Works Unit,Public Works Department (PWD)
MPL-00922,Karnataka,Bengaluru Rural,Bengaluru Rural,C. N. Manjunath,Community Infrastructure,Development of Community Center and Boundary Wall in Village-21,Development of Community Center and Boundary Wall in Village-21,Village-21,Block-5,13.07537,77.69236,1409834.0,1463639.89,1202228.32,2023-05-22,2023-06-18,2023-07-28,,In Progress,Local Panchayat Works Unit,District Rural Development Agency (DRDA)
MPL-00923,Kerala,Wayanad,Wayanad,P. Gandhi,Renewable Energy,Supply and installation of 25 Solar Street Lights in Village-41,Supply and installation of 25 Solar Street Lights in Village-41,Village-41,Block-8,11.65319,76.17714,937687.0,909705.1,827307.69,2023-11-10,2023-12-09,2024-01-05,2024-05-10,Completed,Surya Shakti Engineering,Public Works Department (PWD)
MPL-00924,Madhya Pradesh,Indore,Indore,S. Lalwani,Drinking Water & Sanitation,Installation of RO Water Purification Plant at Village-29,Installation of RO Water Purification Plant at Village-29,Village-29,Block-6,22.81948,75.90996,543683.0,537563.96,397986.22,2023-07-06,2023-07-30,2023-08-26,2024-01-09,Completed,Local Panchayat Works Unit,District Rural Development Agency (DRDA)
MPL-00925,Uttar Pradesh,Varanasi,Varanasi,N. Modi,Drinking Water & Sanitation,Drilling of Deep Borewell and Overhead Tank Setup at Village-65,Drilling of Deep Borewell and Overhead Tank Setup at Village-65,Village-65,Block-7,25.31748,83.03988,677337.0,678088.8,537108.24,2023-07-12,2023-08-10,2023-09-05,2023-12-26,Completed,Kisan Rural Developers,Municipal Corporation
MPL-00926,Maharashtra,Nagpur,Nagpur,N. Gadkari,Education & Schools,Installation of Smart Classroom and Computer Lab in Village-144,Installation of Smart Classroom and Computer Lab in Village-144,Village-144,Block-1,21.2516,79.12398,1325727.0,1297269.27,1320469.64,2023-08-24,2023-09-12,2023-10-01,2023-11-30,Completed,Apex Infrastructure Ltd,District Rural Development Agency (DRDA)
MPL-00927,Karnataka,Bengaluru Rural,Bengaluru Rural,C. N. Manjunath,Education & Schools,Solar Rooftop Power System installation for School at Village-146,Solar Rooftop Power System installation for School at Village-146,Village-146,Block-1,12.93733,77.54305,583617.0,560110.81,472971.93,2024-10-10,2024-10-23,2024-11-19,2025-04-23,Completed,Apex Infrastructure Ltd,District Rural Development Agency (DRDA)
MPL-00928,Rajasthan,Jaipur,Jaipur,M. Joshi,Drinking Water & Sanitation,Construction of Public Toilets and Sanitation Block in Village-117,Construction of Public Toilets and Sanitation Block in Village-117,Village-117,Block-10,26.81477,75.67108,1439444.0,1499118.46,1059571.14,2024-09-16,2024-10-13,2024-12-10,2025-06-09,Completed,Bharat Engineers & Builders,Municipal Corporation
MPL-00929,Rajasthan,Jaipur,Jaipur,M. Joshi,Rural Connectivity & Roads,Construction of CC Road and Drainage Channel at Village-145,Construction of CC Road and Drainage Channel at Village-145,Village-145,Block-3,26.77137,75.78653,2506056.0,2396612.49,2274347.2,2023-07-30,2023-08-09,2023-08-28,2024-01-31,Completed,Surya Shakti Engineering,Municipal Corporation
MPL-00930,Uttar Pradesh,Varanasi,Varanasi,N. Modi,Community Infrastructure,Development of Community Center and Boundary Wall in Village-73,Development of Community Center and Boundary Wall in Village-73,Village-73,Block-1,25.4292,82.89435,1553790.0,1550553.64,1461467.38,2022-12-28,2023-01-25,2023-03-23,,In Progress,Surya Shakti Engineering,Public Works Department (PWD)
MPL-00931,Madhya Pradesh,Indore,Indore,S. Lalwani,Renewable Energy,Supply and installation of 25 Solar Street Lights in Village-60,Supply and installation of 25 Solar Street Lights in Village-60,Village-60,Block-9,22.81581,75.87108,875164.0,905659.66,625031.94,2023-12-12,2024-01-08,2024-01-28,2024-07-22,Completed,Kisan Rural Developers,District Rural Development Agency (DRDA)
MPL-00932,Maharashtra,Nagpur,Nagpur,N. Gadkari,Rural Connectivity & Roads,Widening of Rural Link Road connecting Village-89,Widening of Rural Link Road connecting Village-89,Village-89,Block-7,21.24007,79.1637,3707088.0,3586223.12,3041790.85,2024-04-02,2024-04-23,2024-05-30,2024-09-04,Completed,Surya Shakti Engineering,Minor Irrigation Division
MPL-00933,Madhya Pradesh,Indore,Indore,S. Lalwani,Community Infrastructure,Installation of Public Shed and Seating Area at Village-65,Installation of Public Shed and Seating Area at Village-65,Village-65,Block-9,22.82814,75.75698,863875.0,832571.75,844365.01,2024-09-22,2024-10-22,2024-12-05,2025-06-21,Completed,Apex Infrastructure Ltd,District Rural Development Agency (DRDA)
MPL-00934,Maharashtra,Nagpur,Nagpur,N. Gadkari,Renewable Energy,Supply and installation of 25 Solar Street Lights in Village-139,Supply and installation of 25 Solar Street Lights in Village-139,Village-139,Block-9,21.24321,79.05711,831715.0,859329.03,621980.09,2024-07-14,2024-08-10,2024-09-02,2024-12-23,Completed,Vanguard Infra Solutions,Public Works Department (PWD)
MPL-00935,Uttar Pradesh,Varanasi,Varanasi,N. Modi,Renewable Energy,Installation of Solar LED High-Mast Lighting System at Village-148,Installation of Solar LED High-Mast Lighting System at Village-148,Village-148,Block-7,25.31435,82.92155,402118.0,392254.74,347886.18,2023-05-23,2023-06-18,2023-07-17,2023-12-09,Completed,Kisan Rural Developers,Minor Irrigation Division
MPL-00936,Madhya Pradesh,Indore,Indore,S. Lalwani,Drinking Water & Sanitation,Drilling of Deep Borewell and Overhead Tank Setup at Village-90,Drilling of Deep Borewell and Overhead Tank Setup at Village-90,Village-90,Block-9,22.8199,75.97627,877817.0,894302.49,874643.84,2023-08-07,2023-08-20,2023-10-14,2024-01-21,Completed,Bharat Engineers & Builders,Public Works Department (PWD)
MPL-00937,Karnataka,Bengaluru Rural,Bengaluru Rural,C. N. Manjunath,Drinking Water & Sanitation,Installation of RO Water Purification Plant at Village-79,Installation of RO Water Purification Plant at Village-79,Village-79,Block-3,12.92155,77.42713,753580.0,772856.62,595974.23,2023-07-22,2023-08-03,2023-09-21,2024-01-07,Completed,Shree Ganesh Construction Co,Rural Engineering Service (RES)
MPL-00938,Gujarat,Rajkot,Rajkot,P. Rupala,Rural Connectivity & Roads,Paver Block Road Construction in Village-31,Paver Block Road Construction in Village-31,Village-31,Block-10,22.27022,70.71473,942412.0,984337.52,846734.11,2022-12-17,2023-01-11,2023-03-11,2023-08-05,Completed,Vanguard Infra Solutions,Minor Irrigation Division
MPL-00939,Uttar Pradesh,Varanasi,Varanasi,N. Modi,Education & Schools,Construction of Additional Classrooms at Govt High School Village-128,Construction of Additional Classrooms at Govt High School Village-128,Village-128,Block-1,25.29441,83.00004,1870316.0,1842541.24,1452739.25,2024-04-07,2024-04-29,2024-06-07,2024-08-31,Completed,Kisan Rural Developers,Municipal Corporation
MPL-00940,Uttar Pradesh,Varanasi,Varanasi,N. Modi,Education & Schools,Construction of Additional Classrooms at Govt High School Village-122,Construction of Additional Classrooms at Govt High School Village-122,Village-122,Block-5,25.24001,83.1191,1728810.0,1736370.94,1253196.05,2024-09-11,2024-10-08,2024-10-29,2025-03-24,Completed,Apex Infrastructure Ltd,District Rural Development Agency (DRDA)
MPL-00941,Karnataka,Bengaluru Rural,Bengaluru Rural,C. N. Manjunath,Drinking Water & Sanitation,Drilling of Deep Borewell and Overhead Tank Setup at Village-106,Drilling of Deep Borewell and Overhead Tank Setup at Village-106,Village-106,Block-7,12.93523,77.47217,549566.0,522653.42,405862.87,2024-10-26,2024-11-22,2024-12-08,2025-05-30,Completed,Sai Urban Works Pvt Ltd,Minor Irrigation Division
MPL-00942,Uttar Pradesh,Varanasi,Varanasi,N. Modi,Rural Connectivity & Roads,Widening of Rural Link Road connecting Village-31,Widening of Rural Link Road connecting Village-31,Village-31,Block-2,25.25469,82.92332,4928532.0,4936780.55,3707121.53,2024-03-22,2024-04-07,2024-05-10,2024-07-19,Completed,Shree Ganesh Construction Co,Rural Engineering Service (RES)
MPL-00943,Karnataka,Bengaluru Rural,Bengaluru Rural,C. N. Manjunath,Education & Schools,Construction of Additional Classrooms at Govt High School Village-2,Construction of Additional Classrooms at Govt High School Village-2,Village-2,Block-4,12.9693,77.51982,2012234.0,2067719.36,1895606.52,2023-06-06,2023-06-30,2023-08-08,,In Progress,Local Panchayat Works Unit,Municipal Corporation
MPL-00944,Gujarat,Rajkot,Rajkot,P. Rupala,Community Infrastructure,Construction of Community Hall at Village Village-36,Construction of Community Hall at Village Village-36,Village-36,Block-9,22.3922,70.78119,1276821.0,1307510.21,1256394.07,2024-07-17,2024-07-30,2024-08-15,2025-01-15,Completed,Reliable Works Corporation,District Rural Development Agency (DRDA)
MPL-00945,Madhya Pradesh,Indore,Indore,S. Lalwani,Education & Schools,Construction of Additional Classrooms at Govt High School Village-72,Construction of Additional Classrooms at Govt High School Village-72,Village-72,Block-4,22.8542,75.81499,2114968.0,2127082.87,1748394.49,2023-02-22,2023-03-08,2023-03-28,,In Progress,Vanguard Infra Solutions,Minor Irrigation Division
MPL-00946,Gujarat,Rajkot,Rajkot,P. Rupala,Community Infrastructure,Construction of Community Hall at Village Village-23,Construction of Community Hall at Village Village-23,Village-23,Block-7,22.29726,70.94346,2196258.0,2127469.16,1666861.24,2024-10-24,2024-11-06,2024-12-25,2025-05-01,Completed,National Civil Projects,Minor Irrigation Division
MPL-00947,Uttar Pradesh,Varanasi,Varanasi,N. Modi,Drinking Water & Sanitation,Installation of RO Water Purification Plant at Village-38,Installation of RO Water Purification Plant at Village-38,Village-38,Block-9,25.40403,82.85773,814932.0,785041.5,741948.46,2023-01-02,2023-01-12,2023-02-19,,In Progress,Sai Urban Works Pvt Ltd,Minor Irrigation Division
MPL-00948,Rajasthan,Jaipur,Jaipur,M. Joshi,Drinking Water & Sanitation,Construction of Public Toilets and Sanitation Block in Village-63,Construction of Public Toilets and Sanitation Block in Village-63,Village-63,Block-3,26.81413,75.80321,1103724.0,1136970.96,835077.69,2024-04-17,2024-05-01,2024-06-15,2024-09-08,Completed,Reliable Works Corporation,Public Works Department (PWD)
MPL-00949,Maharashtra,Nagpur,Nagpur,N. Gadkari,Community Infrastructure,Development of Community Center and Boundary Wall in Village-132,Development of Community Center and Boundary Wall in Village-132,Village-132,Block-6,21.24419,79.06012,876116.0,881912.16,678219.22,2024-02-06,2024-02-28,2024-04-23,2024-08-18,Completed,Vanguard Infra Solutions,Public Works Department (PWD)
MPL-00950,Uttar Pradesh,Varanasi,Varanasi,N. Modi,Drinking Water & Sanitation,Drilling of Deep Borewell and Overhead Tank Setup at Village-96,Drilling of Deep Borewell and Overhead Tank Setup at Village-96,Village-96,Block-10,25.43422,83.01771,859758.0,855444.45,817553.97,2023-07-24,2023-08-19,2023-09-11,2024-03-19,Completed,National Civil Projects,Rural Engineering Service (RES)
MPL-00951,Rajasthan,Jaipur,Jaipur,M. Joshi,Education & Schools,Construction of Additional Classrooms at Govt High School Village-111,Construction of Additional Classrooms at Govt High School Village-111,Village-111,Block-5,26.99428,75.64928,2457917.0,2342619.56,1769454.92,2023-03-04,2023-03-28,2023-05-27,2023-09-01,Completed,Sai Urban Works Pvt Ltd,Municipal Corporation
MPL-00952,Kerala,Wayanad,Wayanad,P. Gandhi,Rural Connectivity & Roads,Widening of Rural Link Road connecting Village-84,Widening of Rural Link Road connecting Village-84,Village-84,Block-10,11.71227,76.15006,3292440.0,3409446.37,2768855.01,2024-04-30,2024-05-14,2024-06-22,2025-02-13,Completed,Local Panchayat Works Unit,Minor Irrigation Division
MPL-00953,Karnataka,Bengaluru Rural,Bengaluru Rural,C. N. Manjunath,Rural Connectivity & Roads,Construction of CC Road and Drainage Channel at Village-126,Construction of CC Road and Drainage Channel at Village-126,Village-126,Block-6,13.17693,77.59613,2218085.0,2225346.81,1962805.59,2023-02-17,2023-03-06,2023-04-06,2023-08-13,Completed,Bharat Engineers & Builders,District Rural Development Agency (DRDA)
MPL-00954,Bihar,Patna,Patna Sahib,R. S. Prasad,Rural Connectivity & Roads,Paver Block Road Construction in Village-50,Paver Block Road Construction in Village-50,Village-50,Block-4,25.50061,85.17152,851271.0,852775.35,700989.13,2023-09-07,2023-09-28,2023-11-20,2024-07-05,Completed,National Civil Projects,District Rural Development Agency (DRDA)
MPL-00955,Kerala,Wayanad,Wayanad,P. Gandhi,Drinking Water & Sanitation,Construction of Public Toilets and Sanitation Block in Village-149,Construction of Public Toilets and Sanitation Block in Village-149,Village-149,Block-8,11.71484,76.17203,1145377.0,1107970.78,1050743.44,2023-10-05,2023-10-26,2023-12-20,,In Progress,Kisan Rural Developers,Rural Engineering Service (RES)
MPL-00956,Bihar,Patna,Patna Sahib,R. S. Prasad,Education & Schools,Installation of Smart Classroom and Computer Lab in Village-70,Installation of Smart Classroom and Computer Lab in Village-70,Village-70,Block-1,25.48143,85.10057,1295789.0,1290486.53,1039766.79,2023-09-06,2023-09-18,2023-11-10,,In Progress,Reliable Works Corporation,Municipal Corporation
MPL-00957,Bihar,Patna,Patna Sahib,R. S. Prasad,Rural Connectivity & Roads,Paver Block Road Construction in Village-117,Paver Block Road Construction in Village-117,Village-117,Block-2,25.4594,85.11591,1077392.0,1086397.23,843735.3,2024-07-10,2024-08-04,2024-09-14,,In Progress,Surya Shakti Engineering,Minor Irrigation Division
MPL-00958,Madhya Pradesh,Indore,Indore,S. Lalwani,Education & Schools,Installation of Smart Classroom and Computer Lab in Village-31,Installation of Smart Classroom and Computer Lab in Village-31,Village-31,Block-7,22.60184,75.86827,846514.0,819519.07,684322.32,2023-02-09,2023-02-25,2023-03-14,2023-07-23,Completed,National Civil Projects,Public Works Department (PWD)
MPL-00959,Uttar Pradesh,Varanasi,Varanasi,N. Modi,Renewable Energy,Installation of Solar LED High-Mast Lighting System at Village-3,Installation of Solar LED High-Mast Lighting System at Village-3,Village-3,Block-6,25.23373,83.005,458422.0,450977.5,406761.51,2023-09-24,2023-10-11,2023-11-13,2024-03-11,Completed,Sai Urban Works Pvt Ltd,Minor Irrigation Division
MPL-00960,Maharashtra,Nagpur,Nagpur,N. Gadkari,Community Infrastructure,Installation of Public Shed and Seating Area at Village-150,Installation of Public Shed and Seating Area at Village-150,Village-150,Block-8,21.28214,78.96555,566051.0,580901.42,425417.16,2024-01-15,2024-01-28,2024-02-25,2024-04-29,Completed,Local Panchayat Works Unit,District Rural Development Agency (DRDA)
MPL-00961,Gujarat,Rajkot,Rajkot,P. Rupala,Drinking Water & Sanitation,Construction of Public Toilets and Sanitation Block in Village-57,Construction of Public Toilets and Sanitation Block in Village-57,Village-57,Block-10,22.15485,70.85355,853781.0,850323.75,640073.44,2023-06-05,2023-06-27,2023-07-26,,In Progress,Vanguard Infra Solutions,Minor Irrigation Division
MPL-00962,Karnataka,Bengaluru Rural,Bengaluru Rural,C. N. Manjunath,Drinking Water & Sanitation,Installation of RO Water Purification Plant at Village-26,Installation of RO Water Purification Plant at Village-26,Village-26,Block-7,12.92141,77.64732,585980.0,580620.31,488261.93,2023-05-08,2023-06-03,2023-07-12,2023-12-16,Completed,Bharat Engineers & Builders,Municipal Corporation
MPL-00963,Kerala,Wayanad,Wayanad,P. Gandhi,Rural Connectivity & Roads,Construction of CC Road and Drainage Channel at Village-128,Construction of CC Road and Drainage Channel at Village-128,Village-128,Block-7,11.55861,76.23308,2564429.0,2594083.5,2439966.2,2024-08-28,2024-09-13,2024-10-11,2025-06-08,Completed,Vanguard Infra Solutions,Rural Engineering Service (RES)
MPL-00964,Bihar,Patna,Patna Sahib,R. S. Prasad,Rural Connectivity & Roads,Paver Block Road Construction in Village-104,Paver Block Road Construction in Village-104,Village-104,Block-2,25.7323,85.19355,787458.0,767674.35,619889.81,2023-08-01,2023-08-25,2023-10-03,2024-03-31,Completed,Local Panchayat Works Unit,Rural Engineering Service (RES)
MPL-00965,Uttar Pradesh,Varanasi,Varanasi,N. Modi,Education & Schools,Solar Rooftop Power System installation for School at Village-89,Solar Rooftop Power System installation for School at Village-89,Village-89,Block-8,25.24408,82.89247,688492.0,680296.94,583350.49,2024-03-17,2024-04-01,2024-05-13,,In Progress,Kisan Rural Developers,District Rural Development Agency (DRDA)
MPL-00966,Maharashtra,Nagpur,Nagpur,N. Gadkari,Drinking Water & Sanitation,Drilling of Deep Borewell and Overhead Tank Setup at Village-133,Drilling of Deep Borewell and Overhead Tank Setup at Village-133,Village-133,Block-9,21.02279,79.21295,1078207.0,1081542.6,818050.39,2023-01-27,2023-02-07,2023-03-18,2023-07-14,Completed,Shree Ganesh Construction Co,Minor Irrigation Division
MPL-00967,Rajasthan,Jaipur,Jaipur,M. Joshi,Community Infrastructure,Installation of Public Shed and Seating Area at Village-66,Installation of Public Shed and Seating Area at Village-66,Village-66,Block-4,26.83113,75.73078,637555.0,615178.69,473378.35,2024-03-10,2024-03-22,2024-04-23,2024-08-08,Completed,Reliable Works Corporation,Public Works Department (PWD)
MPL-00968,Uttar Pradesh,Varanasi,Varanasi,N. Modi,Renewable Energy,Installation of Solar LED High-Mast Lighting System at Village-74,Installation of Solar LED High-Mast Lighting System at Village-74,Village-74,Block-2,25.456,83.00469,687277.0,685232.24,568363.79,2023-06-03,2023-06-21,2023-07-21,,In Progress,Shree Ganesh Construction Co,Public Works Department (PWD)
MPL-00969,Maharashtra,Nagpur,Nagpur,N. Gadkari,Renewable Energy,Installation of Solar LED High-Mast Lighting System at Village-119,Installation of Solar LED High-Mast Lighting System at Village-119,Village-119,Block-9,21.23187,79.03584,690161.0,708164.56,632851.79,2023-05-27,2023-06-06,2023-07-25,2023-11-24,Completed,National Civil Projects,District Rural Development Agency (DRDA)
MPL-00970,Uttar Pradesh,Varanasi,Varanasi,N. Modi,Education & Schools,Construction of Additional Classrooms at Govt High School Village-43,Construction of Additional Classrooms at Govt High School Village-43,Village-43,Block-2,25.40255,82.96262,1301385.0,1297359.41,1241470.71,2023-08-19,2023-09-05,2023-10-28,2024-05-21,Completed,Surya Shakti Engineering,Rural Engineering Service (RES)
MPL-00971,Maharashtra,Nagpur,Nagpur,N. Gadkari,Renewable Energy,Installation of Solar LED High-Mast Lighting System at Village-18,Installation of Solar LED High-Mast Lighting System at Village-18,Village-18,Block-9,21.16089,79.15607,597879.0,576110.48,470029.0,2024-06-04,2024-06-25,2024-08-10,2025-01-18,Completed,Reliable Works Corporation,Municipal Corporation
MPL-00972,Madhya Pradesh,Indore,Indore,S. Lalwani,Rural Connectivity & Roads,Widening of Rural Link Road connecting Village-105,Widening of Rural Link Road connecting Village-105,Village-105,Block-7,22.86801,75.96028,2700010.0,2700861.19,2294787.13,2023-01-16,2023-02-07,2023-03-07,,In Progress,Shree Ganesh Construction Co,Minor Irrigation Division
MPL-00973,Madhya Pradesh,Indore,Indore,S. Lalwani,Rural Connectivity & Roads,Paver Block Road Construction in Village-7,Paver Block Road Construction in Village-7,Village-7,Block-7,22.70458,75.88483,829824.0,828763.62,767664.72,2023-07-23,2023-08-09,2023-09-20,2023-12-26,Completed,National Civil Projects,District Rural Development Agency (DRDA)
MPL-00974,Maharashtra,Nagpur,Nagpur,N. Gadkari,Community Infrastructure,Construction of Community Hall at Village Village-113,Construction of Community Hall at Village Village-113,Village-113,Block-2,21.03492,79.22609,1530411.0,1528387.16,1285399.41,2024-04-02,2024-04-21,2024-05-29,2024-11-23,Completed,Bharat Engineers & Builders,Rural Engineering Service (RES)
MPL-00975,Kerala,Wayanad,Wayanad,P. Gandhi,Community Infrastructure,Development of Community Center and Boundary Wall in Village-120,Development of Community Center and Boundary Wall in Village-120,Village-120,Block-2,11.78173,76.14748,1753566.0,1733672.99,1571247.05,2024-02-27,2024-03-19,2024-04-07,2024-09-04,Completed,Apex Infrastructure Ltd,Municipal Corporation
MPL-00976,Kerala,Wayanad,Wayanad,P. Gandhi,Drinking Water & Sanitation,Construction of Public Toilets and Sanitation Block in Village-130,Construction of Public Toilets and Sanitation Block in Village-130,Village-130,Block-8,11.68825,76.1712,774006.0,736161.46,565326.88,2024-07-07,2024-07-29,2024-08-30,,In Progress,Kisan Rural Developers,Public Works Department (PWD)
MPL-00977,Kerala,Wayanad,Wayanad,P. Gandhi,Renewable Energy,Supply and installation of 25 Solar Street Lights in Village-89,Supply and installation of 25 Solar Street Lights in Village-89,Village-89,Block-9,11.66692,76.12826,825987.0,811659.81,669371.82,2024-05-16,2024-06-13,2024-08-04,,In Progress,Reliable Works Corporation,Public Works Department (PWD)
MPL-00978,Gujarat,Rajkot,Rajkot,P. Rupala,Drinking Water & Sanitation,Construction of Public Toilets and Sanitation Block in Village-85,Construction of Public Toilets and Sanitation Block in Village-85,Village-85,Block-5,22.38253,70.7111,1292706.0,1320404.96,1188559.08,2024-09-20,2024-10-12,2024-11-13,,In Progress,Local Panchayat Works Unit,Municipal Corporation
MPL-00979,Bihar,Patna,Patna Sahib,R. S. Prasad,Community Infrastructure,Construction of Community Hall at Village Village-78,Construction of Community Hall at Village Village-78,Village-78,Block-2,25.57217,85.15806,1025406.0,1071914.28,777614.62,2024-07-21,2024-08-05,2024-09-01,2024-12-08,Completed,Bharat Engineers & Builders,Public Works Department (PWD)
MPL-00980,Uttar Pradesh,Varanasi,Varanasi,N. Modi,Rural Connectivity & Roads,Widening of Rural Link Road connecting Village-124,Widening of Rural Link Road connecting Village-124,Village-124,Block-6,25.36843,83.06741,2277197.0,2213229.27,2219220.03,2023-05-25,2023-06-19,2023-08-16,2023-11-04,Completed,Kisan Rural Developers,Minor Irrigation Division
MPL-00981,Rajasthan,Jaipur,Jaipur,M. Joshi,Renewable Energy,Supply and installation of 25 Solar Street Lights in Village-84,Supply and installation of 25 Solar Street Lights in Village-84,Village-84,Block-8,26.99589,75.71089,776147.0,749416.37,702092.63,2024-08-08,2024-08-26,2024-10-13,2025-05-13,Completed,Apex Infrastructure Ltd,Municipal Corporation
MPL-00982,Kerala,Wayanad,Wayanad,P. Gandhi,Renewable Energy,Supply and installation of 25 Solar Street Lights in Village-128,Supply and installation of 25 Solar Street Lights in Village-128,Village-128,Block-4,11.56735,76.02639,879729.0,922951.22,629345.78,2024-08-04,2024-08-28,2024-10-01,2025-02-03,Completed,Bharat Engineers & Builders,Rural Engineering Service (RES)
MPL-00983,Maharashtra,Nagpur,Nagpur,N. Gadkari,Community Infrastructure,Installation of Public Shed and Seating Area at Village-139,Installation of Public Shed and Seating Area at Village-139,Village-139,Block-1,21.06855,79.12512,665207.0,656093.19,613824.46,2024-02-11,2024-03-05,2024-04-25,2024-07-14,Completed,Shree Ganesh Construction Co,District Rural Development Agency (DRDA)
MPL-00984,Madhya Pradesh,Indore,Indore,S. Lalwani,Education & Schools,Construction of Additional Classrooms at Govt High School Village-107,Construction of Additional Classrooms at Govt High School Village-107,Village-107,Block-4,22.83333,75.85526,2192318.0,2297189.42,1754152.02,2023-12-24,2024-01-15,2024-02-06,2024-08-08,Completed,Vanguard Infra Solutions,Minor Irrigation Division
MPL-00985,Madhya Pradesh,Indore,Indore,S. Lalwani,Drinking Water & Sanitation,Construction of Public Toilets and Sanitation Block in Village-63,Construction of Public Toilets and Sanitation Block in Village-63,Village-63,Block-9,22.5998,75.73239,1240231.0,1277999.69,993218.39,2024-08-12,2024-09-04,2024-10-09,2024-12-29,Completed,Apex Infrastructure Ltd,Rural Engineering Service (RES)
MPL-00986,Karnataka,Bengaluru Rural,Bengaluru Rural,C. N. Manjunath,Community Infrastructure,Installation of Public Shed and Seating Area at Village-39,Installation of Public Shed and Seating Area at Village-39,Village-39,Block-2,13.11812,77.69323,426926.0,405668.81,321591.37,2023-05-06,2023-05-17,2023-06-19,2023-11-19,Completed,Kisan Rural Developers,Minor Irrigation Division
MPL-00987,Maharashtra,Nagpur,Nagpur,N. Gadkari,Rural Connectivity & Roads,Paver Block Road Construction in Village-26,Paver Block Road Construction in Village-26,Village-26,Block-2,21.27257,79.17506,540833.0,567675.38,391943.7,2023-01-23,2023-02-10,2023-04-05,,In Progress,Vanguard Infra Solutions,Municipal Corporation
MPL-00988,Rajasthan,Jaipur,Jaipur,M. Joshi,Renewable Energy,Installation of Solar LED High-Mast Lighting System at Village-73,Installation of Solar LED High-Mast Lighting System at Village-73,Village-73,Block-1,26.91687,75.78622,472674.0,452109.96,416827.72,2023-09-02,2023-09-24,2023-10-19,2024-06-14,Completed,Bharat Engineers & Builders,District Rural Development Agency (DRDA)
MPL-00989,Kerala,Wayanad,Wayanad,P. Gandhi,Drinking Water & Sanitation,Drilling of Deep Borewell and Overhead Tank Setup at Village-122,Drilling of Deep Borewell and Overhead Tank Setup at Village-122,Village-122,Block-4,11.66079,76.26115,924489.0,911430.77,788277.35,2023-10-11,2023-10-28,2023-12-23,2024-06-02,Completed,Sai Urban Works Pvt Ltd,District Rural Development Agency (DRDA)
MPL-00990,Karnataka,Bengaluru Rural,Bengaluru Rural,C. N. Manjunath,Drinking Water & Sanitation,Drilling of Deep Borewell and Overhead Tank Setup at Village-40,Drilling of Deep Borewell and Overhead Tank Setup at Village-40,Village-40,Block-6,13.04918,77.4626,488585.0,468037.71,428149.44,2023-04-11,2023-05-01,2023-05-25,,In Progress,Shree Ganesh Construction Co,District Rural Development Agency (DRDA)
MPL-00991,Bihar,Patna,Patna Sahib,R. S. Prasad,Education & Schools,Installation of Smart Classroom and Computer Lab in Village-105,Installation of Smart Classroom and Computer Lab in Village-105,Village-105,Block-6,25.72533,85.05053,828574.0,864192.18,746114.98,2024-11-03,2024-11-18,2025-01-07,2025-05-24,Completed,Surya Shakti Engineering,Public Works Department (PWD)
MPL-00992,Madhya Pradesh,Indore,Indore,S. Lalwani,Drinking Water & Sanitation,Construction of Public Toilets and Sanitation Block in Village-17,Construction of Public Toilets and Sanitation Block in Village-17,Village-17,Block-8,22.71889,75.9052,651288.0,620767.31,622579.4,2023-09-02,2023-09-16,2023-10-25,,In Progress,Vanguard Infra Solutions,District Rural Development Agency (DRDA)
MPL-00993,Kerala,Wayanad,Wayanad,P. Gandhi,Education & Schools,Solar Rooftop Power System installation for School at Village-81,Solar Rooftop Power System installation for School at Village-81,Village-81,Block-3,11.82169,76.10674,979982.0,1004629.93,941214.07,2023-06-27,2023-07-08,2023-07-23,2023-11-02,Completed,Surya Shakti Engineering,District Rural Development Agency (DRDA)
MPL-00994,Maharashtra,Nagpur,Nagpur,N. Gadkari,Drinking Water & Sanitation,Drilling of Deep Borewell and Overhead Tank Setup at Village-127,Drilling of Deep Borewell and Overhead Tank Setup at Village-127,Village-127,Block-6,21.10402,79.04109,741359.0,771555.06,679259.3,2024-02-22,2024-03-03,2024-03-20,2024-10-27,Completed,Local Panchayat Works Unit,District Rural Development Agency (DRDA)
MPL-00995,Gujarat,Rajkot,Rajkot,P. Rupala,Education & Schools,Solar Rooftop Power System installation for School at Village-52,Solar Rooftop Power System installation for School at Village-52,Village-52,Block-7,22.45199,70.83594,610657.0,589150.02,552099.09,2024-05-21,2024-06-01,2024-07-03,2025-01-14,Completed,Local Panchayat Works Unit,Rural Engineering Service (RES)
MPL-00996,Karnataka,Bengaluru Rural,Bengaluru Rural,C. N. Manjunath,Renewable Energy,Supply and installation of 25 Solar Street Lights in Village-138,Supply and installation of 25 Solar Street Lights in Village-138,Village-138,Block-10,13.05686,77.68127,896243.0,892338.64,703860.59,2023-01-02,2023-01-19,2023-03-01,2023-05-16,Completed,Surya Shakti Engineering,Minor Irrigation Division
MPL-00997,Kerala,Wayanad,Wayanad,P. Gandhi,Renewable Energy,Installation of Solar LED High-Mast Lighting System at Village-116,Installation of Solar LED High-Mast Lighting System at Village-116,Village-116,Block-1,11.61164,76.06161,538779.0,528018.64,482539.31,2023-01-23,2023-02-09,2023-03-10,2023-10-04,Completed,Reliable Works Corporation,Rural Engineering Service (RES)
MPL-00998,Karnataka,Bengaluru Rural,Bengaluru Rural,C. N. Manjunath,Drinking Water & Sanitation,Construction of Public Toilets and Sanitation Block in Village-1,Construction of Public Toilets and Sanitation Block in Village-1,Village-1,Block-1,13.19648,77.4227,1050898.0,1003372.58,759622.4,2023-09-13,2023-10-08,2023-11-26,2024-06-12,Completed,Sai Urban Works Pvt Ltd,Minor Irrigation Division
MPL-00999,Bihar,Patna,Patna Sahib,R. S. Prasad,Renewable Energy,Supply and installation of 25 Solar Street Lights in Village-30,Supply and installation of 25 Solar Street Lights in Village-30,Village-30,Block-6,25.64093,84.99186,948388.0,923239.92,945337.15,2024-06-28,2024-07-28,2024-09-02,,In Progress,Vanguard Infra Solutions,Public Works Department (PWD)
MPL-01000,Bihar,Patna,Patna Sahib,R. S. Prasad,Education & Schools,Construction of Additional Classrooms at Govt High School Village-26,Construction of Additional Classrooms at Govt High School Village-26,Village-26,Block-3,25.52123,85.03616,1472372.0,1535843.3,1353558.9,2023-06-02,2023-06-23,2023-08-19,,In Progress,Vanguard Infra Solutions,Rural Engineering Service (RES)
MPL-01001,Gujarat,Rajkot,Rajkot,P. Rupala,Rural Connectivity & Roads,Paver Block Road Construction in Village-139,Paver Block Road Construction in Village-139,Village-139,Block-2,22.43998,70.67199,1075333.0,1090282.56,777323.53,2023-05-16,2023-06-09,2023-07-01,2023-08-30,Completed,Sai Urban Works Pvt Ltd,Rural Engineering Service (RES)
MPL-01002,Kerala,Wayanad,Wayanad,P. Gandhi,Community Infrastructure,Installation of Public Shed and Seating Area at Village-137,Installation of Public Shed and Seating Area at Village-137,Village-137,Block-9,11.7721,76.08797,643949.0,644643.15,543732.87,2024-09-03,2024-09-21,2024-10-23,2025-03-23,Completed,Vanguard Infra Solutions,Rural Engineering Service (RES)
MPL-01003,Uttar Pradesh,Varanasi,Varanasi,N. Modi,Renewable Energy,Installation of Solar LED High-Mast Lighting System at Village-17,Installation of Solar LED High-Mast Lighting System at Village-17,Village-17,Block-2,25.27301,82.92595,485087.0,467905.85,362894.53,2024-06-05,2024-07-01,2024-07-28,2025-03-06,Completed,Vanguard Infra Solutions,Municipal Corporation
MPL-01004,Madhya Pradesh,Indore,Indore,S. Lalwani,Drinking Water & Sanitation,Installation of RO Water Purification Plant at Village-49,Installation of RO Water Purification Plant at Village-49,Village-49,Block-4,22.73684,75.84506,1151244.0,1167072.37,1073004.32,2023-02-27,2023-03-10,2023-04-08,2023-10-11,Completed,Kisan Rural Developers,District Rural Development Agency (DRDA)
MPL-01005,Uttar Pradesh,Varanasi,Varanasi,N. Modi,Education & Schools,Construction of Additional Classrooms at Govt High School Village-1,Construction of Additional Classrooms at Govt High School Village-1,Village-1,Block-2,25.45848,83.0825,2397346.0,2362685.52,2388472.75,2023-12-19,2024-01-17,2024-03-13,2024-05-13,Completed,Shree Ganesh Construction Co,Rural Engineering Service (RES)
MPL-01006,Gujarat,Rajkot,Rajkot,P. Rupala,Renewable Energy,Installation of Solar LED High-Mast Lighting System at Village-122,Installation of Solar LED High-Mast Lighting System at Village-122,Village-122,Block-9,22.38974,70.84362,659179.0,662711.22,570507.15,2023-11-22,2023-12-15,2024-01-06,2024-03-14,Completed,Bharat Engineers & Builders,District Rural Development Agency (DRDA)
MPL-01007,Rajasthan,Jaipur,Jaipur,M. Joshi,Community Infrastructure,Construction of Community Hall at Village Village-15,Construction of Community Hall at Village Village-15,Village-15,Block-6,26.86438,75.76091,1629575.0,1656434.25,1628794.32,2023-09-10,2023-09-22,2023-10-31,2024-03-10,Completed,Shree Ganesh Construction Co,Minor Irrigation Division
MPL-01008,Karnataka,Bengaluru Rural,Bengaluru Rural,C. N. Manjunath,Rural Connectivity & Roads,Widening of Rural Link Road connecting Village-77,Widening of Rural Link Road connecting Village-77,Village-77,Block-2,13.19392,77.59867,3706540.0,3529638.79,3685695.01,2023-11-19,2023-12-02,2023-12-28,2024-04-01,Completed,Shree Ganesh Construction Co,District Rural Development Agency (DRDA)
MPL-01009,Rajasthan,Jaipur,Jaipur,M. Joshi,Rural Connectivity & Roads,Paver Block Road Construction in Village-32,Paver Block Road Construction in Village-32,Village-32,Block-9,26.85585,75.86549,691489.0,696772.76,604823.62,2023-02-22,2023-03-22,2023-04-20,,In Progress,Reliable Works Corporation,Public Works Department (PWD)
MPL-01010,Rajasthan,Jaipur,Jaipur,M. Joshi,Renewable Energy,Supply and installation of 25 Solar Street Lights in Village-26,Supply and installation of 25 Solar Street Lights in Village-26,Village-26,Block-2,26.86238,75.85963,969408.0,960067.73,949279.41,2023-10-19,2023-11-16,2023-12-27,,In Progress,National Civil Projects,Public Works Department (PWD)
MPL-01011,Uttar Pradesh,Varanasi,Varanasi,N. Modi,Community Infrastructure,Development of Community Center and Boundary Wall in Village-11,Development of Community Center and Boundary Wall in Village-11,Village-11,Block-6,25.4495,83.09241,1292016.0,1332003.97,1061774.36,2023-04-05,2023-04-20,2023-05-21,,In Progress,Bharat Engineers & Builders,Public Works Department (PWD)
MPL-01012,Maharashtra,Nagpur,Nagpur,N. Gadkari,Renewable Energy,Installation of Solar LED High-Mast Lighting System at Village-5,Installation of Solar LED High-Mast Lighting System at Village-5,Village-5,Block-4,20.99739,79.09509,646580.0,628373.46,589970.92,2023-05-29,2023-06-23,2023-08-20,2024-01-31,Completed,Sai Urban Works Pvt Ltd,Minor Irrigation Division
MPL-01013,Bihar,Patna,Patna Sahib,R. S. Prasad,Community Infrastructure,Development of Community Center and Boundary Wall in Village-55,Development of Community Center and Boundary Wall in Village-55,Village-55,Block-5,25.73622,85.11106,1443047.0,1467128.9,1093456.65,2024-06-07,2024-06-24,2024-07-27,2025-01-06,Completed,Local Panchayat Works Unit,District Rural Development Agency (DRDA)
MPL-01014,Gujarat,Rajkot,Rajkot,P. Rupala,Education & Schools,Installation of Smart Classroom and Computer Lab in Village-128,Installation of Smart Classroom and Computer Lab in Village-128,Village-128,Block-3,22.20921,70.84445,701523.0,735042.88,576415.84,2023-07-04,2023-07-15,2023-08-15,2024-03-09,Completed,Shree Ganesh Construction Co,Rural Engineering Service (RES)
MPL-01015,Bihar,Patna,Patna Sahib,R. S. Prasad,Drinking Water & Sanitation,Drilling of Deep Borewell and Overhead Tank Setup at Village-12,Drilling of Deep Borewell and Overhead Tank Setup at Village-12,Village-12,Block-7,25.44495,85.05066,525706.0,535382.57,388963.89,2023-07-30,2023-08-12,2023-09-13,2024-04-07,Completed,Shree Ganesh Construction Co,Public Works Department (PWD)
MPL-01016,Kerala,Wayanad,Wayanad,P. Gandhi,Drinking Water & Sanitation,Construction of Public Toilets and Sanitation Block in Village-37,Construction of Public Toilets and Sanitation Block in Village-37,Village-37,Block-3,11.73326,76.18609,754127.0,771043.14,705620.98,2023-12-28,2024-01-13,2024-02-17,2024-07-22,Completed,Surya Shakti Engineering,Rural Engineering Service (RES)
MPL-01017,Madhya Pradesh,Indore,Indore,S. Lalwani,Rural Connectivity & Roads,Construction of CC Road and Drainage Channel at Village-63,Construction of CC Road and Drainage Channel at Village-63,Village-63,Block-9,22.70867,75.72612,2527422.0,2524619.98,1976871.73,2023-02-01,2023-02-20,2023-03-23,,In Progress,Apex Infrastructure Ltd,Municipal Corporation
MPL-01018,Bihar,Patna,Patna Sahib,R. S. Prasad,Education & Schools,Construction of Additional Classrooms at Govt High School Village-74,Construction of Additional Classrooms at Govt High School Village-74,Village-74,Block-8,25.46369,85.12393,1495064.0,1462687.82,1125959.64,2022-12-30,2023-01-15,2023-03-01,2023-09-12,Completed,Sai Urban Works Pvt Ltd,Rural Engineering Service (RES)
MPL-01019,Rajasthan,Jaipur,Jaipur,M. Joshi,Education & Schools,Installation of Smart Classroom and Computer Lab in Village-70,Installation of Smart Classroom and Computer Lab in Village-70,Village-70,Block-3,26.90817,75.70296,868252.0,866545.91,721898.39,2023-05-04,2023-05-17,2023-06-02,2024-01-13,Completed,Reliable Works Corporation,Minor Irrigation Division
MPL-01020,Rajasthan,Jaipur,Jaipur,M. Joshi,Rural Connectivity & Roads,Widening of Rural Link Road connecting Village-66,Widening of Rural Link Road connecting Village-66,Village-66,Block-5,26.78129,75.92445,4893683.0,4697365.37,4691088.06,2024-05-25,2024-06-12,2024-07-16,2024-09-19,Completed,Shree Ganesh Construction Co,Rural Engineering Service (RES)
MPL-01021,Bihar,Patna,Patna Sahib,R. S. Prasad,Renewable Energy,Installation of Solar LED High-Mast Lighting System at Village-128,Installation of Solar LED High-Mast Lighting System at Village-128,Village-128,Block-2,25.61449,84.98804,676995.0,643373.45,668591.09,2023-11-13,2023-12-02,2024-01-30,2024-07-15,Completed,Bharat Engineers & Builders,Rural Engineering Service (RES)
MPL-01022,Madhya Pradesh,Indore,Indore,S. Lalwani,Rural Connectivity & Roads,Widening of Rural Link Road connecting Village-70,Widening of Rural Link Road connecting Village-70,Village-70,Block-1,22.68358,75.89509,4458668.0,4324670.18,3658720.99,2024-08-19,2024-09-08,2024-10-29,2025-01-21,Completed,Bharat Engineers & Builders,District Rural Development Agency (DRDA)
MPL-01023,Kerala,Wayanad,Wayanad,P. Gandhi,Education & Schools,Construction of Additional Classrooms at Govt High School Village-137,Construction of Additional Classrooms at Govt High School Village-137,Village-137,Block-4,11.70495,76.0231,1899251.0,1897950.12,1574948.11,2024-07-05,2024-07-29,2024-08-14,2024-11-08,Completed,Vanguard Infra Solutions,Public Works Department (PWD)
MPL-01024,Madhya Pradesh,Indore,Indore,S. Lalwani,Renewable Energy,Installation of Solar LED High-Mast Lighting System at Village-27,Installation of Solar LED High-Mast Lighting System at Village-27,Village-27,Block-7,22.68086,75.71868,757019.0,794095.87,654496.23,2023-05-06,2023-05-19,2023-06-17,2023-10-10,Completed,Apex Infrastructure Ltd,Minor Irrigation Division
MPL-01025,Rajasthan,Jaipur,Jaipur,M. Joshi,Renewable Energy,Supply and installation of 25 Solar Street Lights in Village-54,Supply and installation of 25 Solar Street Lights in Village-54,Village-54,Block-8,26.92347,75.82603,549011.0,540271.53,423294.54,2023-04-14,2023-05-02,2023-05-22,2023-12-21,Completed,Bharat Engineers & Builders,Public Works Department (PWD)
MPL-01026,Maharashtra,Nagpur,Nagpur,N. Gadkari,Community Infrastructure,Development of Community Center and Boundary Wall in Village-56,Development of Community Center and Boundary Wall in Village-56,Village-56,Block-8,21.0791,79.06633,1634375.0,1619961.28,1306230.47,2023-03-05,2023-04-01,2023-05-18,2023-12-11,Completed,Kisan Rural Developers,District Rural Development Agency (DRDA)
MPL-01027,Maharashtra,Nagpur,Nagpur,N. Gadkari,Community Infrastructure,Installation of Public Shed and Seating Area at Village-25,Installation of Public Shed and Seating Area at Village-25,Village-25,Block-4,21.21704,79.15793,728836.0,734062.06,656090.57,2023-07-03,2023-07-17,2023-08-12,2023-12-09,Completed,Bharat Engineers & Builders,Rural Engineering Service (RES)
MPL-01028,Rajasthan,Jaipur,Jaipur,M. Joshi,Education & Schools,Construction of Additional Classrooms at Govt High School Village-116,Construction of Additional Classrooms at Govt High School Village-116,Village-116,Block-8,27.01282,75.76685,1673170.0,1693021.53,1187025.89,2023-07-07,2023-07-29,2023-09-05,2024-01-19,Completed,Shree Ganesh Construction Co,Rural Engineering Service (RES)
MPL-01029,Uttar Pradesh,Varanasi,Varanasi,N. Modi,Drinking Water & Sanitation,Construction of Public Toilets and Sanitation Block in Village-9,Construction of Public Toilets and Sanitation Block in Village-9,Village-9,Block-7,25.21486,82.84586,1158922.0,1121268.13,1104304.69,2024-02-18,2024-03-06,2024-03-27,,In Progress,Vanguard Infra Solutions,Public Works Department (PWD)
MPL-01030,Maharashtra,Nagpur,Nagpur,N. Gadkari,Rural Connectivity & Roads,Widening of Rural Link Road connecting Village-134,Widening of Rural Link Road connecting Village-134,Village-134,Block-4,21.04302,79.23737,4993568.0,5021031.29,4509903.6,2024-08-04,2024-08-28,2024-10-19,2025-04-12,Completed,Reliable Works Corporation,Minor Irrigation Division
MPL-01031,Madhya Pradesh,Indore,Indore,S. Lalwani,Drinking Water & Sanitation,Drilling of Deep Borewell and Overhead Tank Setup at Village-114,Drilling of Deep Borewell and Overhead Tank Setup at Village-114,Village-114,Block-2,22.80137,75.84716,742736.0,729049.62,655007.29,2023-01-07,2023-01-21,2023-02-17,2023-07-23,Completed,Shree Ganesh Construction Co,Minor Irrigation Division
MPL-01032,Uttar Pradesh,Varanasi,Varanasi,N. Modi,Drinking Water & Sanitation,Drilling of Deep Borewell and Overhead Tank Setup at Village-137,Drilling of Deep Borewell and Overhead Tank Setup at Village-137,Village-137,Block-4,25.18345,82.87784,568661.0,572076.65,465381.99,2024-10-16,2024-10-27,2024-12-18,2025-03-22,Completed,Bharat Engineers & Builders,Rural Engineering Service (RES)
MPL-01033,Gujarat,Rajkot,Rajkot,P. Rupala,Drinking Water & Sanitation,Drilling of Deep Borewell and Overhead Tank Setup at Village-142,Drilling of Deep Borewell and Overhead Tank Setup at Village-142,Village-142,Block-3,22.40233,70.66541,537627.0,528977.22,463041.97,2023-09-06,2023-09-23,2023-10-24,2024-01-26,Completed,Surya Shakti Engineering,Rural Engineering Service (RES)
MPL-01034,Gujarat,Rajkot,Rajkot,P. Rupala,Renewable Energy,Installation of Solar LED High-Mast Lighting System at Village-114,Installation of Solar LED High-Mast Lighting System at Village-114,Village-114,Block-1,22.23679,70.90637,437452.0,434045.23,389400.67,2023-03-14,2023-03-24,2023-04-28,2023-12-18,Completed,Apex Infrastructure Ltd,Public Works Department (PWD)
MPL-01035,Uttar Pradesh,Varanasi,Varanasi,N. Modi,Community Infrastructure,Construction of Community Hall at Village Village-83,Construction of Community Hall at Village Village-83,Village-83,Block-9,25.22473,83.10983,1345870.0,1380534.03,1268336.64,2024-07-23,2024-08-22,2024-09-11,,In Progress,Shree Ganesh Construction Co,Municipal Corporation
MPL-01036,Kerala,Wayanad,Wayanad,P. Gandhi,Community Infrastructure,Installation of Public Shed and Seating Area at Village-7,Installation of Public Shed and Seating Area at Village-7,Village-7,Block-3,11.80968,76.17568,777081.0,749865.7,626328.1,2024-01-12,2024-01-24,2024-03-22,,In Progress,Sai Urban Works Pvt Ltd,District Rural Development Agency (DRDA)
MPL-01037,Maharashtra,Nagpur,Nagpur,N. Gadkari,Renewable Energy,Supply and installation of 25 Solar Street Lights in Village-74,Supply and installation of 25 Solar Street Lights in Village-74,Village-74,Block-8,21.14622,79.17469,757498.0,759181.32,704773.21,2023-05-24,2023-06-04,2023-06-30,2023-11-10,Completed,Kisan Rural Developers,Municipal Corporation
MPL-01038,Madhya Pradesh,Indore,Indore,S. Lalwani,Education & Schools,Construction of Additional Classrooms at Govt High School Village-12,Construction of Additional Classrooms at Govt High School Village-12,Village-12,Block-3,22.59621,75.92487,2456637.0,2345806.59,2207561.36,2023-08-18,2023-09-09,2023-10-18,2024-03-13,Completed,Sai Urban Works Pvt Ltd,Minor Irrigation Division
MPL-01039,Madhya Pradesh,Indore,Indore,S. Lalwani,Renewable Energy,Installation of Solar LED High-Mast Lighting System at Village-61,Installation of Solar LED High-Mast Lighting System at Village-61,Village-61,Block-1,22.67946,75.95417,616516.0,594893.12,481389.74,2023-07-26,2023-08-22,2023-09-26,2023-12-07,Completed,Local Panchayat Works Unit,Municipal Corporation
MPL-01040,Uttar Pradesh,Varanasi,Varanasi,N. Modi,Education & Schools,Construction of Additional Classrooms at Govt High School Village-105,Construction of Additional Classrooms at Govt High School Village-105,Village-105,Block-3,25.40356,82.829,1636032.0,1593558.95,1440740.1,2024-09-06,2024-09-20,2024-11-09,2025-04-08,Completed,Local Panchayat Works Unit,Minor Irrigation Division
MPL-01041,Gujarat,Rajkot,Rajkot,P. Rupala,Community Infrastructure,Development of Community Center and Boundary Wall in Village-13,Development of Community Center and Boundary Wall in Village-13,Village-13,Block-9,22.37545,70.73068,1773223.0,1706267.95,1449615.07,2024-05-31,2024-06-25,2024-07-17,2025-01-28,Completed,Sai Urban Works Pvt Ltd,Rural Engineering Service (RES)
MPL-01042,Karnataka,Bengaluru Rural,Bengaluru Rural,C. N. Manjunath,Drinking Water & Sanitation,Drilling of Deep Borewell and Overhead Tank Setup at Village-50,Drilling of Deep Borewell and Overhead Tank Setup at Village-50,Village-50,Block-5,12.96096,77.43746,846453.0,864921.03,640176.81,2024-10-10,2024-10-25,2024-11-13,2025-03-15,Completed,Vanguard Infra Solutions,Minor Irrigation Division
MPL-01043,Rajasthan,Jaipur,Jaipur,M. Joshi,Education & Schools,Installation of Smart Classroom and Computer Lab in Village-41,Installation of Smart Classroom and Computer Lab in Village-41,Village-41,Block-8,26.89167,75.66853,721715.0,703146.44,596093.23,2023-05-03,2023-05-14,2023-06-21,2024-01-02,Completed,Sai Urban Works Pvt Ltd,Public Works Department (PWD)
MPL-01044,Madhya Pradesh,Indore,Indore,S. Lalwani,Rural Connectivity & Roads,Widening of Rural Link Road connecting Village-100,Widening of Rural Link Road connecting Village-100,Village-100,Block-9,22.8062,75.92404,2657130.0,2618515.55,2458078.79,2023-10-10,2023-10-25,2023-11-11,,In Progress,Kisan Rural Developers,District Rural Development Agency (DRDA)
MPL-01045,Rajasthan,Jaipur,Jaipur,M. Joshi,Drinking Water & Sanitation,Drilling of Deep Borewell and Overhead Tank Setup at Village-6,Drilling of Deep Borewell and Overhead Tank Setup at Village-6,Village-6,Block-6,26.91396,75.91272,538716.0,537090.8,426834.84,2023-09-27,2023-10-14,2023-11-16,2024-05-29,Completed,Bharat Engineers & Builders,Public Works Department (PWD)
MPL-01046,Maharashtra,Nagpur,Nagpur,N. Gadkari,Rural Connectivity & Roads,Paver Block Road Construction in Village-35,Paver Block Road Construction in Village-35,Village-35,Block-4,21.20185,78.95546,988303.0,999183.75,898522.76,2024-11-04,2024-11-20,2025-01-18,2025-06-01,Completed,Sai Urban Works Pvt Ltd,Rural Engineering Service (RES)
MPL-01047,Bihar,Patna,Patna Sahib,R. S. Prasad,Rural Connectivity & Roads,Construction of CC Road and Drainage Channel at Village-135,Construction of CC Road and Drainage Channel at Village-135,Village-135,Block-9,25.68588,85.01462,2040471.0,2058247.9,1969144.45,2023-04-12,2023-05-06,2023-06-15,2023-09-19,Completed,Local Panchayat Works Unit,Municipal Corporation
MPL-01048,Gujarat,Rajkot,Rajkot,P. Rupala,Renewable Energy,Installation of Solar LED High-Mast Lighting System at Village-51,Installation of Solar LED High-Mast Lighting System at Village-51,Village-51,Block-7,22.2754,70.74911,526403.0,531315.27,468110.23,2023-07-11,2023-07-22,2023-09-06,,In Progress,Bharat Engineers & Builders,Public Works Department (PWD)
MPL-01049,Gujarat,Rajkot,Rajkot,P. Rupala,Community Infrastructure,Installation of Public Shed and Seating Area at Village-130,Installation of Public Shed and Seating Area at Village-130,Village-130,Block-1,22.41141,70.88587,660396.0,677460.52,527149.43,2024-01-19,2024-02-03,2024-02-24,2024-08-30,Completed,Reliable Works Corporation,Public Works Department (PWD)
MPL-01050,Bihar,Patna,Patna Sahib,R. S. Prasad,Community Infrastructure,Construction of Community Hall at Village Village-28,Construction of Community Hall at Village Village-28,Village-28,Block-5,25.51742,85.10079,1701682.0,1749096.48,1248361.38,2023-04-22,2023-05-11,2023-07-03,2023-09-04,Completed,Surya Shakti Engineering,Municipal Corporation
MPL-01051,Gujarat,Rajkot,Rajkot,P. Rupala,Education & Schools,Construction of Additional Classrooms at Govt High School Village-55,Construction of Additional Classrooms at Govt High School Village-55,Village-55,Block-5,22.33501,70.89475,2021583.0,1994878.87,1895486.28,2023-05-05,2023-05-18,2023-06-05,,In Progress,Reliable Works Corporation,Minor Irrigation Division
MPL-01052,Rajasthan,Jaipur,Jaipur,M. Joshi,Drinking Water & Sanitation,Installation of RO Water Purification Plant at Village-102,Installation of RO Water Purification Plant at Village-102,Village-102,Block-10,26.82081,75.88178,1055628.0,1053236.67,1004345.14,2024-07-25,2024-08-23,2024-09-15,2025-02-26,Completed,National Civil Projects,Rural Engineering Service (RES)
MPL-01053,Maharashtra,Nagpur,Nagpur,N. Gadkari,Community Infrastructure,Construction of Community Hall at Village Village-116,Construction of Community Hall at Village Village-116,Village-116,Block-9,21.2196,79.15742,1576758.0,1550771.65,1301583.29,2023-03-13,2023-04-05,2023-05-06,2023-12-30,Completed,National Civil Projects,Minor Irrigation Division
MPL-01054,Uttar Pradesh,Varanasi,Varanasi,N. Modi,Rural Connectivity & Roads,Widening of Rural Link Road connecting Village-6,Widening of Rural Link Road connecting Village-6,Village-6,Block-1,25.3234,82.8527,3415543.0,3325935.77,3349546.85,2024-03-03,2024-03-14,2024-04-25,2024-07-05,Completed,National Civil Projects,Municipal Corporation
MPL-01055,Bihar,Patna,Patna Sahib,R. S. Prasad,Community Infrastructure,Installation of Public Shed and Seating Area at Village-53,Installation of Public Shed and Seating Area at Village-53,Village-53,Block-3,25.58079,85.08371,589436.0,582986.97,569019.05,2023-03-16,2023-04-01,2023-04-17,2023-12-08,Completed,Bharat Engineers & Builders,Public Works Department (PWD)
MPL-01056,Rajasthan,Jaipur,Jaipur,M. Joshi,Rural Connectivity & Roads,Paver Block Road Construction in Village-14,Paver Block Road Construction in Village-14,Village-14,Block-4,26.88974,75.80571,950671.0,951533.81,717776.73,2024-07-13,2024-08-08,2024-08-29,2025-03-01,Completed,National Civil Projects,Minor Irrigation Division
MPL-01057,Rajasthan,Jaipur,Jaipur,M. Joshi,Rural Connectivity & Roads,Widening of Rural Link Road connecting Village-11,Widening of Rural Link Road connecting Village-11,Village-11,Block-3,26.86518,75.70853,2485820.0,2421710.73,2408531.26,2022-12-14,2023-01-06,2023-02-23,2023-06-12,Completed,Reliable Works Corporation,Minor Irrigation Division
MPL-01058,Uttar Pradesh,Varanasi,Varanasi,N. Modi,Drinking Water & Sanitation,Installation of RO Water Purification Plant at Village-96,Installation of RO Water Purification Plant at Village-96,Village-96,Block-10,25.17302,83.07058,1144358.0,1169975.29,819383.33,2024-10-17,2024-11-14,2024-12-22,2025-08-16,Completed,Reliable Works Corporation,District Rural Development Agency (DRDA)
MPL-01059,Gujarat,Rajkot,Rajkot,P. Rupala,Rural Connectivity & Roads,Paver Block Road Construction in Village-147,Paver Block Road Construction in Village-147,Village-147,Block-7,22.27476,70.83156,690608.0,720646.8,631489.08,2024-03-10,2024-04-08,2024-05-09,2024-08-19,Completed,Local Panchayat Works Unit,Minor Irrigation Division
MPL-01060,Madhya Pradesh,Indore,Indore,S. Lalwani,Rural Connectivity & Roads,Widening of Rural Link Road connecting Village-117,Widening of Rural Link Road connecting Village-117,Village-117,Block-2,22.85518,75.78216,2376038.0,2468501.85,1873896.24,2024-06-13,2024-07-02,2024-08-09,2025-03-20,Completed,Kisan Rural Developers,Minor Irrigation Division
MPL-01061,Uttar Pradesh,Varanasi,Varanasi,N. Modi,Renewable Energy,Supply and installation of 25 Solar Street Lights in Village-146,Supply and installation of 25 Solar Street Lights in Village-146,Village-146,Block-3,25.41936,83.06602,824420.0,848517.68,789011.48,2023-06-06,2023-06-29,2023-07-26,,In Progress,Bharat Engineers & Builders,District Rural Development Agency (DRDA)
MPL-01062,Madhya Pradesh,Indore,Indore,S. Lalwani,Renewable Energy,Installation of Solar LED High-Mast Lighting System at Village-105,Installation of Solar LED High-Mast Lighting System at Village-105,Village-105,Block-3,22.70675,75.83301,726221.0,740722.01,724047.27,2024-04-13,2024-04-29,2024-05-23,2024-08-21,Completed,Apex Infrastructure Ltd,Municipal Corporation
MPL-01063,Rajasthan,Jaipur,Jaipur,M. Joshi,Renewable Energy,Installation of Solar LED High-Mast Lighting System at Village-134,Installation of Solar LED High-Mast Lighting System at Village-134,Village-134,Block-1,26.80396,75.90642,718101.0,698022.71,647040.57,2024-08-18,2024-09-08,2024-10-16,2025-04-27,Completed,Apex Infrastructure Ltd,District Rural Development Agency (DRDA)
MPL-01064,Madhya Pradesh,Indore,Indore,S. Lalwani,Community Infrastructure,Construction of Community Hall at Village Village-145,Construction of Community Hall at Village Village-145,Village-145,Block-9,22.73295,75.75168,2279277.0,2264267.55,1615966.29,2023-05-09,2023-05-31,2023-07-10,2023-12-08,Completed,Sai Urban Works Pvt Ltd,Public Works Department (PWD)
MPL-01065,Madhya Pradesh,Indore,Indore,S. Lalwani,Rural Connectivity & Roads,Paver Block Road Construction in Village-19,Paver Block Road Construction in Village-19,Village-19,Block-10,22.83429,75.93765,727155.0,691883.12,614139.64,2024-02-21,2024-03-12,2024-04-02,2024-11-23,Completed,Reliable Works Corporation,District Rural Development Agency (DRDA)
MPL-01066,Gujarat,Rajkot,Rajkot,P. Rupala,Rural Connectivity & Roads,Construction of CC Road and Drainage Channel at Village-69,Construction of CC Road and Drainage Channel at Village-69,Village-69,Block-4,22.4236,70.90859,2336072.0,2345759.24,1803868.64,2023-11-05,2023-11-15,2024-01-01,,In Progress,National Civil Projects,Municipal Corporation
MPL-01067,Uttar Pradesh,Varanasi,Varanasi,N. Modi,Renewable Energy,Supply and installation of 25 Solar Street Lights in Village-101,Supply and installation of 25 Solar Street Lights in Village-101,Village-101,Block-6,25.31877,82.84642,975706.0,1013293.49,701319.41,2023-02-16,2023-02-26,2023-03-20,2023-08-26,Completed,Bharat Engineers & Builders,Minor Irrigation Division
MPL-01068,Uttar Pradesh,Varanasi,Varanasi,N. Modi,Community Infrastructure,Development of Community Center and Boundary Wall in Village-136,Development of Community Center and Boundary Wall in Village-136,Village-136,Block-4,25.1839,82.94624,858705.0,868328.3,673030.76,2023-09-30,2023-10-28,2023-12-22,2024-05-12,Completed,National Civil Projects,Minor Irrigation Division
MPL-01069,Karnataka,Bengaluru Rural,Bengaluru Rural,C. N. Manjunath,Education & Schools,Solar Rooftop Power System installation for School at Village-37,Solar Rooftop Power System installation for School at Village-37,Village-37,Block-3,13.06308,77.55061,526371.0,538476.29,403280.84,2023-10-03,2023-10-14,2023-11-15,,In Progress,Sai Urban Works Pvt Ltd,Municipal Corporation
MPL-01070,Karnataka,Bengaluru Rural,Bengaluru Rural,C. N. Manjunath,Drinking Water & Sanitation,Drilling of Deep Borewell and Overhead Tank Setup at Village-104,Drilling of Deep Borewell and Overhead Tank Setup at Village-104,Village-104,Block-1,13.13826,77.56543,881642.0,896752.76,774869.51,2023-12-04,2023-12-19,2024-01-04,2024-03-27,Completed,Surya Shakti Engineering,Municipal Corporation
MPL-01071,Gujarat,Rajkot,Rajkot,P. Rupala,Rural Connectivity & Roads,Construction of CC Road and Drainage Channel at Village-102,Construction of CC Road and Drainage Channel at Village-102,Village-102,Block-6,22.29006,70.67896,3464139.0,3472446.5,2979370.19,2023-02-23,2023-03-10,2023-04-06,,In Progress,National Civil Projects,District Rural Development Agency (DRDA)
MPL-01072,Bihar,Patna,Patna Sahib,R. S. Prasad,Rural Connectivity & Roads,Paver Block Road Construction in Village-28,Paver Block Road Construction in Village-28,Village-28,Block-7,25.64751,85.01118,989887.0,994310.35,716426.01,2022-12-29,2023-01-11,2023-02-08,2023-05-21,Completed,National Civil Projects,Public Works Department (PWD)
MPL-01073,Bihar,Patna,Patna Sahib,R. S. Prasad,Education & Schools,Construction of Additional Classrooms at Govt High School Village-132,Construction of Additional Classrooms at Govt High School Village-132,Village-132,Block-5,25.48048,85.05308,2604321.0,2556858.8,2188458.63,2024-06-24,2024-07-13,2024-09-02,2025-02-05,Completed,Shree Ganesh Construction Co,Minor Irrigation Division
MPL-01074,Rajasthan,Jaipur,Jaipur,M. Joshi,Renewable Energy,Installation of Solar LED High-Mast Lighting System at Village-44,Installation of Solar LED High-Mast Lighting System at Village-44,Village-44,Block-8,26.89175,75.72273,703461.0,691011.33,522147.68,2024-01-25,2024-02-10,2024-03-14,2024-06-06,Completed,Apex Infrastructure Ltd,Rural Engineering Service (RES)
MPL-01075,Rajasthan,Jaipur,Jaipur,M. Joshi,Community Infrastructure,Development of Community Center and Boundary Wall in Village-121,Development of Community Center and Boundary Wall in Village-121,Village-121,Block-8,27.03695,75.65985,1360130.0,1306851.34,1009940.01,2024-03-22,2024-04-19,2024-06-04,2024-09-15,Completed,National Civil Projects,Public Works Department (PWD)
MPL-01076,Maharashtra,Nagpur,Nagpur,N. Gadkari,Community Infrastructure,Installation of Public Shed and Seating Area at Village-50,Installation of Public Shed and Seating Area at Village-50,Village-50,Block-7,21.23112,79.14423,536890.0,537932.88,532650.46,2023-06-08,2023-06-25,2023-08-15,2024-02-16,Completed,Surya Shakti Engineering,Rural Engineering Service (RES)
MPL-01077,Bihar,Patna,Patna Sahib,R. S. Prasad,Community Infrastructure,Installation of Public Shed and Seating Area at Village-46,Installation of Public Shed and Seating Area at Village-46,Village-46,Block-10,25.66918,85.27553,684956.0,697390.13,544904.75,2023-01-03,2023-01-30,2023-03-07,,In Progress,Apex Infrastructure Ltd,Municipal Corporation
MPL-01078,Madhya Pradesh,Indore,Indore,S. Lalwani,Education & Schools,Solar Rooftop Power System installation for School at Village-31,Solar Rooftop Power System installation for School at Village-31,Village-31,Block-1,22.80357,75.75166,737803.0,736203.54,529983.58,2024-05-01,2024-05-23,2024-06-22,2024-12-31,Completed,Apex Infrastructure Ltd,District Rural Development Agency (DRDA)
MPL-01079,Maharashtra,Nagpur,Nagpur,N. Gadkari,Community Infrastructure,Installation of Public Shed and Seating Area at Village-44,Installation of Public Shed and Seating Area at Village-44,Village-44,Block-6,21.11381,79.20024,494607.0,480951.31,398055.33,2024-10-25,2024-11-21,2024-12-16,,In Progress,Kisan Rural Developers,Public Works Department (PWD)
MPL-01080,Karnataka,Bengaluru Rural,Bengaluru Rural,C. N. Manjunath,Community Infrastructure,Installation of Public Shed and Seating Area at Village-68,Installation of Public Shed and Seating Area at Village-68,Village-68,Block-7,12.93633,77.58899,612302.0,616553.32,563162.86,2024-05-26,2024-06-19,2024-08-14,2024-11-26,Completed,Kisan Rural Developers,Minor Irrigation Division
MPL-01081,Uttar Pradesh,Varanasi,Varanasi,N. Modi,Renewable Energy,Supply and installation of 25 Solar Street Lights in Village-61,Supply and installation of 25 Solar Street Lights in Village-61,Village-61,Block-10,25.43525,82.83524,725423.0,734377.4,625718.9,2024-06-26,2024-07-13,2024-07-29,2024-10-29,Completed,Kisan Rural Developers,Public Works Department (PWD)
MPL-01082,Madhya Pradesh,Indore,Indore,S. Lalwani,Renewable Energy,Supply and installation of 25 Solar Street Lights in Village-130,Supply and installation of 25 Solar Street Lights in Village-130,Village-130,Block-6,22.72326,75.89655,653022.0,662710.93,515522.46,2024-08-19,2024-09-12,2024-10-18,2025-05-22,Completed,Shree Ganesh Construction Co,District Rural Development Agency (DRDA)
MPL-01083,Karnataka,Bengaluru Rural,Bengaluru Rural,C. N. Manjunath,Community Infrastructure,Installation of Public Shed and Seating Area at Village-113,Installation of Public Shed and Seating Area at Village-113,Village-113,Block-10,12.9733,77.64853,448059.0,441648.97,337707.75,2024-06-17,2024-07-11,2024-08-20,2025-02-18,Completed,National Civil Projects,Public Works Department (PWD)
MPL-01084,Rajasthan,Jaipur,Jaipur,M. Joshi,Education & Schools,Construction of Additional Classrooms at Govt High School Village-17,Construction of Additional Classrooms at Govt High School Village-17,Village-17,Block-9,26.92499,75.89441,2708709.0,2743331.44,2687058.87,2024-04-26,2024-05-21,2024-07-14,2024-12-19,Completed,Local Panchayat Works Unit,Municipal Corporation
MPL-01085,Maharashtra,Nagpur,Nagpur,N. Gadkari,Drinking Water & Sanitation,Construction of Public Toilets and Sanitation Block in Village-133,Construction of Public Toilets and Sanitation Block in Village-133,Village-133,Block-6,21.15312,79.05778,1204823.0,1168214.89,1202723.68,2023-01-29,2023-02-09,2023-04-06,2023-11-26,Completed,National Civil Projects,Rural Engineering Service (RES)
MPL-01086,Rajasthan,Jaipur,Jaipur,M. Joshi,Community Infrastructure,Installation of Public Shed and Seating Area at Village-93,Installation of Public Shed and Seating Area at Village-93,Village-93,Block-9,26.77389,75.8392,796134.0,835500.68,648277.39,2024-09-11,2024-09-26,2024-11-01,2025-05-25,Completed,National Civil Projects,District Rural Development Agency (DRDA)
MPL-01087,Kerala,Wayanad,Wayanad,P. Gandhi,Rural Connectivity & Roads,Paver Block Road Construction in Village-65,Paver Block Road Construction in Village-65,Village-65,Block-4,11.64131,76.22657,691423.0,721446.72,565550.83,2024-07-31,2024-08-30,2024-10-09,,In Progress,Sai Urban Works Pvt Ltd,Rural Engineering Service (RES)
MPL-01088,Maharashtra,Nagpur,Nagpur,N. Gadkari,Renewable Energy,Supply and installation of 25 Solar Street Lights in Village-101,Supply and installation of 25 Solar Street Lights in Village-101,Village-101,Block-2,21.27616,79.04026,935320.0,969587.59,897802.11,2023-06-29,2023-07-19,2023-09-06,2024-03-30,Completed,National Civil Projects,District Rural Development Agency (DRDA)
MPL-01089,Maharashtra,Nagpur,Nagpur,N. Gadkari,Renewable Energy,Supply and installation of 25 Solar Street Lights in Village-124,Supply and installation of 25 Solar Street Lights in Village-124,Village-124,Block-9,21.27962,79.0047,593270.0,617828.64,476398.9,2023-05-23,2023-06-21,2023-08-11,,In Progress,Bharat Engineers & Builders,District Rural Development Agency (DRDA)
MPL-01090,Kerala,Wayanad,Wayanad,P. Gandhi,Community Infrastructure,Construction of Community Hall at Village Village-130,Construction of Community Hall at Village Village-130,Village-130,Block-1,11.69108,76.26888,1222739.0,1230067.31,999425.03,2023-12-12,2024-01-10,2024-01-26,2024-07-29,Completed,Reliable Works Corporation,District Rural Development Agency (DRDA)
MPL-01091,Kerala,Wayanad,Wayanad,P. Gandhi,Education & Schools,Solar Rooftop Power System installation for School at Village-74,Solar Rooftop Power System installation for School at Village-74,Village-74,Block-8,11.80356,76.2293,932465.0,910245.01,654852.17,2023-10-12,2023-11-10,2024-01-04,2024-08-23,Completed,Shree Ganesh Construction Co,Public Works Department (PWD)
MPL-01092,Karnataka,Bengaluru Rural,Bengaluru Rural,C. N. Manjunath,Drinking Water & Sanitation,Installation of RO Water Purification Plant at Village-51,Installation of RO Water Purification Plant at Village-51,Village-51,Block-6,13.16607,77.48086,1046877.0,1081740.57,837590.1,2023-08-11,2023-08-30,2023-10-01,2023-12-22,Completed,Sai Urban Works Pvt Ltd,Public Works Department (PWD)
MPL-01093,Karnataka,Bengaluru Rural,Bengaluru Rural,C. N. Manjunath,Community Infrastructure,Development of Community Center and Boundary Wall in Village-84,Development of Community Center and Boundary Wall in Village-84,Village-84,Block-4,13.05726,77.67156,1012123.0,972369.06,929816.9,2023-12-18,2024-01-10,2024-03-04,2024-08-18,Completed,Reliable Works Corporation,Public Works Department (PWD)
MPL-01094,Karnataka,Bengaluru Rural,Bengaluru Rural,C. N. Manjunath,Rural Connectivity & Roads,Construction of CC Road and Drainage Channel at Village-5,Construction of CC Road and Drainage Channel at Village-5,Village-5,Block-8,13.14543,77.44394,2801850.0,2736217.9,2672913.13,2024-09-28,2024-10-20,2024-11-10,,In Progress,Kisan Rural Developers,Rural Engineering Service (RES)
MPL-01095,Gujarat,Rajkot,Rajkot,P. Rupala,Renewable Energy,Supply and installation of 25 Solar Street Lights in Village-144,Supply and installation of 25 Solar Street Lights in Village-144,Village-144,Block-6,22.19283,70.90561,531531.0,537115.89,505206.21,2024-04-12,2024-05-04,2024-05-19,,In Progress,Reliable Works Corporation,Minor Irrigation Division
MPL-01096,Maharashtra,Nagpur,Nagpur,N. Gadkari,Drinking Water & Sanitation,Construction of Public Toilets and Sanitation Block in Village-143,Construction of Public Toilets and Sanitation Block in Village-143,Village-143,Block-8,21.14773,79.17589,1448400.0,1508203.4,1351006.31,2024-02-13,2024-03-02,2024-03-20,2024-10-15,Completed,Surya Shakti Engineering,Minor Irrigation Division
MPL-01097,Rajasthan,Jaipur,Jaipur,M. Joshi,Drinking Water & Sanitation,Installation of RO Water Purification Plant at Village-127,Installation of RO Water Purification Plant at Village-127,Village-127,Block-10,26.98227,75.76389,854303.0,855175.1,849985.51,2024-10-28,2024-11-16,2024-12-18,2025-05-13,Completed,Kisan Rural Developers,District Rural Development Agency (DRDA)
MPL-01098,Maharashtra,Nagpur,Nagpur,N. Gadkari,Renewable Energy,Installation of Solar LED High-Mast Lighting System at Village-78,Installation of Solar LED High-Mast Lighting System at Village-78,Village-78,Block-3,21.27557,78.94008,722113.0,751754.78,715101.51,2024-02-24,2024-03-14,2024-04-19,,In Progress,Apex Infrastructure Ltd,Public Works Department (PWD)
MPL-01099,Kerala,Wayanad,Wayanad,P. Gandhi,Drinking Water & Sanitation,Drilling of Deep Borewell and Overhead Tank Setup at Village-60,Drilling of Deep Borewell and Overhead Tank Setup at Village-60,Village-60,Block-9,11.5979,76.07919,526281.0,550408.95,389099.74,2023-04-13,2023-04-29,2023-06-03,2023-08-19,Completed,Surya Shakti Engineering,Public Works Department (PWD)
MPL-01100,Madhya Pradesh,Indore,Indore,S. Lalwani,Renewable Energy,Installation of Solar LED High-Mast Lighting System at Village-26,Installation of Solar LED High-Mast Lighting System at Village-26,Village-26,Block-4,22.75559,75.92272,548850.0,538052.06,524336.51,2024-05-29,2024-06-21,2024-08-14,2025-03-12,Completed,National Civil Projects,Municipal Corporation
MPL-01101,Karnataka,Bengaluru Rural,Bengaluru Rural,C. N. Manjunath,Education & Schools,Solar Rooftop Power System installation for School at Village-75,Solar Rooftop Power System installation for School at Village-75,Village-75,Block-9,12.96481,77.52845,837193.0,829932.82,773624.96,2023-04-27,2023-05-13,2023-06-20,2024-02-15,Completed,Bharat Engineers & Builders,Public Works Department (PWD)
MPL-01102,Maharashtra,Nagpur,Nagpur,N. Gadkari,Renewable Energy,Installation of Solar LED High-Mast Lighting System at Village-35,Installation of Solar LED High-Mast Lighting System at Village-35,Village-35,Block-7,20.99793,79.02966,499836.0,516647.42,368823.3,2024-09-03,2024-09-13,2024-10-07,2025-05-20,Completed,Shree Ganesh Construction Co,Public Works Department (PWD)
MPL-01103,Gujarat,Rajkot,Rajkot,P. Rupala,Renewable Energy,Installation of Solar LED High-Mast Lighting System at Village-107,Installation of Solar LED High-Mast Lighting System at Village-107,Village-107,Block-8,22.20342,70.7937,537568.0,537005.59,409189.83,2024-07-05,2024-07-20,2024-09-02,2025-03-17,Completed,Reliable Works Corporation,Public Works Department (PWD)
MPL-01104,Maharashtra,Nagpur,Nagpur,N. Gadkari,Rural Connectivity & Roads,Paver Block Road Construction in Village-119,Paver Block Road Construction in Village-119,Village-119,Block-6,21.0365,78.98463,836434.0,816388.08,829733.17,2024-07-15,2024-07-29,2024-09-22,,In Progress,Local Panchayat Works Unit,Public Works Department (PWD)
MPL-01105,Gujarat,Rajkot,Rajkot,P. Rupala,Renewable Energy,Supply and installation of 25 Solar Street Lights in Village-98,Supply and installation of 25 Solar Street Lights in Village-98,Village-98,Block-3,22.41461,70.86769,971676.0,986997.18,750451.3,2023-04-03,2023-04-15,2023-05-25,,In Progress,Shree Ganesh Construction Co,Municipal Corporation
MPL-01106,Karnataka,Bengaluru Rural,Bengaluru Rural,C. N. Manjunath,Drinking Water & Sanitation,Installation of RO Water Purification Plant at Village-114,Installation of RO Water Purification Plant at Village-114,Village-114,Block-7,12.96106,77.70436,727824.0,758814.38,652580.7,2023-06-25,2023-07-10,2023-07-26,2023-11-07,Completed,Local Panchayat Works Unit,Rural Engineering Service (RES)
MPL-01107,Gujarat,Rajkot,Rajkot,P. Rupala,Education & Schools,Installation of Smart Classroom and Computer Lab in Village-150,Installation of Smart Classroom and Computer Lab in Village-150,Village-150,Block-9,22.20387,70.8482,779023.0,789957.17,600534.51,2024-07-01,2024-07-17,2024-08-10,,In Progress,Bharat Engineers & Builders,Minor Irrigation Division
MPL-01108,Kerala,Wayanad,Wayanad,P. Gandhi,Renewable Energy,Supply and installation of 25 Solar Street Lights in Village-69,Supply and installation of 25 Solar Street Lights in Village-69,Village-69,Block-6,11.77787,76.06895,719087.0,691916.77,659716.17,2024-04-01,2024-04-19,2024-06-04,,In Progress,Apex Infrastructure Ltd,Minor Irrigation Division
MPL-01109,Rajasthan,Jaipur,Jaipur,M. Joshi,Renewable Energy,Supply and installation of 25 Solar Street Lights in Village-30,Supply and installation of 25 Solar Street Lights in Village-30,Village-30,Block-6,26.93371,75.76934,594613.0,617997.46,523902.95,2024-08-02,2024-08-19,2024-10-01,,In Progress,National Civil Projects,Public Works Department (PWD)
MPL-01110,Karnataka,Bengaluru Rural,Bengaluru Rural,C. N. Manjunath,Renewable Energy,Supply and installation of 25 Solar Street Lights in Village-29,Supply and installation of 25 Solar Street Lights in Village-29,Village-29,Block-1,13.19824,77.57348,612321.0,611728.73,593103.19,2023-11-18,2023-12-01,2023-12-24,2024-07-13,Completed,National Civil Projects,Rural Engineering Service (RES)
MPL-01111,Maharashtra,Nagpur,Nagpur,N. Gadkari,Rural Connectivity & Roads,Paver Block Road Construction in Village-14,Paver Block Road Construction in Village-14,Village-14,Block-9,21.17777,79.22012,1074598.0,1041117.87,764358.48,2023-01-20,2023-02-15,2023-03-18,2023-09-19,Completed,Surya Shakti Engineering,Minor Irrigation Division
MPL-01112,Karnataka,Bengaluru Rural,Bengaluru Rural,C. N. Manjunath,Rural Connectivity & Roads,Widening of Rural Link Road connecting Village-54,Widening of Rural Link Road connecting Village-54,Village-54,Block-4,12.98554,77.5783,4907993.0,5025775.57,4473566.26,2024-01-07,2024-01-17,2024-03-14,2024-06-29,Completed,Apex Infrastructure Ltd,Public Works Department (PWD)
MPL-01113,Rajasthan,Jaipur,Jaipur,M. Joshi,Rural Connectivity & Roads,Construction of CC Road and Drainage Channel at Village-100,Construction of CC Road and Drainage Channel at Village-100,Village-100,Block-10,26.78232,75.88786,2853516.0,2734241.85,2487694.6,2024-07-29,2024-08-10,2024-09-14,,In Progress,National Civil Projects,Rural Engineering Service (RES)
MPL-01114,Uttar Pradesh,Varanasi,Varanasi,N. Modi,Drinking Water & Sanitation,Drilling of Deep Borewell and Overhead Tank Setup at Village-148,Drilling of Deep Borewell and Overhead Tank Setup at Village-148,Village-148,Block-1,25.25844,82.96729,625615.0,643083.45,574896.43,2024-07-25,2024-08-23,2024-09-29,2024-12-21,Completed,Reliable Works Corporation,Rural Engineering Service (RES)
MPL-01115,Bihar,Patna,Patna Sahib,R. S. Prasad,Community Infrastructure,Installation of Public Shed and Seating Area at Village-107,Installation of Public Shed and Seating Area at Village-107,Village-107,Block-2,25.48766,85.00212,646466.0,619485.6,585718.92,2024-05-10,2024-05-26,2024-06-15,2024-09-12,Completed,National Civil Projects,Rural Engineering Service (RES)
MPL-01116,Maharashtra,Nagpur,Nagpur,N. Gadkari,Community Infrastructure,Installation of Public Shed and Seating Area at Village-118,Installation of Public Shed and Seating Area at Village-118,Village-118,Block-3,21.02257,78.97201,615016.0,612958.94,552318.1,2023-02-09,2023-02-24,2023-03-18,2023-11-05,Completed,Vanguard Infra Solutions,Public Works Department (PWD)
MPL-01117,Uttar Pradesh,Varanasi,Varanasi,N. Modi,Community Infrastructure,Installation of Public Shed and Seating Area at Village-9,Installation of Public Shed and Seating Area at Village-9,Village-9,Block-5,25.44524,83.04793,634089.0,611007.32,509098.44,2024-05-28,2024-06-25,2024-08-07,2024-11-25,Completed,Bharat Engineers & Builders,Public Works Department (PWD)
MPL-01118,Bihar,Patna,Patna Sahib,R. S. Prasad,Education & Schools,Installation of Smart Classroom and Computer Lab in Village-87,Installation of Smart Classroom and Computer Lab in Village-87,Village-87,Block-2,25.67709,85.01869,918525.0,921845.33,824928.37,2024-03-30,2024-04-11,2024-06-06,2024-10-21,Completed,Sai Urban Works Pvt Ltd,Rural Engineering Service (RES)
MPL-01119,Rajasthan,Jaipur,Jaipur,M. Joshi,Community Infrastructure,Installation of Public Shed and Seating Area at Village-102,Installation of Public Shed and Seating Area at Village-102,Village-102,Block-10,26.80744,75.72331,727862.0,729668.29,710814.52,2022-12-24,2023-01-09,2023-03-01,2023-06-03,Completed,National Civil Projects,Public Works Department (PWD)
MPL-01120,Kerala,Wayanad,Wayanad,P. Gandhi,Rural Connectivity & Roads,Widening of Rural Link Road connecting Village-98,Widening of Rural Link Road connecting Village-98,Village-98,Block-1,11.71426,76.02046,2276897.0,2347586.59,2096555.32,2022-12-20,2023-01-02,2023-01-30,2023-08-23,Completed,Local Panchayat Works Unit,Municipal Corporation
MPL-01121,Bihar,Patna,Patna Sahib,R. S. Prasad,Education & Schools,Construction of Additional Classrooms at Govt High School Village-37,Construction of Additional Classrooms at Govt High School Village-37,Village-37,Block-5,25.53618,85.26481,1777685.0,1722711.24,1743110.19,2024-07-04,2024-07-16,2024-08-20,2025-01-26,Completed,Bharat Engineers & Builders,Public Works Department (PWD)
MPL-01122,Maharashtra,Nagpur,Nagpur,N. Gadkari,Community Infrastructure,Construction of Community Hall at Village Village-124,Construction of Community Hall at Village Village-124,Village-124,Block-1,21.14426,78.95629,1112859.0,1104229.87,899798.55,2023-05-22,2023-06-15,2023-07-30,,In Progress,Local Panchayat Works Unit,Minor Irrigation Division
MPL-01123,Gujarat,Rajkot,Rajkot,P. Rupala,Education & Schools,Installation of Smart Classroom and Computer Lab in Village-6,Installation of Smart Classroom and Computer Lab in Village-6,Village-6,Block-4,22.25662,70.73052,1132371.0,1101593.3,835627.33,2023-09-27,2023-10-16,2023-12-03,2024-02-28,Completed,National Civil Projects,Public Works Department (PWD)
MPL-01124,Uttar Pradesh,Varanasi,Varanasi,N. Modi,Drinking Water & Sanitation,Installation of RO Water Purification Plant at Village-32,Installation of RO Water Purification Plant at Village-32,Village-32,Block-2,25.30304,82.95086,517679.0,523691.18,503388.03,2024-01-30,2024-02-20,2024-04-06,2024-11-15,Completed,Sai Urban Works Pvt Ltd,Minor Irrigation Division
MPL-01125,Karnataka,Bengaluru Rural,Bengaluru Rural,C. N. Manjunath,Renewable Energy,Supply and installation of 25 Solar Street Lights in Village-96,Supply and installation of 25 Solar Street Lights in Village-96,Village-96,Block-1,12.95556,77.66083,649444.0,644584.22,488216.12,2023-08-28,2023-09-10,2023-10-11,2024-01-06,Completed,Surya Shakti Engineering,Municipal Corporation
MPL-01126,Uttar Pradesh,Varanasi,Varanasi,N. Modi,Renewable Energy,Installation of Solar LED High-Mast Lighting System at Village-31,Installation of Solar LED High-Mast Lighting System at Village-31,Village-31,Block-3,25.3024,82.90675,669579.0,644311.55,510330.24,2024-02-04,2024-02-27,2024-04-17,,In Progress,Shree Ganesh Construction Co,Municipal Corporation
MPL-01127,Uttar Pradesh,Varanasi,Varanasi,N. Modi,Renewable Energy,Installation of Solar LED High-Mast Lighting System at Village-133,Installation of Solar LED High-Mast Lighting System at Village-133,Village-133,Block-8,25.17674,83.03984,451080.0,465168.86,406449.4,2024-03-22,2024-04-03,2024-04-24,,In Progress,Kisan Rural Developers,Public Works Department (PWD)
MPL-01128,Bihar,Patna,Patna Sahib,R. S. Prasad,Renewable Energy,Installation of Solar LED High-Mast Lighting System at Village-105,Installation of Solar LED High-Mast Lighting System at Village-105,Village-105,Block-5,25.45844,85.24867,637483.0,612089.91,456542.96,2023-07-29,2023-08-23,2023-09-28,,In Progress,Kisan Rural Developers,Minor Irrigation Division
MPL-01129,Rajasthan,Jaipur,Jaipur,M. Joshi,Drinking Water & Sanitation,Construction of Public Toilets and Sanitation Block in Village-45,Construction of Public Toilets and Sanitation Block in Village-45,Village-45,Block-7,26.92191,75.79574,719753.0,734440.62,509179.93,2024-07-09,2024-08-01,2024-09-12,,In Progress,Kisan Rural Developers,Municipal Corporation
MPL-01130,Rajasthan,Jaipur,Jaipur,M. Joshi,Education & Schools,Construction of Additional Classrooms at Govt High School Village-53,Construction of Additional Classrooms at Govt High School Village-53,Village-53,Block-7,27.00918,75.91314,1452699.0,1461597.92,1162346.33,2024-10-27,2024-11-18,2024-12-15,2025-03-25,Completed,Surya Shakti Engineering,District Rural Development Agency (DRDA)
MPL-01131,Madhya Pradesh,Indore,Indore,S. Lalwani,Drinking Water & Sanitation,Installation of RO Water Purification Plant at Village-91,Installation of RO Water Purification Plant at Village-91,Village-91,Block-7,22.57923,76.00165,1113571.0,1065027.61,859859.83,2023-05-09,2023-05-22,2023-07-20,2023-09-22,Completed,Vanguard Infra Solutions,Municipal Corporation
MPL-01132,Rajasthan,Jaipur,Jaipur,M. Joshi,Rural Connectivity & Roads,Widening of Rural Link Road connecting Village-7,Widening of Rural Link Road connecting Village-7,Village-7,Block-4,27.03658,75.64851,2284420.0,2351834.01,1633756.11,2024-07-29,2024-08-25,2024-10-10,2025-01-09,Completed,Sai Urban Works Pvt Ltd,Minor Irrigation Division
MPL-01133,Gujarat,Rajkot,Rajkot,P. Rupala,Renewable Energy,Supply and installation of 25 Solar Street Lights in Village-147,Supply and installation of 25 Solar Street Lights in Village-147,Village-147,Block-5,22.23056,70.83485,501586.0,492309.02,451584.35,2023-02-07,2023-03-09,2023-04-13,2023-06-22,Completed,Apex Infrastructure Ltd,Minor Irrigation Division
MPL-01134,Karnataka,Bengaluru Rural,Bengaluru Rural,C. N. Manjunath,Education & Schools,Solar Rooftop Power System installation for School at Village-136,Solar Rooftop Power System installation for School at Village-136,Village-136,Block-5,12.95058,77.54217,758381.0,768913.52,678302.09,2023-07-10,2023-07-23,2023-09-05,2024-04-27,Completed,Local Panchayat Works Unit,Minor Irrigation Division
MPL-01135,Madhya Pradesh,Indore,Indore,S. Lalwani,Education & Schools,Construction of Additional Classrooms at Govt High School Village-39,Construction of Additional Classrooms at Govt High School Village-39,Village-39,Block-3,22.63959,75.75996,1653579.0,1651091.26,1630038.5,2024-04-25,2024-05-11,2024-06-25,2024-10-26,Completed,Kisan Rural Developers,Municipal Corporation
MPL-01136,Rajasthan,Jaipur,Jaipur,M. Joshi,Renewable Energy,Installation of Solar LED High-Mast Lighting System at Village-115,Installation of Solar LED High-Mast Lighting System at Village-115,Village-115,Block-8,26.80427,75.7016,407686.0,390033.02,385982.34,2023-09-01,2023-09-28,2023-10-23,2024-06-08,Completed,Apex Infrastructure Ltd,Minor Irrigation Division
MPL-01137,Maharashtra,Nagpur,Nagpur,N. Gadkari,Community Infrastructure,Construction of Community Hall at Village Village-106,Construction of Community Hall at Village Village-106,Village-106,Block-4,21.18413,78.96672,1115180.0,1153210.7,1001684.55,2024-10-16,2024-11-06,2024-11-22,2025-07-09,Completed,Reliable Works Corporation,Public Works Department (PWD)
MPL-01138,Karnataka,Bengaluru Rural,Bengaluru Rural,C. N. Manjunath,Drinking Water & Sanitation,Installation of RO Water Purification Plant at Village-22,Installation of RO Water Purification Plant at Village-22,Village-22,Block-7,13.19284,77.57027,966046.0,1010727.49,888073.55,2024-06-16,2024-07-04,2024-08-20,2025-01-01,Completed,Shree Ganesh Construction Co,Minor Irrigation Division
MPL-01139,Rajasthan,Jaipur,Jaipur,M. Joshi,Renewable Energy,Installation of Solar LED High-Mast Lighting System at Village-42,Installation of Solar LED High-Mast Lighting System at Village-42,Village-42,Block-8,26.93373,75.76941,797322.0,767043.13,784597.49,2023-12-21,2023-12-31,2024-02-17,2024-06-15,Completed,Reliable Works Corporation,District Rural Development Agency (DRDA)
MPL-01140,Maharashtra,Nagpur,Nagpur,N. Gadkari,Community Infrastructure,Construction of Community Hall at Village Village-67,Construction of Community Hall at Village Village-67,Village-67,Block-2,21.24858,79.19084,2132661.0,2036013.57,1796323.92,2024-04-10,2024-04-29,2024-06-25,,In Progress,Vanguard Infra Solutions,Minor Irrigation Division
MPL-01141,Madhya Pradesh,Indore,Indore,S. Lalwani,Community Infrastructure,Installation of Public Shed and Seating Area at Village-22,Installation of Public Shed and Seating Area at Village-22,Village-22,Block-3,22.6192,75.90882,889762.0,859317.1,860664.1,2024-10-28,2024-11-21,2025-01-12,,In Progress,Reliable Works Corporation,Minor Irrigation Division
MPL-01142,Madhya Pradesh,Indore,Indore,S. Lalwani,Renewable Energy,Supply and installation of 25 Solar Street Lights in Village-13,Supply and installation of 25 Solar Street Lights in Village-13,Village-13,Block-1,22.80663,75.83476,640055.0,610813.11,516135.47,2023-04-06,2023-05-01,2023-06-01,2023-08-22,Completed,Kisan Rural Developers,Municipal Corporation
MPL-01143,Bihar,Patna,Patna Sahib,R. S. Prasad,Drinking Water & Sanitation,Construction of Public Toilets and Sanitation Block in Village-73,Construction of Public Toilets and Sanitation Block in Village-73,Village-73,Block-7,25.55031,85.22131,1306942.0,1358404.52,1185761.21,2024-07-10,2024-07-25,2024-08-23,2025-01-26,Completed,Surya Shakti Engineering,Minor Irrigation Division
MPL-01144,Rajasthan,Jaipur,Jaipur,M. Joshi,Community Infrastructure,Installation of Public Shed and Seating Area at Village-108,Installation of Public Shed and Seating Area at Village-108,Village-108,Block-9,27.04307,75.76609,768055.0,778781.2,730056.23,2024-01-02,2024-01-21,2024-02-29,2024-07-05,Completed,Sai Urban Works Pvt Ltd,Municipal Corporation
MPL-01145,Maharashtra,Nagpur,Nagpur,N. Gadkari,Community Infrastructure,Development of Community Center and Boundary Wall in Village-3,Development of Community Center and Boundary Wall in Village-3,Village-3,Block-9,21.1698,79.01115,960378.0,966220.28,701712.58,2023-04-29,2023-05-26,2023-06-20,2023-11-18,Completed,Vanguard Infra Solutions,District Rural Development Agency (DRDA)
MPL-01146,Maharashtra,Nagpur,Nagpur,N. Gadkari,Community Infrastructure,Installation of Public Shed and Seating Area at Village-147,Installation of Public Shed and Seating Area at Village-147,Village-147,Block-7,21.18002,79.2023,813843.0,836521.98,634614.8,2024-01-20,2024-02-14,2024-04-03,2024-07-30,Completed,National Civil Projects,District Rural Development Agency (DRDA)
MPL-01147,Maharashtra,Nagpur,Nagpur,N. Gadkari,Renewable Energy,Supply and installation of 25 Solar Street Lights in Village-148,Supply and installation of 25 Solar Street Lights in Village-148,Village-148,Block-6,21.06014,79.18711,535730.0,531707.44,475177.36,2023-02-05,2023-03-06,2023-03-26,,In Progress,Local Panchayat Works Unit,Rural Engineering Service (RES)
MPL-01148,Maharashtra,Nagpur,Nagpur,N. Gadkari,Drinking Water & Sanitation,Drilling of Deep Borewell and Overhead Tank Setup at Village-105,Drilling of Deep Borewell and Overhead Tank Setup at Village-105,Village-105,Block-2,21.00894,79.01455,563204.0,548146.68,474518.02,2024-01-31,2024-02-22,2024-03-08,2024-07-09,Completed,Reliable Works Corporation,Minor Irrigation Division
MPL-01149,Kerala,Wayanad,Wayanad,P. Gandhi,Community Infrastructure,Construction of Community Hall at Village Village-93,Construction of Community Hall at Village Village-93,Village-93,Block-5,11.63077,75.99147,1583882.0,1623554.52,1344205.16,2023-09-16,2023-09-26,2023-10-18,2024-04-04,Completed,Bharat Engineers & Builders,District Rural Development Agency (DRDA)
MPL-01150,Madhya Pradesh,Indore,Indore,S. Lalwani,Education & Schools,Construction of Additional Classrooms at Govt High School Village-121,Construction of Additional Classrooms at Govt High School Village-121,Village-121,Block-9,22.64721,75.86917,2784619.0,2851543.3,2698219.82,2023-02-09,2023-03-08,2023-04-25,,In Progress,Reliable Works Corporation,Public Works Department (PWD)
MPL-01151,Uttar Pradesh,Varanasi,Varanasi,N. Modi,Education & Schools,Installation of Smart Classroom and Computer Lab in Village-142,Installation of Smart Classroom and Computer Lab in Village-142,Village-142,Block-7,25.40378,83.07582,852526.0,818160.52,617131.5,2023-09-05,2023-10-05,2023-11-15,2024-02-09,Completed,Local Panchayat Works Unit,Rural Engineering Service (RES)
MPL-01152,Madhya Pradesh,Indore,Indore,S. Lalwani,Rural Connectivity & Roads,Widening of Rural Link Road connecting Village-109,Widening of Rural Link Road connecting Village-109,Village-109,Block-7,22.77854,75.87257,4585654.0,4660477.18,4059321.79,2023-08-15,2023-09-12,2023-11-10,2024-04-19,Completed,Sai Urban Works Pvt Ltd,Minor Irrigation Division
MPL-01153,Rajasthan,Jaipur,Jaipur,M. Joshi,Community Infrastructure,Development of Community Center and Boundary Wall in Village-88,Development of Community Center and Boundary Wall in Village-88,Village-88,Block-8,26.94651,75.85401,1416931.0,1383097.36,1125137.73,2024-10-16,2024-11-06,2024-11-24,,In Progress,National Civil Projects,Public Works Department (PWD)
MPL-01154,Bihar,Patna,Patna Sahib,R. S. Prasad,Education & Schools,Solar Rooftop Power System installation for School at Village-12,Solar Rooftop Power System installation for School at Village-12,Village-12,Block-4,25.69386,85.14895,684161.0,657710.55,576299.08,2024-02-14,2024-03-08,2024-05-05,2024-08-31,Completed,Reliable Works Corporation,Municipal Corporation
MPL-01155,Kerala,Wayanad,Wayanad,P. Gandhi,Drinking Water & Sanitation,Construction of Public Toilets and Sanitation Block in Village-33,Construction of Public Toilets and Sanitation Block in Village-33,Village-33,Block-5,11.68105,75.99675,704866.0,705899.88,548365.73,2024-01-03,2024-01-17,2024-03-10,,In Progress,Local Panchayat Works Unit,Minor Irrigation Division
MPL-01156,Rajasthan,Jaipur,Jaipur,M. Joshi,Renewable Energy,Supply and installation of 25 Solar Street Lights in Village-46,Supply and installation of 25 Solar Street Lights in Village-46,Village-46,Block-6,26.94642,75.7667,524619.0,513776.04,426463.13,2023-12-28,2024-01-20,2024-03-18,2024-10-06,Completed,Vanguard Infra Solutions,Public Works Department (PWD)
MPL-01157,Rajasthan,Jaipur,Jaipur,M. Joshi,Drinking Water & Sanitation,Installation of RO Water Purification Plant at Village-80,Installation of RO Water Purification Plant at Village-80,Village-80,Block-4,26.93376,75.87206,830036.0,823693.75,671711.83,2024-03-13,2024-03-29,2024-05-04,2024-07-10,Completed,Sai Urban Works Pvt Ltd,District Rural Development Agency (DRDA)
MPL-01158,Uttar Pradesh,Varanasi,Varanasi,N. Modi,Education & Schools,Construction of Additional Classrooms at Govt High School Village-63,Construction of Additional Classrooms at Govt High School Village-63,Village-63,Block-2,25.2229,82.94952,2997337.0,3081931.01,2330209.4,2024-01-28,2024-02-19,2024-03-29,2024-11-06,Completed,Sai Urban Works Pvt Ltd,Public Works Department (PWD)
MPL-01159,Kerala,Wayanad,Wayanad,P. Gandhi,Renewable Energy,Supply and installation of 25 Solar Street Lights in Village-59,Supply and installation of 25 Solar Street Lights in Village-59,Village-59,Block-8,11.59142,76.03447,985151.0,941183.62,894948.37,2024-10-30,2024-11-22,2025-01-03,,In Progress,Sai Urban Works Pvt Ltd,Rural Engineering Service (RES)
MPL-01160,Karnataka,Bengaluru Rural,Bengaluru Rural,C. N. Manjunath,Education & Schools,Installation of Smart Classroom and Computer Lab in Village-103,Installation of Smart Classroom and Computer Lab in Village-103,Village-103,Block-6,12.96756,77.63054,840862.0,863044.69,743306.82,2024-01-09,2024-02-04,2024-02-20,,In Progress,Shree Ganesh Construction Co,Public Works Department (PWD)
MPL-01161,Rajasthan,Jaipur,Jaipur,M. Joshi,Renewable Energy,Supply and installation of 25 Solar Street Lights in Village-16,Supply and installation of 25 Solar Street Lights in Village-16,Village-16,Block-3,27.05699,75.78166,503208.0,516316.21,500102.53,2022-12-31,2023-01-16,2023-02-06,2023-08-17,Completed,Surya Shakti Engineering,Minor Irrigation Division
MPL-01162,Gujarat,Rajkot,Rajkot,P. Rupala,Drinking Water & Sanitation,Drilling of Deep Borewell and Overhead Tank Setup at Village-92,Drilling of Deep Borewell and Overhead Tank Setup at Village-92,Village-92,Block-2,22.36938,70.88996,915660.0,955099.78,887439.0,2023-09-23,2023-10-07,2023-11-19,,In Progress,National Civil Projects,Municipal Corporation
MPL-01163,Gujarat,Rajkot,Rajkot,P. Rupala,Drinking Water & Sanitation,Installation of RO Water Purification Plant at Village-53,Installation of RO Water Purification Plant at Village-53,Village-53,Block-1,22.25762,70.82882,1054447.0,1028215.37,970749.98,2024-04-11,2024-05-05,2024-06-10,,In Progress,Vanguard Infra Solutions,Minor Irrigation Division
MPL-01164,Kerala,Wayanad,Wayanad,P. Gandhi,Drinking Water & Sanitation,Construction of Public Toilets and Sanitation Block in Village-68,Construction of Public Toilets and Sanitation Block in Village-68,Village-68,Block-1,11.68644,76.24559,1139026.0,1101988.11,841028.33,2024-11-07,2024-11-18,2025-01-07,2025-05-06,Completed,Kisan Rural Developers,District Rural Development Agency (DRDA)
MPL-01165,Madhya Pradesh,Indore,Indore,S. Lalwani,Rural Connectivity & Roads,Paver Block Road Construction in Village-95,Paver Block Road Construction in Village-95,Village-95,Block-5,22.60302,75.99104,799061.0,811223.27,640496.74,2023-05-03,2023-05-30,2023-06-26,2023-09-13,Completed,National Civil Projects,Municipal Corporation
MPL-01166,Karnataka,Bengaluru Rural,Bengaluru Rural,C. N. Manjunath,Renewable Energy,Installation of Solar LED High-Mast Lighting System at Village-116,Installation of Solar LED High-Mast Lighting System at Village-116,Village-116,Block-1,13.10695,77.64048,629841.0,655108.36,516118.92,2023-07-15,2023-07-31,2023-08-30,2024-04-11,Completed,Surya Shakti Engineering,Rural Engineering Service (RES)
MPL-01167,Madhya Pradesh,Indore,Indore,S. Lalwani,Drinking Water & Sanitation,Installation of RO Water Purification Plant at Village-122,Installation of RO Water Purification Plant at Village-122,Village-122,Block-4,22.85829,75.95571,870808.0,889462.17,780693.69,2023-02-21,2023-03-04,2023-03-23,2023-08-29,Completed,Sai Urban Works Pvt Ltd,District Rural Development Agency (DRDA)
MPL-01168,Madhya Pradesh,Indore,Indore,S. Lalwani,Renewable Energy,Installation of Solar LED High-Mast Lighting System at Village-84,Installation of Solar LED High-Mast Lighting System at Village-84,Village-84,Block-2,22.82393,75.97203,777060.0,780581.53,737370.15,2023-09-05,2023-10-01,2023-11-24,2024-04-16,Completed,Apex Infrastructure Ltd,Public Works Department (PWD)
MPL-01169,Gujarat,Rajkot,Rajkot,P. Rupala,Education & Schools,Installation of Smart Classroom and Computer Lab in Village-122,Installation of Smart Classroom and Computer Lab in Village-122,Village-122,Block-5,22.23013,70.92724,1229694.0,1203453.04,1194648.82,2024-02-17,2024-03-11,2024-04-17,2024-08-26,Completed,Kisan Rural Developers,District Rural Development Agency (DRDA)
MPL-01170,Uttar Pradesh,Varanasi,Varanasi,N. Modi,Renewable Energy,Installation of Solar LED High-Mast Lighting System at Village-137,Installation of Solar LED High-Mast Lighting System at Village-137,Village-137,Block-10,25.19975,83.01644,589599.0,600709.05,496756.87,2024-09-13,2024-09-26,2024-10-24,2025-05-13,Completed,Kisan Rural Developers,Rural Engineering Service (RES)
MPL-01171,Maharashtra,Nagpur,Nagpur,N. Gadkari,Renewable Energy,Supply and installation of 25 Solar Street Lights in Village-129,Supply and installation of 25 Solar Street Lights in Village-129,Village-129,Block-1,21.29225,79.09651,768693.0,781074.37,739667.18,2024-01-12,2024-01-31,2024-03-25,2024-09-09,Completed,National Civil Projects,Minor Irrigation Division
MPL-01172,Kerala,Wayanad,Wayanad,P. Gandhi,Education & Schools,Solar Rooftop Power System installation for School at Village-35,Solar Rooftop Power System installation for School at Village-35,Village-35,Block-9,11.64845,75.99293,939096.0,937155.95,734628.75,2024-03-14,2024-04-05,2024-06-02,,In Progress,Shree Ganesh Construction Co,Minor Irrigation Division
MPL-01173,Rajasthan,Jaipur,Jaipur,M. Joshi,Drinking Water & Sanitation,Construction of Public Toilets and Sanitation Block in Village-34,Construction of Public Toilets and Sanitation Block in Village-34,Village-34,Block-2,26.83304,75.8077,813631.0,840614.38,727881.81,2024-07-30,2024-08-29,2024-10-11,,In Progress,Shree Ganesh Construction Co,Rural Engineering Service (RES)
MPL-01174,Karnataka,Bengaluru Rural,Bengaluru Rural,C. N. Manjunath,Community Infrastructure,Development of Community Center and Boundary Wall in Village-41,Development of Community Center and Boundary Wall in Village-41,Village-41,Block-3,13.12801,77.58491,1789542.0,1857824.4,1365469.0,2023-06-13,2023-06-26,2023-08-13,2023-10-24,Completed,Bharat Engineers & Builders,Rural Engineering Service (RES)
MPL-01175,Uttar Pradesh,Varanasi,Varanasi,N. Modi,Community Infrastructure,Construction of Community Hall at Village Village-48,Construction of Community Hall at Village Village-48,Village-48,Block-10,25.29779,82.85828,1482385.0,1434315.58,1038609.0,2023-02-07,2023-03-06,2023-05-04,2023-10-29,Completed,Apex Infrastructure Ltd,Minor Irrigation Division
MPL-01176,Karnataka,Bengaluru Rural,Bengaluru Rural,C. N. Manjunath,Education & Schools,Construction of Additional Classrooms at Govt High School Village-3,Construction of Additional Classrooms at Govt High School Village-3,Village-3,Block-6,12.93301,77.63515,2348696.0,2250898.98,1852279.16,2023-12-18,2024-01-17,2024-02-25,2024-07-07,Completed,Reliable Works Corporation,District Rural Development Agency (DRDA)
MPL-01177,Bihar,Patna,Patna Sahib,R. S. Prasad,Community Infrastructure,Installation of Public Shed and Seating Area at Village-131,Installation of Public Shed and Seating Area at Village-131,Village-131,Block-2,25.53856,85.1102,795898.0,759872.85,672355.81,2024-02-25,2024-03-07,2024-04-26,2024-08-13,Completed,Local Panchayat Works Unit,District Rural Development Agency (DRDA)
MPL-01178,Uttar Pradesh,Varanasi,Varanasi,N. Modi,Drinking Water & Sanitation,Drilling of Deep Borewell and Overhead Tank Setup at Village-5,Drilling of Deep Borewell and Overhead Tank Setup at Village-5,Village-5,Block-8,25.45064,83.10965,929245.0,960402.68,763173.41,2023-06-24,2023-07-06,2023-07-21,2023-11-29,Completed,Local Panchayat Works Unit,Municipal Corporation
MPL-01179,Kerala,Wayanad,Wayanad,P. Gandhi,Community Infrastructure,Installation of Public Shed and Seating Area at Village-12,Installation of Public Shed and Seating Area at Village-12,Village-12,Block-5,11.55755,76.2535,628543.0,624322.39,609099.67,2024-01-23,2024-02-04,2024-03-17,,In Progress,Vanguard Infra Solutions,District Rural Development Agency (DRDA)
MPL-01180,Gujarat,Rajkot,Rajkot,P. Rupala,Drinking Water & Sanitation,Construction of Public Toilets and Sanitation Block in Village-1,Construction of Public Toilets and Sanitation Block in Village-1,Village-1,Block-10,22.23456,70.83778,1447000.0,1439333.93,1153518.45,2024-02-03,2024-02-13,2024-04-07,2024-11-04,Completed,Apex Infrastructure Ltd,Minor Irrigation Division
MPL-01181,Kerala,Wayanad,Wayanad,P. Gandhi,Renewable Energy,Installation of Solar LED High-Mast Lighting System at Village-111,Installation of Solar LED High-Mast Lighting System at Village-111,Village-111,Block-8,11.70478,76.10358,620038.0,623028.74,488751.36,2023-05-15,2023-05-25,2023-07-03,2024-01-24,Completed,Vanguard Infra Solutions,Minor Irrigation Division
MPL-01182,Bihar,Patna,Patna Sahib,R. S. Prasad,Renewable Energy,Supply and installation of 25 Solar Street Lights in Village-143,Supply and installation of 25 Solar Street Lights in Village-143,Village-143,Block-6,25.64222,85.13319,791200.0,792785.49,704629.84,2023-04-22,2023-05-02,2023-06-16,2024-02-05,Completed,Local Panchayat Works Unit,Public Works Department (PWD)
MPL-01183,Kerala,Wayanad,Wayanad,P. Gandhi,Renewable Energy,Supply and installation of 25 Solar Street Lights in Village-47,Supply and installation of 25 Solar Street Lights in Village-47,Village-47,Block-7,11.71381,76.01995,690327.0,687119.35,499286.12,2024-03-20,2024-04-10,2024-05-19,,In Progress,Shree Ganesh Construction Co,Rural Engineering Service (RES)
MPL-01184,Karnataka,Bengaluru Rural,Bengaluru Rural,C. N. Manjunath,Renewable Energy,Installation of Solar LED High-Mast Lighting System at Village-98,Installation of Solar LED High-Mast Lighting System at Village-98,Village-98,Block-9,13.19672,77.65299,407703.0,399660.07,295012.99,2022-12-17,2023-01-06,2023-02-26,2023-06-01,Completed,Kisan Rural Developers,District Rural Development Agency (DRDA)
MPL-01185,Gujarat,Rajkot,Rajkot,P. Rupala,Education & Schools,Installation of Smart Classroom and Computer Lab in Village-117,Installation of Smart Classroom and Computer Lab in Village-117,Village-117,Block-9,22.33454,70.88742,1004912.0,1025619.85,905716.4,2023-05-08,2023-05-22,2023-07-07,,In Progress,Shree Ganesh Construction Co,Minor Irrigation Division
MPL-01186,Rajasthan,Jaipur,Jaipur,M. Joshi,Community Infrastructure,Installation of Public Shed and Seating Area at Village-104,Installation of Public Shed and Seating Area at Village-104,Village-104,Block-5,26.86268,75.81359,892812.0,860471.74,696287.42,2023-05-26,2023-06-16,2023-07-10,2024-01-08,Completed,Surya Shakti Engineering,Public Works Department (PWD)
MPL-01187,Rajasthan,Jaipur,Jaipur,M. Joshi,Drinking Water & Sanitation,Installation of RO Water Purification Plant at Village-142,Installation of RO Water Purification Plant at Village-142,Village-142,Block-6,26.80033,75.89078,863448.0,879077.73,700994.16,2023-01-22,2023-02-16,2023-03-23,2023-09-28,Completed,National Civil Projects,Rural Engineering Service (RES)
MPL-01188,Uttar Pradesh,Varanasi,Varanasi,N. Modi,Renewable Energy,Installation of Solar LED High-Mast Lighting System at Village-13,Installation of Solar LED High-Mast Lighting System at Village-13,Village-13,Block-8,25.18345,82.8754,433223.0,438946.67,331791.28,2023-12-02,2023-12-17,2024-01-27,,In Progress,National Civil Projects,District Rural Development Agency (DRDA)
MPL-01189,Maharashtra,Nagpur,Nagpur,N. Gadkari,Renewable Energy,Supply and installation of 25 Solar Street Lights in Village-72,Supply and installation of 25 Solar Street Lights in Village-72,Village-72,Block-3,21.20245,79.15332,502651.0,480454.47,425063.02,2024-10-06,2024-10-29,2024-12-16,,In Progress,Bharat Engineers & Builders,Public Works Department (PWD)
MPL-01190,Gujarat,Rajkot,Rajkot,P. Rupala,Education & Schools,Solar Rooftop Power System installation for School at Village-96,Solar Rooftop Power System installation for School at Village-96,Village-96,Block-3,22.18134,70.82451,503275.0,502342.45,361188.0,2023-12-02,2023-12-26,2024-02-14,2024-04-29,Completed,Apex Infrastructure Ltd,Minor Irrigation Division
MPL-01191,Gujarat,Rajkot,Rajkot,P. Rupala,Community Infrastructure,Development of Community Center and Boundary Wall in Village-48,Development of Community Center and Boundary Wall in Village-48,Village-48,Block-1,22.16987,70.82305,1248165.0,1195850.76,1203272.98,2023-12-14,2024-01-07,2024-02-05,2024-07-26,Completed,Bharat Engineers & Builders,Public Works Department (PWD)
MPL-01192,Gujarat,Rajkot,Rajkot,P. Rupala,Education & Schools,Solar Rooftop Power System installation for School at Village-81,Solar Rooftop Power System installation for School at Village-81,Village-81,Block-6,22.17989,70.80345,856770.0,815191.45,845712.81,2023-09-01,2023-09-20,2023-11-18,2024-07-02,Completed,Sai Urban Works Pvt Ltd,Minor Irrigation Division
MPL-01193,Bihar,Patna,Patna Sahib,R. S. Prasad,Drinking Water & Sanitation,Drilling of Deep Borewell and Overhead Tank Setup at Village-134,Drilling of Deep Borewell and Overhead Tank Setup at Village-134,Village-134,Block-2,25.52123,85.27456,941074.0,932905.89,815534.61,2023-07-09,2023-08-07,2023-09-17,2024-04-16,Completed,Shree Ganesh Construction Co,Municipal Corporation
MPL-01194,Maharashtra,Nagpur,Nagpur,N. Gadkari,Education & Schools,Construction of Additional Classrooms at Govt High School Village-80,Construction of Additional Classrooms at Govt High School Village-80,Village-80,Block-7,21.00942,79.04374,2900657.0,2911801.27,2216001.06,2023-02-25,2023-03-14,2023-03-31,,In Progress,Reliable Works Corporation,Minor Irrigation Division
MPL-01195,Maharashtra,Nagpur,Nagpur,N. Gadkari,Community Infrastructure,Development of Community Center and Boundary Wall in Village-76,Development of Community Center and Boundary Wall in Village-76,Village-76,Block-7,21.22498,79.18536,1023698.0,1071895.77,957261.5,2023-12-09,2024-01-04,2024-02-16,,In Progress,Kisan Rural Developers,Rural Engineering Service (RES)
MPL-01196,Uttar Pradesh,Varanasi,Varanasi,N. Modi,Education & Schools,Installation of Smart Classroom and Computer Lab in Village-140,Installation of Smart Classroom and Computer Lab in Village-140,Village-140,Block-9,25.4349,83.10318,1156572.0,1103244.52,958543.83,2023-06-29,2023-07-18,2023-09-08,2024-01-10,Completed,Reliable Works Corporation,Rural Engineering Service (RES)
MPL-01197,Maharashtra,Nagpur,Nagpur,N. Gadkari,Rural Connectivity & Roads,Construction of CC Road and Drainage Channel at Village-98,Construction of CC Road and Drainage Channel at Village-98,Village-98,Block-5,21.01003,79.0384,3431765.0,3596969.23,3336794.8,2023-10-22,2023-11-02,2023-12-12,2024-06-27,Completed,Surya Shakti Engineering,Municipal Corporation
MPL-01198,Madhya Pradesh,Indore,Indore,S. Lalwani,Rural Connectivity & Roads,Paver Block Road Construction in Village-86,Paver Block Road Construction in Village-86,Village-86,Block-2,22.74782,75.86995,869559.0,833042.88,859364.53,2023-06-02,2023-06-13,2023-07-11,2023-09-11,Completed,Kisan Rural Developers,District Rural Development Agency (DRDA)
MPL-01199,Karnataka,Bengaluru Rural,Bengaluru Rural,C. N. Manjunath,Rural Connectivity & Roads,Widening of Rural Link Road connecting Village-8,Widening of Rural Link Road connecting Village-8,Village-8,Block-10,13.05331,77.57005,4793752.0,5028699.94,3501907.79,2023-08-18,2023-08-28,2023-09-18,2023-12-12,Completed,Vanguard Infra Solutions,Public Works Department (PWD)
MPL-01200,Maharashtra,Nagpur,Nagpur,N. Gadkari,Rural Connectivity & Roads,Paver Block Road Construction in Village-114,Paver Block Road Construction in Village-114,Village-114,Block-5,21.21093,79.04948,907964.0,867467.3,826981.93,2023-06-10,2023-06-22,2023-08-16,,In Progress,Bharat Engineers & Builders,District Rural Development Agency (DRDA)
